release_id,input,output,meaning,num_cognates,cognate_set_id,source,pos,pokorny_ref
train-a1d897c994c6ba54-01,[fra] femme [sar] fémina [sar] femmina [wal] feume [fri] femine [ron] femeie [nea] femmena [old] feme [ang] femme [fra] fna [old] femna [khw] δēn [old] fembra,*dʰeh₁(i̯)-,nan,13,1277.0,iecor,nan,
train-741f693d9371cc6a-01,[grc] ἐρῠγγᾰ́νω [lav] raûgt [lit] ráugti [grc] ἐρεύγομαι [lat] (ē)rūgō [lat] rūgiō [lav] raûgs [lit] ráugas [lat] rūmen [xcl] ործամ [xcl] ործկամ [xcl] առիւծ [lav] rûgt [lit] rū́gti [lav] raûgâtiês [lit] ráugėti [lit] riáugėti [lit] riáugti [lit] riáugsti [ang] rocettan [grc] ὀρυμαγδός [fas] آروغ,*h₁rewg-,"to belch, to roar",24,,kaikki,root,
train-ff17acb63d36fae4-01,[grc] κρούω,*krows-,"to push, bump, strike, break",1,,kaikki,root,
train-e04d15b7688957be-01,[lat] creō [lat] crēscō [lat] crēber [grc] κόρος [gmy] 𐀒𐀺 [xcl] սեր [xcl] սերեմ [xcl] սերիմ [xcl] սեռ [xcl] սերմն [xcl] սերտ [goh] hirso,*ḱer-,"to grow, to make grow, to nourish",13,,kaikki,root,
train-aafe1036f843f063-01,[sga] réid,*(H)rei̯dʰ-,nan,1,8230.0,iecor,nan,
train-cb38219579824d61-01,[kur] dnɨvit,*ped-,nan,1,9252.0,iecor,nan,
train-0a5c3c9c96da21ac-01,[ell] pethaínō [grc] apothnȩ̄́skō [ell] apothnȩ̄́skō [ell] pethanískō [ell] (a)pethaínō [ell] apothánō [ell] pethainíško,*dʰenh₂-,nan,7,1468.0,iecor,nan,
train-f18893e36c9c3cca-01,[lat] dēfendō [lat] offendō [sqi] gjuaj [xcl] ջնջեմ [lav] dzenêt [lit] genė́ti [grc] θείνω [sga] geguin [grc] πέφαται [san] जघान [san] जघ्नुर् [ave] 𐬘𐬀𐬖𐬥𐬎𐬎𐬁𐬵 [hit] 𒆪𒀸𒆠- [hit] 𒆪𒉿𒀸𒆠- [txb] käsk- [grc] ἔπεφνον [ave] 𐬥𐬌𐬘𐬀𐬖𐬥𐬆𐬧𐬙𐬈 [ave] 𐬀𐬎𐬎𐬀𐬘𐬀𐬖𐬥𐬀𐬝 [xcl] գան [xcl] գանեմ [san] हन् [fas] زَن,*gʷʰen-,"to strike, slay, kill",31,,kaikki,root,
train-9418ba02b2148266-01,[por] pau [spa] palo [cat] pal [old] palo [old] pal [por] pau,*peh₂g̑-,nan,6,2036.0,iecor,nan,
train-9bd922c7b00d55c3-01,[xcl] կոչեմ [san] गदति,*gʷet-,"to say, speak",2,,kaikki,root,
train-09814403de6d1ab6-01,[sor] gnaś,*gʷʰen-,nan,1,5193.0,iecor,nan,
train-9a3e912d9aa3e72b-01,[san] उक्षति [grc] ὑγρός [lat] ūvidus [lat] ūdus [lat] ūmeō,*wegʷ-,"wet, moist",5,,kaikki,root,
train-b0fc5fc0f1b0f3f9-01,[sar] narrer [sar] nárrere,*g̑neh₃-,nan,2,2076.0,iecor,nan,
train-46a422cdf69c2b39-01,[gae] thalloo [gau] talamo-,*telh₂-,nan,2,2512.0,iecor,nan,
train-f1268d88125f94d0-01,[txb] tsāknaṃ [xto] tsāknaṣ*,*dʰei̯h₂gʷ-,nan,2,7228.0,iecor,nan,
train-8aee23fa4a13b1e9-01,[hin] lambā [mar] lāmba [nep] lāmo [urd] lambā [mai] laṁbā [mag] lammā [ben] lambā [bho] lambā [pun] laⁿmā,*lembH-,nan,9,793.0,iecor,nan,
train-653560dccbfeed9e-01,[sar] zukht,*g̑ʰei̯-,nan,1,9357.0,iecor,nan,
train-d38e91613759389f-01,[aln] ndotur,*g̑ʰed-,nan,1,7943.0,iecor,nan,
train-2b9172bee998cd0d-01,[grc] osphraínomai [pal] ghāyati [ell] osphraínomai* [san] jíghra- [mar] vāsa gheṇe [pal] ghróoṇ,*gʷʰreh₁-,nan,6,6163.0,iecor,nan,
train-b55245245f6e2f21-01,[gaw] ǰik,*(H)i̯eh₂-,nan,1,7317.0,iecor,nan,
train-c1a56fe4870a2053-01,[hyw] mtacel [hye] mtacel [mid] medu [cym] meddwl,*med-,nan,4,5954.0,iecor,nan,
train-b93422f4692ad567-01,[ave] 𐬀𐬉𐬑𐬀 [xcl] եղեամն [lit] ýnis [ave] 𐬌𐬯𐬎 [mid] ʾys,*h₁eyH-,"ice, frost",6,,kaikki,root,
train-152cc9eb3c8c9e21-01,[lit] per [lit] per- [lit] par- [lav] par [lav] par- [prg] per [lat] per [lat] per-,*pér,through,14,,kaikki,adv,
train-33e6a215ee5aabd7-01,[sga] odur [sqi] hyll [grc] Ἰλλυρία,*udrós,"of water, aquatic, otter",3,,kaikki,adj,
train-3bd07dffad10c22c-01,[lat] sapiō [xcl] համ,*sep-,"to taste, to try out",2,,kaikki,root,
train-95a96b5bc6a634ad-01,[xto] koṃ [txb] kauṃ,*k̑eh₂u̯-,nan,2,5455.0,iecor,nan,
train-e4f26e6da0f8a27b-01,[lat] fruor [lat] frūctus [lat] frūmen [lat] frūmentum [grc] φάρυγξ [xcl] երբուծ,*bʰruHg-,to make use of; have enjoyment of,7,,kaikki,root,
train-e68a3a726ec3aff8-01,[lit] vyti̇̀s [grc] ἰτέα [lat] vītis [hye] գի [hye] գՙէ [hye] գՙի [hye] կէ՛նի [hye] կէ՛նէ [hye] իգէ՛նէ [san] वेतस [san] वेत्र [san] वैतस [ave] 𐬬𐬀𐬉𐬙𐬌 [pus] وله,*wéh₁itis,"that which twines or bends, branch, switch",14,,kaikki,noun,
train-4f40589ff2234a0d-01,[grc] ἀλφή [san] अर्ह्,*h₂elgʷʰ-,"to cost, have value, be worth",2,,kaikki,root,
train-a3c2e79028c64356-01,[san] स्नापयति [ave] 𐬁𐬯𐬥𐬀𐬌𐬌𐬁𐬝 [txb] nāsk- [grc] νᾶμᾰ [san] नामन् [bre] neuñv [mid] nawf [cym] nofio [gle] snámh [gla] snàmh [san] स्नात [ave] 𐬯𐬥𐬁𐬙𐬀 [fas] شناویدن [fas] شنا [fas] اشنان [san] स्ना,*(s)neh₂-,"to swim, to float",21,,kaikki,root,
train-7818b0bbeda56852-01,[grc] ἐπιόψομαι [lat] optō [xto] opyāc [txb] epyac [txb] epiyac,*h₁op-,to desire,5,,kaikki,root,
train-e60c330df93e46cb-01,[san] मिमाति [san] मिमीते [lat] (se)mel [hit] mē(i̯)an- [lat] mōs [lat] mēta [san] माति [sqi] mot [grc] μῆτις [lat] mētior [hin] मात्र [grc] μέτρον [bre] ment [cym] maint [gle] méid [gle] méad [gla] meud [fra] maint [sqi] mat [sqi] mas [grc] -μωρος [hit] 𒍖𒈨𒄯 [lit] mãtas [lit] mẽtas [lav] mȩts [prg] mattei [prg] mettan [prg] metthe [prg] mette [san] असमाति,*meh₁-,to measure,31,,kaikki,root,
train-47e4e3ce52db22b1-01,[ell] límpoyros,*melit-,nan,1,6209.0,iecor,nan,
train-82093e41685e9bd4-01,[lat] dūxī [lat] dux [lat] ductus [sqi] nduk [hit] tukzi- [hit] tukkanzi-,*dewk-,"to pull, to draw, to lead (i.e. to pull behind oneself)",6,,kaikki,root,
train-b3ee1f3d314a8f03-01,[ben] mārapiṭ karā,*mer-,nan,1,7351.0,iecor,nan,
train-2f50b4d3ed6e0751-01,[hit] 𒅖𒉺𒀀𒀭𒋾 [grc] σπένδω [lat] spōnsīs [hit] 𒅆𒉺𒀀𒀭𒋾 [lat] spepondī [lat] spopondī [txb] späntetär [txb] spantai [grc] σπονδή,*spend-,to libate,9,,kaikki,root,
train-b5d239732865b2ad-01,[sqi] morr [hye] մրջյուն [grc] μύρμηξ [grc] μύρμος [grc] βόρμαξ [grc] βύρμαξ,*morwís,ant,6,,kaikki,noun,
train-a829334d2819380b-01,[san] अपात् [grc] πῶθι [san] पपौ [grc] πῶμα [grc] πόμα [grc] πόσις [san] पीति [sga] ól [san] पात्र [lat] pōculum [san] पातृ [sqi] pi [sqi] pinë [ell] πίνω [san] पाययति [hit] pa-a-aš-šu-an-zi [prg] poieti [grc] πότος [san] पा,*peh₃-,to drink,23,,kaikki,root,
train-a4fab7910cabcb87-01,[sga] -saig [sga] sachtae [sga] -sacht [sqi] gjegj [hit] 𒊭𒀀𒀝𒆠 [hit] 𒊭𒀝𒆠 [hit] 𒊭𒃷𒍣 [hit] 𒊺𒅅𒃷𒍣 [hit] 𒊺𒃷𒍣 [sga] sïacht [cel] sioxti [grc] ἡγέομαι [sqi] gjah [sqi] gjuaj [lat] sāgus,*seh₂g-,"to trace, follow",18,,kaikki,root,
train-2374e5697f5cf146-01,[lit] plúkti [lat] plūma [lav] plaûki [lit] pláukas [lav] plūksnas [lav] plūksnes [lit] plùnksna [lit] plū́ksna [prg] planxdine [lit] plaũkti,*plewk-,"to fly, flow, run, to splash, flap with hands",10,,kaikki,root,
train-771fbf0e672dc8fa-01,[cel] leux [san] रुच् [fas] رخش,*léwks,light,3,,kaikki,noun,
train-767a13bf23eab9cc-01,[grc] πλεύμων [san] क्लोमन् [lat] pulmō,*pléwmō,"lung, (literally) floater",3,,kaikki,noun,
train-f60ad9aec9087b2c-01,[cat] gel [por] gelo [spa] hielo [old] yelo [old] gel [por] gelo,*⁽g̑⁾el-,nan,6,6560.0,iecor,nan,
train-67d0bf6aa466ba0b-01,[xto] kälytär [txb] kaltär,*k̑lei̯-,nan,2,2288.0,iecor,nan,
train-30b36df24239e2ad-01,[fas] سپند,*ḱwen-,"holy, sacred",1,,kaikki,root,
train-9ae8793fe8a69a31-01,[grc] ἦτορ [sga] athach,*h₁eh₁t-,"to breathe, breath",2,,kaikki,root,
train-ba89331f5245615f-01,[lat] domus [chu] domŭ [pol] dom [sor] dom [sor] dom [ces] dům [slk] dom [ukr] dìm [bel] dom [rus] dom [xcl] town [hye] town [hyw] town [sar] (d)ommo [sar] domo [lit] nãmas [ave] nmāna [old] dom [old] dóm [old] domŭ [kur] māɫ [kur] māḷ [kur] māḷ,*dem-,nan,23,5141.0,iecor,nan,
train-00d4c8a5a29e0b2f-01,[sar] tizhd,*temk-,nan,1,9388.0,iecor,nan,
train-529deba9df753422-01,[sqi] ndë [hit] 𒀭𒁕 [xlu] 𒀀𒀭𒋫 [lyc] 𐊑𐊗𐊁 [bre] an- [cym] an- [cym] af- [sga] ind- [cel] ande- [xto] ane [txb] eneṃ,*h₁n̥dó,"into, inside",11,,kaikki,adv,
train-1371aef0a08cb829-01,[xcl] -այն [xcl] -ին [lit] -inas [lav] -īns [lav] -ains [grc] -ινος [san] -ईन,*-iHnos,Creates adjectives of materials.,7,,kaikki,suffix,
train-163fb3b3be786697-01,[ben] bami karā [fra] vomir [ita] vomitare [lit] vémti [por] vomitar [sin] vamāranavā [spa] vomitar [wal] vômi [lav] vemt [san] vam(i)- [grc] eméō [mai] bokaranā [prg] wimbmis [lat] uomere [fri] gomitâ [cat] vomitar [ave] vaṇta [oss] womyn [oss] wæmun [pal] vamati [kho] bame [ell] eméō [lat] vemt [ron] vomita [nea] vummecà [old] vomir [ang] vomir [fra] vomi [old] vomitar [dal] gomituọr [old] vomitar [meg] vumári [ass] bômi kôrā [mid] wāmēd [por] vomitar,*u̯emh₁-,nan,35,840.0,iecor,nan,
train-2038d84d2e3c4637-01,[sqi] zog [sqi] zogu,*g̑ʰu̯eh₂gʰV-,nan,2,361.0,iecor,nan,
train-a057456747366778-01,[hit] tri- [lyc] 𐊗𐊕𐊁𐊆 [xlu] 𔑰𔖱𔓯 [hye] երեք,*tréyes,three,4,,kaikki,num,
train-d6daa57b8812644a-01,[sqi] i madh,*meg̑-,nan,1,8382.0,iecor,nan,
train-cedf7f4cab6f4130-01,[mid] gīrēd [kur] werdgɨrit [san] grabh(i)- [fas] gereftan [pal] ghína [mar] gheṇe [sin] gannavā [pal] gaṇhati/gaṇhāti [kho] ganik [gaw] goik [ave] gərəβnāiti [bal] gīt [kur] agrıt [maz] garne [raj] ʋạyre [lar] agere [tat] angere [haw] magēro [khw] xafeda [kum] diga [gaw] ginūg [old] agṛbāya [pas] guretaau [kam] g′âa- [kât] g′âa-,*gʰrebh₂-,nan,25,5227.0,iecor,nan,
train-5201dbde96367b71-01,[bel] zorka [ukr] zìrka,*?*g̑⁽ʰ⁾er-,nan,2,1243.0,iecor,nan,
train-81933c67f168d066-01,[grc] ὀχέομαι [san] वाहयति,*woǵʰéyeti,"to cause to bring, transport",2,,kaikki,verb,
train-6140b7101a3618aa-01,[grc] δέρω,*déreti,"to be splitting, separating, to be tearing, skinning, flaying",1,,kaikki,verb,
train-a0ca4b17350f5d56-01,[sqi] tym [lat] fūmus,*dʰuh₂mós,smoke,2,,kaikki,noun,
train-5277e69169e7be09-01,[ces] cítit [slk] cítiť [slk] čutiti [slk] čutiti [chu] obonjati,*?*i̯eu̯t-,nan,5,4849.0,iecor,nan,
train-d489d31a1ff57136-01,[ave] pąsnu [kho] phānä [khw] pānic [pas] paau,*?*pē(n)s-,nan,4,3679.0,iecor,nan,
train-2a2dbbbd211d431d-01,[xcl] եղտիւր [grc] ἕλος [deu] Saale,*sélos,"marsh, salt marsh",3,,kaikki,noun,
train-dce655aba96b65c5-01,[san] ओष [grc] εὗσα [lat] ussī [san] उष्ण [san] उष्ट [lat] ustus,*h₁ews-,to burn,6,,kaikki,root,
train-2d4d7e8f61c14f7c-01,[gae] tine [gae] teine [sga] teine [gae] aile [mid] tan [bre] tan [bre] tan [cym] tân [mid] tan [mid] tan [lat] tân,*tep-,nan,11,1001.0,iecor,nan,
train-ec59ad126e205429-01,[ang] ī- [non] í [grc] -ῑ́ [ave] 𐬍,*íh₁,emphatic particle,4,,kaikki,particle,
train-5452a86a185f9304-01,[grc] ἕρπω [san] सर्पति [lat] serpō,*sérpeti,"to be creeping, to be crawling",3,,kaikki,verb,
train-89d7d0a451c73359-01,[hyw] ertʿal,*steh₂-,nan,1,5948.0,iecor,nan,
train-5d6037b332695b30-01,[dan] orm [nld] worm [eng] worm [fle] worm [fra] ver [fri] wjirm [deu] Wurm [ita] verme [lad] verm [sar] berme [sar] erme [wal] vièr [lux] Wuerm [lat] uermis [fri] vier [por] verme [isl] ormur [ron] vierme [nea] verme [old] verm [ang] verm [fra] véh [deu] Wurm [old] verme [dal] vi̯arm [goh] uurm [mid] wurm [ang] wyrm [old] uuurm [mid] worm [old] ormr [meg] ǵérmu [mil] vèrman,*u̯r̥mi-,nan,33,348.0,iecor,nan,
train-20d6836911f302f1-01,[bul] gora,*gʷerH-,nan,1,2365.0,iecor,nan,
train-6a008c96fbb5a06d-01,[lat] Remus,*yemHós,twin,1,,kaikki,noun,
train-985680346c351ce3-01,[sor] šyja [sor] šija [pol] szyja [rus] šeâ [ukr] šiâ [bel] šyâ [kas] szëja [old] szyja [old] šíjě [rus] šẹ́ja [mkd] šìja [mkd] šìja,*si̯eu̯H-,nan,12,1203.0,iecor,nan,
train-e4e537bb9c64bf0b-01,[bul] gnil [bel] gnìly [ces] shnilý [sor] zgnity [sor] zhniły [mkd] gnil [rus] gniloj [hbs] gnjio [slk] zhnitý [slk] gnil [ukr] gnilij [chu] sŭgnilŭ [pol] zgniły [pol] gnålă [kas] zgniti [old] zgniły [old] (s)hnilý [old] glinyi [rus] ɣnɪlώj [slk] gnil [slk] ṡgnyl,*g̑ʰnei̯H-,nan,21,1166.0,iecor,nan,
train-a9dd03c34bd2e76e-01,[lit] pil̃vas,*pleh₁-,nan,1,1889.0,iecor,nan,
train-a5fb68e7401619f0-01,[sqi] ku [san] कु,*kú,where?,2,,kaikki,adv,
train-844b6c2bcf81ef1b-01,[grc] óros [ell] o-ṛẹ-i [ell] óros,*h₃er-,nan,3,1509.0,iecor,nan,
train-a47895be45422f24-01,[cat] escorça [fra] écorce [lad] scorza [sar] iskórza [spa] corteza [lat] cortex [ita] corteccia [fri] scuarce [por] casca [ron] scoarță [nea] scorza [old] escorce [ang] escorce [old] corteça [fra] ékourfa [sar] corgiólu [old] escòrça [old] escorça [por] casca,*(s)kert-,nan,19,182.0,iecor,nan,
train-887afe56936a6c57-01,[hye] երեսուն [grc] τριάκοντα [lat] trīgintā [xto] taryāk [txb] täryāka,*tridḱómt,thirty,5,,kaikki,num,
train-4f0be988326460fa-01,[lav] zelt [lit] žélti [nor] glæ [lat] holus [grc] χλωρός [ave] 𐬰𐬁𐬭𐬀 [fas] زهره [fas] زهله [san] हलीक्ष्ण [lav] zelts [sqi] diell [grc] χλόη [lav] zaļš [lit] žãlias,*ǵʰelh₃-,"green, yellow",14,,kaikki,root,
train-c0c02897887e30fe-01,[nep] kamilā,*kʷer-,nan,1,7072.0,iecor,nan,
train-9d9074240951e783-01,[san] स्वरति [san] अस्वार् [bre] c’hoarzhin [cym] chwerthin [lat] surdus [lat] susurrus,*swer-,"to resound; ringing, whistling, to speak loudly, to proclaim",6,,kaikki,root,
train-1853e20d38b6d974-01,[hit] ārra- [grc] ὄρρος,*h₁órsos,"buttocks, arse",2,,kaikki,noun,
train-50ff62628819a6a8-01,[ell] pa-si,*bʰeh₂-,nan,1,6802.0,iecor,nan,
train-984e08b2289f6803-01,[wak] rim [mid] rēman [par] rēman [sog] rēmnē,*h₃rei̯H-,nan,4,3698.0,iecor,nan,
train-3d8c1cbbba5eb4e4-01,[lat] quot,*kʷóti,how many?,1,,kaikki,adv,
train-0203049945537774-01,[grc] πέποιθᾰ,*bʰebʰóydʰe,"to be trusting, confident",1,,kaikki,verb,
train-5543d0d2762da91d-01,[pal] vac ≠ vatti [par] wāčēd [khw] wass [raj] ạʋje ≠ bašʋạ [tat] māje [kur] ežıt [kur] üšē [haw] mwāčo [kur] eyžē,*u̯ekʷ-,nan,9,2415.0,iecor,nan,
train-e773c95e0ef3da1c-01,[hit] 𒋠𒀸 [grc] λῆνος [lat] lāna,*h₂wĺ̥h₁neh₂,wool,3,,kaikki,noun,
train-4915b9e5e1991e0b-01,[grc] -ᾱ́ [grc] -ή,*-éh₂,Creates action nouns and abstract nouns.,2,,kaikki,suffix,
train-7300c78e6e255997-01,[grc] νεφρός,*negʷʰrós,kidney,1,,kaikki,noun,
train-39927bdd40ddd7f1-01,"[ben] ṭhānḍā [hin] ṭhaṇḍā [mar] thaṇḍī [mai] ṭhaṅḍā [urd] ṭhaṇḍā [mag] ṭhaṅḍā [bho] ṭhaṇḍā [ass] ṭhāṇḍā [pun] ṭʰaⁿḍā, ṭʰaⁿḍʰā",*stembʰH-,nan,9,761.0,iecor,nan,
train-152c33c996bf8939-01,"[slk] parkil, parkel",*per-,nan,1,7745.0,iecor,nan,
train-da0e1c2096138220-01,[ell] epsés [ell] opsé(s),*h₁ep-,nan,2,6259.0,iecor,nan,
train-b295ed37b9c70a93-01,[xto] likäṣ [txb] laikanatär,*u̯lei̯kʷ-,nan,2,3077.0,iecor,nan,
train-2eef3d673f1aa867-01,[grc] τέρσομαι [goh] dorrēn [lat] torrēns [gle] tearc [lat] tesquum [lat] tescum [sga] tur [ave] 𐬙𐬀𐬭𐬱𐬎 [mid] tšknk' [xcl] թաշկինակ [deu] Darre [nor] tarre [swe] tarre [grc] ταρσός [lat] torrus [sqi] ter [xcl] թառամ [xcl] թարշամ-,*ters-,dry,18,,kaikki,root,
train-c1af297a0c158676-01,"[lat] calō [isl] hjala [san] क्रन्दति [san] क्लन्दति [grc] καλέω [lat] (con)cilium [grc] κληδών [lat] classis [hye] աքաղաղ [hye] աքլոր [lat] clārus [lat] clāmō [lat] clāmōsus [lav] skaļš [lit] skãlyti [lit] skalùs [lit] skali̇̀kas [lit] kalė̃ [rus] скули́ть [mid] scellen [deu] schellen [isl] skella [isl] skjalla [ang] scillen [mid] schellen [nor] skjelle [deu] Schall [nld] schal [swe] skall [deu] Schelle [nld] schel [deu] schelten [eng] scold [hye] ցուլ [grc] σκύλαξ [grc] κύλλα [grc] σκύλος [grc] σκύλιον [grc] σκύλλα [grc] Σκύλλα [grc] σκυλλίς [grc] σκύμνος [hit] kalgalinai- [hit] kalleš-, kalliš- [lav] kaļôt [lit] kalba [rus] ко́локол [deu] hell",*kelh₁-,"to call, cry, summon",66,,kaikki,root,
train-0658b202c8e7c1de-01,[gae] grian [gae] grian [sga] grían [gae] grian,*gʷʰer-,nan,4,2299.0,iecor,nan,
train-9630e7481513833c-01,[hit] 𒉿𒀠𒄴𒍣 [lat] vellō [xto] wälläṣtär [xcl] գեղարդն [lav] veļi [lit] vėlė [lit] veliónis [ces] válka [pol] walka [gle] flann [gla] flann [bre] gouli [cym] gweli [non] valr [non] Valhǫll [non] valkyrja [grc] οὐλή [grc] ἁλίσκομαι [lat] vulnus [fas] والانه [fas] ولانه [xto] wäl [xto] walu,*welh₃-,"to hit, to strike",30,,kaikki,root,
train-89aa26a344b47f64-01,[aln] thom [sqi] them [sqi] thomë,*k̑eHs-,nan,3,8260.0,iecor,nan,
train-050ed1253b3e2f7b-01,[lit] mę̃sti [xto] mänt- [san] मथ्नाति [lat] mandō [txb] mänt-,*menth₂-,to stir,5,,kaikki,root,
train-bb16b19d5f0bf773-01,[lit] -is [prg] -is [lat] -is [grc] -ις [san] -इ [ave] -𐬌,*-is,"Forms nouns from verbs., Forms nouns from thematic adjectives.",6,,kaikki,suffix,
train-9b04d5e864f2355c-01,[nld] vuur [eng] fire [fri] fjoer [deu] Feuer [grc] pỹr [hit] paḫḫur / paḫḫuen- [xto] por [txb] puwar [lux] Feier [prg] panno [xcl] howr [xlu] pāḫūr [umb] pir [ell] pu-* [ell] pỹr [deu] Füür [goh] fiur [old] fiūr [mid] viur [ang] fȳr [old] fiur [mid] vuur [got] fon,"*péh₂-u̯r̥, *ph₂-u̯én-",nan,23,219.0,iecor,nan,
train-2fc42b6538d89e57-01,[pol] zaivåtăk,*gʷi̯eh₃-,nan,1,5140.0,iecor,nan,
train-f95ae024c337666a-01,[hyw] mōt [hye] mot [xcl] mawt,*?*meHd-,nan,3,618.0,iecor,nan,
train-dbcd6cf0685e1068-01,[nep] rāto [sin] ratu [khw] raxtik,*(s)re⁽g̑⁾-,nan,3,1814.0,iecor,nan,
train-6b3cea636895d95c-01,[goh] hrispahi [mid] rispe [mid] rispen [mid] rispeln [lat] crispus,*kripsós,curly,5,,kaikki,adj,
train-19221f0e0ae7ec16-01,[grc] πυστός,*bʰudʰtós,aware,1,,kaikki,adj,
train-3391d375a8e83709-01,[sqi] shtoj [hit] istanh-ᵐⁱ [hye] ստանալ [lat] dē-stinō [lat] ob-stinō,*stnéh₂ti,"to place, to stand",5,,kaikki,verb,
train-44e47a29657efc3d-01,[cym] cael [lat] incohō [non] heggr [lat] caulae [xcl] ցանգ [xcl] ցանկ [cym] caen [mid] haghen [goh] hagan [cym] caer [san] कक्ष,*kagʰ-,"to hold, keep, to close, enclose, that which encloses: fence, hedge, barrier, enclosed space, fenced field, pasture",16,,kaikki,root,
train-7ca15fb3cda74f54-01,[hit] 𒊭𒀝𒋼𒀀 [hit] 𒍝𒀝𒋼𒀀 [lav] sãrņi [grc] σκῶρ [ave] 𐬯𐬀𐬌𐬭𐬌𐬌𐬀- [lat] -cerda,*sóḱr̥,"dung, excrement",6,,kaikki,noun,
train-8b08da4e26b3a4ad-01,[grc] φόρος [san] भर,*bʰóros,"load, what is borne, burden",2,,kaikki,noun,
train-0daaef29e7960f2c-01,[lav] baĩdît [lit] baidýti [prg] pobaiint [lat] foedus [san] भेम,*bʰeyh₂-,"to shake, tremble, to fear, be afraid",5,,kaikki,root,
train-397f5ee2384eb25f-01,[fra] épais [wal] spès [fra] épeu [old] espesso [old] espes,*?*spei̯d-,nan,5,3004.0,iecor,nan,
train-dcc41e2dbcffd2da-01,"[aln] katër [hyw] čʿors [hye] čʿors [ben] cār [bul] četiri [bel] čatyry [cat] quatre [ces] čtyři [dan] fire [nld] vier [eng] four [far] fýra [fle] vier [fra] quatre [fri] fjouwer [deu] vier [ell] téssera [hin] cāra [isl] fjórir [gae] ceathar [ita] quattro [kas] tsɔɔr [lad] cater [lit] keturì [sor] styri [sor] štyri [mkd] četiri [mar] cāra [nep] cāra [fas] čahār [pol] cztery [por] quatro [nob] fire [rus] četyre [sar] cuátro [hbs] četiri [sin] hatara [slk] štyri [slk] štiri [spa] cuatro [swe] fyra [ukr] čotiri [wak] cabʉr [wal] cwate [gae] ceithir [xto] śtwar [txb] śtwer [lat] quattuor [lux] véier [lav] četri [chu] četyre [san] catvā́raḥ [urd] cār [mai] cār [grc] téttares [fri] cuatri [sga] cethair [ave] caϑβar [xcl] čʿors [osc] pettiur [umb] petur- [gau] petuar [oss] cyppar [oss] cuppar [sqi] katër [bho] chāri [old] fiurir [elf] fyra [pal] catur [mag] cār [ell] qe-te-ro- [mid] peuar, peuoar [kho] tcahora [ell] téssares [old] petguar [pol] citĕr [kas] sztërë [mid] čahār [kur] čar [par] čafār [ell] tésseris [ell] tésseroi [yag] tufṓr [ell] tessároi [ell] téssera [lat] četri [nea] quatto [old] catre [ang] quatre [fra] katro [old] cuatro [ron] patru [bre] pwar, pider [bre] pewar [cym] pedwar [gae] kiare [pal] čúur [sar] báttoro [old] cztyrzy [mid] pedwar [old] petguar [kum] čār [old] čtyřie [old] četyre [rus] čotώrɪ [mkd] čètir [mkd] čètri [slk] štiri [slk] ṡhtiri [bac] sofaro [deu] vier [tat] čāhār [sog] čtfār [maz] čār [bak] čār [del] t͡ʃɒr [lar] čār [kur] čʷār [old] quatre [meg] pátru [sqi] katër [khw] cfār [old] quatre [kho] čoor [gaw] tsur [pas] ssalor [haw] čwār [kur] čwār [raj] čạr [gaw] čōr [goh] fior [sar] cavur [old] fiuwer [mid] vier [ang] fēower [old] fiuuuar [mid] vier [old] fjórir [got] fidwor [pun] cār [mid] peswar [lat] padzhar, pager [nor] fire [por] quatro [vâs] čp′u [pas] čor [ass] sāri [kam] št′o [kât] štav′o [kât] štav′o [kal] čatâ [san] ćât′âː [kur] čwār [mil] quàtar","*kʷetu̯or-, *kʷ(e)tu̯r̥-, *kʷ(e)tur-",nan,154,44.0,iecor,nan,
train-344e19fd0cc90f60-01,[grc] -έω [grc] -όω [grc] -πτω [grc] -σσω [grc] -ττω [grc] -ζω [grc] -λλω [grc] -ιCω [lat] -iō [san] -यति [san] -यते [ave] -𐬌𐬌𐬈𐬌𐬙𐬌,*-yéti,"Creates intransitive, often deponent, imperfective verbs from roots.",14,,kaikki,suffix,
train-7eb85896240673a9-01,[bul] prah [ces] prach [sor] proch [sor] proch [mkd] prav [hbs] prašina [slk] prach [slk] prah [chu] praxŭ [pol] porsnenă [old] proch [old] prach [rus] pórox [mkd] pràšam [mkd] pràša [slk] prah [slk] práh,*pres-,nan,17,1125.0,iecor,nan,
train-4a4818d59f5c5e84-01,[cat] a prop [lat] prope [ron] aproape [lad] damprò [meg] pro̯ápi [old] prop,"*pr̥-, *pró, *prí",nan,6,1266.0,iecor,nan,
train-f0c90cd76956a8a1-01,[pas] wangetaau,*gʷʰen-,nan,1,8806.0,iecor,nan,
train-0d911b5d1614dbdc-01,[eng] yode [eng] yede [got] 𐌹𐌳𐌳𐌾𐌰 [got] 𐌹𐌳𐌳𐌾𐌴𐌳𐌿𐌽 [txb] eye [san] एमन् [txb] aiñye [txb] aittäṃ [sga] óeth [hit] 𒄿𒉿𒅈 [san] इव [sqi] eja [sqi] iki [hit] 𒄿𒄿𒀀𒀜𒋫 [isl] eigra [fas] جن [fas] آی [san] एव [xto] i- [txb] i-,*h₁ey-,to go,40,,kaikki,root,
train-27f81ee836101210-01,[hit] 𒆪𒅕𒈪 [hit] 𒆪𒂊𒅕𒍣 [hit] 𒆪𒂊𒅕𒋫 [xlu] kuwarti [prg] kūra [cym] peri [cym] paraf,*kʷért,"to do, make, build",7,,kaikki,verb,
train-3ce0a8d49cf1f46e-01,[umb] purtatu [nea] purtà [ita] portare [fri] puartâ [lad] porté [old] porter [ang] porter [fra] porter [wal] pwèrter [fra] portâ [cat] portar [sar] trasportare [old] portar [old] portar [dal] portúr [meg] purtári [mil] purtàa,*per-,nan,17,5343.0,iecor,nan,
train-c49acfe866ce542d-01,[lit] -ỹs [lit] -ias [lit] -jas [grc] -ιος [lat] -ius [san] -य [ave] -𐬌𐬌𐬀 [ave] 𐬵𐬀𐬊𐬨𐬌𐬌𐬀 [ave] 𐬵𐬀𐬊𐬨𐬀,*-yós,Creates adjectives from noun stems.,9,,kaikki,suffix,
train-0b752f2f7829bf51-01,[sqi] qetë [lit] pašiltas [gle] cleith [mid] lith [grc] ἄκλῐτος [san] श्रित [ave] 𐬯𐬭𐬌𐬙𐬀,*ḱlitós,"leaning, sloped, inclined",7,,kaikki,adj,
train-04c26dc5e9e5afb2-01,[dan] give [nld] geven [eng] give [far] geva [fle] geven [deu] geben [isl] gefa [nob] gi [swe] ge [lux] ginn [fri] jaan [elf] djävå [old] giva [deu] gäh [goh] geban [old] ieva [mid] geben [ang] ġiefan [old] geƀan [mid] gheven [old] gefa [got] giban [nor] gje,*gʰebʰ-,nan,23,228.0,iecor,nan,
train-0449ca9f49f24504-01,[sqi] rosë [lit] ántis [prg] antis [grc] νῆσσα [grc] νῆττα [grc] νᾶσσα [san] आति [lat] anas,*h₂énh₂ts,duck,8,,kaikki,noun,
train-46e16107068c973a-01,[lit] piemuõ [gmy] 𐀡𐀕 [grc] ποιμήν,*poh₂imḗn,shepherd,3,,kaikki,noun,
train-d36d2f5ef23154bd-01,[grc] ὄλλῡμι [lat] aboleō [lat] dēleō [grc] ὄλεθρος [lav] pult [lit] pulti [prg] aupallai [grc] ἀπόλλῡμι [hit] hu-ul-la-a-i [xcl] աղէտ [xcl] աղունք [xcl] եղեռն [xcl] եղծ [bre] ol-buid [sga] el-tes [grc] ὀλοός,*h₃elh₁-,"to fall, to collapse, to destroy/be destroyed",17,,kaikki,root,
train-dd090496685b8ccd-01,[lit] bė́ras [lav] bȩ̃rs [grc] φρῡ́νη [hin] भूरा [xcl] բորենի,*bʰerH-,brown,6,,kaikki,root,
train-dc91167a9dfc9667-01,"[bre] dislonkã, dislonk-",*sleu̯k-,nan,1,3076.0,iecor,nan,
train-affac0a575c2063d-01,[san] ánti [pal] antika,*h₂ent-,nan,2,4397.0,iecor,nan,
train-9795e3720fa3bcb5-01,[lat] dolō [lat] doleō [lav] dalīt [lit] dalyti [hit] ta-al-li-ya [lyc] 𐊗𐊁𐊍𐊆𐊜𐊀 [lat] dolor [grc] δαίδαλος [grc] δαιδάλεος [grc] δαιδάλλω [cym] delw [gle] dealbh [gla] dealbh [xcl] ատաղձ [lat] dolium [san] दल [san] दाल,*delh₁-,"to split, divide",19,,kaikki,root,
train-748eafe74af0b68a-01,"[gae] loisg [sga] loiscid [old] loscim*, lescsit [mid] lesquiff [bre] loskein, losk- [cym] llosgi [gae] lostey [mid] llosgi [mid] lesky [lat] leski",*leh₂p-,nan,10,979.0,iecor,nan,
train-0df5ccce166a503c-01,[xcl] ետ [grc] ἔδομεν [san] अदात् [ave] 𐬛𐬁𐬝,*déh₃t,to give,4,,kaikki,verb,
train-6ea00554b0b49e14-01,[ell] kofterós [ell] kofterós [ell] kofterós [ell] kofteró,*(s)kep-,nan,4,1582.0,iecor,nan,
train-bfa5b82613728376-01,[mkd] klìn,*kelh₂-,nan,1,7765.0,iecor,nan,
train-1a50d8e7d2ce132e-01,[lav] viest [lit] vei̇̃sti [ave] 𐬬𐬋𐬌𐬲𐬛𐬀𐬝 [san] विड्ढि [lit] vi̇̀sti [lat] vireō [san] विवेष्टि [sqi] vesh [lit] vai̇̃sius [prg] wēisin [ang] wīse [mid] wēse [mid] wisch [deu] Wiese [nor] veis,*weys-,"to raise, increase, to produce, procreate",15,,kaikki,root,
train-a7c5224886a3563f-01,[ave] 𐬀𐬌𐬌𐬀𐬭𐬆,*h₂ey-,"day, morning",1,,kaikki,root,
train-cf8d71000006d6a0-01,[sin] am̆baranavā,*bʰer-,nan,1,7643.0,iecor,nan,
train-8fe88c19b7e59f70-01,[lit] žel̃vas,*ǵʰelh₃wós,"green, yellow",1,,kaikki,adj,
train-1a32e92d82115127-01,[hyw] amp [hye] amp [ell] sýnnefo [lit] debesìs [fas] abr [grc] néphos [kur] ewr [xcl] amp [kas] abor [kho] pryaurä [ell] nephélē [mid] abr [ell] néfos [ell] sýnnofo [ell] néfä [ell] šýnnefa [pal] áabru [oss] ævraǧ [bak] awr [tat] abr [maz] abr [del] owr [lar] abr [bal] abr [kur] hāwr [sog] parīβē [khw] bīrβik [kur] awr [haw] hawr [gaw] albena [raj] aʋr [kam] nir′u [kât] nâr′u [kât] nâr′u [kal] nâli [kur] hawr,*nebʰ-,nan,36,579.0,iecor,nan,
train-3fafd773b5bff924-01,[xlu] manā-,*?*mneh₂-,nan,1,5272.0,iecor,nan,
train-a21e64587b58bcfe-01,[sqi] grua [aln] gru(e) [sqi] grua,*g̑erh₂-,nan,3,513.0,iecor,nan,
train-8550b8397c4149bf-01,[lav] sarkans [lat] sorkons,*?*ser-,nan,2,1871.0,iecor,nan,
train-6898fb786e8a8291-01,[old] llevar [spa] llevar [por] levar,*h₁legʰ-,nan,3,6363.0,iecor,nan,
train-2875afbb0b52a7cc-01,[grc] ἔκῡσᾰ [san] अश्वत् [ave] 𐬯𐬏𐬌𐬛𐬌𐬌𐬁𐬌 [san] शूशुवुर् [grc] κῠ́ω [grc] κυέω [lat] inciēns [san] शिशु [grc] κῦμα [grc] ἀκύμων [sga] cúan [ang] hūnþyrel [mid] hune [isl] húnn [nor] hun [nor] hune [san] शून [grc] κῦρος [grc] κύριος [san] शवस् [ave] 𐬯𐬀𐬎𐬎𐬀 [san] शुष्म [san] शूष [mid] cyw [san] शम् [san] शुन [ave] 𐬯𐬞𐬇𐬧 [san] शू,*ḱewh₁-,"to swell, to be strong",29,,kaikki,root,
train-2936c761fb8f71c9-01,[hye] նոր,*néwos,new,1,,kaikki,adj,
train-73d9b1ff8cd8b706-01,[hit] 𒁺𒌓𒋻𒊑𒄿𒀀𒋾𒄿𒀀𒀸 [lyc] 𐊋𐊂𐊀𐊗𐊕𐊀 [hye] դուստր,*dʰugh₂tḗr,daughter,3,,kaikki,noun,
train-20aec57d465744e7-01,[hit] ḫulle- / ḫull-,*h₂u̯elh₁-,nan,1,5389.0,iecor,nan,
train-d5c22fd4fd013b09-01,[old] oren,*kreh₁(i̯)-,nan,1,2597.0,iecor,nan,
train-4852e636b0622554-01,[vâs] y′üs [kam] ′üs [kât] i′us [kât] i′us [kal] ius,*i̯eu̯-,nan,5,6650.0,iecor,nan,
train-b6818bd7ff3ced2e-01,[sqi] trim [xcl] թոռն [lit] tar̃nas [grc] τέρυ [grc] τέρην [grc] τεράμων [ave] 𐬙𐬀𐬎𐬭𐬎𐬥𐬀 [mid] tarōk [mid] tōrūk [fas] تر [fas] توله [fas] ترانه [lat] tardus [lat] tener [lat] termes,*ter-,"tender, weak, young creature",15,,kaikki,root,
train-f85d331c8db14668-01,[cat] coll [dan] hals [far] hálsur [fle] hals [fra] cou [fri] hals [deu] Hals [isl] háls [ita] collo [lad] col [spa] cuello [swe] hals [wal] cô [lat] collum [lux] Hals [fri] cuel [elf] ås [old] hals [nea] cuollo [old] col [ang] col [fra] kô [old] cuello [deu] Hals [old] col [old] coll [dal] ku̯al [goh] hals [old] hals [mid] hals [ang] heals [old] hals [mid] hals [old] háls [got] hals [mil] còl,*kólso-,nan,36,265.0,iecor,nan,
train-782dae1ccbd2e72d-01,[pas] starga,*h₂ster-,nan,1,29.0,iecor,nan,
train-f3033b1d7968dcb2-01,[hye] էշ,*h₁éḱwos,"stallion, horse",1,,kaikki,noun,
train-bd8162800697fb75-01,[grc] ἄζω [hit] 𒄩𒀀𒋾 [xcl] հօտ [xcl] հատ [got] 𐌰𐍄𐌹𐍃𐌺 [sga] ad [hit] ḫattar [lyc] xadrñna [lat] ador,*h₂ed-,"to dry, grain, barley",10,,kaikki,root,
train-051a1a8b14b02660-01,[gae] maith [sga] maith [gae] mie [old] mat [gau] matu- [mid] mat [bre] mad [bre] mad [gae] math [lat] mâz [mid] vas,*meh₂-,nan,11,1011.0,iecor,nan,
train-fcd102ba33c66722-01,[lit] kùsti [lat] quatiō [grc] πάσσω [gle] cáith [gla] càth,*(s)kweh₁t-,"to churn, stir, shake",5,,kaikki,root,
train-2abf813db13d8e30-01,[grc] ἀλίνω [san] लिनाति,*h₂linéHti,to be smearing,2,,kaikki,verb,
train-ae8bb917b312882c-01,[sog] wāz,*u̯eg̑ʰ-,nan,1,8194.0,iecor,nan,
train-0e5278bdb0d19b1d-01,[bul] červen [bel] čyrvony [ces] červený [sor] cerwjeny [sor] čerwjeny [mkd] crven [pol] czerwony [hbs] crven [slk] červený [ukr] červonij [chu] črĭvljenŭ [pol] carvenĕ [kas] czerwòny [old] czerwony [old] črvený [old] červlenyi [rus] čerlénωj [mkd] čḁrvèn [mkd] čḁrvèn,*kʷr̥mi-,nan,19,1163.0,iecor,nan,
train-41a59f735ee234b2-01,[chu] črěvo [old] čerevo,*(s)ker-,nan,2,2201.0,iecor,nan,
train-e4a4a90006a2e529-01,[aln] gjak [sqi] gjak [sqi] gjak,*sokʷo-,nan,3,364.0,iecor,nan,
train-f02ae08757ce97af-01,[txb] pitke [txb] pittāk [lit] pýti [san] पियान [san] पीवस् [ave] 𐬞𐬍𐬎𐬎𐬀𐬵 [lav] piẽva [lit] pi̇́eva [grc] ποίη [grc] πόᾱ [nld] vei [lat] pinguis [grc] πῑμελή [lat] opīmus [san] पीन [san] पीत,*peyh₂-,"to swell (with milk), to be swollen, fat",17,,kaikki,root,
train-59e92acda630a6d2-01,[kas] gʊb,*gʷelbʰ-,nan,1,4523.0,iecor,nan,
train-4424874a69843893-01,[san] जस्यति [grc] σβέννυμι [san] दसत् [san] जासयति [lav] dzēst [lit] gesýti [lav] dzist [lit] gesti [gle] bás [gla] bàs,*(s)gʷes-,to be extinguished,11,,kaikki,root,
train-16492f52f050218c-01,"[ell] kefáli [grc] kephalḗ [ell] kephalḗ [ell] tžefalī́ [ell] kefalī́, kefáli(n) [ell] kefalī́ [ell] kefál",*gʰebʰh₂l-,nan,7,1494.0,iecor,nan,
train-06a49937d417d675-01,[lit] šlei̇̃vas [lat] clīvus,*ḱleywós,"sloped, curved",3,,kaikki,adj,
train-f4d0cf1b5c718ead-01,[hit] -𒀸𒊭𒊏𒀸,*-sōr,Derives feminine gender stems from roots,1,,kaikki,suffix,
train-1ccae4983d5e3650-01,[hye] hoł [xcl] hoł [hyw] hoł,*pleh₂-,nan,3,5892.0,iecor,nan,
train-3ddfbd137ca41308-01,[hin] le jānā [urd] le jānā [pun] lai jāṇā,*lembʰ-,nan,3,7422.0,iecor,nan,
train-29ae4dcbd105c24c-01,[bul] povr″štam [ces] zvracet [pol] zwracać [slk] vracať [hbs] povraćati [mkd] povraḱa [old] vracěti,*u̯ert-,nan,7,537.0,iecor,nan,
train-420ada8da66f7b4a-01,[bre] moan,*mei̯-,nan,1,8436.0,iecor,nan,
train-32e7bb7f27c7f769-01,[bre] moned ≠ Ø- [cym] mynd [lat] môz,*menH-,nan,3,6550.0,iecor,nan,
train-7b5fcfe9f78fed1b-01,[nob] slåss [far] sláast [isl] slást [elf] slå'ss [swe] slåss [dan] slås [old] slas [old] vega [nor] slåss,*?*slak-,nan,9,2267.0,iecor,nan,
train-cc17507430ca4dd6-01,[lit] skrìsti,*?*(s)krei̯t-,nan,1,9622.0,iecor,nan,
train-e3aae9890605ae9d-01,[ave] 𐬚𐬡𐬆𐬭𐬆𐬯𐬋 [lat] truncus [grc] σύρξ [lat] trux,*twerḱ-,"to carve, cut off, trim",5,,kaikki,root,
train-f4f10e01b3afce8a-01,[lat] flūmen [ita] fiume [old] flueve [ang] flueve [nea] sciummo [old] fluve [mil] fiùm,*bʰleu̯H-,nan,7,2651.0,iecor,nan,
train-50bf77a961123ec1-01,[grc] λύγος [grc] λυγίζω [lat] luctor [san] रुग्ण [lat] luxus [sqi] vlug,*lewg-,to bend,6,,kaikki,root,
train-e6eb46da8bb2c373-01,[san] भरीमन् [grc] φέρετρον [grc] φαρέτρᾱ [san] भरित्र [grc] φέριστος [ave] 𐬠𐬀𐬌𐬭𐬌𐬱𐬙𐬀 [grc] φέρμᾰ [san] भर्मन् [grc] φερνή [xcl] բեռն [lav] bērns [lit] bernas [grc] φέρνιον [txb] preṃtsa [ang] beordor [grc] φέρτρον [lat] forda [grc] φορμός [sqi] barrë [sqi] bark [grc] βάρυκα [lat] fortūna [sga] ad-opair [cym] aberth [bre] aberzh [sqi] bir [xcl] -աւոր [lit] ber̃ždžias [lit] ber̃gždžias [grc] φορεύς [lat] fordus,*bʰer-,"to bear, carry",31,,kaikki,root,
train-0eda5f3351fdc324-01,[lit] spreñgti [sga] lingid,*(s)prengʰ-,to spring,2,,kaikki,root,
train-61be519196f5796a-01,[xto] kärnäṣ* [txb] kärnaṣṣäṃ*,*?*kreu̯-,nan,2,2701.0,iecor,nan,
train-5bdb1ad6420f8105-01,[eng] chawe [eng] chaw [eng] jaw [mid] kauwe [mid] kouwe [deu] Käu [deu] Keu [lat] gingīva [fas] جویدن [pus] ژول [txb] śuwaṃ,*ǵyewh₁-,to chew,13,,kaikki,root,
train-6cb268c8e3b45340-01,[ell] travṓ [ell] travṓ [ell] taurṓ [ell] taurṓ,*tau̯ro-,nan,4,2834.0,iecor,nan,
train-06848eb33b476e18-01,[cat] caure [ita] cadere [por] cair [spa] caer [lat] cadere [ron] cădea [old] caer [nea] caré [old] chëoir [ang] chair [old] caer [meg] căde̯ári [dal] kadár [por] cair,*k̑ad-,nan,14,872.0,iecor,nan,
train-7e6d65eace5221b2-01,[cym] erch [gle] earc [gla] earc [lat] perca [grc] πέρκος [grc] περκαίνω [grc] περκάς [grc] περκάζω [grc] περκόομαι [san] पृशत् [grc] πρόξ [grc] προκᾰ́ς [grc] πρώξ [grc] περκνός [grc] πρακνόν [sqi] prënjkë [san] पृश्नि [mid] plš [lat] pulcher,*perḱ-,"colored, speckled",26,,kaikki,root,
train-ae1524bd3c7fe1d1-01,[txb] ṣaläṣṣäṃ* [xto] släṣ,*sel-,nan,2,5876.0,iecor,nan,
train-728c1faffffc56dc-01,[cat] cap [dan] hoved [nld] hoofd [eng] head [far] høvd [fle] hoofd [fri] holle [isl] höfuð [por] cabeça [nob] hode [spa] cabeza [swe] huvud [lat] caput [fri] cjâf [old] hovudh [elf] ovuð [ron] cap [nea] capa [lad] cef [old] chief [ang] chef [old] cabeça [meg] cap [old] cap [dal] kup [goh] houbit [old] hāved [mid] houbet [ang] hēafod [old] hôƀid [mid] hovet [old] hǫfuð [got] haubiþ [por] cabeça [mil] có [nor] hovud,*kap-,nan,36,6432.0,iecor,nan,
train-ed3d1cde6814186a-01,[gae] tar ≠ tag- [gae] thig [gae] çheet [sga] do·téit,*stei̯gʰ-,nan,4,8321.0,iecor,nan,
train-defae32b10be029b-01,[prg] gerdaut,*g⁽ʷ⁾erdʰ-,nan,1,7126.0,iecor,nan,
train-e5e9bcba94cc57dc-01,[lit] oženà [lit] oži̇̀nis [san] अजिन [lav] āzis [lit] ožỹs [lit] ožkà [prg] wosux,*h₂eǵ-,goat,7,,kaikki,root,
train-7af0705647dc52ac-01,[xcl] բոկ,*bʰosós,"bare, barefoot",1,,kaikki,adj,
train-50395ec6e69c6f0c-01,[sqi] surb [hye] հարբել [hit] 𒊭𒊏𒁉 [lav] surbt [lav] strebt [lav] strēbt [lit] srė̃bti [lit] sur̃bti [pus] روول [pus] رودل,*srebʰ-,"to sip, gulp, suck (in)",10,,kaikki,root,
train-4eb5ee4bfbf515f8-01,[gae] cos [gae] cas [sga] cos [gae] cass [gau] kokso-,*kok̑s-,nan,5,2789.0,iecor,nan,
train-0157fee7407b1013-01,[chu] чѧдь [lat] recēns [cym] bachgen [cel] -cnos [sga] cinid [san] कनीन [ave] 𐬐𐬀𐬌𐬥𐬌𐬥 [sqi] qejzë [sqi] qyrë [sqi] qytë [grc] καινός [grc] διάκονος [xcl] սկունդ [bre] kenow [cym] cenau [cym] cenaw [gla] cana [gle] cana [lat] cōnor [grc] ἐγκονέω,*ken-,"to arise, begin",23,,kaikki,root,
train-f41cf03652246ef3-01,[lav] dubra [lit] Dubrà [nor] Dovre [swe] Dovra [xto] tpär [txb] tapre,*dʰubʰrós,deep,6,,kaikki,adj,
train-7765f17174e1cffb-01,"[dan] tyk [nld] dik [eng] thick [far] tjúkkur [fle] dik [deu] dick [isl] þykkur [nob] tykk [swe] tjock [lux] déck [gae] tiugh [gae] tiubh [sga] tiug [old] thiokker [mid] teu, téo [gae] chiu [bre] téw [bre] tiw [mid] tew [old] teu [deu] dick [goh] thicki [mid] dicke [ang] þicce [old] thikki [mid] dicke [old] þykkr [mid] tew [lat] têu [nor] tjukk",*tegu-,nan,30,320.0,iecor,nan,
train-44e5f84f39aa25cf-01,[eng] hurry [lat] cursus [xto] kursär [txb] kwarsär,*ḱers-,to run,4,,kaikki,root,
train-e9261e769e9d6896-01,"[lat] unguō, ungō [xcl] աւծանեմ [san] अनक्ति [san] अञ्जस् [prg] anctan [san] अक्त [lat] unctus",*h₃engʷ-,"to smear, to anoint",7,,kaikki,root,
train-93167c1f5d016f77-01,[ave] 𐬰𐬀𐬎𐬎𐬀𐬌𐬙𐬌 [lav] zavêt [lit] žavė́ti [txb] kwā- [sqi] zulmë [xcl] ձաւնեմ [grc] καυχάομαι [san] जोहवीमि [ave] 𐬰𐬀𐬊𐬰𐬀𐬊𐬨𐬍 [san] ह्वे,*ǵʰewH-,"to call on, invoke",10,,kaikki,root,
train-401e520387097645-01,[grc] φθῐ́σῐς [san] क्षिति [lat] sitis,*dʰgʷʰéytis,"decay, destruction",3,,kaikki,noun,
train-156a08be11236d24-01,[sga] gein [gle] giniúint [lat] genimen [lat] germen [san] जनिमन् [san] जन्मन् [san] जन्म [pus] جميا,*ǵénh₁mn̥,"offspring, seed",10,,kaikki,noun,
train-68af9ab09aea064b-01,[sqi] tatë [lyc] 𐊗𐊁𐊅𐊆 [hye] տատ [hye] տատի [hye] տատա [lav] tẽtis [lav] tẽte [lit] tė̃tis [lit] tė̃tė [lit] tėtýtis [lit] tẽtē [prg] thetis [sga] data [deu] Tate [mid] teyte [isl] táta [grc] τατᾶ [grc] τέττα [san] तात [pus] دادا [lat] tata,*tata-,"dad, father",34,,kaikki,noun,
train-dc3e67ea9beffb5e-01,[grc] βραχύς,*mréǵʰus,"short, brief",1,,kaikki,adj,
train-dfcb9ccdfb79e278-01,[lit] lýgus,*lei̯g-,nan,1,7092.0,iecor,nan,
train-42d1a2ef1b81038b-01,[sin] pasa,*?*pē(n)s-,nan,1,1641.0,iecor,nan,
train-130bd25b81133650-01,[lit] ùpė [prg] ape [lav] upe [lat] upe [kam] gâl′oa [kât] gul′ava [kal] golâv [san] golâb′o [kât] gâl′ov,*h₂ep-,nan,9,7856.0,iecor,nan,
train-f453e798edda3ed0-01,[lat] tenuis,*ténh₂us,thin,1,,kaikki,adj,
train-f76037cbc82d0ef4-01,[grc] ἀλκή [lat] ulciscor [san] रक्ष्,*h₂lek-,to protect,3,,kaikki,root,
train-762d6e93db83c733-01,[pal] khudda [sin] kuḍā,*k⁽ʷ⁾seu̯d-,nan,2,4402.0,iecor,nan,
train-09a7b4cd64189930-01,[xcl] -ւ [xcl] -բ [xcl] -վ [cel] -bi [cel] -be [grc] -φι [gmy] -𐀠 [xto] -(y)āp [txb] -epi,*-bʰi,"forms adverbs with locative meaning, with instrumental meaning as nominal ending",9,,kaikki,suffix,
train-f02b8274f7436db2-01,[ita] cattivo [mil] catìf,*keh₂p-,nan,2,2196.0,iecor,nan,
train-977fca7ed1e30d76-01,[aln] det [sqi] det [sqi] deti,*dʰeu̯b-,nan,3,466.0,iecor,nan,
train-f0be64621d3cad72-01,[xcl] քաղցր [lat] suāvis,*swéh₂dus,sweet,2,,kaikki,adj,
train-9a8d90eceb9997ef-01,[nld] denken [eng] think [fle] denken [fri] tinke [deu] denken [lux] denken [goh] thenken [mid] denken [ang] þenċan [old] thenkian [mid] denken [old] thentsa [got] þagkjan,*ten⁽g̑⁾-,nan,13,322.0,iecor,nan,
train-d629faaad5389845-01,[pal] hima,"*?*g̑ʰéi̯-om, *g̑ʰ(i)i̯-ém-, *g̑ʰi-m-",nan,1,1808.0,iecor,nan,
train-582359556e171ad6-01,[san] सस्,*ses-,"to rest, to sleep",1,,kaikki,root,
train-b4274b29ee748463-01,[chu] rogŭ [prg] ragis [lav] rags [pol] róg [rus] rog [ces] roh [hbs] rog [ukr] rìg [bel] rog [sor] róh [sor] rog [slk] rog [slk] roh [mkd] rog [bul] rog [pol] rüg [kas] róg [lit] rãgas [lat] rogs [old] róg [old] roh [rus] r′ïɣ [mkd] ròk [mkd] ròk [slk] rog [slk] rúg,*(H)regʰ-,nan,26,2458.0,iecor,nan,
train-ebe0c588de635358-01,[txb] tute,*dʰeu̯H-,nan,1,5881.0,iecor,nan,
train-edcbe41afeef0647-01,[san] pṛthivī́,*pleth₂-,nan,1,6681.0,iecor,nan,
train-d48966f4cd2ddf9e-01,"[mid] cannaff, canaff [bre] kann, kann- [bre] 'n om gannã, gann-",*(s)kend-,nan,3,1091.0,iecor,nan,
train-be45cc42a33b397a-01,[sar] zukht,*?*g̑ʰei̯-,nan,1,9402.0,iecor,nan,
train-d08b08306a602729-01,[mkd] crn drob [bul] čeren drob,*dʰrebʰ-,nan,2,1153.0,iecor,nan,
train-6b5b29f6cc31fa0c-01,[gaw] rān,*h₃reg̑-,nan,1,8746.0,iecor,nan,
train-8caf072f740a1044-01,[hye] գործ [lav] var̂za [lit] váržas [ave] 𐬬𐬀𐬭𐬆𐬰𐬆𐬨 [xto] wark,*wérǵom,work,5,,kaikki,noun,
train-fdae538b2d9f489c-01,[lat] vēscor [hit] wesiyattari [xto] wäsri [hit] wēsi- [hit] wastara- [ave] 𐬬𐬁𐬯𐬙𐬀𐬭 [ave] 𐬬𐬁𐬯𐬙𐬭𐬀,*wes-,"to graze, consume, eat",7,,kaikki,root,
train-17428eb3b4e9843f-01,[par] niγundēd [khw] manγundeda [sog] ptīγunt,*?*gʰeu̯dʰ-,nan,3,8391.0,iecor,nan,
train-4f11f21770f47d5c-01,[grc] ἄγχω [lat] angō [lat] angustus [lat] ānxius [sqi] angësht [xcl] անձաւ [grc] ἀγχοῦ [grc] ἄγχι,*h₂enǵʰ-,"to constrict, tighten, compress, narrow, tight, distressed, anxious",8,,kaikki,root,
train-0fa3c13ad72a1ee5-01,[grc] πέος [san] पसस् [hit] 𒇽𒀸 [hit] 𒁉𒌍𒈾𒀸 [lat] pēnis [ang] fæsl [deu] Fasel [non] fǫsull,*pes-,penis,8,,kaikki,root,
train-e24fd4c240e87fe9-01,[hye] եզ [sga] ag,*h₂eǵʰ-,cow,2,,kaikki,noun,
train-301da6a16f8c0df2-01,[sga] -sestar [grc] ἕστηκᾰ [san] तस्थौ [lat] stetī,*stestóh₂e,to be standing,4,,kaikki,verb,
train-670291159c5ddb08-01,[sqi] mi [hye] մուկ [grc] μῦς [lat] mūs,*múHs,mouse,5,,kaikki,noun,
train-0520838e85f307f1-01,[hit] ištamašš- [xlu] tūmmanti(ya)-,*steh₃-,nan,2,4381.0,iecor,nan,
train-3a305768dfbbf43c-01,[hit] 𒋼𒊑𒅁𒍣 [grc] ἔτραπον [grc] τρέπω [san] त्रपते [grc] τροπέω,*trep-,to turn,5,,kaikki,root,
train-614d64d3a206faa2-01,[dan] se [nld] zien [eng] see [far] síggja [fle] zien [fri] sjen [deu] sehen [isl] sjá [nob] se [swe] se [lux] gesinn [elf] sją̊ [old] sea [deu] gseh [goh] sehan [old] siā [mid] sehen [ang] sēon [old] sehan [mid] sien [old] sjá [got] saiƕan [nor] sjå,*?*sekʷ-,nan,23,288.0,iecor,nan,
train-3a0af22561968bfc-01,[hit] kappi- / kappai-,*kemb-,nan,1,121.0,iecor,nan,
train-74d6c9d65496e705-01,[bre] c'hwerv [cym] chwerw [gle] searbh [gla] searbh [deu] Schwäre [cym] chwarren [ave] 𐬓𐬀𐬭𐬀,*swer-,"to ache, to fester, wound; injury",7,,kaikki,root,
train-cb6a05a39d62f32f-01,[grc] χανδάνω [lat] praehendō [lat] praeda [lat] hedera,*gʰed-,"to find, to hold, to seize, to take",4,,kaikki,root,
train-7fa735bbad99924f-01,[gae] deigh [hit] eka- [gae] leac oighir [sga] aig [gau] iag(o)- [mid] ia [vâs] üz′ü,*i̯eg̑-,nan,7,2741.0,iecor,nan,
train-d053ce030e454f96-01,[sqi] përposh [sqi] poshtë [hit] 𒄊𒀸 [lyc] 𐊓𐊁𐊅𐊁 [xlu] 𒉺𒋫𒀀𒀸 [xcl] ոտն [gle] aníos [gle] síos [gle] thíos [gla] nìos [gla] shìos [gla] sìos [ell] πόδι [lat] pēs [xto] pe [txb] paiyye,*pṓds,foot,18,,kaikki,noun,
train-7185833cf8c76a85-01,[lit] tar̃ti,*ter-,nan,1,5250.0,iecor,nan,
train-401848a82d192126-01,[san] तिष्ठति [fas] ایستادن [lat] sistō,*stísteh₂ti,"to be standing up, to be getting up",3,,kaikki,verb,
train-0734d182fc7365f0-01,[xcl] երկի- [ell] δι- [ell] δί- [lat] bi- [lat] du- [san] द्वि [sqi] degë,*dwi-,"two, apart, asunder",7,,kaikki,prefix,
train-6c23de1cac6c3ed2-01,[mai] ujjar [mag] ujjar [gaw] uzala,*g̑u̯elH-,nan,3,4646.0,iecor,nan,
train-c3dbe2ac3abc695c-01,[khw] šaγar,*g⁽ʷ⁾elH-,nan,1,8713.0,iecor,nan,
train-1d0b17a6c00785ed-01,"[grc] ónyx [mai] nah [san] nakhá- [chu] nogŭtĭ [prg] nagutis [lav] nags [lux] Nol [lat] unguis [gae] ìne [xto] maku [txb] mekwa [hyw] ełownkʿ [ell] nýchi [ita] unghia [fra] ongle [lit] nãgas [spa] uña [gae] ionga [dan] negl [swe] nagel [eng] nail [nld] nagel [deu] Nagel [ces] nehet [pol] paznokieć [rus] nogot' [fas] nāxun [hit] šankui- / šankuu̯ai- [kur] nēnuk [fri] ongule [isl] nögl [cat] ungla [sga] ingen [xcl] ełowngn [elf] nagel [far] naglur [old] naghl [nob] negl [pal] nakha [mag] noh [ukr] nìgot′ [bel] nogac′ [sor] nochć [sor] nokś [slk] necht [slk] noht [ell] o-nu [mid] iuin [hbs] nokat [bul] nok″t [mkd] nokot [kho] nāhune [old] euin, eguin [pol] nüďėt [kas] paznokc [mid] nāxun [oss] nyx [par] nāxun [ell] nýšin [ell] ní(ch)i [ell] onýši(n) [ell] (a)nýchi [hye] ełowng [oss] nix [lat] nogs [fle] nagel [ron] unghie [nea] ogna [sar] úngara [old] ongle [ang] ungle [wal] ongue [fra] anglye [old] unna [por] unha [gae] yngyn [bre] ivin [bre] ivin [cym] ewin [sar] ungia [lad] ondla [pal] nóong [nep] naṅa [kas] nam [old] paznogieć [mid] ewin [mar] nakha [old] eguin [old] nehet [rus] nọ́xọt′ [kum] nixn [mkd] nòft′ [mkd] nòft′ [sin] niya potta [wak] diɣ̌ər [yag] náxna [slk] noht [slk] nohát [fri] neil [deu] Nagel [ass] nôkh [ben] nakh [tat] naxen [sog] nāxn [maz] nāxun [bak] nexun [del] nɒɣu [old] oungla [meg] úngľă [old] ungla [gaw] nak [lar] nač [kur] nāxon [bal] nāhon [haw] nāxūn [kur] nāxwın [raj] noxone [khw] nāxn [gaw] nak [dal] jongla [goh] nagal [sar] nishewr [old] neil [mid] nagel [ang] næġl [old] nagal [mid] naghel [old] nagl [lat] euin [nor] negl [por] unha [vâs] n′ač [pas] naurii [kam] nâč′ẽ [kât] nâč′e [kât] nâč′e [kal] nuča [san] nâuć′ã [kur] naxwēn [mil] ungia",*h₃neg⁽ʷ⁾ʰ-,nan,140,2268.0,iecor,nan,
train-62ae5e66d83b68c2-01,[grc] -θλον [grc] -θλη [lat] -bulum [lat] -bula [lat] -ula,*-dʰlom,alternative form of *-trom,5,,kaikki,suffix,
train-da28fa90c7b9d353-01,[por] atar [spa] atar [old] atar,*h₁ep-,nan,3,3060.0,iecor,nan,
train-6b0d0ecc597f4c1d-01,[san] प्रीयते [san] प्रेषत् [pus] ورين [lat] propriō [lat] proprius,*preyH-,"to please, to love",5,,kaikki,root,
train-dae63217f068cef7-01,[lit] tìnti,*ten-,nan,1,7090.0,iecor,nan,
train-1e866ec2c4d1b7fa-01,[grc] μένω [san] ममन्धि [san] अममन् [san] ममन्यात् [grc] μίμνω [hit] 𒈪𒅎𒈠𒄿 [grc] ἔμεινα [lat] mānsī [hye] մնալ [lat] maneō [hye] մնաց [xto] mäskatär [txb] mäsketär [grc] μονή [grc] Μέμνων [mid] anmynedd [mid] amynedd [sga] ainmne,*men-,"to stay, remain",20,,kaikki,root,
train-5143d6a9304f8edf-01,[eng] fain [goh] gifehan [isl] feginn [nor] fegen [got] *𐍆𐌰𐌷𐌾𐌰𐌽 [got] 𐍆𐌿𐌻𐌻𐌰𐍆𐌰𐌷𐌾𐌰𐌽 [lit] púošiu [non] fága [got] 𐍆𐌰𐌷𐌴𐌸𐍃,*peḱ-,"joyful, pretty",10,,kaikki,root,
train-7aa6a1196bd3ca36-01,[ben] sojā [nep] sojho [mai] sojh,*ćau̯dʰ-,nan,3,832.0,iecor,nan,
train-1be3b84b41f71791-01,[gmy] 𐀆𐀒𐀵 [san] दाष्टि [san] दाश्ति [ave] 𐬛𐬁𐬱𐬙𐬀- [san] दाश्नोति [grc] δέδεξο [san] ददाश [lat] decet [san] दीक्षते [lat] discō [fra] duire [grc] δεκτός [lat] dignus [grc] δοκός [lat] doga [grc] δόξᾰ [grc] δόγμα [lat] decor [san] दा॒श्वान् [grc] ἀ-δηκότες,*deḱ-,"to take, to perceive",24,,kaikki,root,
train-4aa2a21388263b54-01,[slk] teči [mkd] t′èka [slk] teči [slk] tezhi,*tekʷ-,nan,4,5199.0,iecor,nan,
train-13e66a39b5fa6496-01,[kas] ṭyuṭh [pal] triṣṭu [nep] tīto [ben] teto [sin] titta [mid] tahr [kho] ttīrä [fas] talx [kum] ṭaḥl [par] taxl [tat] tal [sog] tǝrxaki [maz] tal [bak] tahl [del] tæhl [lar] tahr [bal] tal [kur] tāɫ [ass] titā [kho] troq [kur] tyaḷ [haw] tāł [raj] tạl [khw] tǝxrik [pas] treew [gaw] tik [kur] tāḷ,*(s)tei̯g-,nan,27,8319.0,iecor,nan,
train-95dc957514d5b504-01,[lat] fracēs,*dʰrā́ks,"dregs, sediment (of wine, oil, fat)",1,,kaikki,noun,
train-d0f7ed1f52cbe050-01,[wal] broûler [fra] brûler [fra] bwâ [old] brular,*h₁eu̯s-,nan,4,9342.0,iecor,nan,
train-bff593a4b35a85fd-01,[san] dhī-,*dʰei̯H-,nan,1,4654.0,iecor,nan,
train-6a7abc5c804ddd46-01,[san] अङ्क [ave] 𐬀𐬥𐬐𐬎 [lat] uncus,*h₂ónkos,"bend, turn",3,,kaikki,noun,
train-39c92d774fa91416-01,[lit] stomuõ [grc] στῆμᾰ [grc] στάμνος [san] स्थामन् [lat] stāmen [xto] ṣtām [txb] stām,*stéh₂mn̥,"that which stands, stature",8,,kaikki,noun,
train-da68136c892424a9-01,[mid] dor [sga] dorus [san] द्वार [lat] forum [txb] twere [lat] forās [lat] forīs [sqi] derë [got] 𐌳𐌰𐌿𐍂𐌰 [ell] θύρα [hye] դուռ,*dʰwer-,door,13,,kaikki,root,
train-187f1f4e0efc2fdd-01,[sqi] dhemb [lit] žembti [san] जम्भयति [xcl] ծամեմ,*ǵembʰ-,"to bite, to chomp, to crunch",4,,kaikki,root,
train-98dabbee871d05c1-01,[lat] frangō [sqi] brishtë [sqi] breshër,*bʰreg-,to break,3,,kaikki,root,
train-7990d01062bc4ab0-01,"[lat] amārus [ron] amar [nea] amaro [ita] amaro [fri] amâr [old] amer [ang] amer [fra] amer [fra] amâh [cat] amarg [old] amaro [spa] amargo [por] amargo [old] amar, amara [old] amar [meg] mărós [por] amargo [mil] mãr",*?*h₂em-,nan,18,5172.0,iecor,nan,
train-2894aa841c2eed4e-01,[mid] galster [sqi] galdoj [hye] գեղգեղել [hit] galgal-ināi- [hye] գեղոն [ell] χείλος,*gʰel-,"to call, to chant, to shout",9,,kaikki,root,
train-657a6afedb8c3535-01,[sqi] s' [hit] 𒊌𒆪 [xlu] 𒆪 [pal] 𒆪 [xcl] -եք [got] -𐌿𐌷 [grc] τε [gmy] 𐀤,*-kʷe,and,8,,kaikki,conj,
train-63086642f4de79ed-01,[bul] ž″lt [bel] žoŭty [ces] žlutý [dan] gul [nld] geel [eng] yellow [far] gulur [fle] geel [fri] geel [deu] gelb [isl] gulur [lit] geltónas [sor] žołty [sor] žołty [mkd] žolt [pol] żółty [nob] gul [rus] žëltyj [hbs] žut [slk] žltý [swe] gul [ukr] žovtij [wak] zart [lux] giel [kur] zer [ben] halud [lav] dzeltens [prg] gelatynan [san] hári- [ave] zairita [kas] lidor [elf] guol [old] gul [chu] žl′t′ [kho] ysīḍä [pol] zåuknĕ [kas] żôłti [ell] chleró [lat] dzaltons [old] żółty [old] žlutý [old] želtyi [rus] žọ́wtωj [mkd] žlъ̀t [mkd] žъ̀lt [slk] žolt [slk] ṡholt [deu] gälb [tat] zard [sog] zertē [maz] zard [kur] zard [khw] zarīr [pas] zyarr [raj] zạrd [kur] zard [haw] zard [goh] gelo [sar] zird [mid] gel [ang] ġeolu [old] gelo [mid] ghelu [old] gulr [nor] gul [kur] zard [ass] hālôdhīẏā,*g̑ʰelh₃-,nan,67,7535.0,iecor,nan,
train-fabd3682a05b9df9-01,[grc] πεύθομαι,*bʰéwdʰeti,"to be awake, aware",1,,kaikki,verb,
train-d82bf4eefab9c1a4-01,[grc] ἄχος,*h₂égʰos,distress,1,,kaikki,noun,
train-a15990b40234feaa-01,[isl] snúa [nor] snu [nob] snu,*sneu̯H-,nan,3,1332.0,iecor,nan,
train-c7c686787e95280d-01,[deu] Fluss [lux] Floss [deu] Fluss [goh] fluz [mid] vluz,*pleh₃-,nan,5,2652.0,iecor,nan,
train-b1b41101d0aa8f4a-01,[hyw] sur [hye] sur [xcl] sowr [kam] ći′o [kât] ći′o [kât] ći′o [kal] ćaṭaka,*k̑eh₃(i̯)-,nan,7,640.0,iecor,nan,
train-37e9b48d9e053c02-01,[kho] haraña,*lendʰ-,nan,1,6874.0,iecor,nan,
train-ba195854a80b517b-01,[sor] honić [sor] góńtwowaś [bak] zeydak,*gʷʰen-,nan,3,1298.0,iecor,nan,
train-1d465c4b4edb30c8-01,[grc] τέγγω [lat] tingō [grc] ἔτεγξᾰ [lat] tīnxī,*teng-,to make wet,4,,kaikki,root,
train-e88ee048210c878c-01,[kas] wadon,*h₂u̯edH-,nan,1,7323.0,iecor,nan,
train-f149d54afb86c6a0-01,[kam] źaň′a [kât] z′aňa [kât] zař′a,*g̑ʰelh₃-,nan,3,3832.0,iecor,nan,
train-a56868dffefeb123-01,[lav] dziêdu [lit] gi̇́edu [rus] га́ять [san] गायति [san] गासि [san] गाथ [san] गाथा [san] गीत [san] गै,*geH-,"to sing, to cry",15,,kaikki,root,
train-a0d3724b974f96b4-01,[grc] χλιαίνω [ang] gleomu [old] glīmo [goh] glīmo [goh] gleimo [goh] glīm [eng] glim [cym] try-lwyn [sga] gléinech [isl] gljá [lit] žlėjà [cym] glwys [sga] glésse [sga] glése [sga] gléisse [sga] gléise [cel] glīso- [ang] glisnian [nor] glisna [swe] glesna [ang] glitenian [deu] glitzen [grc] χλιδή,*ǵʰley-,to shine,24,,kaikki,root,
train-40adaa39ff812b76-01,[pol] x́audĕ [slk] hud,*k⁽ʷ⁾seu̯d-,nan,2,5127.0,iecor,nan,
train-090bae0ac8a20c2f-01,[sqi] thëngjill,*h₁óngʷl̥,"charcoal, hot embers",1,,kaikki,noun,
train-1f5c1270f475d450-01,[cym] crynu [cym] ergryn [sga] ara·chrin [ell] κρίνω [lat] cernō [lat] crībrum [ell] κρίμα [lat] crīmen [grc] κριτός [lat] certus [lat] crētus,*krey-,"to sift, separate, divide",12,,kaikki,root,
train-ab452f8662ff284a-01,[xcl] -եմ [lav] -īt [lit] -yti [sga] -id [grc] -έω [lat] -eō [san] -अयति [ave] -𐬀𐬌𐬌𐬈𐬌𐬙𐬌 [sqi] -së,*-éyeti,"Forms causative imperfective verbs from roots., Forms iterative or frequentative imperfective verbs from roots.",9,,kaikki,suffix,
train-89f806701a784196-01,[sqi] ve [sqi] vo [sqi] vø [sqi] vö [xcl] ձու [lat] ōvum,*h₂ōwyóm,egg,10,,kaikki,noun,
train-f9ff907284313090-01,[rus] bol'šoj,*bel-,nan,1,4821.0,iecor,nan,
train-3889f49b92c828ee-01,[san] श्वेतते [san] अश्वितन् [lit] šviẽsti [san] श्विन्दते [lit] kvietys [lit] kvieši [lit] švaitýti [lit] šviesa,*ḱweyt-,to shine,10,,kaikki,root,
train-508bab729f7791d2-01,"[hyw] lezow [hye] lezow [ben] jihbā [bul] ezik [bel] âzyk [cat] llengua [ces] jazyk [dan] tunge [nld] tong [eng] tongue [far] tunga [fle] tong [fra] langue [fri] tonge [deu] Zunge [hin] jībha [isl] tunga [gae] teanga [ita] lingua [kas] zew [lad] lenga [lit] liežùvis [sor] jězyk [sor] jazyk [mkd] ǰazik [mar] jībha [nep] jibro [pol] język [por] lingua [nob] tunge [rus] âzyk [sar] limba [sar] limma [hbs] jezik [sin] diva [slk] jazyk [slk] jezik [spa] lengua [swe] tunga [ukr] âzik [wal] linwe [lat] lingua [lux] Zong [gae] teanga [xto] käntu [txb] kantwo [chu] językŭ [san] jihvā́ [mai] jiu [kur] zɨman [prg] insuwis [fri] lenghe [sga] tengae [ave] hizū [xcl] lezow [old] hizan [osc] fangvam [wak] zik [oss] ævzag [oss] ævzag [gae] çhengey [gau] tengua [elf] tungga [old] tunga [pal] jivhā [kho] biśāʾ [mid] teaut, teut [pol] jǫzĕk [kas] jãzëk [par] izβān [mag] jībh [bho] jībh [pal] ǰip [nea] lengua [old] langue [ang] lange [fra] lëga [old] lengua [ron] limbă [yag] zivṓk [bre] teod [bre] tèd [cym] tafod [old] język [mid] tafod [old] jazyk [old] ęzykŭ [kum] ẓwān [rus] jazώk [mkd] inʒìk [mkd] inʒìk [slk] jezik [slk] jesik [deu] Zunge [bac] ezbago [tat] zobon [sog] zβāk [maz] zebun [bal] zwān [kur] zʷān [old] lengua [meg] limbă [old] llengua [gaw] zip [ass] jibhā [pun] jībʰ [gaw] ǰib [khw] zβāk [pas] jaba [pas] ǰiba [raj] zeʋun [kur] zwān [haw] zwān [dal] laṅga [goh] zunga [sar] ziv [old] tunge [mid] zunge [ang] tunge [old] tunga [mid] tonghe [old] tunga [got] tuggo [mid] tavas [lat] tavaz [nor] tunge [por] lingua [vâs] luz′ug [kam] d′ić [kât] d′ić [kât] d′iz [kal] ǰip [san] ž′uː [kur] zwān [mil] léngua",*dn̥g̑ʰu̯éh₂-,nan,135,327.0,iecor,nan,
train-562397844c75409c-01,[lat] suffiō [lat] fimum [hit] 𒈭𒄩𒀀𒄑𒍣 [lit] dúlis [gle] dúil [gla] dùil [san] धूलि [lat] fūlīgō [lit] dujà [gle] dé [mid] doom [got] 𐌳𐌰𐌿𐌽𐍃 [isl] daunn [sqi] ndyj [sqi] duf [hit] 𒈭𒄩𒂊 [grc] θύω [grc] τῡ́φω [grc] τῦφος [grc] τῡφόω [grc] Τῡφῶν [hin] धूसर [lat] furō,*dʰewh₂-,"smoke, mist, haze",24,,kaikki,root,
train-9e980f2c929ca2a5-01,[san] स्नेह,*snóygʷʰos,snow,1,,kaikki,noun,
train-ced127ee7015dc4a-01,[bul] udarâ [bel] udaryc′ [sor] deriś [sor] dyrić [mkd] udri [hbs] udariti [slk] udrieť [slk] udariti [ukr] udariti [chu] udariti [pol] uderzyć [ces] udeřit [rus] udarit' [kas] ùderzëc [old] uderzyć [old] udeřiti [rus] udárɪtɪ [mkd] udrìvam [mkd] udrìvam [slk] udariti [slk] vdariti,*der-,nan,21,1144.0,iecor,nan,
train-813bdf2a5f79bc62-01,[mil] crùsta,*kreu̯s-,nan,1,9807.0,iecor,nan,
train-bb759cdcb2fee483-01,[txb] ewe [hit] 𒌑𒉡𒊻𒍣 [ave] 𐬀𐬊𐬚𐬭𐬀 [xcl] ագանիմ,*h₃ew-,to put clothes or shoes on,4,,kaikki,root,
train-4577c6871a9f5799-01,[lux] fäerten [txb] prāskaṃ [xto] praskatär [goh] forhten [mid] vürhten [old] forhtian [mid] vruchten [got] faurhtjan,*preK-,nan,8,1312.0,iecor,nan,
train-41bf973aa61056d8-01,[grc] τέθνᾰμεν [san] धन्वति [fas] دنیدن [san] धन [grc] θνῄσκω [grc] ἔθᾰνον [lat] fōns [san] दधन्ति [san] धन् [xto] tsno [xto] tsnāntär [txb] *tsnamo,*dʰenh₂-,"to set in motion, to flow",12,,kaikki,root,
train-af2bf99e599e0450-01,[lat] glaber [sqi] gledhë,*gʰleh₂dʰ-,"bright, shining, smooth",2,,kaikki,root,
train-e5966c2fb50c1794-01,[grc] ὀμφή,*sengʷʰ-,"to recite, to sing",1,,kaikki,root,
train-55fc05c9c8aa90af-01,[sga] ad·noí [cym] adnau [cym] dinau [grc] νεύω [lat] *nuō [san] नवते,*new-,"to nod, assent to",6,,kaikki,root,
train-f20843144b447087-01,[hit] ma-uš-zi [lav] maudāt [lit] mauti [lit] máudyti [san] मीवति [txb] miw- [lat] moveō [xto] musk- [txb] musk- [isl] má [txb] mäs-,*m(y)ewh₁-,to move,11,,kaikki,root,
train-fb11ea4518f66ef3-01,"[dan] ånde [far] anda [isl] anda [gae] análaigh [swe] andas [gae] tarraing anail [san] an(i)- [sga] do·beir anál [txb] anāṣṣäṃ [old] anda [elf] andas [mid] tennaff e alazn [kho] *uysan [cym] anadlu [bre] tennein, tenn- i anal [gae] tayrn ennal [bre] dialanĩ [mid] anadyly [mid] anella [lat] anal [old] halenar, alenar [old] alenar [ang] ēþian [old] anda [got] anan",*h₂enh₁-,nan,25,860.0,iecor,nan,
train-673b46924c221047-01,[elf] diger,*dʰei̯g̑ʰ-,nan,1,4182.0,iecor,nan,
train-b98b846a7aa0b38f-01,[lav] pèrt [lit] per̃ti [xcl] եհար [xcl] ուռն,*per-,to beat,4,,kaikki,root,
train-f19bf902ebeaf526-01,[ell] dagkṓnō [grc] dáknō [san] daṃś- [pal] ḍasati [ell] dáknō [ell] akkánnō [ell] dagkánnō [ell] dák(n)ō [ell] dáknō,*denk̑-,nan,9,1456.0,iecor,nan,
train-ba0ffe6848c0fae7-01,[xto] lyäm [txb] lyama [lav] lemt [lat] lanius [lav] lamāt [lav] ļimt [lav] aplams [lav] lama [grc] νωλεμέως [lav] palama,*h₃lemH-,"to break, weak, broken, soft",10,,kaikki,root,
train-e5695944936ebb84-01,[txb] kärsanaṃ [xto] kärsnāṣ,*kers-,nan,2,5113.0,iecor,nan,
train-e0624bca12110652-01,[grc] ἄω [lat] satis [xcl] ատ-ոք [xcl] յ-ագ [grc] ἅδην [san] असिन्व,*seh₂-,"to satiate, satisfy",7,,kaikki,root,
train-0b7be52bd3b6630b-01,[lit] nõvyti [ces] naviti [txb] onuwaññe [xto] nwām,*neh₂w-,"to die, perish, to lack, death",4,,kaikki,root,
train-987617db2bb6f73f-01,[ell] to-ro-qe-jo-me-no,*terkʷ-,nan,1,8235.0,iecor,nan,
train-e651bebeef8b96ef-01,[ang] rēotan [mid] riezen [isl] rjóta [lat] rūdō [lat] rudō [lit] raudà [lav] raûdât [lit] raudóti [isl] rauta [nor] raute [nor] rauta [swe] röta [sqi] ryej [san] रुद्,*HrewdH-,to weep,17,,kaikki,root,
train-ae3c860bf88e9d4a-01,[hit] kuraski[zzi] [hit] kureskanzi [hit] ku-e-er-šu-un [hit] kur-ša-a-i [hit] ku-kur-ša-an-t- [hit] ku-gur-ša-an-t- [san] चिकीर्षति [hit] kurkuriyat [san] करिकृत् [san] कारयति [san] कारयते [san] चकार [ave] 𐬗𐬁𐬑𐬭𐬀𐬭𐬆 [old] 𐎨𐎧𐎼𐎡𐎹𐎠 [san] कर्मन् [ell] πελώριος [fas] کار [san] कृति [gle] cruth [gla] cruth [cym] pryd [cym] prydaf [san] कार्य [ave] 𐬐𐬀𐬌𐬭𐬌𐬌𐬀 [sqi] sarkë [lit] kẽras [lit] kerė́ti [lit] kùrti [cym] Prydain [cym] Brython [lat] Brittānia [got] 𐍈𐌰𐌹𐍂𐌽𐌴𐌹 [grc] τέρας [fas] ـگر [xto] karel [txb] kerū,*kʷer-,"to do, to make, to build, bowl, vessel",62,,kaikki,root,
train-dd7f6bdbfc32d83d-01,[spa] biezo [nor] kvåde [nor] kode [swe] kåda [nor] kvæde,*gʷet-,"resin, gum",5,,kaikki,root,
train-d49b88e4b31e0ff3-01,[sin] lē [pal] lohita [pun] lahū [gaw] lo [kho] leey [kam] l′ui [kât] l′ui [kât] l′ui [kal] lai [san] l′au,*(h₁)reu̯dʰ-,nan,10,2239.0,iecor,nan,
train-3b030a725763ae1b-01,[xcl] harkanem,*h₃erg-,nan,1,5963.0,iecor,nan,
train-9282c248a35c7bb5-01,[prg] schokis,*k̑eh₁k⁽ʷ⁾o-,nan,1,6335.0,iecor,nan,
train-eae6ab0150443b86-01,[nld] ademen [fle] ademen [deu] atmen [lux] ootmen [goh] ātumōn [mid] âtemen [mid] ademen,*(h₁)eh₁t-,nan,7,192.0,iecor,nan,
train-827c90eebace354c-01,"[hit] mau- / mu-, maušš-",*meu̯h₁-,nan,1,5386.0,iecor,nan,
train-a02b1fe063f84c85-01,[prg] lauxnos,*leu̯k-,nan,1,6295.0,iecor,nan,
train-cff1aacc65da6144-01,[grc] -τᾰτος [lat] -timus,*-tm̥mos,absolute superlative adjectival suffix.,2,,kaikki,suffix,
train-a1db9d037f4e4896-01,[lav] šķērdēt [lav] šķērst [lit] sker̃sti [sga] sceirtid,*(s)kérdʰh₁eti,"to become cut, pierced",5,,kaikki,verb,
train-0d6276d43604c92f-01,[ell] αφαλός [ell] ομφαλός [eng] omphalos [lat] umbilīcus,*h₃nóbʰōl,navel,5,,kaikki,noun,
train-5e334a5042d554ab-01,[xcl] անկաւ [xcl] ընկենում,*sengʷ-,"to sink, to fall, to drop",2,,kaikki,root,
train-01fc140352273d70-01,[prg] kupsins,*?*kʷu̯ap-,nan,1,6715.0,iecor,nan,
train-888769d7e4502a86-01,[hye] յոթանասուն [gle] seachtó [grc] ἑβδομήκοντα [hin] सत्तर [fas] هفتاد [lat] septuāgintā [xto] ṣutaṅka [txb] ṣäptuk,*septḿ̥dḱomt,seventy,8,,kaikki,num,
train-02f946a48f29e879-01,[fas] āwāz xwāndan,*u̯ekʷ-,nan,1,9399.0,iecor,nan,
train-82356727590c24a3-01,[sqi] bërryl [sqi] ylber [sqi] llanë [sqi] llërë [ell] ωλένη [lat] ulna [lit] liemuõ [lat] līmus [hye] ող [hye] ուլ [xcl] ուղուկ [hye] իլ [xcl] ալի [hye] աղեղ [lav] olekts [lav] elkonis [lit] úolektis [lit] alkū́nė [lit] elkū́nė [prg] arašnīs [prg] woaltis [prg] woltis [prg] alkunis [cym] olwyn,*Heh₃l-,"to bow, to bend; elbow",41,,kaikki,root,
train-f4371739610df5c7-01,[dan] jord [nld] aarde [eng] earth [fle] aerde [deu] Erde [nob] jord [swe] jord [old] iordh [deu] Härd [goh] erda [old] ērthe [mid] erde [old] ertha [mid] aerde [got] airþa [nor] jord,*h₁er-,nan,16,209.0,iecor,nan,
train-e29f6e6632461e83-01,[nld] vechten [eng] fight [fle] vechten [goh] fehtan [fri] fjochtsje [old] fiuchta [mid] vehten [ang] feohtan [mid] vechten [old] fehtan,*pek̑-,nan,10,218.0,iecor,nan,
train-fd3568c30103ab92-01,[sqi] gak [sqi] ka [xcl] կով [lav] govs [txb] kaiyye,*gʷṓws,cattle,6,,kaikki,noun,
train-4b54cd7c2ec50e82-01,[lat] olō [lat] oleō [grc] ὄζω [grc] ὀδώδειν [sqi] amëz [sqi] âmë [sqi] erë [xcl] հոտ,*h₃ed-,"to smell, stink",8,,kaikki,root,
train-b4c1bae88681983a-01,[san] man- [old] maniyātai [ave] mańiiete [kho] mañäte [khw] maniyeda,*men-,nan,5,3036.0,iecor,nan,
train-736a0d85f4a05b17-01,[osc] minstreis [sar] minore,*mei̯H-,nan,2,7573.0,iecor,nan,
train-6ac91260038a271e-01,[lit] vė́tra [lav] vȩ̄tra [prg] vetro [lit] vė́jas [lav] vējš [hye] օդ [hit] ḫūda- [hit] ḫuntarii̯a(i)- [hit] ḫuu̯ai- [hit] ḫui- [grc] ἄεθλον [grc] αὔελλα [grc] ἀέλλη [grc] ἄελλα [sqi] vetëtin [sqi] fjur [lit] vėsùs [lav] vȩ̄ss [grc] ἀτμός [grc] ἀϋτμή [grc] ἀίσθω [non] vængr [san] वीज् [fas] وز [lat] vannus [lat] vatillum [san] वा,*h₂weh₁-,to blow (of wind),28,,kaikki,root,
train-47a4ffe962b5e528-01,[gle] chuala [san] शुश्राव [ave] 𐬯𐬏𐬯𐬭𐬏𐬨𐬀,*ḱeḱlówe,"to be heard, audible",3,,kaikki,verb,
train-3f61dd1e1c108ed7-01,[sin] vatura,*sterh₃-,nan,1,7785.0,iecor,nan,
train-146390a1ff848f28-01,[grc] φλέω [lat] flō [hye] բեղմ [hye] բեղուն [isl] bjalla [swe] fot-bjälle [swe] fota-bjälle [grc] φάλλαινα [deu] Ball [deu] Ballen [grc] φαλλός [lat] follis [grc] βαλλίον [grc] φάλης,*bʰel-,"to blow, to swell up",21,,kaikki,root,
train-aa77c8af8e7a4da1-01,[chu] rivati [slk] riniti,*h₃rei̯H-,nan,2,4867.0,iecor,nan,
train-a7e75323554a3e32-01,[gae] toradh [sga] torad,*ret-,nan,2,1708.0,iecor,nan,
train-035fb483a6a7fc3c-01,[sga] luid [grc] ἤλυθε [grc] ἤλυθον [grc] ἦλθον [xto] lät- [txb] lät-,*h₁ludʰét,to arrive,6,,kaikki,verb,
train-7aa4ad05e8bbdb15-01,[bul] smeâ se [bel] smââcca [ces] smát se [sor] smjaś se [sor] smjeć so [mkd] smee se [pol] śmiać się [rus] smeât'sâ [hbs] smijati se [slk] smiať sa [slk] smejati se [ukr] smìâtisâ [chu] smijati sę [lav] smieties [pol] sḿot-să [kas] smiôc sã [lat] smītīs [old] śmiać się [old] smieti sě [old] nasmixatisę [rus] s′m′ijátɪ s′a [mkd] să sm′àjam [mkd] să sm′àjam [slk] smejati se [slk] ſe ſmeyati,*smei̯-,nan,25,1149.0,iecor,nan,
train-a0680960ef78e945-01,[sqi] hith [san] इन्द्धे [txb] intsau [grc] αἴθω [san] एधते [mid] eiten [lat] aedēs [lat] aedis [lat] ēdis [grc] αἰθήρ [bre] oaz [cym] aidd [sga] áed [grc] αἶθος [san] एधस् [grc] αἴθαλος [gmy] 𐁁𐀲𐀫 [lat] aestās [lat] aestus [san] इद्ध [ave] 𐬀𐬉𐬯𐬨𐬀 [sqi] jezull [lit] aidinti,*h₂eydʰ-,"to ignite, fire",29,,kaikki,root,
train-39e85bbbe3850e9e-01,[ell] stechnós [ell] stegnós [ell] stegnós,*(s)teg-,nan,3,5827.0,iecor,nan,
train-5ce39b2829afe62d-01,[pal] ghiní bíi [gaw] gaaik [kur] dɨhelgɨrit [pas] guretaau [kam] g′âa- [kât] g′âa-,*gʰrebh₂-,nan,6,7015.0,iecor,nan,
train-9024660e6afe2cf5-01,[sqi] ziej [grc] θέρω [grc] θέρομαι [san] जिघर्ति [sqi] ngroh [grc] θερέω,*gʷʰer-,"to be warm, to become warm",7,,kaikki,root,
train-b1cd82d5547fc20c-01,[bul] zvezda [ces] hvězda [lit] žvaigždė̃ [sor] gwězda [sor] hwězda [mkd] svezda [pol] gwiazda [rus] zvezda [hbs] zvijezda [slk] hviezda [slk] zvezda [chu] ʒvězda [lav] zvaigzne [pol] gjozdă [kas] gwiôzda [lat] zvaigzne [old] gwiazda [old] hvězda [old] gvězdka [rus] z′v′izdá [mkd] zv′ä̀zda [mkd] zv′ä̀zda [slk] zvezda [slk] ṡvéṡda,*?*g̑ʰu̯oi̯-,nan,24,1177.0,iecor,nan,
train-44c8b91b5e9bbdff-01,[san] स्तवे [grc] στεῦται [hit] iš-du-u̯a-a-ri [san] स्तु,*stew-,"to praise, laud",4,,kaikki,root,
train-cb657e595e7c198a-01,[ell] kynīgṓ [ell] tžynīṓ [ell] kynīgeúō,*h₂eg̑-,nan,3,1498.0,iecor,nan,
train-a31654ddf7cd8667-01,[lit] smė̃lis [lav] smiltis [lat] smiļkts,*?*(s)melH-,nan,3,8442.0,iecor,nan,
train-2902d8f7d719a275-01,[spa] lejos [old] lexos,*sle⁽g̑⁾-,nan,2,2258.0,iecor,nan,
train-2a0fd142223426da-01,[pas] ganddal,*gʷʰen-,nan,1,9262.0,iecor,nan,
train-8275fdf0a7fbc0ec-01,[hit] 𒁁𒋻 [hit] 𒁁𒁕𒈾𒀸 [hye] թեր [xcl] թիռ- [xcl] *ptēr- [xcl] փետուր [cym] adar [grc] ὑπο-πετρίδιος [grc] πτέρυξ,*péth₂r̥,"wing, feather",12,,kaikki,noun,
train-9fedd5daba80e8d5-01,[eng] bitter [deu] bitter [old] bitter [fle] bitter [nld] bitter [swe] bitter [elf] bitter [lux] batter [fri] bitter [deu] bitter [isl] beiskur [far] beiskur [goh] bittar [mid] bitter [ang] bitter [old] bittar [mid] bitter [old] bitr [got] baitrs,*bʰei̯d-,nan,19,5262.0,iecor,nan,
train-6ed9a82942dd21d8-01,[kho] haṃdramä,*drem-,nan,1,9097.0,iecor,nan,
train-6dc489546fa22cb2-01,[san] áhar [ave] asn [kho] anus [vâs] ′anćerâ,*(h₂)eg̑ʰ-,nan,4,8124.0,iecor,nan,
train-2d5d274e38bbcb6b-01,[lat] aes,*h₂éyos,"a metal, copper, bronze",1,,kaikki,noun,
train-6bee33e91ef461e7-01,[grc] γόνος [grc] γονή,*ǵónh₁os,"birth, offspring",4,,kaikki,noun,
train-9a4d0252295ae1d1-01,[hin] pānī [mar] pāṇī [nep] pānī [urd] pānī [mai] pain [mag] pānī [bho] pānī [ass] pānī [pun] pāṇī,*peh₃(i̯)-,nan,9,842.0,iecor,nan,
train-15340cf00aede192-01,"[mid] douguen, doucguen, doen, douen [bre] daougein, daoug- [bre] dougen, doug- [ron] duce [mid] dwyn [old] duc, etc. [mid] don",*deu̯k-,nan,7,6380.0,iecor,nan,
train-e8133d46df66acc1-01,[hit] ḫarp- [lat] orbis [lat] orbita [gle] earb [gla] earb,*h₃erbʰ-,"to turn (whence also the secondary meanings), to change allegiance, status, ownership, to turn (whence also the secondary meanings), inheritance (i.e. to change ownership)",5,,kaikki,root,
train-d59ec6c66801430d-01,[san] निनिक्त [gle] nigh [gla] nigh [grc] νίζω [san] निजान [sga] fo·nenaig [grc] νένιπται [san] नेनेक्ति [san] नेनिक्ते [eng] nicker [eng] nickel [nld] nikker [deu] Nix [swe] Näcken [nld] nix [grc] νίψις [san] निर्णिक्ति [grc] νῐπτήρ [san] पादावनेक्तृ [san] निज्,*neygʷ-,to wash,27,,kaikki,root,
train-77f90c8b5cc8a8fb-01,[ces] říct [sor] rjec [hbs] reći [slk] reči [chu] rešti [pol] rict [kas] rzec [old] rzec [old] řéci [old] reči [rus] rečɪ́ [mkd] r′èka [mkd] r′èka [slk] reči [slk] rezhi,*rek-,nan,15,1169.0,iecor,nan,
train-cf1bbf0c362ec7aa-01,[grc] ἕκτος [san] षष्ठ [lat] sextus,*swéḱstos,sixth,3,,kaikki,det,
train-4b65517ecb9e1d41-01,[kas] bozun [gaw] buǰūg,*bʰeu̯dʰ-,nan,2,4508.0,iecor,nan,
train-7c52c20837c12658-01,[hye] tʿakʿcʿnel [xcl] tʿakʿowcʿanel,*pteh₂k-,nan,2,5959.0,iecor,nan,
train-628f682c2c7305ef-01,[san] अचति [san] अञ्चति [lat] ancus [xcl] անթ [xcl] անութ [grc] ἀγκών [hye] անգղ [non] ǫ́ll [non] áll [grc] ἀγκύλος [non] ǫ́l [non] ál [grc] ἀγκύλη [fas] انگول [fas] انگلک [fas] انگل [grc] ἄγκῡρα [hit] 𒀭𒆪𒉿𒀸,*h₂enk-,"curve, bend",22,,kaikki,root,
train-2c935da8fdd6fe26-01,[lit] pláukas,*?*pleu̯k-,nan,1,1902.0,iecor,nan,
train-59eef7febec8abe4-01,[lit] kilpa [lav] cilpa,*kʷelp-,"to wind, turn, curve, arch",2,,kaikki,root,
train-2fc95e722368a5fb-01,[xcl] əntʿanam,*pet-,nan,1,5968.0,iecor,nan,
train-1ebdc839ffe100b3-01,[ces] hodit [slk] hodiť,*?*gʰedʰ-,nan,2,1295.0,iecor,nan,
train-32a05bfb50063add-01,"[hyw] nor [hye] nor [ben] natun [bul] nov [bel] novy [cat] nou [ces] nový [dan] ny [nld] nieuw [eng] new [far] nýggjur [fle] nieuw [fra] nouveau [fri] nij [deu] neu [hin] nayā [isl] nýr [gae] nua [ita] nuovo [kas] now [lad] nuef [lit] naũjas [sor] nowy [sor] nowy [mkd] nov [mar] navīna [nep] nayām̐ [pol] nowy [por] novo [nob] ny [rus] novyj [sar] nou [sar] nóu [hbs] nov [slk] nový [slk] nov [spa] nuevo [swe] ny [ukr] novij [wal] novê [hit] nēu̯a- [xto] ñu [txb] ñuwe [grc] néos [lat] nouus [chu] novŭ [prg] nawans [lux] nei [san] náva- [urd] nayā [mai] nab [kur] ni [fri] gnûf [ave] nauua [sga] nue [oss] nog [oss] næwæg [xcl] nor [gau] nouiios [gae] noa [old] nouuid [old] nouid [elf] ny [old] nyr [pal] nava [ell] ne-wo [mid] neuez, nevez [kho] nūvarä [xlu] nāu̯a/i- [fas] naw [pol] nüvĕ [kas] nowi [mid] nōg [par] nawāg [umb] nuvis [yag] náwa [ron] nou [nea] nuovo [old] novel [ang] noef [fra] nuvo [old] nuevo [bre] neweż [bre] nëwiż [cym] newydd [ell] néos [mag] nayā [bho] nayā [pal] náawu [old] nowy [mid] newyd [old] nový [old] novyi [rus] novώj [kum] nō [mkd] nòf [mkd] nòf [slk] nov [slk] nov [bac] nōgo [deu] nöi [ass] nôtun [pun] navāⁿ [tat] nu [sog] nawi [maz] nu [bak] naw [del] now [lar] now [bal] nōkēn [old] nouveou [meg] nou̯ [khw] nǝwik [old] nou [gaw] nunga [kho] nooɣ [pas] nawe [kur] nū [gaw] näm [dal] nuf [goh] niuui [sar] neej [old] nī [mid] niuwe [ang] nīwe [old] niuuui [mid] nieuwe [old] nýr [got] niujis [mid] nowyth [lat] noueth [por] novo [vâs] in′ü [pas] nongu [kam] nu·′ĩ [kât] nu·′i [kât] n′ui [kal] nuŋa [mil] nöf [nor] ny",*neu̯-,nan,140,86.0,iecor,nan,
train-8c7a674d16cafa2c-01,"[pol] mrówka [chu] mravii [bel] muraška [bul] mravka [ces] mravenec [mkd] mrav(k)a [rus] muravej [slk] mravec [hbs] mrav [sor] mrowja [ukr] muraha [sor] mroja [slk] mravlja [kho] muṃjakä [ave] maoiri [san] vamráḥ [mid] meryenenn, meryenen [grc] mýrmēx [ell] myrmī́gki [xcl] mrǰiwn [hye] mrǰyown [hyw] mrǰiwn [lat] formīca [fra] fourmi [pol] morvĕ [kas] mrówka [kur] mēri [par] mōrw [oss] mælʒyg [mid] mōr [fas] murčeh [yag] mū́rčak [ell] m(y/e)rmī́ka, myrmī́ki(n) [ell] mourmoúk(i) [fri] furmie [old] myra [sar] fromica [sar] formíca [old] formille [ang] furmi [wal] frumihe [fra] fromlye [cat] formiga [old] formiga [spa] hormiga [por] formiga [old] morion [ell] vermī́tši [oss] mulʒug [isl] maur [far] meyra [nob] maur [elf] męre [dan] myre [ron] furnică [dal] formai̯ka [nea] furmicola [ita] formica [lad] formia [bre] melhion, melhionenn [bre] merien [cym] morgrugyn [swe] myra [nld] mier [fle] mier [old] mrówka [mid] morgrugyn [old] mravenec [rus] mur′áška [mkd] mràv′a [mkd] mràv′a [wak] mir-prič [slk] mravinec [slk] mravla [bak] muriz [sog] zmōrč [bal] morīnk [txb] warme* [tat] muruke [maz] melije [lar] mur [kur] merūča [old] fourmiga [meg] furnígă [kur] mırüž [haw] miročē [old] formiga [raj] murčạ [pas] mige [khw] zmōrik [sar] merz [mid] miere [old] maurr [lat] murrian [nor] maur [por] formiga [mil] furmìga [kur] mɨrüžna",*moru̯i-,nan,98,5007.0,iecor,nan,
train-6928712e83c2bd7f-01,[ell] amplékō,*plek̑-,nan,1,6281.0,iecor,nan,
train-fc268074bfae3a31-01,[hbs] gurati,*geu̯-,nan,1,2086.0,iecor,nan,
train-ed158c49cd919390-01,[ben] dhom̐ẏā [bel] dym [cat] fum [fra] fumée [hin] dhuāṁ [gae] deatach [ita] fumo [kas] daeh [lad] fum [lit] dū́mai [sor] dym [mar] dhūra [nep] dhuvā [fas] dūd [pol] dym [por] fumo [rus] dym [sar] fumu [sar] fumu [hbs] dim [sin] duma [slk] dym [slk] dim [spa] humo [ukr] dim [wak] ðit [wal] foumîre [mai] dhuāṅ [san] dhūmáḥ [chu] dymŭ [lat] fūmus [hit] tuḫḫuu̯ai- / tuḫḫui- [urd] dhuān [kur] dikel [prg] dumis [lav] dūmi [fri] fum [gae] jaagh [sga] dé [pal] dhūma [kho] dumä [pol] dåim [kas] dim [mid] dūd [par] dūd [mag] dhuṅā [pal] dhuumíi [lat] dyumi [ron] fum [nea] fummo [old] fumee [ang] fumee [fra] fmihe [old] fumo [bho] dhuāṁ [old] dym [old] dým [kum] dūr [rus] dωm [slk] dim [slk] dim [old] fum [meg] fum [old] fum [gaw] dum [ass] dhûm̐wā [pun] dʰūⁿāⁿ [gaw] dīmī [pas] diim [maz] di [bak] di [raj] düd [del] di [lar] diz [bal] dūt [kur] dü [tat] dev [kur] dūkaɫ [haw] dūkał [pas] looge [khw] δūd [sar] dheed [por] fumaça [vâs] ül′üm [kam] d′üm [kât] di′um [kât] di′um [kal] düm [san] d′uːm [mil] füm [kur] dükaḷ,*dʰu̯eh₂-,nan,91,123.0,iecor,nan,
train-fef69f1d71bc256d-01,[ben] mere phelā [hin] māranā [kas] maaron [mar] māraṇe [nep] mārnu [sin] maranavā [gae] marbh [mai] māranā [urd] mārnā [oss] maryn [oss] marun [sga] marbaid [gae] marroo [gae] maraigh [pal] māreti [mag] maranā [pal] mhaaríi [bho] mārnā [ass] māri pelûwā [pun] mārnā [gaw] maarik [kho] marik [gaw] mārūg [pas] maartaau,*mer-,nan,24,788.0,iecor,nan,
train-821b1fb64f431da8-01,[sog] nāmri,*?*h₂em-,nan,1,9085.0,iecor,nan,
train-9648b9e34977bb38-01,[old] erch,*h₁erg̑ʰ-,nan,1,9430.0,iecor,nan,
train-c68b0f704deaa1fe-01,[sar] chareyn,*kor-o-,nan,1,9386.0,iecor,nan,
train-d45216d821a5e1ba-01,[ces] rok [pol] rok [slk] rok [ukr] rìk [kas] rok [old] rok [old] rok [rus] r′ïk,*rek-,nan,8,1297.0,iecor,nan,
train-352dcbd08d6648e7-01,[lit] ri̇̀mti [sga] fo·ruimi [san] रामयति [ave] 𐬭𐬁𐬨𐬀𐬌𐬌𐬈𐬌𐬙𐬌 [lav] rāms [lit] ramùs [fas] آرام [ell] ήρεμος,*h₁rem-,to rest,9,,kaikki,root,
train-ac3eddbcb9bb5f61-01,[san] अधृत [san] धृथास् [ave] 𐬛𐬆𐬭𐬆𐬙𐬁 [ave] 𐬛𐬭𐬍𐬙𐬁 [lav] derêt [lit] derė́ti [san] दिधृतम् [ave] 𐬬𐬌𐬛𐬌𐬜𐬁𐬭𐬆𐬨𐬥𐬀- [san] दाधार [san] दधार [san] दध्रे [san] दधर्तु [lav] darît [lit] darýti [san] धर्मन् [san] धर्म [lit] darna [lat] firmus [lat] ferē [lat] fermē [lat] frēnum [lat] frētus [sga] drong [grc] θράω [grc] θρᾶνος [grc] θρῆνυς [grc] θρόνος,*dʰer-,"to support, to hold",29,,kaikki,root,
train-d60161ebc5d62821-01,[sar] prantare,*pleh₂-,nan,1,8055.0,iecor,nan,
train-c78e11d329a5e337-01,[lav] sekot [lav] sekt [lit] sèkti [grc] ἕπομαι [gmy] 𐀁𐀤𐀯𐀍 [grc] ἑπέτης [gmy] 𐀁𐀤𐀲 [lat] sequor,*sékʷetor,to be following,8,,kaikki,verb,
train-8019d367b385345d-01,[sqi] kap [lav] kàmpju [lav] kàmpt [ell] χάφτω [ell] χάβω [lat] capiō,*kapyéti,to be grasping,6,,kaikki,verb,
train-1b7f21176efe8ddd-01,[sqi] endë [hye] հանդ [hye] անդ,*h₂éndʰos,bloom,5,,kaikki,noun,
train-9a70e5d9055ac9ea-01,[grc] leukós [ell] re-u-ko [ell] leukós,*leu̯k-,nan,3,2401.0,iecor,nan,
train-dc3352d02be29539-01,[ave] 𐬬𐬀𐬭𐬱𐬙𐬀,*wr̥ǵtós,"worked, fashioned",1,,kaikki,adj,
train-e7bb43d446e63b68-01,[ben] bhejā [hin] bhīgā [mai] bhījal [mag] bhīṅjal [nep] bhijeko [bho] bhīgā,*h₂engʷ-,nan,6,6683.0,iecor,nan,
train-f0b857bc58816350-01,[xcl] orc(k)am [hye] orckal [kas] rzëgac [hyw] orcal [old] rzygać,*(h₁)reu̯g-,nan,5,5982.0,iecor,nan,
train-4e2f401ba6238767-01,[hyw] gišer [hye] gišer [xcl] gišer [mkd] v′èčer [mkd] v′èčer,*?*u̯e-k⁽ʷ⁾sp-ero-,nan,5,619.0,iecor,nan,
train-50b1adc88ffb4cba-01,[hit] paršna- [grc] πτέρνη [san] पार्ष्णि [ave] 𐬞𐬁𐬱𐬥𐬀 [fas] پاشنه [lat] perna [txb] porsnai-,*tpḗrsneh₂,"heel, upper thigh",7,,kaikki,noun,
train-ac1a02bb6fbb5266-01,[xto] eṣ [txb] aiṣṣäṃ,*?*h₂ei̯-,nan,2,7599.0,iecor,nan,
train-dfcd3c403e6f1fed-01,[sqi] prush [san] प्रुष्वा,*prews-,"to freeze, frost",2,,kaikki,root,
train-8c4d051529237d53-01,[lat] rotundus [lat] rota [sqi] rreth [cym] Rhys,*Hreth₂-,to run,4,,kaikki,root,
train-423120f868e63fa2-01,[san] अन्त [sqi] ândë [sqi] ânë [sqi] anë [hit] ḫantezzi [gle] éadan [gla] aodann,*h₂ent-,"face, forehead, front",7,,kaikki,root,
train-1b48c5b420ec26cd-01,[cat] vell [fra] vieux [ita] vecchio [lad] vedl [por] velho [sar] bezzu [sar] bécciu [spa] viejo [wal] vî [lav] vecs [lat] uetus [fri] vieri [lat] vacs [ron] vechi [nea] viecchio [old] vieil [ang] viel [old] viejo [fra] vÿoou [sog] wǝčnē [old] vielh [meg] vécľu [old] vell [dal] vetrúṅ [khw] wǝdnik [por] velho [mil] vèc,*u̯et-,nan,27,913.0,iecor,nan,
train-e921c39e73f9d028-01,[xto] wal* [txb] yel,*u̯el-,nan,2,3141.0,iecor,nan,
train-07324534c359d500-01,[kas] robic [pol] robić [slk] robiť [ukr] robiti [bel] rabìc′ [rus] robɪ́tɪ,*h₃erbʰ-,nan,6,5177.0,iecor,nan,
train-81f622e83bce4738-01,[osc] trííbúm,*treb-,nan,1,5333.0,iecor,nan,
train-8cc3557ea3e0a988-01,[hit] 𒉈𒂊𒌋𒉿𒄴𒄩𒀭𒍣 [grc] νεάω [lat] novō,*néweh₂ti,to renew,3,,kaikki,verb,
train-2c79f746f66f83b1-01,[xto] koy* [txb] koyṃ,*g̑ʰeh₁i̯-,nan,2,2346.0,iecor,nan,
train-852a95b69c0d792d-01,[xcl] նաւ [bre] new [mid] noe [gle] nae [isl] nór [lat] nāvis,*néh₂us,boat,9,,kaikki,noun,
train-3db79ae063a1a3d4-01,[gae] sgàil [gae] scáil,*skek-,nan,2,9651.0,iecor,nan,
train-224eeaf821bd6f14-01,[ell] klaíō [ell] klaíō [ell] klaíō [ell] klaíō [ell] klaí(g)ō [ell] klaíou [sqi] qaj [aln] qaj [sqi] kiljanj,*?*kleh₂u̯-,nan,9,5042.0,iecor,nan,
train-d11f6a864391a5bb-01,[ell] ρίγος [lat] frigus,*sríHgos,"cold, frost",2,,kaikki,noun,
train-cbbc263d41efa344-01,[lav] krė̃sti [lit] krèst [lav] kratît [lit] kratýti [grc] κροτέω [mid] hurzen [nor] rota [nor] rjota [lav] krist [lit] kri̇̀sti [lit] kretė́ti [lit] apikratai̇̃ [lit] kratùs [gla] crath [grc] κρότος,*kret-,"to shake, rattle, to move quickly",18,,kaikki,root,
train-1c8eb8d513311f32-01,[goh] fahs [old] fahs,*pek̑-,nan,2,9347.0,iecor,nan,
train-3eaa2c5424697d1e-01,[lav] laiks [lit] lai̇̃kas [lit] atlaikas [chu] отлѣкъ [grc] λοιπός [san] अतिरेक [san] प्ररेक,*loykʷós,"remaining, leftover",7,,kaikki,adj,
train-0aac73b490307b7c-01,[san] tŕ̥ṇam [pal] tiṇa [sin] taṇakoḷa,*tr̥no-,nan,3,4396.0,iecor,nan,
train-89a06bc25c0015d8-01,[sin] osavanavā,*k̑lei̯-,nan,1,7644.0,iecor,nan,
train-c7760d2fdeb1ff06-01,[hit] 𒄩𒀀𒊏𒀸 [sqi] orr [sqi] orrll [hye] որոր [bre] erer [cym] eryr [gle] iolar [gla] iolair [ell] όρνιθα [ell] όρνεο [ell] όρνιο,*h₃érō,eagle,12,,kaikki,noun,
train-ef1e850e8cbe16d6-01,[san] श्वाशुर,*swēḱurós,brother-in-law,1,,kaikki,noun,
train-4d2be7daa753cbb3-01,[lit] plaũkti,*?*pleu̯k-,nan,1,8317.0,iecor,nan,
train-b35e0929c82d205e-01,[grc] οἴσω,*h₃eyt-,"to take, fetch",1,,kaikki,root,
train-824eaf17e10bfe25-01,[bul] pušek,*peu̯s-,nan,1,4981.0,iecor,nan,
train-270125439ebc6eaf-01,[hye] քաղցր [grc] γλυκύς [grc] γλεῦκος [gmy] 𐀆𐀩𐀄𐀒 [lat] dulcis,*dléwkus,sweet,8,,kaikki,adj,
train-64dffb345ca2005d-01,[grc] hélkō [ell] hélkō [txb] slaṅktär,*selk-,nan,3,451.0,iecor,nan,
train-b605bcd4c9c182eb-01,[kho] kamalä [ass] mūr,*ml̥h₃dʰ-,nan,2,2293.0,iecor,nan,
train-926f9ddc26f4e010-01,[xcl] լուծի [san] रुजति [lit] lū́žti [lav] lauzt [grc] λυγρός [grc] λύγξ [grc] λευγαλέος [lat] lūgeō [xcl] լուծանեմ [txb] lakle,*lewǵ-,"break (off), shatter",10,,kaikki,root,
train-a2657bd83366abb6-01,[mkd] odi [mkd] xòd′ḁ [mkd] xòždam,*sed-,nan,3,5213.0,iecor,nan,
train-e51e3160ebfa38f4-01,"[bul] pepel [bel] popel [ces] popel [lit] pelenaĩ [sor] popjeł [sor] popjeł [mkd] pepel [pol] popiół [hbs] pepeo [slk] popol [slk] pepel [ukr] popìl [chu] popelŭ, pepelŭ [prg] pelanne [wak] parg [pol] püpel [kas] pòpiół [lav] pelni [lat] palni [old] popiół [old] popel [rus] pọ́p′ïl [mkd] pèp′ḁł [mkd] pèpil [slk] pepel [slk] pepèl [bal] por [rus] pépel",*?*pel(h₁)-,flare up,28,1105.0,iecor,nan,
train-0c6a8f7a2c230881-01,[oss] ærbacæwyn [oss] ærbacæun,*kʷi̯eu̯-,nan,2,3240.0,iecor,nan,
train-f04f25fcf4f38a03-01,[grc] λειμών [grc] λιμήν [grc] λῐ́μνη [txb] lyam,*léymō,lake,4,,kaikki,noun,
train-20cddf19c995c4d4-01,"[hit] ekuna- / ikuna- [mid] yen [bre] yein [bre] yen [mid] yeyn [lat] iein, yeine [vâs] üz′ü [kam] ′üć [kât] i′uć [kât] i′uz [kal] ioz",*i̯eg̑-,nan,11,982.0,iecor,nan,
train-197578888170cb0d-01,[grc] pḗgnumai [ell] pagṓnō [ell] paṓnnō [ell] pagṓnnō [ell] pagṓnō [ell] pagṓnō,*peh₂g̑-,nan,6,2667.0,iecor,nan,
train-1e3ff9e5ad5b3e60-01,[ron] coapsă [nea] coscia [ita] coscia [fri] cuesse [lad] cuessa [ang] cuisse [fra] cuisse [fra] kouésse [cat] cuixa [old] coxa [por] coxa [sar] coscia [sar] coscia [old] cuissa [old] cuixa [por] coxa [old] cuisse,*kok̑s-,nan,17,6464.0,iecor,nan,
train-f2016c7d772896ee-01,[lat] somnus [xto] ṣpäṃ [txb] ṣpane,*swépnos,"sleep, slumber",5,,kaikki,noun,
train-6196086d935a627d-01,[san] अमीति [lat] amō [grc] ὄμνυμι [ave] 𐬀𐬨𐬀𐬎𐬎𐬀𐬧𐬙 [san] अमवत् [san] अम्,*h₃emh₃-,"to grab, to grasp, to seize, to take hold, tackle, touch, to swear (an oath)",6,,kaikki,root,
train-68486171c3baa1f2-01,[grc] πλήθω,*pléh₁dʰh₁eti,"to become full, swell, to increase, further",1,,kaikki,verb,
train-44b11c33fae82ffc-01,[lav] tavs [lit] tãvas [grc] τεός,*tewós,"your, possessive adjective of *túh₂",3,,kaikki,det,
train-9ef8cad2186ea961-01,[sqi] tremb [lav] trem̃t [lit] trem̃ti [grc] τρέμω [lat] tremō [xto] trämäs,*trémti,to be trembling,6,,kaikki,verb,
train-bc4e5cd6bb927176-01,[grc] μάντις [lat] mēns [lat] mentior,*méntis,thought,3,,kaikki,noun,
train-309d605f9e017bc2-01,[fas] panǧeh [bak] peng [bal] panǰag [kur] panja [kur] penj [raj] panja,*penkʷe,nan,6,6725.0,iecor,nan,
train-b0067174c10d96a7-01,[got] malma,*melh₂-,nan,1,1874.0,iecor,nan,
train-e39ef4867bd8e8e7-01,[hit] 𒀀𒅈𒀸𒍣 [hit] 𒅈𒀸𒍣 [xlu] 𒀀𒅈𒅆𒅀𒀭𒁺 [san] अर्षति [xcl] եռամ [lat] errō [lit] aršùs [lit] įširsti [san] इरस्यति [san] ईर्ष्यति,*h₁ers-,to flow,10,,kaikki,root,
train-461db71799760c22-01,[aln] ujë [bul] voda [bel] vada [ces] voda [dan] vand [nld] water [eng] water [far] vatn [fle] water [fri] wetter [deu] Wasser [isl] vatn [gae] uisce [lit] vanduõ [sor] woda [sor] woda [mkd] voda [pol] woda [nob] vann [rus] voda [hbs] voda [slk] voda [slk] voda [swe] vatten [ukr] voda [gae] uisge [lav] ūdens [lux] Waasser [hit] u̯ātar / u̯itēn- [chu] voda [prg] unds [sga] uisce [xto] wär [txb] war [sqi] ujë [gae] ushtey [elf] wattn [old] vatn [pal] udaka [ell] u-do [ell] hýdōr [umb] utur [pol] vådă [kas] wòda [grc] hýdōr [lat] iudiņs [pal] wíi [old] woda [old] voda [old] voda [rus] vodá [mkd] vòda [mkd] òda [slk] voda [slk] voda [deu] Wasser [sqi] ujët [pas] worgə [goh] wazzar [old] weter [mid] wazzer [ang] wæter [old] uuatar [mid] water [old] vatn [got] wato [nor] vatn,*u̯ed-,nan,67,335.0,iecor,nan,
train-6e4c505c2c333630-01,[lav] dzȩguze [lav] dzȩgûze [lav] dzȩguôze [lav] dzȩguse [lav] dzȩgusis [lit] gegė̃ [lit] gẽgė [prg] geguse,*gʰegʰuǵʰ-,cuckoo,64,,kaikki,root,
train-37bd9934991de95c-01,[grc] χθές [grc] ἐχθές,*dʰǵʰyés,yesterday,2,,kaikki,adv,
train-990bf313814872ec-01,"[mag] pātar, patarā [sin] paṭu [bho] patalā",*pet-,nan,3,4064.0,iecor,nan,
train-76c9aef4d70b8324-01,[lit] mel̃sti [hit] 𒈠𒀀𒀠𒁲 [xcl] մաղթ,*meldʰ-,"to pray, speak words to a deity",3,,kaikki,root,
train-3a37a28d72664ce0-01,[lat] vexō [eng] quake [dan] kvakle,*gʷeg-,"to shake, to swing",3,,kaikki,root,
train-9b8b1c8b05579989-01,[lit] tãnas [san] तान,*tónos,"something stretched, chord, fiber, string",2,,kaikki,noun,
train-7753c4fe8cc2857a-01,[spa] muslo,*mūs,nan,1,6500.0,iecor,nan,
train-4f33dee4dd5faaa2-01,[hit] 𒃰𒁺,*kéh₃tus,fight,1,,kaikki,noun,
train-416f709fbc09bbc5-01,[lav] gliêbtiês,*gleybʰ-,to stick,1,,kaikki,root,
train-4eb8623c0b5a514a-01,[lit] skriẽbti [grc] σκᾰ́ρῑφος,*(s)kreybʰ-,"to scratch, to tear",2,,kaikki,root,
train-929cdc083fa9d4e0-01,[yag] žaw-,*g̑i̯eu̯H-,nan,1,9965.0,iecor,nan,
train-74bfc437e5e3a098-01,[cat] dona [ita] donna [mil] dòna,*dem-,nan,3,2419.0,iecor,nan,
train-e6f0a6c582a5f8c2-01,[aln] bardhë [sqi] bardhë [sqi] i bardh,*bʰerh₁g̑-,nan,3,508.0,iecor,nan,
train-eb52a185c9e828ad-01,[ell] koiliá [ell] tžoiliá [ell] tšoilía [ell] koilía,*k̑eu̯H-,nan,4,1454.0,iecor,nan,
train-084f980930336488-01,[grc] γέρην [grc] γερήν,*gerh₂ḗn,"crane, heron",2,,kaikki,noun,
train-b6f3ec05023fe42d-01,"[bel] valasy [ces] vlasy [sor] włose [sor] włosy [pol] włosy [rus] volosy [slk] vlasy [slk] lase [ukr] volossâ [chu] vlasi [ave] varǝsa [pol] vlåsåi [kas] włosë [par] wars [old] włosy [old] vlasy [rus] volosώ [slk] lasi, lasje [slk] laſſi [sog] wars [pas] wekhta",*u̯elk̑-,nan,21,1202.0,iecor,nan,
train-42b4ce8437afc7bc-01,[grc] πεῖρᾰρ [san] पर्वन् [san] परुर्,*pérwr̥,"ford, crossing",3,,kaikki,noun,
train-e26ea1f3d1fdce8a-01,[sin] midi diya,*u̯ed-,nan,1,7640.0,iecor,nan,
train-2b2611465f56dcb0-01,[lav] rūgts [lat] ryugts,*(h₁)reu̯g̑-,nan,2,5435.0,iecor,nan,
train-f499c3d6235b6429-01,[lit] gróti [sqi] hungëroj [sqi] nguroj [sqi] ngurónj [lit] gùrti [lat] grāc-ulus [xcl] կարկաչ [lit] gi̇̀rgždėti [non] kráka [non] krákr [san] गर्जति,*gerh₂-,"to cry hoarsely, crane",13,,kaikki,root,
train-b653c0d8d9266b14-01,[sqi] ndër,*h₁entér,between,1,,kaikki,adv,
train-e9beb5dff292537a-01,[grc] αὕω [san] शुष्यति [grc] αὖος [lat] sūdus [lit] saũsti [lit] saũsinti [lav] sust,*h₂sews-,to be dry,7,,kaikki,root,
train-5adbe567cdc093d4-01,[mkd] bori se [hbs] boriti se [chu] brati sę [isl] berjast [ukr] borotisâ [bul] borâ se [rus] borot'sâ [slk] boriti se [rus] borótɪ s′a [mkd] să bòr′am [mkd] să bòr′a,*bʰerH-,nan,11,1201.0,iecor,nan,
train-ef4429580d12d903-01,[hye] հերու [lav] pȩ̃rn [lit] pérnai,*péruti,last year,3,,kaikki,adv,
train-e964a5a2a020599a-01,[dan] sige [nld] zeggen [eng] say [fle] zeggen [fri] sizze [deu] sagen [isl] segja [lit] sakýti [nob] si [swe] säga [far] siga [elf] saia [old] sighia [lux] soen [lat] saceit [deu] säge [goh] sagēn [mid] sagen [ang] seċġan [old] seggian [mid] segghen [old] sedza [old] segja [nor] seie,*sekʷ-,nan,24,285.0,iecor,nan,
train-c651bf88f5550f5f-01,[got] 𐌵𐌰𐌹𐍂𐌿 [ave] 𐬔𐬭𐬀𐬬𐬀 [fas] غرو,*gʷéru,"spit, skewer, spear, throwing spear",5,,kaikki,noun,
train-82a4a166b47e6bde-01,[pas] warkawal,*kʷer-,nan,1,3609.0,iecor,nan,
train-7b1869e5bdb19961-01,[lav] rist [lit] ri̇̀sti [lav] rìest [lit] riẽsti [lit] riečiù [lit] rietė́ti,*wreyt-,to twist,6,,kaikki,root,
train-55f3735190ece90d-01,[sqi] elb [grc] ἄλφι [grc] ἄλφιτον,*h₂élbʰit,barley,3,,kaikki,noun,
train-de082781c2d741d4-01,[lav] mīzt [lit] mȳžti [grc] ὀμείχω [san] मेहति [ave] 𐬨𐬀𐬉𐬯𐬀𐬙𐬌,*h₃méyǵʰeti,to be urinating,5,,kaikki,verb,
train-ab6fad7f60eb19c5-01,[ell] kargiá,*k̑erd-,nan,1,5920.0,iecor,nan,
train-d90847eef1b6c89e-01,[lat] cōgitāre [old] cuidier [ang] cuider,*h₂eg̑-,nan,3,5291.0,iecor,nan,
train-42df70e8e76e46c1-01,[pal] saṇha [san] ślakṣṇá- [oss] lɜǧz [oss] liǧz [yag] lḗxna,*(s)legh₂-,nan,5,6146.0,iecor,nan,
train-e0df2f0d3b0c63b3-01,[gaw] tshik,*kʷei̯-,nan,1,8455.0,iecor,nan,
train-4164b784e22262ef-01,[grc] ἔπορον [lat] parēns [san] पृणाति [sga] ernaid [grc] πέπρωμαι [lat] peperī [san] पूर्त [lat] partus [san] पूर्ति [fas] پاره [san] पुरुष [lat] parō [lat] (com)periō [lat] (ex)perior [lat] (op)perior [lat] perītus [cym] erthyl [san] पॄ,*perh₃-,"to provide, produce, beget",19,,kaikki,root,
train-2379becd312e4612-01,[kas] pan patər [mar] pāna [san] parṇám [wak] palč [pas] panrra [bak] pahr [khw] panci [sar] pork [vâs] p′ârag [kam] p′or [kât] p′or [kât] př′or [san] p′âːr,*(s)per-,nan,13,7386.0,iecor,nan,
train-f7a8af2e1ef9dd00-01,[gaw] šī~š dǟg,*k̑u̯es-,nan,1,9744.0,iecor,nan,
train-d38db486bb6c9d21-01,[xto] āñcäm [txb] āñme,*h₁éh₁tmō,"breath, spirit",2,,kaikki,noun,
train-9dce96197eacc992-01,[pas] aoredal,*ser-,nan,1,54.0,iecor,nan,
train-9dc3ab23d5c9be6f-01,[sqi] bredh [lav] brist [lit] bri̇̀sti [sga] fris·brudi [ces] břednout [pol] brnąć,*bʰredʰ-,to wade,6,,kaikki,root,
train-84d6e725f0ee8289-01,[old] soto,*sel-,nan,1,6809.0,iecor,nan,
train-5f1477e7da807ece-01,[lat] gelus [lat] gelū [lat] gelidus [lit] gelumà [chu] голоть [san] जल [san] जड,*gel-,"to be cold, to freeze",7,,kaikki,root,
train-2b98791b5f9a7860-01,[lit] gei̇̃sti [lav] gàidît [prg] gēide [prg] giēidi,*gʰeydʰ-,to yearn for,8,,kaikki,root,
train-4d1dd74384eb6eda-01,[kal] niŋa- [san] niŋ′â-,*gʷeh₂-,nan,2,6774.0,iecor,nan,
train-180a6a173b26f34a-01,[ell] tranós,*terh₂-,nan,1,6171.0,iecor,nan,
train-cfc3ac4fb8a97137-01,[pol] bróg [sga] commairge [ang] byrga [old] burgio [deu] Bürge [eng] burrow,*bʰergʰ-,"to safeguard, to protect, to preserve",6,,kaikki,root,
train-ea70793decb18cb2-01,[lat] langueō [grc] λαγγάζω [san] लङ्ग [grc] λήγω [san] लगति [lat] laxus [san] लक्ष [grc] λᾰ́γνος [san] लग्न [grc] λαγαρός [grc] λᾰγών [grc] λωγᾰ́νῐον [sga] lac [xto] slākkär,*(s)leg-,"to tire out, slacken",14,,kaikki,root,
train-80e11f92d42ac956-01,[pol] nüsĕt [kas] nosëc [chu] nositi [pol] nosić [sor] nosyś [sor] nosyć [slk] nositi [ces] nosit [slk] nosiť [bel] nasìc′ [ukr] nositi [rus] nosit' [mkd] nosi [bul] nosâ [hbs] nositi [lav] nest [lat] nest [lit] nèšti [old] nosić [old] nositi [old] nositi [rus] nosɪ́tɪ [slk] nositi [slk] noſſiti,*h₁nek̑-,nan,24,5130.0,iecor,nan,
train-2ee67bc59630d4c8-01,[txb] enmetre,*temh₁-,nan,1,5304.0,iecor,nan,
train-bd6811451a54f58b-01,"[rus] tânut' [pol] ciągnąć [ces] táhnout [ukr] tâgnuti [slk] ťahať [bel] câgnuc′ [sor] ćahnyć [sor] śěgnuś [ave] ϑaṇjaiieiti [kho] thaṃjäte [pol] tągnǫt [kas] cygnąc [old] ciągnąć [old] táhnúti, tiehnúti [rus] t′aɣnútɪ",*tengʰ-,nan,15,2837.0,iecor,nan,
train-4ca9e96f590eeb89-01,[prg] median [lav] mežs [lat] mežs,*medʰ-,nan,3,1194.0,iecor,nan,
train-1c35ea49ff6d0302-01,[chu] gręsti,*?*gʰrei̯dʰ-,nan,1,4949.0,iecor,nan,
train-7f736f8185c4e96f-01,[sga] ad·ágathar [got] 𐍉𐌲𐌰𐌽,*h₂eh₂ógʰe,"to be upset, afraid",2,,kaikki,verb,
train-e6f7c2ac21652d41-01,[rus] bedro [bul] bedro [hbs] bedro,*bʰedʰ-,nan,3,5207.0,iecor,nan,
train-7f4d49e9f4090fac-01,[ita] stare in piedi [por] ficar em/de pé [spa] estar de pie [wal] èsse so pî [fri] stâ in pîts [old] estar de pie [ron] a sta în picioare [cat] estar de peu [lad] sté empé [old] estar dempeus [dal] stuọr in pins [por] ficar em/de pé [mil] stàa in pé,*ped-,nan,13,6813.0,iecor,nan,
train-93bd434bf7bf5f6f-01,[hit] 𒋻𒌑𒍣 [txb] tärk- [lat] torqueō [txb] tetarku [sqi] tjerr [san] तर्कु [lat] tormentum [lat] tortum [gmy] 𐀵𐀫𐀤𐀍𐀕𐀜 [san] तर्क् [xto] tark,*terkʷ-,"to turn, spin",12,,kaikki,root,
train-f684b312ce16d628-01,[san] रन्ध्र [lat] lumbus,*lendʰ-,loins,2,,kaikki,root,
train-8d62277a45815713-01,[san] गय [ave] 𐬔𐬀𐬌𐬌𐬀 [chu] жить [ave] 𐬘𐬍𐬙𐬌 [san] जीर [ave] 𐬘𐬌𐬭𐬀 [sqi] nxit [sqi] zit [xcl] կեամ [grc] ὑγιής [lat] iūgis,*gʷeyh₃-,to live,11,,kaikki,root,
train-cc1b7c6d22bcb271-01,[kas] płakac [chu] plakati (sę) [pol] płakać [sor] płakaś [sor] płakać [ces] plakat [slk] plakať [ukr] plakati [bel] plakac′ [rus] plakat' [mkd] plače [bul] plača [hbs] plakati [pol] plokăt [ron] plânge [nea] chiagnere [ita] piangere [sar] prágnere [sar] piánghere [old] płakać [old] plakati [old] plačĭ [rus] plákatɪ [mkd] plàčam [mkd] plàča [meg] plắnḑiri [dal] pluṅgre [mil] piànc,*pleh₂g-,nan,28,6484.0,iecor,nan,
train-ec13ef2dd5f042ce-01,[ben] selāi karā [bul] šiâ [bel] šyc′ [cat] cosir [ces] šít [dan] sy [eng] sew [far] seyma [fra] coudre [hin] sīnā [isl] sauma [ita] cucire [kas] sowon [lad] cujì [lit] siū́ti [sor] šyś [sor] šić [mkd] šie [mar] śivaṇe [nep] siunu [pol] szyć [por] coser [nob] sy [rus] šit' [sar] cosire [sar] cosire [hbs] šiti [slk] šiť [slk] šivati [spa] coser [swe] sy [ukr] šiti [wal] keûse [mai] sīnā [urd] sīnā [san] sī́vya- [chu] šiti [lav] šūt [lat] suere [fri] cusî [elf] söma [old] söma [pal] sibbati [kho] hu* [pol] sajĕ [kas] szëc [oss] xʷyjyn [oss] xujun [lat] šyut [ron] a coase [nea] cosere [old] cosdre [ang] coustre [fra] kooudré [old] coser [mag] sīnā [bho] sīnā [pal] síla [yag] šīy- [old] szyć [old] šíti [old] šiti [rus] šɪ́tɪ [mkd] šìja [mkd] šìja [slk] šivati [slk] ſhivati [old] cosir [ass] silāi kôrā [pun] sīūṇā [old] courdurar [gaw] sīūg [pas] suutaau [kho] suik [meg] co̯ásiri [ang] sēowian [old] siuuuian [old] sauma [got] siujan [nor] sy [por] coser [vâs] â-šiv- [kam] š′üa- [kât] šav′e- [kât] šav′e- [kal] šüva- [san] šivi′e- [mil] cüSì,*si̯eu̯H-,nan,88,815.0,iecor,nan,
train-2d1de303d0502991-01,[grc] ἀγμός [grc] ἄγνῡμι [lat] vāgiō [san] वग्नु,*weh₂g-,"to shatter, to break asunder, to make a harsh sound",4,,kaikki,root,
train-03e87e84b31b5f15-01,[aln] druaj,*dʰreh₂s-,nan,1,392.0,iecor,nan,
train-92086e2642e315b5-01,[got] 𐌰𐌽 [grc] ἄν [lat] an,*h₂en,"there, on the other side, otherwise",3,,kaikki,adv,
train-7aa2a7eb33afd16b-01,[ell] skávō [grc] skáptō [ell] skáptō [ell] skáfkō [ell] skáftō [ell] skáf(t)ō [ell] skáftō,*skabʰ-,nan,7,202.0,iecor,nan,
train-68313ce98d448432-01,[san] चयते [grc] τίνω [grc] τῑ́νω [sga] cin [grc] τίσις,*kʷey-,"to pay, to avenge",5,,kaikki,root,
train-c9d68ebdc38ee6c4-01,[hit] -𒉿𒀭𒍝 [grc] -εις,*-wénts,Forms possessive adjectives from nominal stems.,2,,kaikki,suffix,
train-5d47a144c5e4aa5b-01,[grc] στέγω [lat] tegō [grc] στέξαι [lat] tēxī [san] स्थगयति [sga] tí [lat] tēgula [lat] tegmen [lat] tegimen [lat] tegumen [lat] tignum [grc] στεγνός [grc] στεγανός [sqi] toger [lat] tugurium [lat] tegurium [lat] tigurium [lat] toga [lav] stâgs [lit] stógas [prg] stogis [bre] to [cym] to [gle] éadach [gla] aodach [mid] tʾht' [fas] طاق,*(s)teg-,to cover,27,,kaikki,root,
train-ded0da8f91f3658e-01,"[hyw] akanǰ [hye] akanǰ [bul] uho [bel] vuha [cat] orella [ces] ucho [dan] øre [nld] oor [eng] ear [far] oyra [fle] oor [fra] oreille [fri] ear [deu] Ohr [ell] aytí [isl] eyra [ita] orecchio [lad] oredla [lit] ausìs [sor] wucho [sor] wucho [mkd] uvo [pol] ucho [por] orelha [nob] øre [rus] uho [sar] origga [sar] orica [hbs] uho [slk] ucho [slk] uho [spa] oreja [swe] öra [ukr] vuho [wal] orèye [grc] oũs [lat] auris [chu] uxo [prg] āusins [lav] auss [lux] Ouer [fri] orele [xcl] ownkn [gau] aus(i)- [sqi] vesh [aln] vesh [elf] ära [old] öra [ell] -o-we* [ell] oũs [pol] vaux́ü, vaix́ü [kas] ùchò [ell] aftín [ell] aftí [ell] ōtí(n) [ell] ōtí [lat] auss [ron] ureche [nea] recchia [old] oreille [ang] oreille [fra] orlye [old] oreja [old] ucho [old] ucho [old] uxo [rus] úxo [mkd] ùxu [mkd] ùxu [slk] uho [slk] uhú [deu] Ohr [old] aurelha [meg] ure̯ácľă [sqi] vesh [old] orella [dal] orakla [goh] ōra [mid] ôre [ang] ēare [old] ôra [mid] ore [old] eyra [got] auso [nor] øyre [por] orelha [vâs] im′u [mil] urégia",*h₂eu̯s-,nan,88,208.0,iecor,nan,
train-f6dee54215097b1e-01,[hit] -u [san] उ,*u,a distal deictic particle: there,2,,kaikki,particle,
train-90c770fd1ad46673-01,"[san] brávī-, brū- [ave] mraoiti",*mleu̯h₂-,nan,2,2031.0,iecor,nan,
train-203b1e344bcfddca-01,[txb] witär,*u̯edʰ(h₁)-,nan,1,5458.0,iecor,nan,
train-3e55397dc2e724ba-01,[pal] čáar,*kʷelh₁-,nan,1,6325.0,iecor,nan,
train-d18d46b819befb45-01,[hit] dā- [xlu] lā-,*deh₃-,nan,2,6299.0,iecor,nan,
train-f34b26c60afcadb1-01,[lav] dzẽrve [lit] gérvė [prg] gerwe [lat] grūs,*gerh₂ōws,crane (bird),4,,kaikki,noun,
train-595e58a243f34aae-01,[kam] t′üruk [kât] tâvř′ek [kât] tâvr′ak,*tu̯er-,nan,3,6665.0,iecor,nan,
train-ee38f01cb161bdef-01,[grc] βῆμα [san] प्रगामन् [ave] 𐬔𐬁𐬨𐬀𐬥,*gʷéh₂mn̥,step,3,,kaikki,noun,
train-bd7b6343b3e5e121-01,[grc] εὔαδε [grc] ἅδε [san] स्वादते [san] स्वदते [grc] ἑᾱδότᾰ [san] सुषूदिम [grc] ἁνδᾰ́νω [san] स्वदन्ति [san] सुवदन्ति [san] सूदयति [lat] suādeō [lit] sū́dyti [san] स्वाद्मन् [san] स्वादिमन् [ave] 𐬵𐬎𐬛𐬆𐬨𐬀 [san] स्वाद [san] प्रस्वादस् [goh] swozisto [grc] ἥδῐστος [xto] swār [txb] swāre [san] स्वात्त [ave] 𐬓𐬁𐬯𐬙𐬀 [lat] suāsus [sqi] shije [san] स्वादन,*sweh₂d-,"sweet, tasty?",27,,kaikki,root,
train-e59ae8cf0cb688ec-01,"[ben] tārā [cat] estel [dan] stjerne [nld] ster [eng] star [far] stjørna [fle] ster [fra] étoile [fri] stjer [deu] Stern [ell] astéri [hin] tārā [isl] stjarna [ita] stella [kas] taarokh [lad] steila [mar] tārā [nep] tārā [fas] setāreh [por] estrela [nob] stjerne [sar] istella [sar] isteddu [sin] taruva [spa] estrella [swe] stjärna [wak] stor [wal] steûle [hit] ḫašter(a)- [xto] śre [txb] ściriye* [san] (s)tar- [urd] tārā [mai] tārā [grc] astḗr [kur] stēr [hye] astł [lux] Stär [lat] stēlla [fri] stele [ave] star [oss] st'aly [oss] st'alu [xcl] ɑstł [gau] stir- [old] sterenn [old] sseren [elf] stienna [old] stiärna [pal] tārakā [mag] taregan [hyw] astł [mid] sterenn, steren [kho] stārai [ell] astḗr [mid] istar [par] astārag [ell] ástron [ell] ástro [ell] ástro(s) [ell] áštros, áštro(n) [nea] stella [old] estoile [ang] esteille [fra] étaila [old] estrella [ron] stea [pal] tóoru [bre] stered [bre] stired, stiredenn [cym] seren [mid] seren [kum] stārg [yag] sitṓra [deu] Stärn [old] estella [meg] ste̯áu̯ă [old] estela [gaw] taara [pun] tārā [gaw] tār [khw] ǝstārik [sog] stārē [pas] store [pas] staaru [maz] setare [bak] āstāre [raj] estạrạ [del] setɒre [lar] setāra [bal] estār [tat] āsteriye [kur] ḥasāra [kur] awsāra [haw] hasāra [dal] stala [goh] stern [sar] khturj [old] stera [mid] sterne [ang] steorra [old] sterro [mid] sterre [old] stjarna [got] stairno [lat] sterran, steran [nor] stjerne [por] estrela [vâs] išt′ik [ass] tôrā [kam] řâšt′o [kât] řušt′o [kât] št′o [san] ist′ẫ [kur] hasāra [mil] stèla",*h₂ster-,nan,116,131.0,iecor,nan,
train-838ea82c580c47fd-01,"[hyw] oskor [hye] oskor [cat] os [fra] os [ita] osso [lad] os [fas] ostoxwān [por] osso [sar] ossu [sar] ossu [spa] hueso [wak] ayč, ayšč [wal] ohê [hit] ḫaštāi / ḫašti- [grc] ostéon [san] ásthi [lat] os [txb] āy, āyo [xto] āy [kur] hestik [fri] vues [oss] stæg [oss] æstæg [xcl] oskr [xlu] ḫāš- [pal] aṭṭhi [mid] ascorn [kho] āstai [ell] ostéon [mid] ast [par] astag [ell] stéo [yag] siták [ell] stoú(d)i [ell] ostoúði(n) [ron] os [nea] uosso [old] os [ang] os [fra] ôh [old] (h)uesso [bre] askorn [bre] askorn [cym] asgwrn [ave] ast [mid] ascwrn [aln] asht [tat] osġonj [sog] staki [maz] hestāġun [bak] estexun [del] asseɣun [kur] ǝsqān [old] os [meg] os [khw] astik [sqi] ash [old] os [kur] sıxān [raj] ostoxun [dal] vu̯as [sar] istqhun [mid] ascorn [lat] asgarn, askern [por] osso [pas] aṭu [mil] òs [kur] suqān",*h₂ost-,nan,68,519.0,iecor,nan,
train-189247332ed0d8dd-01,[lit] šlieti [lav] sliet,*ḱléyeti,"to lean (on), to cause to lean",2,,kaikki,verb,
train-d4d3aacb7194431b-01,[sqi] ai [sqi] ajo [lit] jis [lat] is [lat] ea [lat] id,*ís,"this, he (used as the 3rd person pronoun)",6,,kaikki,pron,
train-2bec3eb59a6a35eb-01,[wak] yit [gaw] ǰ̣uik [pas] žetaau [kho] žibik [vâs] oya- [kam] i′u- [kât] i′u- [kât] i′u- [kal] ia- [san] i′o-,*i̯eu̯-,nan,10,6717.0,iecor,nan,
train-7c24b67edcbafd37-01,"[lat] dūrus [ita] duro [fri] dûr [lad] dur [sar] duru [old] dur [ang] dur [fra] dur [wal] deûr [fra] du [cat] dur [old] duro [spa] duro [por] duro [old] dur, dura [old] dur [dal] doi̯r [kho] dūrä [por] duro [mil] dür",*du̯eh₂-,nan,20,5040.0,iecor,nan,
train-686fea018f30cab1-01,[hyw] netel [hye] netel,*ned-,nan,2,3371.0,iecor,nan,
train-58a504513adbab50-01,[kur] abisıt,*u̯ei̯d-,nan,1,8690.0,iecor,nan,
train-4b056b121e7be6d3-01,[hye] հում [hye] հումք [lav] oms [ell] ωμός [san] आम [fas] خام [xcl] խամ,*h₂eh₃mós,"raw, uncooked, bitter, sharp-tasting or sour",7,,kaikki,adj,
train-5fdce0588e2bde1c-01,[lat] līquor [lat] pollingō [xto] lyīktsi [lat] liqueō [cym] gwlych [lat] lixa [lat] ēlixus [lat] prōlixus [txb] laikanaträ [txb] likṣan-,*wleykʷ-,"moist, to wet",11,,kaikki,root,
train-ed9a36450169125e-01,[kho] dai,*dʰegʷʰ-,nan,1,5016.0,iecor,nan,
train-6475d0d5662b46b0-01,[ell] psári [ell] psárin [ell] opsári(n) [ell] psar [ell] atsári,*h₁ep-,nan,5,7525.0,iecor,nan,
train-c6747fb7bb283307-01,[ces] strom [slk] strom [old] strom,*ster(H)-,nan,3,1296.0,iecor,nan,
train-22498cd088b5b963-01,[lit] žióti [lat] hiō [hit] kīnuzi ~ kinuu̯anzi [grc] χαίνω [grc] χάσκω [eng] gain [goh] gingēn [got] 𐌲𐌰𐌲𐌴𐌹𐌲𐌰𐌽 [xto] koy- [txb] koyn [grc] χάος [txb] kāyā,*ǵʰeh₂-,"to yawn, gape",12,,kaikki,root,
train-b165176ed79effe1-01,[san] अविश्रन् [san] विशति [grc] ἔοικα [san] विवेश [san] वेशयति [sqi] vis [lav] vìesis [lit] viešis [lat] vīcus [mid] wīx [old] *wīhs [goh] *wīhs [got] 𐍅𐌴𐌹𐌷𐍃 [txb] īke [grc] ϝοῖκος [grc] οἶκος [gmy] 𐀺𐀒 [san] वेश [ave] 𐬬𐬀𐬉𐬯𐬀,*weyḱ-,"to enter in, to settle, settlement",21,,kaikki,root,
train-f996d81ecf40f3ba-01,"[fra] dos [old] dos [ang] dos [old] dos, dors [old] dos / dors",*u̯ert-,nan,5,851.0,iecor,nan,
train-b3d74bc87b282088-01,[sar] leáre [spa] llevar [por] levar [ron] a lua [meg] lári [por] levar,*h₁legʰ-,nan,6,6461.0,iecor,nan,
train-573f93d237ea30ef-01,[aln] pesë [hyw] hing [hye] hing [ben] pām̐c [bul] pet [bel] pâc′ [cat] cinc [ces] pět [dan] fem [nld] vijf [eng] five [far] fimm [fle] vyf [fra] cinq [fri] fiif [deu] fünf [ell] pénte [hin] pāñca [isl] fimm [gae] cúig [ita] cinque [kas] paantsh [lad] cinch [lit] penkì [sor] pěś [sor] pjeć [mkd] pet [mar] pāca [nep] pāñca [fas] panǧ [pol] pięć [por] cinco [nob] fem [rus] pât' [sar] kimbe [sar] cinku [hbs] pet [sin] paha [slk] päť [slk] pet [spa] cinco [swe] fem [ukr] pât′ [wak] panʒ [wal] cinq' [xto] päñ [txb] piś [grc] pénte [lux] fënnef [mai] paṅc [urd] pānc [san] páñca [chu] pętĭ [lav] pieci [lat] quīnque [gae] còig [fri] cinc [ave] paṇca [sga] cóic [oss] fonʒ [oss] fonʒ [xcl] hing [osc] púmpe* [umb] pumpe-* [gau] pempe [sqi] pesë [elf] fem [old] fäm [pal] pañca [mag] pāṅc [mid] pemp [kho] paṃjsa [ell] pénte [pol] pąt [kas] piãc [mid] panz [kur] pēnž [par] panž [ell] pénte [ell] pénte [yag] panč [ell] pénte [ell] pénte [pal] páanǰ [bho] pāñci [lat] pīci [ron] cinci [nea] cinque [old] cinq [ang] cinc [old] cinco [bre] pemp [bre] pemp [cym] pump [gae] queig [fra] fin [old] pięć [mid] pump [old] pimp [kum] panj [old] pět [old] pętĭ [rus] p′jat′ [mkd] p′èt′ [mkd] p′èt′ [slk] pet [slk] pèt [bak] payn [bac] panzo [deu] füüf [tat] payn [sog] panč [maz] panj [del] pænd͡ʒ [lar] panj [kur] panj [bal] panǰ [old] cinq [meg] țínț [khw] panc [sqi] pesë [old] cinc [kho] ponǰ [gaw] pants [pas] pinza [haw] panj [kur] panj [raj] payn [gaw] panǰ [dal] čeṅk [goh] fimf [sar] pindz [old] fīf [mid] fünf [ang] fīf [old] fîf [mid] vijf [old] fimm [got] fimf [pun] paⁿj [mid] pymp [lat] pemp [nor] fem [por] cinco [vâs] v′uč [pas] paanǰə [ass] pām̐s [mil] cinch [kam] p′uč [kât] p′uč [kât] p′uč [kal] pũč [san] p′õć [kur] panj,*pénkʷe,nan,154,39.0,iecor,nan,
train-e292ddc941ea2225-01,[mar] arunda,*leu̯dʰ-,nan,1,4066.0,iecor,nan,
train-ce3d0253e3911b82-01,[ell] πιστός [lat] fīsus,*bʰidʰtós,"trusted, trustworthy",2,,kaikki,adj,
train-f7d2694c2f72c228-01,[aln] ftoft [sqi] ftohtë,*teh₂-,nan,2,371.0,iecor,nan,
train-2a6a391f74965b37-01,[maz] par zande [bak] pehrestak [raj] ạpariya [del] mipere [lar] pal aku [kum] tōpura,*(s)per-,nan,6,9162.0,iecor,nan,
train-db530d5efffbc8ea-01,[san] तापयति [ave] 𐬙𐬁𐬞𐬀𐬌𐬌𐬈𐬌𐬙𐬌,*topéyeti,to make hot,2,,kaikki,verb,
train-e6f6d31d21be9d83-01,[lat] tabulum [lat] tabula,*teh₂-,alternative form of *steh₂-,2,,kaikki,root,
train-6d66bb754fff5659-01,[hit] šipta- [sqi] shtatë [hye] յոթ [xto] ṣpät [txb] ṣukt,*septḿ̥,seven,5,,kaikki,num,
train-8114e02a2c4b0ab9-01,[hyw] beran [hye] beran [lit] burnà [xcl] beran,*?*bʰerH-,nan,4,8488.0,iecor,nan,
train-9ff9ab51aa13cbda-01,[san] वर्ष॑ति [san] व॒र्षय॑ति [sga] fros [san] वृ॒ष्ट [ave] 𐬀𐬌𐬡𐬌𐬬𐬀𐬭𐬆𐬱𐬙𐬀 [san] वृ॒ष्टि [san] प्रा॒वृष्,*h₁wers-,to rain,7,,kaikki,root,
train-168858670ffc7b7f-01,[lat] ūmidus,*u̯eh₁-,nan,1,1578.0,iecor,nan,
train-4de7a8df1c8542ff-01,[lyc] 𐊗𐊁𐊗𐊁𐊕𐊆 [hye] չորս [xcl] քառ,*kʷetwóres,four,3,,kaikki,num,
train-0bb2896dfb64586f-01,"[pol] våst [kas] wząc [chu] vŭzęti [pol] wziąć [sor] wześ [sor] wzać [slk] vzeti [ces] vzít [slk] vziať [ukr] uzâti, vzâti [bel] uzâc′ [rus] vzât' [mkd] zeme [bul] vzemam [hbs] uzeti [lat] pajimt, jimt [lit] im̃ti [old] wziąć [old] vzieti [old] (vz)ęti [rus] u̯z′átɪ [mkd] v′ènam [mkd] wèzma [slk] vzeti [slk] vṡèti",*h₁em-,nan,25,5158.0,iecor,nan,
train-7863d3b1c1eb935b-01,[lav] tina [cym] tan [sga] tan [deu] Dohne [swe] tana [nor] tan,*tn̥néh₂,a stretch,6,,kaikki,noun,
train-7bd6f0aca25111d4-01,[nld] miggelen,*h₃mígʰleh₂,"mist, cloud",1,,kaikki,noun,
train-d2cf65392cb51c76-01,[grc] ánthos [ell] ánthos [ell] áthos [ell] áththo,*h₂endʰ-,nan,4,2644.0,iecor,nan,
train-ed921d0c4494ca1f-01,[nld] wolk [fle] wolk [fri] wolk [deu] Wolke [lux] Wollek [deu] Wulche [goh] uuolkan [old] wolken [mid] wolken [ang] wolcen [old] uuolkan [mid] wolken,*u̯elg-,nan,12,195.0,iecor,nan,
train-20fcab10dab66d82-01,[lav] ùotrs [lav] uotars [lav] otrs [lit] añtras [lit] añtaras [prg] antars [prg] antrā [prg] anters [san] अन्तर [ave] 𐬀𐬧𐬙𐬀𐬭𐬀 [pus] نور [lat] anterior,*h₂énteros,"second, other",12,,kaikki,det,
train-fad4a42e98847464-01,[fas] تهی [lat] tesqua,*tews-,to be empty; to drain,2,,kaikki,root,
train-8f1fcc031aae2674-01,[lav] šũt [lit] siū́ti [lat] suō [san] सीव्यति [san] स्यूमन् [san] स्यूम [grc] ῠ̔μήν [grc] Ῡ̔μήν [san] स्यूत [lat] sūtus [san] सूत्र [san] स्यू [lat] sūbula [san] सूना [san] सूचि [san] सूची [san] सूक्ष्म [fas] سوزن [fas] *ḱeh₃- [grc] κασσύω,*syewh₁-,to sew,25,,kaikki,root,
train-efd54dc63e39ba32-01,[sga] gil [cym] gêl,*ǵelu-,leech,2,,kaikki,noun,
train-094d7ada047962af-01,[lit] rúоžаs [grc] ῥώξ [grc] ῥήγνυμι [xcl] երգիծանեմ,*wreh₁ǵ-,"to break, tear",4,,kaikki,root,
train-2582741d1afaf830-01,[sqi] zorrë [lav] zar̂na [lit] žarnà [grc] χορδή [grc] *χορνή,*ǵʰórneh₂,"gut, intestine",5,,kaikki,noun,
train-500ae4fd6197de23-01,[pas] jarral,*g⁽ʷ⁾erdʰ-,nan,1,9137.0,iecor,nan,
train-6549f679dfb55359-01,[eng] last [nld] leest [deu] Leist [deu] Leisten [isl] leistur [swe] läst [got] 𐌻𐌰𐌹𐍃𐍄𐍃 [grc] λοῖσθος,*leys-,"to trace, to track",9,,kaikki,root,
train-9d5646ec4f29507f-01,[lit] magė́ti [prg] massi,*(me)mógʰe,"to have power, to be able to",2,,kaikki,verb,
train-efce0302c63c4d67-01,[ell] kontós [ell] kontós [ell] kontó [ell] kontós [ell] kontó,*k̑ent-,nan,5,1534.0,iecor,nan,
train-fa44af9953f6610f-01,[hye] մեռնել [san] ममार [lit] mãras [san] मार [grc] μορτός [san] मर्त [ave] 𐬨𐬀𐬭𐬆𐬙𐬀 [lat] morbus [sqi] mërshë [san] मृ,*mer-,"to die, to disappear",10,,kaikki,root,
train-9edbc9dfeb90c5fc-01,[lat] frendō,*gʷʰrendʰ-,"to crush, gnash",2,,kaikki,root,
train-9bc9d0d0e1c38916-01,[san] विनक्ति [hit] 𒄷𒌋𒉌𒅅𒍣 [san] विवेक्षि [lat] victima,*weyk-,"to sift, separate",4,,kaikki,root,
train-1a92315efdee49ed-01,[dan] bide [nld] bijten [eng] bite [far] bíta [fle] byten [fri] bite [deu] beißen [isl] bíta [nob] bite [swe] bita [lux] bäissen [elf] baita [old] bita [deu] bysse [goh] bīzan [old] bīta [mid] bîzen [ang] bītan [old] bîtan [mid] biten [old] bíta [got] beitan [nor] bite,*bʰei̯d-,nan,23,187.0,iecor,nan,
train-624c76645eac8123-01,[lit] stùmti,*?*stemH-,nan,1,8445.0,iecor,nan,
train-c9a0822df6bd1bd6-01,[xcl] սպրդեմ [san] स्पर्धते [hit] iš-par-zi-zi [san] अस्पृध्रन् [san] स्पृध् [ave] 𐬯𐬞𐬆𐬭𐬆𐬛𐬁,*sperdʰ-,"to compete, contest, struggle",6,,kaikki,root,
train-273c2d55fd5b276c-01,[xcl] բուռն [grc] φώρ [lat] fūr,*bʰṓr,thief,3,,kaikki,noun,
train-9b5fa931f47398ad-01,[hit] 𒊭𒉌 [hye] մի [hye] մը [sqi] një [grc] μία,*sḗm,one,5,,kaikki,num,
train-914e39c97f45f439-01,[san] मघ [ave] 𐬨𐬊𐬕𐬎 [old] 𐎶𐎦𐏁 [non] máttr [gle] smacht [gla] smachd,*megʰ-,to be able,6,,kaikki,root,
train-e0725bf49479dfa8-01,[lit] vyti [lav] vīt [san] व्ययति [lat] vieō [sga] ad·fen [sga] ar·fen [sga] for·fen [sga] im·fen [hin] बुनना [chu] вѣꙗ [bul] ве́йка [rus] ве́йка [san] वया [lav] vaîņuks [grc] ὑιήν [sga] fithe [prg] witwan [lat] vitus,*weh₁y-,"to twist, wind, weave, plait, to wrap, enclose, cover",33,,kaikki,root,
train-ee00c19e20b9bdf1-01,[grc] λύτο [lat] lūī [xto] lyu [txb] lyuwa [rus] лу́нуть [san] लुनोति [grc] λύω [lat] luō [san] लू॒न [hit] ^((GIŠ))lūēššar ~ lūēšn- [san] ल॒वित्र॑ [gle] loit [gla] lot [sga] lón [san] लू,*lewh₁-,"to cut off, release",15,,kaikki,root,
train-465845582b905292-01,[lat] sordidus,*su̯ord-o-,nan,1,4865.0,iecor,nan,
train-7d4b7f6b8238ca74-01,[sqi] ha [aln] hâ [sqi] ha,*h₂eu̯-,nan,3,7947.0,iecor,nan,
train-747628fc1812b132-01,[sga] at-baill,*gʷelh₁-,nan,1,5115.0,iecor,nan,
train-128af993bd777a9f-01,[xto] päśśäṃ [txb] päścane [pal] thana,*pstḗn,nan,3,2217.0,iecor,nan,
train-f0fed3cf2dc43c1e-01,[mai] bharal [mag] bharal [bho] bharal [kas] barith [mar] bharalelā [ben] bharti [ass] bhôrti [pun] bʰarpūr,*bʰer-,nan,8,7361.0,iecor,nan,
train-c5cf159f2fdb54e9-01,[san] श्रद्दधाति,*ḱréddʰh₁eti,"to believe, trust",1,,kaikki,verb,
train-ca80922470903c0d-01,[sqi] qeth [san] खिदति [cym] cwyddaw [bre] coezff [hye] խայթ [hye] խիթ [xcl] խեթ [xcl] խեթեմ [xcl] խէթ [xcl] խոթեմ [xcl] խութ [xcl] խօթ,*kh₂eyd-,"to cut, hew",12,,kaikki,root,
train-be999d15217aa9a3-01,[sqi] jetë [xcl] այո,*h₂óyu,"long time, lifetime",2,,kaikki,noun,
train-51a936c22fc38672-01,[gae] beir greim [gae] greim,*gʰrebh₂-,nan,2,4092.0,iecor,nan,
train-ea5b966ce89a0b2e-01,[sqi] me,*me,"in the middle of, near, by, around, with",1,,kaikki,adv,
train-30d02dce657c490d-01,[umb] hahtu [sga] gaibid [gae] gabh [gae] goaill [gae] tóg,*?*⁽g̑⁾ʰeHb-,nan,5,5345.0,iecor,nan,
train-0d4d8740938bdfc6-01,[lat] mox,*moḱs,"quickly, early",1,,kaikki,adv,
train-0ee96077a879728e-01,[grc] φόνος [san] घन,*gʷʰónos,"killing, slaughter",2,,kaikki,noun,
train-649d663eb24e693a-01,[oss] æfsnajun,*(s)neh₂-,nan,1,7179.0,iecor,nan,
train-92973b8a2198b0b1-01,[cat] menjar [fra] manger [ita] mangiare [lad] mangé [sar] mandicare [wal] magnî [fri] mangjâ [nea] magnà [old] mangier [ang] manger [ron] mânca [fra] mzhi [old] mangear [old] menjar [meg] măncári [mil] mangiàa,*?*meth₂-,nan,16,1261.0,iecor,nan,
train-5460880cd3f4c58d-01,[txb] *ārtk- [san] ऋध्नोति [san] ऋध्यति [lat] arbor [lat] arbōs [san] ऋद्धि [san] समृद्ध [gle] ard [gla] àrd [bre] arz [cym] ardd [grc] ὀρθός [gmy] 𐀃𐀵𐀺- [lat] arduus [grc] ὄρθρος [hit] harduppi [xto] orto,*h₃erdʰ-,"to increase, grow, upright, high",17,,kaikki,root,
train-46cb95920b246f76-01,[grc] φαῦω [grc] φάω [lat] faveō [grc] φᾰέθω [grc] πιφαύσκω [grc] φαῦος [grc] φάος [grc] φάεννος [grc] φαεινός [grc] φαείνω [grc] φαῦσις [grc] φάντα [sqi] bënj [sqi] bëj [sqi] bâj [xcl] բանամ [grc] φαίνω [grc] φάσις [grc] φάτις [lat] iubar [san] भान,*bʰeh₂-,"to shine, glow light, to appear, be visible",21,,kaikki,root,
train-98477d48e3ec9942-01,[kas] rath [pal] ráat [gaw] rat,*(s)re⁽g̑⁾-,nan,3,6611.0,iecor,nan,
train-7bf159e804267bed-01,[hit] zinniᶻⁱ [sga] tinaid [ang] þīnan [swe] tina,*tinéh₁ti,"to melt, to stop, finish",4,,kaikki,verb,
train-a3e7edc1d73b57ad-01,[grc] πέρθω [lav] bãrt [lit] bárti [sqi] bie [sqi] bjerr [sqi] djerr [sqi] dëbjerr [sqi] vdjerr [sqi] dzjerr [lat] feriō [lat] forō [hye] բերան [goh] bora [sga] barae [ang] bor [lit] bùrtis [lav] burts [lit] bùrtas [sqi] birë [sqi] brimë [hye] բիր [san] श्वभ्र,*bʰerH-,"to pierce, to strike",24,,kaikki,root,
train-c07eee5dedd39261-01,[kas] gɑtshon [vâs] paz-,*gʷem-,nan,2,6657.0,iecor,nan,
train-0963c13bb006310a-01,[grc] στίζω [san] तेजते [lat] (īn-)stīgō [san] तेजस् [san] तिक्त [san] तिग्म [ave] 𐬙𐬌𐬖𐬭𐬀 [old] 𐎫𐎡𐎥𐎼 [san] तेजीयस् [fas] تیز [san] तीक्ष्ण,*(s)teyg-,"to be sharp, to sting",11,,kaikki,root,
train-06212aee31908027-01,[prg] assanis [lat] annōna [xcl] ար-ա-ց [grc] ὀπώρα [grc] ὀπώρη [grc] ὀπάρα [grc] ὁπώρα [hit] 𒊺𒂊𒊭𒀭𒈾𒀸 [hit] 𒊺𒂊𒊭𒈾𒀸 [xcl] աշուն [san] सस्य,*(s)h₁es-,"harvest, crop, fruit",12,,kaikki,root,
train-b5997c6f0ccc6185-01,[gae] tuit [gae] tuit [sga] do·tuit [gae] tuittym,*(s)teu̯d-,nan,4,1701.0,iecor,nan,
train-cd969fffef850f02-01,"[bul] gorâ [hbs] gorjeti [slk] goreti [mkd] gori [chu] gorěti [rus] goret' [bel] garec′ [ukr] gorìti [slk] horieť [ces] hořet [pol] ďöri-să [old] gorzeć, goreć [old] hořěti [old] gorěti [rus] ɣọr′ítɪ [mkd] gurì [mkd] gurì [slk] goreti [slk] goreti",*gʷʰer-,nan,19,2243.0,iecor,nan,
train-654cbb537e401ee0-01,[sqi] vdes [xcl] դի [sga] díth [lat] fūnus [sga] doíni,*dʰew-,"to die, pass away",5,,kaikki,root,
train-bedfe48b031bd4cf-01,[grc] πλῆτο [grc] πλῆντο [sqi] pjell [grc] πιλνάω [grc] πίλνᾰμαι [lat] appellō [lat] compellō [lat] interpellō [grc] πεπλημένος [lat] pepulī [grc] πέλᾰς [grc] πελάτης [grc] πελάτις [grc] πλᾶτις [grc] πλησίος [grc] πλήτης,*pelh₂-,to approach,18,,kaikki,root,
train-5a5a25c0409169ea-01,[lat] lēuis [grc] leĩos [ell] leĩos [ell] leíos [old] limn [cym] llyfn [gae] shliawin [bre] luffr [mid] llyfyn [lat] leven,*(s)lei̯-,nan,10,8405.0,iecor,nan,
train-775480f0513efd58-01,[grc] τρίτος [lav] trešais [lit] trẽčias [san] तृतीय [lat] tertius,*tritós,third,7,,kaikki,det,
train-d70bb1ae2f2d912b-01,[lit] kai̇̃sti [lit] kai̇̃sta [lit] kai̇̃to [lav] kàist [lav] kàistu [lav] kàitu [lit] kaitrà [lit] kaitrùs,*keHy-,"to heat, to become hot",8,,kaikki,root,
train-20e9961592aeb2e8-01,[txb] käryā- [grc] ἐπριάμην [san] क्रीत [txb] käry- [san] क्री,*kʷreyh₂-,to buy,5,,kaikki,root,
train-1a52031800f86239-01,[sga] ruidid [lat] rubeō,*h₁rudʰéh₁ti,to be red,2,,kaikki,verb,
train-33bc4feaf047b640-01,[bul] plodove,*pleh₁-,nan,1,2655.0,iecor,nan,
train-1932ac91d30c6d37-01,[wak] sprəɣ̌ [mid] isprahm(ag) [par] isprahmag [bac] ʿsprγmyyg [sog] spraγmi,*sp⁽ʰ⁾erh₂g-,nan,5,3396.0,iecor,nan,
train-31b0ab249a380670-01,[lat] paucus [lat] pūpa [lat] pūpus [lat] putus [lat] pūsus [lat] pusillus [lat] pauxillus [lat] pullus [ell] φαύλος [lat] parvus [lat] paullus [lat] paulus [ell] παιδί [ell] -παις [lat] pauper [cym] ŵyr [lat] puer [sqi] palo- [hye] փոքր [lav] putns [lit] putýtis [san] पोत,*peh₂w-,"few, little, smallness",30,,kaikki,root,
train-fdbded6eaec872ef-01,[hye] դուրգ [sga] droch [grc] τροχός [lit] padróžti [lav] drāžu [hye] դարձ,*dʰregʰ-,"to run, to drag, to pull",9,,kaikki,root,
train-6a802d15a3f5e362-01,[ell] kamoulía,*k̑eh₂u̯-,nan,1,6235.0,iecor,nan,
train-5888262089d433ce-01,[kas] proon [nep] purāno [hin] purānā [mai] purān [ben] purono [urd] purānā [bho] purān [pal] puróoṇu [pun] purāṇā [kho] paraanu [ass] prôuṛhô,*perh₂-,nan,11,2826.0,iecor,nan,
train-73439fb92b6b0dcb-01,"[mid] guelchiff, guelhy, guelchy, goalchi [bre] gwelc'hĩ, gwelc'h- [bre] goc'hlein, goc'hl- [cym] golchi [mid] golchi [mid] golhy [lat] golhya",*u̯elg-,nan,7,1078.0,iecor,nan,
train-4800fea9101f03cf-01,[ell] kánō [ell] kámnō [ell] kánnō,*k̑emh₂-,nan,3,5312.0,iecor,nan,
train-89a93e680d89aa57-01,[ave] -𐬯𐬙𐬁𐬌𐬌𐬁 [old] 𐎠𐎿𐎫𐎹𐎶,*stoh₂éyeti,to cause to stand,2,,kaikki,verb,
train-29b0a6765b47f21a-01,[kur] xuɫ,*su̯er-,nan,1,8145.0,iecor,nan,
train-26f69471b7040a0e-01,[lat] pullus [san] पलित [sqi] plak [lav] pęlni [lit] pelenai̇̃ [xcl] ալի [lav] pelēks [lit] pelekas [lit] pi̇̀lkas [prg] pelē [rus] пелёсый [lat] palleō [lat] pallidus,*pelH-,"pale, gray",13,,kaikki,root,
train-2d9c43125db2febb-01,"[grc] mỹa [ell] mýga [pol] mauxo, maixo [lat] musca [kas] mùcha [chu] muxa [pol] mucha [sor] mucha [sor] mucha [slk] muha [ces] moucha [ukr] muha [slk] mucha [bel] muha [rus] muha [mkd] muva [bul] muha [hbs] muha [ell] moýgia [ell] mýga [ell] myía [ell] moúgia [lav] muša [lit] mùsė [prg] muso [ron] muscă [nea] mosca [ita] mosca [fri] moscje [lad] moscia [sar] musca [old] mosche [ang] musche [fra] mouche [wal] mohe [fra] mushe [cat] mosca [old] mosca [spa] mosca [por] mosca [sqi] mizë [lat] myusa [sar] musca [old] mucha [old] múcha [rus] múxa [mkd] mùxa [mkd] mùxa [slk] muha [slk] muha [aln] mizë [old] mousca [meg] múscă [sqi] mizë [old] mosca [por] mosca [mil] mùsca",*mus-,nan,57,5031.0,iecor,nan,
train-0e8bbf38ddee3897-01,[cat] aigua [fra] eau [ita] acqua [lad] ega [por] água [sar] abba [sar] abba [spa] agua [wal] êwe [lat] aqua [fri] aghe [ron] apă [nea] acqua [old] aigue [ang] ewe [old] agua [fra] édÿe [old] aigua [meg] apă [old] aigua [osc] aapam [por] água [mil] acua,*h₂ekʷ-,nan,23,953.0,iecor,nan,
train-295f7667a91d2213-01,[sar] varm,*dʰu̯eh₂-,nan,1,9358.0,iecor,nan,
train-a94b79e5da830e78-01,[grc] -έω [lat] -eō [lat] -ō [san] -आयति,*-éh₁yeti,Thematicization of the athematic stative verbal suffix; see *-yeti.,4,,kaikki,suffix,
train-82824fa8b3c414e9-01,[san] मार्ष्टि [san] मृजन्ति [ave] 𐬨𐬀𐬭𐬆𐬰𐬀𐬌𐬙𐬌 [grc] ὀμόργνῡμῐ [grc] ὀμόρξαι [san] अमार्क्षीत् [san] मर्जयति [san] मृक्षति [san] मृष्ट [lit] márška [lat] mergae [san] मृश् [san] मृज्,*h₃merǵ-,"to wipe off, wipe clean",16,,kaikki,root,
train-accba7a5a6fd9a07-01,[hyw] ōj [hye] ōj [ell] fídi [pol] wąż [grc] óphis [san] áhiḥ [lat] anguis [prg] angis [xcl] awj [ave] aži [sor] wuž [ell] óphis [ell] fith [ell] ofídi(n) [ell] fídi [old] wąż [khw] yez [kho] ayi,*He(n)gʷʰi-,nan,18,648.0,iecor,nan,
train-99a26c8dbc3024d6-01,[kam] gâǰ′âr [kât] gaǰǰ′or [kât] garǰ′or [san] garas′âːr,*gʷʰer-,nan,4,3850.0,iecor,nan,
train-3b6013d681b58391-01,[khw] yiwārica,*u̯elh₁-,nan,1,9279.0,iecor,nan,
train-53eb3acc9a59d52d-01,[lit] gliejù [lit] gliẽti [grc] γλῑ́νη [lav] glīve [lit] gleīvės [deu] Kleie [grc] γλία [lat] glittus [lav] glits [lav] glîts [lit] glitùs [lit] glytùs [lat] glūten [grc] γλοιός [sqi] ngjis [sqi] ngjit,*gleyH-,"to smear, putty, to stick, glue",21,,kaikki,root,
train-aecdf3be11d63d78-01,[xcl] երևիմ [grc] πρέπω [grc] θεο-πρόπος [xcl] երեսք,*prep-,"to appear, to be visible",4,,kaikki,root,
train-97b6fd7682b07f43-01,[lav] valgs [sqi] lëng [sqi] ulmej [lit] vi̇̀lgti [lit] vi̇̀lgyti [lav] vil̂gt [lav] velgme [lav] velgans [prg] welgen,*welg-,"wet, damp",9,,kaikki,root,
train-32d8b8c99b574e60-01,[ell] léō [grc] légō [ell] légō [ell] lé(g)o [ell] lé(g)o [ell] légō,*leg̑-,nan,6,1529.0,iecor,nan,
train-d62b8494303551b8-01,[eng] heavy [ang] hefiġ,*keh₂p-,nan,2,1348.0,iecor,nan,
train-9688bfa436e939ba-01,[fra] ventre [lad] venter [sar] matta [sar] bentre [wal] vinte [san] udáram [prg] weders [lat] uenter [lav] vēders [ave] udara- [wak] dur [pal] udaro [kho] ūri [yag] dára [lat] vādars [old] ventre [ang] ventre [fra] vëtro [old] vientre [dal] vi̯antro [old] ventre [gaw] war [khw] uδira [sar] dewr [vâs] ′ül,*?*(H)u̯ed-,nan,25,854.0,iecor,nan,
train-0b0f32aebfaef7e2-01,[pol] rzucić [old] rzucić,*reu̯H-,nan,2,4819.0,iecor,nan,
train-7d135e60f1beb02e-01,[bul] zelen [bel] zâlëny [ces] zelený [hin] harā [gae] glas [lit] žãlias [sor] zeleny [sor] zeleny [mkd] zelen [mar] hiravaṁ [nep] hariyo [pol] zielony [rus] zelënyj [hbs] zelen [slk] zelen [ukr] zelenij [lav] zaļš [chu] zelenŭ [prg] saligan [san] hári- [mai] hariar [urd] harā [grc] chlōrós [sga] glas [gau] glastum [gae] glass [mag] hariar [slk] zelený [mid] glas [ell] chlōrós [kas] zelony [par] zarγōnag [ell] chlōró [lat] zaļš [bho] harihar [bre] glas [bre] glas [old] zielony [old] zelený [old] zelenyi [rus] zelénωj [mkd] zil′èn [mkd] zil′èn [pal] harita [slk] zelen [slk] ṡelen [sog] zarγōnē [ave] zairi.gaona [kho] gvāysirūna [pun] harā [mid] glas,*g̑ʰelh₃-,nan,51,6332.0,iecor,nan,
train-d30c8df579c451fc-01,[lav] jûgt [lit] jùngti,*yunégti,to be joining,2,,kaikki,verb,
train-899484831f659d90-01,[oss] lasyn [oss] lasun,*h₂nek̑-,nan,2,3260.0,iecor,nan,
train-82beee7480a7e389-01,[hit] ḫuu̯arn- / ḫurn-,*?*h₂u̯erH-,nan,1,5397.0,iecor,nan,
train-36fcf0022b0755c5-01,[xcl] ջեռնում [xcl] ջեռանիմ [xcl] ջեռիմ [san] घृणोति,*gʷʰr̥néwti,to be heating,4,,kaikki,verb,
train-0bdb4e5fbb130687-01,[aln] zjarr [sqi] zjarr [sqi] zjarr,*gʷʰer-,nan,3,396.0,iecor,nan,
train-9e73ba56e45e92cc-01,[hit] ištāman- / ištāmin- [xlu] tummān(t)-,*steh₃-,nan,2,3304.0,iecor,nan,
train-660832e61b086dac-01,[lav] dunēt [san] ध्वनति [san] धुनि [san] ध्वनि [san] ध्वन्,*dʰwen-,to make a noise,5,,kaikki,root,
train-123ed5a997902285-01,[san] yudh- [pal] yodheti [kho] juv [bac] iōlado [kal] iüd,*Hi̯eu̯dʰ-,nan,5,2632.0,iecor,nan,
train-eae5f22fe10dc2f3-01,[xcl] մեղկ [grc] βλαδύς [grc] ἀμαλδύνω [lat] mollis,*ml̥dús,"soft, weak",4,,kaikki,adj,
train-33d14de82a3c5439-01,[gae] rach,*h₁erg̑ʰ-,nan,1,8676.0,iecor,nan,
train-dd5d8db3e4909b4d-01,[san] अप् [gmy] 𐀃𐀞 [gmy] *h₃erbʰ- [lat] ops [lat] cōpia [hit] 𒄩𒀊𒁉𒈾𒀭𒍝 [lat] opulentus [lat] omnis [san] अप्नस् [hit] 𒄩𒀀𒀊𒈦 [lit] apstus [sqi] punë [xcl] *աւն [grc] ὄμπνη,*h₃ep-,"to work, toil, make, ability, force",16,,kaikki,root,
train-a59bcdf4fdd71407-01,[sqi] mjez [hye] մեջ [lit] mẽdis [lav] mežs [prg] median,*médʰyos,middle,6,,kaikki,adj,
train-c50caa8b90b56a27-01,[ell] hairéō [grc] hairéō,*ser-,nan,2,5076.0,iecor,nan,
train-13b50a8166cbf0ad-01,[aln] di [sqi] di [sqi] di,*dʰei̯H-,nan,3,426.0,iecor,nan,
train-7758bfd4d1b9ecd1-01,[san] रजस्यति,*h₁regʷesyéti,to be getting dark,1,,kaikki,verb,
train-a1db3c2e7ca6b8b5-01,[ita] affilato [fra] aflâ [cat] afilat [spa] afilado [por] afiado [sar] affiladu [old] afilat [por] afiado [mil] afilà,*gʷʰei̯H-,nan,9,6495.0,iecor,nan,
train-6e9e813a078b6c3e-01,[san] तानयति,*tonéyeti,to extend,1,,kaikki,verb,
train-801842b69d0db6cd-01,[ben] gāoẏā [hin] gānā [kas] gewon [mar] gāṇe [nep] gāunu [mai] gānā [urd] gānā [san] gā- [bho] gānā [pal] gāyati [lav] dziedāt [mag] gānā [lat] dzīduot [pun] gāuṇā [ass] gān gûwā [pas] ge matu [sin] gayanavā,*g⁽ʷ⁾eH(i̯)-,nan,17,818.0,iecor,nan,
train-b1421cdeebcba86a-01,"[cat] flor [dan] blomst [nld] bloem [far] blóma [fle] bloem [fra] fleur [fri] blom [deu] Blume [isl] blóm [gae] bláth [ita] fiore [por] flor [nob] blomst [sar] flóre [sar] frore [spa] flor [wal] fleûr [lat] flōs [lux] Blumm [fri] flôr [sga] bláth [osc] fluus-* [gau] blato- [elf] bljåmme [swe] blomma [old] blomster [mid] bleuzuenn [ron] floare [old] flor [ang] flur [fra] flôh [old] flor [nea] sciore [bre] blëw, blëwenn [bre] bleuñv [cym] blodyn [gae] blaa [mid] blodeuyn [deu] Blueme [old] flor [meg] flo̯ári [old] flor [goh] bluoma [mid] bluome [ang] blōstma [old] blômo [mid] bloeme [old] blóm [got] bloma [lat] bledzhan [nor] blome [por] flor [mil] fiũ",*bʰleh₃-,nan,53,223.0,iecor,nan,
train-ea13d648cf4a496f-01,[lav] bļaût [lit] bliáuti [grc] φλύος [grc] έφλευσε [lat] fluō,*bʰlewH-,to overflow,5,,kaikki,root,
train-1d4a193b0f68f6bb-01,[sqi] lag [grc] λόχος [xto] lak [txb] leke [xto] lake [txb] leki,*lógʰos,something that lies around,6,,kaikki,noun,
train-5aed62d4dd7171ab-01,[sqi] duo [sqi] dua [sqi] dúaj [grc] ῠ̓πόδημᾰ [san] दामन् [fas] دام [sqi] dell [grc] δετός [san] दित,*deh₁-,to bind,9,,kaikki,root,
train-98dc8f060ac65dd3-01,[xto] oṅk [txb] eṅkwe,*nek̑-,nan,2,2327.0,iecor,nan,
train-98e75dda6cc68636-01,"[ell] oyrá [gae] eireaball [gae] earball [grc] ourá [gae] (f)arbyl [sga] erball [ell] ourá [ell] noýros [ell] tourádi, trátsa [ell] ourádi(n)",*h₁ers-,nan,10,1551.0,iecor,nan,
train-1cef22a3c8f5bac0-01,[kho] bīḍä [grc] phérō [ell] phérō [lat] ferre [mid] barēd [par] barēd [osc] -fret [umb] fertu [ell] féro [ell] férrō [xcl] berem [ell] feríškō [san] bhr̥- [sqi] bart [isl] bera [far] bera [nob] bære [elf] bjärå [old] bära [dan] bære [sga] beirid [gae] ymmyrkey [gae] beir [swe] bära [ave] baraiti [yag] var- [txb] paräṃ [xto] pärtär [pal] bharati [bak] bordak [aln] bart [bac] barado [sog] βarti [fas] bordan [khw] βareda [tat] mebare [maz] varne [del] mivo [lar] abe [kum] tēbura [bal] bārt [kur] awāt [kur] waē [haw] mawaroš [raj] ạʋare [old] barati [pas] wrral [ang] beran [old] bera [got] bairan [nor] bere [goh] beran [kur] a-w(a)-ā,*bʰer-,nan,53,5036.0,iecor,nan,
train-4d6aa8ff2cba6f9b-01,[oss] qʷydy kænyn [oss] ǧudi kænun,*gʰeh₂u̯-,nan,2,3248.0,iecor,nan,
train-874ba2cebc900b52-01,[lav] vārds [lit] var̃das [prg] wirds,*werdʰh₁om,word,3,,kaikki,noun,
train-a4663e6259be325c-01,"[pol] ait [kas] jic [chu] iti [pol] iść [sor] hyś [sor] hić [slk] iti [ces] jít [slk] ísť [ukr] ìti, jti [bel] ìscì [rus] idti [bul] otivam [hbs] ići [lat] īre [osc] eite [umb] etu [san] i- [lav] iet [lat] īt [lit] eĩti [ave] aēiti [hit] pai- / pa- [xlu] pa- [txb] yaṃ [xto] yäṣ [old] ić [old] jíti [old] iti [rus] ɪ̯tɪ́ [mkd] ìdam [mkd] ìdam [slk] pejti [slk] iti [aln] vete [sqi] vete [kho] bik [old] aiti [gaw] dik [kam] i′e- [kât] ′e- [kât] ′e- [kal] di- [san] d′i-",*h₁ei̯-,nan,44,7567.0,iecor,nan,
train-56317bf302a6bff8-01,[xcl] աճեմ [lav] augt [lit] áugti [grc] αὐξάνω [san] उक्षति [lat] augur [lat] augustus [sqi] ag [ave] 𐬎𐬑𐬱𐬌𐬌𐬈𐬌𐬙𐬍 [ave] 𐬬𐬀𐬑𐬱𐬙 [fas] وخشیدن [lat] auxilium [lav] augsts [lit] aũkštas [lit] augestis,*h₂ewg-,"to increase, to enlarge, to become strong",15,,kaikki,root,
train-d2fa2c962f15f01a-01,[hye] ներ [grc] ἐνάτηρ [lat] iā̆nitrīx [san] यातृ [fas] جاری [san] यन्त्रिणी [san] यन्त्रणी,*h₁yénh₂tēr,co-sister-in-law (wife of the husband's brother),9,,kaikki,noun,
train-e08622f2c33ddc77-01,[xcl] ասր [xcl] ասու,*péḱu,livestock,2,,kaikki,noun,
train-269487b2487f7ecc-01,[sar] bleyd,*sei̯kʷ-,nan,1,9400.0,iecor,nan,
train-6f52da13d67cbcf5-01,[lit] dangùs [prg] dangon,*dʰengʰ-,nan,2,1917.0,iecor,nan,
train-d098be500b0f0900-01,[lit] šáltas [fas] sard [wak] sʉr [prg] salta [kur] sar [kho] sāḍa- [par] sard [lat] solts [kum] sard [yag] sōrt [bak] sard [sog] sart [maz] sard [del] særd [lar] sard [bal] sard [kur] sard [haw] sard [kur] sard [khw] sard [mid] sard [kur] sārd,*k̑elH-,nan,22,14.0,iecor,nan,
train-c09c61d6d553d5a3-01,[lit] ver̃zti [lav] vêrzt [lat] urgeō [ukr] вере́сло [ces] povříslo [lit] várža [lav] var̂za,*werǵʰ-,"to bind, tie up, to press",7,,kaikki,root,
train-6f099fa86f488fb7-01,[ell] κρέας [san] क्रविस् [lat] cruor,*kréwh₂s,blood,3,,kaikki,noun,
train-a51293f755ddce3f-01,[far] húð [isl] húð [nob] hud [dan] hud [swe] hud [fle] huid [nld] huid [lux] Haut [lat] cutis [ave] suri [old] hudh [prg] keuto [deu] Haut [deu] Hut [goh] hūt [old] hēd [mid] hût [ang] hȳd [mid] huut [old] hûd [fri] hûd [nor] hud,*(s)keu̯H-,nan,22,820.0,iecor,nan,
train-48fc654848c68522-01,[oss] zdaxyn [oss] æzdæxun,*tek-,nan,2,3243.0,iecor,nan,
train-e6c06999e3be1878-01,"[mid] brein, breyn [bre] brein [bre] brein [mid] braen",*bʰreHg-,nan,4,1048.0,iecor,nan,
train-aa1fb09158dd2cac-01,[ang] mealt [mid] malz [isl] maltur,*(s)meld-,"to soften, melt",3,,kaikki,root,
train-dd5dc5aff6f1db10-01,[gae] bàsaich [gae] geddyn baase [gae] faigh bás,*gʷeh₂-,nan,3,3158.0,iecor,nan,
train-e174f1f94278f731-01,[gae] fuil [gae] fuil [sga] fuil [gae] fuill,*u̯elh₂-,nan,4,1687.0,iecor,nan,
train-3925943e6d18f28a-01,[lat] lūridus [lat] lūror [lat] līveō [lat] līvidus,*(s)leh₃y-,blueish,4,,kaikki,root,
train-5417bb54c06c3a55-01,[ell] syllogískomai,*leg̑-,nan,1,6258.0,iecor,nan,
train-53248b2c7badd235-01,[xcl] հողմ [lat] anima,*h₂enh₁mos,breath,3,,kaikki,noun,
train-0a5edeb3a1abbe08-01,[san] बंहते [ave] 𐬠𐬄𐬰𐬀𐬌𐬙𐬌 [grc] πάσσων [san] बंहीयस् [grc] πάχιστος [san] बंहिष्ठ [deu] Bunge [fra] bugne [grc] πάχος [ave] 𐬠𐬄𐬰𐬀𐬵,*bʰenǵʰ-,"thick, to swell, grow",20,,kaikki,root,
train-2d6d37c97cc24c09-01,[sga] tías [san] स्तिघ्नोति [sga] téit [nld] sticht [nor] stætt [non] stéttr,*steygʰ-,"to go, to climb",6,,kaikki,root,
train-7f95a2e730946c26-01,[ita] vicino [nea] vicino [sar] vizínu [mil] vesìn,*u̯ei̯k̑-,nan,4,2822.0,iecor,nan,
train-75b6d53a51db2f9c-01,[mkd] gleda,*gʰlend⁽ʰ⁾-,nan,1,4963.0,iecor,nan,
train-37f2a14546db64dd-01,[hye] մարդ [grc] βροτός,*mr̥tós,"dead, mortal",2,,kaikki,adj,
train-191033bad27c61b0-01,[hit] 𒉿𒀸𒊺𒄑𒍣 [xcl] զգենում [xcl] զգեցաւ [grc] ἕσσα [xto] wässāte [txb] wsānt [grc] ἑᾰνός [grc] εἱᾰνός [grc] ἑᾱνός [gmy] 𐀸𐁀𐀜𐀂 [san] वसन [san] वस्मन् [mid] wester [xcl] զգեստ [xcl] առա-գաստ [xcl] *wés-t-eh₂- [grc] ἐσθής [txb] wastsi [hit] waš- [san] वस् [xto] wäs- [txb] wäs-,*wes-,"to dress, clothe",27,,kaikki,root,
train-ea0505d62e738fb3-01,[rus] skazat' [bel] skazac′ [ukr] skazati [bul] kazvam [mkd] kaže [hbs] kazati [mkd] kàža(m) [mkd] kàža(m) [pun] ākʰṇā,*kʷek̑-,nan,9,9653.0,iecor,nan,
train-a611f8abec91ac53-01,[grc] ἄχνυμαι [got] *𐌰𐌲𐌾𐌰𐌽 [got] 𐌰𐌲𐌻𐍉 [gle] áladh [cym] aeled [cym] aelawd [got] 𐌰𐌲𐌻𐍃 [grc] ὀχλέω [sga] áil,*h₂egʰ-,"to be upset, afraid",9,,kaikki,root,
train-8498256849ee72fe-01,[lat] fēmur,*dʰen-,nan,1,5108.0,iecor,nan,
train-2a89153e7629850d-01,[lit] regztis [lat] restis,*(H)résgtis,something woven together,2,,kaikki,noun,
train-98a7861cc2b10a94-01,[pal] sara [kas] sar [san] sáraḥ [pal] sáar [vâs] s′ur [kam] s′ur [kât] s′ur [kât] s′ur [kal] sor [ass] xôrûbôr,*sel-,nan,10,7382.0,iecor,nan,
train-fba3dfb0559c309c-01,[lux] geheien,*keh₂u̯-,nan,1,7205.0,iecor,nan,
train-68a9e7ee0e50e973-01,[pol] gruby [slk] hrubý [kas] grëbi [old] gruby [rus] ɣrúbωj,*gʰreu̯(m)bʰ-,nan,5,2998.0,iecor,nan,
train-0a4858d016c903aa-01,[grc] mērós [ell] mērós [ell] mīrós [ell] merí(n),*mē(m)s-,nan,4,5107.0,iecor,nan,
train-919578ed15f3a6c6-01,[hit] 𒇻𒊌𒅗𒊑 [san] रुचान [san] रोचते [ave] 𐬭𐬀𐬊𐬗𐬀𐬥𐬙- [grc] λεύσσω [hit] 𒇻𒊌𒆠𒄑𒍣 [hye] լուցել [san] रुरोच [grc] (ἀμφι)λύκη [grc] λυκά(βας) [grc] λυκό(φως) [grc] Λυκαῖος [grc] λύκειος [prg] luckis [san] रुक्म [lat] lūcubrō [fas] لوخن [lat] luscus [lat] lūmen [grc] λύχνος [lat] lūstrum [lat] lūstrō [sqi] lekë [sqi] lakur [sqi] loqe [sqi] gloq [xcl] լուսանունք [xcl] լուսն [sga] luchair [cym] llug [bre] luc'hed [cym] lluched [sga] lóchet [bre] lagad [cym] llygad [grc] λύγξ [lat] lucerna [san] रुच् [xto] luk- [txb] luk-,*lewk-,"bright, to shine, to see",44,,kaikki,root,
train-e427418d23f1add0-01,[cym] budur [mid] budyr,*gʷeu̯-dʰ-,nan,2,6437.0,iecor,nan,
train-2f32d649ad0327d1-01,[hit] 𒄩𒀭𒍝 [grc] ἄντα [grc] ἄντην,*h₂énts,"forehead, front",3,,kaikki,noun,
train-5718fb83f517e16a-01,[aln] dhâmb [bul] z″b [bel] zub [ces] zub [sor] zub [sor] zub [mkd] zab [pol] ząb [rus] zub [hbs] zub [slk] zub [slk] zob [ukr] zub [chu] zǫbŭ [lav] zobs [xto] kam [txb] keme [sqi] dhëmb [pol] zǫb [kas] ząb [lat] zūbs [old] ząb [old] zub [old] zubŭ [mkd] zъ̀mp [mkd] zъ̀mp [slk] zob [slk] ẛob [sqi] dhamb,*g̑ombʰ-o-,nan,29,502.0,iecor,nan,
train-c06025339c8812ad-01,[bre] keuz [cym] cawdd [ave] 𐬯𐬁𐬛𐬭𐬀,*ḱeh₂d-,"hatred, angriness",4,,kaikki,root,
train-7be7e89bd762b5ca-01,[lat] tumēre,*tu̯em-,nan,1,939.0,iecor,nan,
train-869806077f7507c0-01,[sqi] dysh [mid] zwis [grc] δίς [san] द्विस् [lat] bis,*dwís,"twice, doubly, in two",5,,kaikki,adv,
train-64b7640e8cf662fc-01,"[xlu] k(u)u̯ali-, ku(u̯a)lai-",*kʷelh₁-,nan,1,5879.0,iecor,nan,
train-5a779fcbaedaff3d-01,[pol] czuć [bel] čuc′ [ukr] čuti [rus] čuvstvovat' [sor] čuć [sor] cuś [mkd] čuvstvuva [kas] czëc [old] czuć [old] čúti [rus] čútɪ,*(s)keu̯h₁-,nan,11,2916.0,iecor,nan,
train-fb86e507b4c2956b-01,[hit] 𒉺𒄴𒊭𒊑,*péh₂sti,"to guard, to protect, to shepherd",1,,kaikki,verb,
train-94389e1509d5f1c3-01,[hye] տասը,*déḱm̥,ten,1,,kaikki,num,
train-211c32b36183d5c8-01,[hit] nai- / ne- / nei̯a-,*nei̯H-,nan,1,5409.0,iecor,nan,
train-fccd6f078f813ddd-01,[san] आनट् [san] आष्ट [sga] ·icc [san] अश्नोति [ave] 𐬀𐬱𐬥𐬀𐬊𐬌𐬙𐬌 [san] इनक्षति [old] ašnaiy [gle] éigean [gle] éigin [gla] èiginn [bre] anken [cym] angen [sga] ·uic [grc] ἀνάγκη [xto] eṃts- [txb] eṅk-,*h₂neḱ-,"to reach, to attain",19,,kaikki,root,
train-2326596749820524-01,[grc] πειθός [lat] fīdus,*bʰeydʰós,"faithful, trustworthy",2,,kaikki,adj,
train-760b3d70b7aed718-01,[san] वशा [lat] vacca,*woḱéh₂,cow,2,,kaikki,noun,
train-47cfd01a0958d83c-01,[xcl] լու [grc] κλυτός [san] श्रुत [lat] inclutus [lat] inclitus,*ḱlutós,"heard, listened, known, famous",5,,kaikki,adj,
train-46b1804777c3fb0c-01,[lit] judėti [lit] judinti [lit] jundù [san] योधयति,*Hyowdʰéyeti,"to cause to move, become agitated",4,,kaikki,verb,
train-1273a614c7c67a44-01,[sqi] as,*h₂óyu kʷíd,"ever, (not) on your life",1,,kaikki,prep_phrase,
train-5c3e5bf533f615fc-01,[hit] 𒄩𒀭𒍝 [xcl] ընդ [grc] ἀντί [lat] ante,*h₂énti,"opposite, near, in front, before",4,,kaikki,adv,
train-03405da0c6a51b4e-01,[kur] teng [par] tang [mid] tang,*temk-,nan,3,83.0,iecor,nan,
train-f1389d8535938422-01,[nld] overgeven [lux] sech iwwerginn [deu] sich übergeben,*gʰebʰ-,nan,3,7227.0,iecor,nan,
train-cf38b8199dddfd09-01,[gae] tabhair ≠ tug-,*h₂neḱ-,nan,1,9979.0,iecor,nan,
train-90ed5b2e9438311f-01,[grc] διαττάω [hit] ki-na-iz-zi [grc] σήθω,*kyeh₂-,to sieve,3,,kaikki,root,
train-96fb6cb39e826851-01,[san] तातृपुर्,*tetórpe,to be satisfied,1,,kaikki,verb,
train-345972b1521069be-01,[far] dust [eng] dust [old] dust [ang] dūst [old] dust,*dʰu̯ens-,nan,5,2464.0,iecor,nan,
train-f5a535b8608232f5-01,[lav] kamene [lav] kamine [lit] kamãnė [lit] kamana [lit] kami̇̀nė [prg] camus [lit] kimùs [lit] ki̇̀mti [grc] κηφήν,*kemH-,to hum,9,,kaikki,root,
train-b08f6a4f5459be6d-01,"[bul] stoâ [bel] staâc′ [ces] stát [dan] stå [nld] staan [eng] stand [far] standa [fle] staen [fri] stean [deu] stehen [ell] stékomai [isl] standa [gae] bí ina sheasamh [lit] stovė́ti [sor] stojaś [sor] stać [mkd] stoi [fas] īstādan [pol] stać [nob] stå [rus] stoât' [sar] istare [hbs] stajati [slk] stáť [slk] stati [swe] stå [ukr] stoâti [lat] stāre [lux] stoen [lav] stāvēt [prg] stānintei [grc] hístēmi [gae] seasamh [chu] stojati [san] sthā- [ave] hištaiti [xlu] tā(i)- [sga] do·airissedar [old] hišta [umb] stahu [kur] rawestiya ye [gae] shassoo [old] sab / to [old] cf. sebedlauc [elf] standa [old] standa [mai] ṭhāṛ rahanā [mid] bezaff / lesell / seuell en e sav [ell] hístēmi [kho] ṣṭäte [pol] stot [kas] stac [mid] īstēd [par] īštēd [osc] staít [ell] stékō [ell] sték(n)ō [ell] stékō [ell] stékō [lat] stuovēt [old] ester [ang] ester [pal] uthí hóonsa [bre] sevel, sav- (stand up), beżã en e sav (be standing) [bre] sewel, saw-, boud ba i saw [cym] sefyll [old] stać [mid] sefyll [old] státi [old] stojati [rus] stojátɪ [pal] tiṭṭhati [slk] stati [slk] ſtati [deu] stah [gaw] wuṭ bik [maz] herestāe [bak] vāstādak [raj] ʋeštạdạ [bal] oštata [tat] baštā [kur] awasıt [sog] ōštit [del] vejsejen [lar] avayse [kur] wısāga [meg] stári [goh] stān [old] stān [mid] stân [ang] standan [old] standan [mid] staen [old] standa [got] standan [ass] thiẏ hûwā [mid] sevel [lat] seval, saval [nor] stå [kur] a-ws-ē",*steh₂-,nan,100,309.0,iecor,nan,
train-bbeacc458f6c93eb-01,[hit] 𒆪𒉿𒀸 [hit] 𒆪𒉿𒈾𒀭 [xlu] 𔑬𔗵𔗬 [hye] շուն [xcl] սկունդ [ell] κύων [lat] canēs [lat] canis,*ḱwṓ,dog,8,,kaikki,noun,
train-2a181e1119c55003-01,[grc] τελαμών [grc] τλήμων [grc] τέλος [grc] τόλμα [san] तुलयति [san] तोलयति [fas] ترازو [grc] τάλαντον [lav] til̃ts [lit] ti̇̀ltas [san] तीर्थ [cym] tlawd [gle] tláith [gla] tlàth [grc] ταλαίπωρος [grc] ταλασίφρων [grc] Ἄτλας [lat] opitulor,*telh₂-,"to bear, to undergo, to endure",18,,kaikki,root,
train-55004c545ae7161e-01,[old] farra,*per-,nan,1,9431.0,iecor,nan,
train-e153ae991437f6fb-01,[hyw] get [hye] get [xcl] get [slk] voda,*u̯ed-,nan,4,631.0,iecor,nan,
train-90c8a83b42250bcc-01,[hye] արոր [lat] arātrum,*h₂érh₃trom,"plough, ard",3,,kaikki,noun,
train-e8cd46022e5bbce1-01,[sar] guastu [sar] guastu,*h₁u̯eh₂-,nan,2,8054.0,iecor,nan,
train-349f833bd9944d2b-01,[sga] orcaid [gau] orge,*h₃erg-,nan,2,3503.0,iecor,nan,
train-dc9f7ad397de8da1-01,[ell] dínō [gaw] ɬik,*deh₃-,nan,2,6060.0,iecor,nan,
train-363d3976516ace8d-01,"[ell] pīgaínō [ell] paaínnō [ell] paínō [ell] pá(g)ō [ell] páō [old] agit [mid] monet, mont ≠ a [bre] mond ≠ a- [old] minet* ≠ egit, eit, nit-a [mid] mones ≠ a [mid] mynet ≠ a",*h₂eg̑-,nan,11,5152.0,iecor,nan,
train-f8754035de9da44d-01,[far] hovna [nob] hovne [nor] hovne,*keh₂p-,nan,3,4187.0,iecor,nan,
train-2bfeb864dda441b6-01,[aln] bar [sqi] bar [sqi] barë,*?*bʰar(s)-,nan,3,407.0,iecor,nan,
train-454bb34e51e4e60e-01,[lav] mats [lat] mots,*meh₁-,nan,2,2289.0,iecor,nan,
train-8be8a6fc1042face-01,[hit] 𒄀𒈠𒀭 [hit] 𒄀𒅎𒈪 [sqi] dimër [sqi] dimën [grc] χεῖμα [grc] χειμών [san] हेमन्त,*ǵʰéymn̥,winter,11,,kaikki,noun,
train-e9f668eecb4ad53b-01,"[bul] seme [bel] nasenne [ces] semeno [nld] zaad [eng] seed [fle] zaed [fri] sie(d) [deu] Samen [gae] síol [ita] seme [lit] sė́kla [sor] semje [sor] symjo [mkd] seme [por] semente [rus] semâ [sar] semen [sar] sémene [hbs] sjeme [slk] semeno [slk] seme [spa] semilla [ukr] nasìnnâ [wal] s(i)mince [lat] sēmen [lux] Som [lav] sēkla [chu] sěmę [prg] semen [fri] semence [sga] síl [gae] sheel [old] att [gau] silo- [pol] nasiono [mid] hat, had [kas] semiono [old] säþ [lat] sākla [nea] semmenta [old] semiente [ron] sămânță [gae] sìol [bre] had [bre] had [cym] hedyn [old] nasienie [mid] hil [old] siemě [old] sěmę [rus] nas′inɪ́na [mkd] s′ä̀m′ḁ [mkd] s′ä̀m′ḁ [slk] seme [slk] ſéme [deu] Saame [meg] simínţă [dal] semi̯áu̯r [goh] sāmo [mid] sâme [ang] sǣd [mid] saet [old] sâd [old] sáð [mid] coll. has [lat] coll. haze, hâz [por] semente [mil] suménsa",*seh₁-,nan,68,289.0,iecor,nan,
train-056637385fa2419b-01,[bul] kam″k [bel] kamen′ [ces] kámen [lit] akmuõ [sor] kamjeń [sor] kamjeń [mkd] kamen [pol] kamień [rus] kamen' [hbs] kamen [slk] kameň [slk] kamen [ukr] kamìn′ [lav] akmens [chu] kamy [san] áśmā [old] aϑanga [ave] asan [pal] amha/asama [kho] saṃgä [pol] komoi [kas] kamiéń [par] asang [lat] akmiņs [yag] sank [old] kamień [old] kámen [old] kamenĭje [rus] kámin′ [mkd] kàmin′ [mkd] kamin′ [slk] kamen [slk] kamen [bac] asaggo [maz] sang [raj] sayn [bal] seng [tat] sang [sog] sang [khw] sank [gau] akaunon,*h₂ek̑-,nan,41,1179.0,iecor,nan,
train-e6d61c2afb1e6629-01,[sor] bluwaś [sor] bluwać [slk] bljuvati [ukr] blûvati [chu] bljĭvati [pol] bľåvă [old] bľvati [rus] bl′uvátɪ [mkd] blъ̀vam [mkd] bъ̀łwam [slk] bluvati,*bʰleu̯H-,nan,11,1187.0,iecor,nan,
train-0da050806d52c79b-01,[bul] prav [chu] pravŭ [hbs] prav [mkd] prav [old] pravý [mkd] pràf [mkd] pràf [slk] prou,"*pr̥-, *pró, *prí",nan,8,1180.0,iecor,nan,
train-e4297ed33a0d9be2-01,[grc] πῖαρ,*péyh₂wr̥,"fat, swelling",1,,kaikki,noun,
train-90fb60c2e6823b6d-01,"[ben] din [bul] den [bel] dzen′ [cat] dia [ces] den [fra] jour [hin] dina [ita] giorno [kas] doh [lad] di [lit] dienà [sor] źeń [sor] dźeń [mkd] den [mar] divasa [nep] dina [pol] dzień [por] dia [rus] den' [sar] die [sar] díe [hbs] dan [sin] davasa / dinaya [slk] deň [slk] dan [spa] día [ukr] den′ [wal] djoû [lat] diēs [urd] din [mai] din [chu] dĭnĭ [lav] diena [prg] deinan [hit] šīu̯att- [fri] dì [osc] zicolom [xcl] tiw [gau] sindiu [mag] din [pal] diva [mid] dez, deyz, deiz [old] ded, did [pol] dan [kas] dzéń [osc] iúkleí [lat] dīna [nea] juorno [old] jor [ang] jur [fra] zhôh [old] día [ron] zi [bre] deż, dewezh [bre] déiż, déwezh [cym] d(i)wrnod [bho] din [pal] deés [old] dzień [mid] dyd [old] did [old] den [old] denĭ [rus] dẹn′ [mkd] d′èn′ [mkd] d′èn′ [slk] dan [slk] dán [ass] din [pun] din [old] journ, jorn [meg] zuu̯ă [old] dia [old] dia [gaw] des [gaw] dōs [dal] dai̯ [mid] deth, dyth [por] dia [mil] dì",*dei̯-,nan,80,375.0,iecor,nan,
train-52fd5a33c9b6cc48-01,[grc] ἰάομαι [ave] 𐬌𐬱𐬆𐬧𐬙𐬍 [ave] 𐬌𐬱𐬀𐬝 [grc] ἰνάω [san] इष्णाति [lat] īra [grc] οἶμα,*h₁eysh₂-,"to strengthen, to propel, wrath, anger, frenzy",7,,kaikki,root,
train-d8f5470ef2336640-01,[khw] βažik,*bʰerg̑ʰ-,nan,1,8707.0,iecor,nan,
train-b9eca37d958ed1e4-01,[pal] bistíiṇu [gaw] bisīn [vâs] višt′ir [kam] višt′ař [kât] višt′eř [kât] vašt′eř [kal] vište,*sterh₃-,nan,7,6840.0,iecor,nan,
train-78bb04ad2533d4ac-01,[san] वेत्तृ [san] वेदितृ [lat] vīsor,*wéydtōr,"one who has seen, one who knows",3,,kaikki,noun,
train-f9afefc8f51a4b68-01,[gae] dubh [gae] dubh [sga] dub [gae] doo [old] du [old] dub [gau] dubu-/-i [mid] du [bre] du [bre] du [cym] du [mid] du [mid] du [lat] diu,*dʰeu̯b-,nan,14,976.0,iecor,nan,
train-32f73188b019bb42-01,[lat] plectō [grc] πλεκτός [san] प्रश्न [grc] -πλαξ [lat] -plex [dan] flage [isl] flaga [nor] flak [swe] flak [grc] πλόκος [grc] -πλοκος [lav] plakans [lit] plakãnas [grc] πλοκή [non] flá [lit] plokščias,*pleḱ-,"to fold, plait, weave",17,,kaikki,root,
train-e1cd89d1b74d9ba4-01,[hit] 𒁄𒄭𒅖 [sqi] pëllëmbë [sqi] pllâmë [grc] παλάμη [lat] palma [lat] plānus [lav] plâns [lit] plonas [prg] plonis [lat] planta [bre] loer [cym] llawdr [gle] láthair [gla] làthair [lat] plautus [lat] palam [xcl] լայն [xcl] *հոլ- [lav] plakans [lit] plakãnas,*pleh₂-,flat,44,,kaikki,root,
train-c9cd3e6d713051c7-01,[hit] 𒉺𒀭𒆪𒍑 [grc] παχύς,*bʰénǵʰus,"dense, thick",2,,kaikki,adj,
train-cf321422d923736c-01,[hin] sira [fas] sar [san] śíraḥ [kur] ser [urd] sir [ave] sarah [oss] sær [oss] sær [pal] sira [ell] ka-ra-a-pi [mid] sar [par] sar [bho] sir [pal] ṣiṣ [yag] sar [kum] sar [bac] saro [sog] sari [bak] sar [del] sær [bal] sar [kur] sar [pun] sir [khw] sarxōt [kur] sar [haw] sara [pas] sar [aln] krye [sqi] krietë [vâs] ǰ′i [kur] sar,*k̑er-,nan,31,53.0,iecor,nan,
train-2b8fb8a3cff8dfdd-01,[grc] πέκος [lat] pecus,*peḱ-,"wealth, livestock",2,,kaikki,root,
train-9ff76f1a39996c30-01,[lat] *flāmen [lat] *sub-flāmen [sqi] bligë [grc] φᾰ́λᾰγξ [lat] fulciō [grc] φάλκης,*bʰelǵ-,"to balk, beam",6,,kaikki,root,
train-f9be56b0283afc97-01,"[dan] fjer [nld] veer [eng] feather [far] fjøður [fri] fear [deu] Feder [isl] fjöður [por] pena [nob] fjær [sar] pinna [swe] fjäder [gae] ite [grc] pterón [ell] fteró [old] fiädher [ell] pi-ti-ro₂-we-sa [ell] fterón [ell] fteró(n), fteroúli(n), fteroúgi(n) [ell] fteró [ell] (a)ttheró [hit] pattar / pattan- [ron] pană [nea] penna [old] pene [ang] penne [pal] phaáṭ [deu] Fädere [meg] pirdúv [kho] poc̣h [gaw] faṭa [gaw] pǟṭ [goh] fedara [mid] vedere [ang] feþer [old] feđera [mid] vedere [old] fjǫðr [nor] fjør [por] pena [kam] pâṭ′ü [kât] pâṭ′a [kât] pâṭ′a [kal] paṭä [san] pâṭ′u",*pet-,nan,44,7563.0,iecor,nan,
train-cc53e10a2be6dca3-01,[gmy] 𐀁𐀄𐀐𐀵 [ell] εύχομαι [xcl] գոգեմ [san] वाघत् [grc] εὖχος [san] ओहस् [xlu] ow-,*h₁wegʷʰ-,"to promise, to vow, to praise",7,,kaikki,root,
train-8ac999d45d2edab3-01,[grc] δώτωρ [lat] dator,*déh₃tōr,giver,2,,kaikki,noun,
train-2b43955af7549edb-01,[san] क्वथन्त् [san] क्वथते [san] क्वाथयति [got] 𐍈𐌰𐌸𐌾𐌰𐌽 [grc] ποταμός [grc] Τηθῡ́ς [grc] τήθεα [lat] cāseus,*kweth₂-,"to bubble, to foam, to ferment, become sour",8,,kaikki,root,
train-808a2681ef622a5d-01,[bul] glad″k [bel] gladkì [ces] hladký [nld] glad [fle] glad [fri] glêd [deu] glatt [sor] gładki [sor] hładki [pol] gładki [rus] gladkij [hbs] gladak [slk] hladký [slk] gladek [ukr] gladkij [chu] gladŭkŭ [lav] gluds [lux] glat [pol] gloťĕ [kas] gładczi [lat] gluds [old] gładki [old] hladký [rus] ɣlatkώj [slk] gladek [slk] gladek [deu] glatt [goh] glat [mid] glat,*gleh₂dʰ-,nan,29,301.0,iecor,nan,
train-f337d8a2d91ec1be-01,[hit] 𒇷𒅅𒍣 [goh] antlingen [grc] ἐλέγχω,*h₁lengʰ-,to revile?,3,,kaikki,root,
train-9cdf043338f290df-01,[lat] *perfinō [lat] perfinēs [isl] bjá [grc] φιτρός,*bʰeyh₂-,"to strike, hit, to hew, cut",5,,kaikki,root,
train-f514cc3ea1af04f7-01,[gae] lámh [gae] làmh [sga] lám [gau] lama [gae] laue [old] lom / lou [old] lau [cym] llaw [mid] llaw,*pleh₂-,nan,9,1712.0,iecor,nan,
train-014d5d59f0d2423d-01,[gae] oonlaghey,*h₂emH-,nan,1,6768.0,iecor,nan,
train-6cdf3b72e2f680f3-01,[sqi] shtyj [aln] shtŷj,*(s)teu̯d-,nan,2,2842.0,iecor,nan,
train-22c933f52bae247d-01,[grc] κέγκει [lit] keñkti [lit] keñkras [grc] κακός,*kenk-,to feel hunger,4,,kaikki,root,
train-ed9c83bdef6c4e98-01,"[cat] arrel [dan] rod [nld] wortel [far] rót [fle] wortel [fra] racine [fri] woartel [deu] Wurzel [ell] ríza [isl] rót [gae] fréamh [ita] radice [por] raiz [nob] rot [sar] raichina [sar] arrecina [spa] raíz [swe] rot [wal] rècène [gae] freumh [lat] rādix [lad] raisc [lux] Wuerzel [grc] rhíza [sga] frén [fri] lidrîs [gae] fraue [old] ureid [elf] ruot [old] rot [ell] wi-ri-za [mid] gruizyenn, gruyzyenn, gruyzienn, grizyenn, grizyen [ell] rhíza [ell] ríza [ell] tīríza [ell] ríza, rizí(n) [ell] rítza [ron] rădăcină [nea] rareca [old] racine [ang] racine [fra] rasnà [old] raíz [bre] gwriżienn [bre] gourienn, gouriad [cym] gwreiddyn [mid] gwreid [deu] Wurzle [aln] rranjë [sqi] rrënjë [old] racina [sqi] rranjët [old] raïu, raïl [dal] radai̯ka [goh] uurzala [old] wirtele [mid] wurzel [ang] wyrttruma [old] uuurt [mid] wortele [old] rót [got] waurts [mid] gwreythen [lat] guredhan [nor] rot [por] raiz [mil] radìs",*?*u̯reh₂d-,nan,67,8233.0,iecor,nan,
train-7e5fbc185a1cb722-01,[vâs] âv vukṣu- [kal] âv-nâṭ,*h₂ep-,nan,2,9686.0,iecor,nan,
train-47e393a10913c24f-01,[rus] krasnyj,*kʷer-,nan,1,2063.0,iecor,nan,
train-156cc67112629fb9-01,[grc] ποτός [ita] poto [por] poto [lat] pōtō [san] पी॒त,*ph₃tós,drunk,5,,kaikki,adj,
train-86810cc9ee4b496d-01,[grc] δήν [grc] δᾱ́ν [lat] quondam [lat] quīdam [lat] dum [lat] dūdum [rus] даве [chu] давѣ [xcl] երկայն [san] दविष्ठम् [ave] 𐬛𐬠𐬋𐬌𐬱𐬙𐬆𐬨 [old] 𐎯𐎢𐎺𐎡𐏁𐎫𐎶 [san] दूत [sga] doe [san] दवीयस्,*dweh₂-,"long, distant, to remove, separate",15,,kaikki,root,
train-da38cc3b536adb75-01,[kas] pich,*peu̯s-,nan,1,8525.0,iecor,nan,
train-b392afcac75ca8a8-01,[ave] 𐬔𐬆𐬭𐬆𐬡𐬥𐬁𐬌𐬙𐬌,*gʰr̥bnéh₂ti,"to be seizing, grabbing, to be digging",1,,kaikki,verb,
train-bbfca6b94f5eb532-01,[grc] γῆρυς [gle] gairm [gla] gairm [lat] garrio [mid] zryg,*ǵeh₂r-,"to shout, call",5,,kaikki,root,
train-c6f149bfd1aea548-01,"[bul] dojda [ces] přijít [lit] ateĩti [sor] pśiś [sor] přińć [mkd] doǰde [hbs] doći [slk] prísť [slk] priti [chu] priti [pol] przyjść [mar] yeṇe [ukr] prijti [bel] pryjscì [rus] prijti [kho] hīśtä [hit] u̯ē-/uu̯a- [xlu] au̯ī- [kur] dɨhēt [wak] wizit [fas] āmadan ≠ mi-ā-d [kas] przińc [mid] āyēd [par] āsēd [lat] atīt [prg] perēit [kas] iyon [pal] yhíi [old] przyć, przyjć, przyść [sin] enavā [old] přijíti, příti [old] priti [rus] prẹjtɪ́ [mkd] dòjda [mkd] dòjda [slk] priti [slk] priti [bac] ērsido [khw] māseda [kum] tay [del] mi [lar] ayā [bal] kayt [tat] mā [haw] ām ≠ may [kur] dyāē [sog] ēst [gaw] yǟg [maz] ene [raj] bamạ ≠ ạte [kur] tıt [pas] etu [kal] e- [san] ′âi- [kur] a-y-ē",*h₁ei̯-,nan,55,7318.0,iecor,nan,
train-e96d109430648c27-01,[grc] μᾰκρός [lat] macer,*mh₂ḱrós,"lean, meager",2,,kaikki,adj,
train-8f1ea9fc5432e048-01,[hit] 𒆷𒀀𒄷𒄿 [xlu] lā(ḫ)un(a)i- [sqi] laj [grc] λούω [grc] λοέω [grc] λόω [xcl] լոգանամ [xcl] լուանամ,*lewh₃-,to wash,8,,kaikki,root,
train-6df6e2a08da9ec1a-01,"[bel] vâlìkì [ces] velký [sor] wjeliki [sor] wulki [hbs] velik [slk] veľký [slk] velik [ukr] velikij [chu] velikŭ [pol] vilťĕ [kas] wiôldżi [old] wieli, wiel(i)ki [old] veliký [old] velikyi [rus] velɪ́kωj [slk] velik [slk] velik",*u̯elH-,nan,17,1219.0,iecor,nan,
train-2e0ba17f65cab393-01,"[hye] jow [bul] âjce [bel] âjka [cat] ou [ces] vejce [dan] æg [nld] ei [far] egg [fle] ei [fra] oeuf [deu] Ei [ell] aygó [isl] egg [gae] ubh [ita] uovo [lad] uef [sor] jajo [sor] jejo [mkd] ǰaǰce [pol] jajko [por] ovo [nob] egg [rus] âjco [sar] ou [sar] óu [hbs] jaje [slk] vajce [slk] jajce [spa] huevo [swe] ägg [ukr] âjce [wal] oû [lat] ōuum [chu] aice [lux] Ee [grc] ō̧ón [gae] ugh [fri] ûf [fri] aai [sga] og [xcl] jow [kur] hēk [aln] vo [oss] ajk [oss] ajkɜ [sqi] ve(zë) [ave] aēm [gae] ooh [elf] egg [old] äg [mid] uy, üi, vy, vuy [kho] āha [ell] ō̧ón [pol] joji [kas] jôjkò [mid] xāyag [ell] afkón [ell] ōvó(n) [ell] ōv(g)ó [ell] aggouó [ron] ou [nea] uovo [old] uef [ang] oef [fra] oua [old] (h)uevo [bre] ui [bre] u (ui) [cym] wy [old] jajce, jejce, jaje, jajko [mid] wy [old] vajce [old] jaice [kum] xāyg [rus] jajcé [mkd] icè [mkd] icè [slk] jajce [slk] jeize [deu] Ei [del] χɒg [lar] xow [kur] helka [bal] āmorg [tat] karxā [old] uou [sqi] ve [old] ou [khw] yāk [pas] agai [kur] xā [haw] hēła [meg] ou̯ [dal] juv [goh] ei [mid] ei [ang] ǣġ [old] ei [mid] ei [old] egg [mid] oy [lat] oi [nor] egg [por] ovo [mil] öf [kur] hilka",*h₂ōu̯ió-,nan,106,28.0,iecor,nan,
train-bf77091215e42c66-01,[xcl] բարդ [lat] fors [san] भृति,*bʰértis,"the act of carrying, bearing",3,,kaikki,noun,
train-c18f4f927596bff1-01,[lav] slidêt [lav] slîst [lit] slýsti [lav] slids [lit] slidùs [lat] lūbricus [san] स्रिध् [grc] ὀλισθάνω,*sleydʰ-,"to slip, slide, to be slippery, slick",8,,kaikki,root,
train-c9e2d2970d872eb9-01,[bak] vandak [kum] tfāna,*h₂u̯enh₁-,nan,2,8591.0,iecor,nan,
train-1c6374d8e1a515c9-01,[mkd] mraz,*merg̑⁽ʰ⁾-,nan,1,2743.0,iecor,nan,
train-937ca81760478011-01,[lit] dir̃žas [lav] dir̂ža [lit] dir̃žnas [prg] dīrstlan [lit] dir̃žti [ave] 𐬛𐬀𐬭𐬆𐬰𐬀𐬌𐬌𐬈𐬌𐬙𐬌,*dʰerǵʰ-,"to bind fast, to be firm, to support, strong, robust",6,,kaikki,root,
train-519f2a8801cb8f22-01,[ang] fræc [mid] vrac [cym] rhewydd,*preg-,"to yearn, to covet",3,,kaikki,root,
train-a131d7cfab822d50-01,[san] शर्करा [grc] κροκόδειλος [san] कृकलास,*ḱorkeh₂,"pebble, gravel, small stone",4,,kaikki,noun,
train-73f78384d29c8714-01,[lit] tolì [lav] tālu [lat] tuoli,*teh₂li-,nan,3,1853.0,iecor,nan,
train-49d9cacfc5debc2e-01,[ell] kaíō [grc] kaíomai [ell] ke-ka-u-me-no [ell] kaíomai [ell] tšaíō [ell] kaí(g)ō [ell] káfkō [ell] káfto,*k̑eh₂u̯-,nan,8,1461.0,iecor,nan,
train-a53def8130b85a0e-01,[xcl] am,*sem-,nan,1,5340.0,iecor,nan,
train-ef60256ee3b7f3e2-01,[grc] γλύφω [lat] glūma [deu] Klobe [deu] Kloben [eng] kloof [non] klofi [eng] clove [isl] klof [gle] tlú [gle] clobhadh [gla] clobha,*glewbʰ-,to split,13,,kaikki,root,
train-5070a9ecf6a06f5d-01,[gae] geal,*g̑ʰelh₃-,nan,1,2411.0,iecor,nan,
train-5afa3227e9d0c924-01,[txb] mīsa,*mems-,"flesh, meat",1,,kaikki,root,
train-d00e30d91315ce55-01,[hye] քաղել [lav] šķil̃t [lit] ski̇̀lti [lit] skil̃na [lit] skỹlna [lav] šķel̂t [lav] šķeļu [lit] skélti [lit] skeliù [lit] skẽlia [sqi] çel [lav] šķiļu [lit] ski̇̀lia [grc] σκάλλω [hit] 𒅖𒆗𒆷𒄿 [sqi] halë [lit] skalà [eng] shale [nld] schaal [fra] écale [eng] scale [dan] skal [eng] skull [dan] skalle [isl] skalli [swe] skalle [swe] skulle [lat] culter [eng] shelf [nld] schelf [non] skjálf [grc] σκάλοψ [grc] σκόλοψ [san] कॢप् [san] कल्प [lat] scalpō [lat] scalprum [non] skil [got] 𐍃𐌺𐌹𐌻𐌾𐌰 [sqi] shkal [xcl] ցելում [grc] σκαληνός [grc] σκύλλω,*(s)kelH-,"to cut, to split, to separate",76,,kaikki,root,
train-f8bfea38bebb6639-01,[hye] քո [prg] twais [grc] σός,*twós,"your, possessive adjective of *túh₂",4,,kaikki,det,
train-83fd634087fce6aa-01,[xto] pärkatäre [txb] pärkatäre [san] बबृहाण [cym] bwrw [sga] ·díbairg [hit] 𒈦𒆠𒄿𒀀𒊍𒍣 [xcl] բառնամ [san] बृंहति [ave] 𐬠𐬀𐬭𐬆𐬰𐬌𐬨𐬀𐬥𐬄𐬨 [ave] 𐬠𐬀𐬭𐬆𐬱𐬥𐬀 [lat] fortis [xto] pärkär [txb] pärkare [san] ब्रह्मन्,*bʰerǵʰ-,"to rise up, ascend, to be elevated, up high",14,,kaikki,root,
train-74d2ab99237c62a7-01,[grc] νέκυς [ave] 𐬥𐬀𐬯𐬎 [xto] oṅk [txb] eṅkwe,*néḱus,"dead, mortal",4,,kaikki,adj,
train-7ef6608d1bb94963-01,[xcl] լիք [xcl] ելիք [grc] ἔλῐπε [san] अरिचत्,*likʷét,to leave,4,,kaikki,verb,
train-58282a882e76f3a1-01,[hyw] jowk [hye] jowk [lit] žuvìs [grc] ichthỹs [prg] suckis [lav] zivs [xcl] jowkn [ell] ichthýs [lat] zivs,*dʰg̑ʰuH-,nan,9,589.0,iecor,nan,
train-dd63813469610887-01,[sga] bolgaid [prg] balsinis [lit] bal̃nas [prg] balgnan [rus] бо́лозень [lat] Belgae [lat] follis,*bʰelǵʰ-,to swell,7,,kaikki,root,
train-ce59dcf1e2c8e522-01,[grc] στάς [lat] stāns,*sth₂ónts,active participle of *stéh₂t,2,,kaikki,adj,
train-dcb9172f394dba09-01,[grc] πλώω [lat] plōrō,*pleh₃(w)-,"to swim, flow",3,,kaikki,root,
train-0d1d9593df65b757-01,[nld] bot,*?*bʰeu̯d-,nan,1,4278.0,iecor,nan,
train-a15665c9773943fc-01,[lav] -tis [lit] -tis [lav] -t [lit] -ti [san] -ति [ave] -𐬙𐬌 [lat] -tim,*-tis,Derives abstract/action nouns from verb roots.,7,,kaikki,suffix,
train-76cc4f9411cea7dd-01,[san] विपान [non] veifa [san] वेपयति [san] विविप्रे [lat] vibrō [ang] wāfian [lav] viẽptiês [lav] viêptiês [lav] vaîbît [lav] vaîbu [lav] viêbt [lav] viêbju [lav] viêbĩju [lav] vìepe [lav] viept [lav] viepju [lav] viepu [lit] viẽpti [lit] viẽpia [lit] viẽpē [lit] vaipī́tis [lit] vī́burti [lit] vī́buria [lit] vī́burē [lit] vi̇̀pti [lit] vim̃pa [lit] vi̇̀po [lit] vỹpti [lit] vỹpsta [lit] vỹpo [txb] wip- [txb] wīpäṣṣäṃ [txb] waipalau [txb] waiwalau [txb] waipe* [txb] waipe,*weyp-,"to shake, tremble, agitate, to swing, sway, to turn, wind, rotate, wrap (around)",37,,kaikki,root,
train-a95a3873766d443b-01,[san] तर्जति [san] तर्जयति [lat] torvus [grc] ταρβέω [grc] τάρβος [cym] tarfu,*tergʷ-,"to scare, fear, be fierce",6,,kaikki,root,
train-4cf9d9b68ae4384d-01,[bul] godina [bel] god [mkd] godina [rus] god [hbs] godina [old] godŭ [rus] ɣ′ïd [mkd] gudìna [mkd] gudìna,*?*gʰedʰ-,nan,9,1195.0,iecor,nan,
train-bcb28b616cc40178-01,[lat] skrīt,*?*(s)k⁽ʷ⁾rei̯-,nan,1,2273.0,iecor,nan,
train-03fc874eba8b979e-01,[por] amarelo [spa] amarillo [old] amariello [por] amarelo,*?*h₂em-,nan,4,964.0,iecor,nan,
train-0f32bbe8fd080563-01,"[sor] tłocyś [sor] tłóčić [rus] tolkat' [ces] tlačit [slk] tlačiť [pol] tåuct, tuct [ukr] štovhati [old] tlačiti",*?*telk-,nan,8,1205.0,iecor,nan,
train-5bf5e4c2d51ee6a3-01,[grc] κνίζω [lat] nīdor,*kneyd-,to scratch,2,,kaikki,root,
train-5266aba1f463deec-01,[bul] zmiâ [bel] zmââ [mkd] zmiǰa [rus] zmeâ [hbs] zmija [chu] zmija [ukr] zmìâ [kas] żnija,"*dʰég̑ʰ-om-, *dʰg̑ʰ-ém-, *dʰg̑ʰ-m-",nan,8,1175.0,iecor,nan,
train-67b00f3cf5f8c62c-01,[bul] butam,*bʰeu̯t-,nan,1,1162.0,iecor,nan,
train-002b0740f32f0232-01,[hyw] saṙil [hye] saṙčʿel [xcl] saṙčʿim,*k̑ers-,nan,3,592.0,iecor,nan,
train-ec75e91bcfb99253-01,[gle] geall [gla] geall,*gʰeldʰ-,"to repay, pay",2,,kaikki,root,
train-ab8a620af2ef18a1-01,[hye] արծաթ [san] रजत,*h₂r̥ǵn̥tóm,silver,2,,kaikki,noun,
train-b10e1e1d404ee2ab-01,[mid] trefn [lit] trobà [lav] trāba [lat] trabs [lav] trabs [sqi] trevë,*treb-,"settlement, dwelling, to build, dwell",6,,kaikki,root,
train-b017a600a2c27d00-01,[grc] λέκτο [grc] λέχομαι [txb] lyäk- [xto] lyäk [txb] lykuññe [grc] λέχος [lat] lectus [ell] λέκτρο [eng] Leicester [fra] Loire [old] lies [prg] lasto [prg] *logʰ-sth₂-eh₂ [txb] lest [txb] lesto [xto] lyāk [txb] lyāk [txb] lyśalyñeṣṣe,*legʰ-,to lie (to be in resting position),21,,kaikki,root,
train-168db49a8d9bd2d3-01,[cat] pols [fra] poussière [ita] polvere [por] pó [sar] piúaru [sar] prúine [spa] polvo [wal] poûssîre [lat] puluis [fri] polvar [nea] povere [old] polvo [old] poudre [ang] pudre [fra] pooufihe [old] poussieira [old] pols [dal] pulvro [por] pó [mil] pulvra,*pelh₁-,swing,20,869.0,iecor,nan,
train-5c0886fada442e13-01,[kur] a-w(a)-ā lī,*bʰer-,nan,1,9916.0,iecor,nan,
train-5d646e061d46bdf6-01,[lav] kākāt [lav] kakāt [lit] kakóti [grc] κᾰκκᾰ́ω [lat] cacō [lat] cacāre [sqi] kakë [lav] kaka [lit] kaka [bre] kaoc'h [cym] cach [gle] cac [gla] cac [grc] κάκκη [pus] ککه [vul] *caca [vul] *cacca [hye] քաք [hye] քակոր,*kakka-,to defecate,25,,kaikki,root,
train-a4b0546fe1571ba2-01,[san] अहेम [san] अह्यन् [san] हिनोति [san] हेमन् [san] हि,*ǵʰey-,"to drive, propel",7,,kaikki,root,
train-26da597740cbb8ed-01,[cat] recte [nld] recht [fle] recht [fra] droit [fri] rjocht [ita] dritto [lad] endret [por] direito [nob] rett [sar] derettu [sar] derettu [swe] rak [wal] dreût [san] r̥jú- [lux] riicht [lat] rectus [gae] díreach [gae] dìreach [fri] dret [spa] recto [sga] díriuch [oss] rast [oss] rast [ave] ərəzu [old] rätter [elf] rett [pal] uj(j)u [kho] rraṣṭä [mid] rāst [par] rāšt [ron] drept [nea] reritto [old] droit [ang] dreit [fra] drai [old] recto [gae] jeeragh [yag] razk [meg] diréptu [old] drech [old] dret [maz] rāst [bak] rāst [del] rɒs [bal] rāst [tat] rāst [kur] rast [kur] rās [kur] ṛās [haw] řāst [khw] raci [dal] drat [goh] reht [mid] reht [ang] riht [mid] recht [old] reht [got] raihts [nor] rett [por] direito [pas] iiǰə [kur] rās [mil] drìs,*h₃reg̑-,nan,63,312.0,iecor,nan,
train-13ce845d10dd6c80-01,[lat] paruus [old] poc,*peh₂u̯-,nan,2,5287.0,iecor,nan,
train-3636cf8a2c4bd0cf-01,[hit] militt- [xlu] mallit- [pal] mallitanna- [xcl] մեղր [xcl] մեղու [gmy] 𐀕𐀪 [grc] μέλι [lat] mel,*mélit,honey,8,,kaikki,noun,
train-5f7c9d297d63701c-01,[fas] سرودن [lav] sluvêt [lat] clueō [grc] κλειτός [hye] լուր [san] श्रुति [san] श्रोत्र [ave] 𐬯𐬭𐬎𐬌𐬌𐬉 [san] श्रु,*ḱlew-,to hear,11,,kaikki,root,
train-4ef029fc1e4fa11e-01,[sqi] dhelpër [grc] ᾰ̓λώπηξ [xcl] աղուէս,*h₂wl̥p-,fox,4,,kaikki,root,
train-7f8c262c5a28a031-01,[xto] śwāl,*g̑i̯eu̯H-,nan,1,7290.0,iecor,nan,
train-2d53da75e92f02da-01,[lat] -undī [lat] -undō [lat] -undum,*-ótr̥,Derives action nouns from verbal stems.,3,,kaikki,suffix,
train-c6a0676cb9d17b25-01,[txb] yel- [lat] voltus [xcl] գեղ,*wel-,"to see, perceive",3,,kaikki,root,
train-b3f4a13a5fbbd5fd-01,[grc] -ον [grc] -σον [san] -अम् [ave] -𐬇𐬨 [san] -ताम् [san] -न्ताम् [ave] -𐬙𐬄𐬨 [ave] -𐬧𐬙𐬄𐬨 [lat] -em,*-óm,emphatic particle,13,,kaikki,particle,
train-0b656e39108d4cb1-01,[sqi] muaj [sqi] muej [hye] ամիս [lav] mẽnesis [lav] mẽness [lit] mė́nesis [prg] menig [ell] μήνας,*mḗh₁n̥s,"moon, month",9,,kaikki,noun,
train-5b043db088c5caae-01,[grc] karpós [ell] ka-po [ell] karpós [ell] karpós,*(s)kerp-,nan,4,2654.0,iecor,nan,
train-d66dd295f8b0546f-01,[cat] inflar-se [wal] infler [lad] se enflé [sar] unfiare [ita] gonfiare [fra] enfler [sar] uffrare [spa] hincharse [por] inchar [fri] sglonfâsi [old] enfler [ang] enfler [fra] ëflâ [old] finchar [ron] a se umfla [old] enflar [old] inflar-se [meg] anflári [por] inchar [mil] Sgunfiàa,*bʰleh₁-,nan,20,3000.0,iecor,nan,
train-fc3e146366b83c0f-01,[mid] quaet,*gʷeh₁dʰ-,nan,1,9428.0,iecor,nan,
train-1ad511fa339e2147-01,[gae] olk,*u̯ĺ̥kʷo-,nan,1,6365.0,iecor,nan,
train-d50000920dfeeb15-01,[san] अवर्क् [lat] vergō [grc] ἐέργω [san] वृणक्ति [grc] εἶρξαι [xto] wärkṣantāñ [lat] vermina [hit] ḫurki- [san] वरीवृजत् [san] प्र वावृजे [san] वृज्,*h₂werg-,"to turn, turn around",11,,kaikki,root,
train-4078bf873ee6e248-01,[grc] ἔγνων [san] अज्ञात् [xto] kñā-,*ǵnéh₃t,"to know, to get to know, to meet",3,,kaikki,verb,
train-c00edf17729b75ad-01,[sqi] grykë,*gʷriHwéh₂,"mane, nape, neck, throat, estuary, mouth of an inlet",1,,kaikki,noun,
train-4c109d12b30b1538-01,[pas] olaarr,*dʰer-,nan,1,9263.0,iecor,nan,
train-286e392f53a4e528-01,[wak] baǰ [grc] pachýs [lav] biezs [pal] bahala [kho] baysgä [oss] bɜzgin [oss] bæzǵyn [ell] pachýs* [ell] pašýs [ell] pa(ch)ý [lat] bīzs [sog] δβāz [sar] dvez,*bʰeng̑ʰ-,nan,13,1585.0,iecor,nan,
train-b59116e4a54c09f6-01,[sga] forbrú [grc] ὀφρύς [grc] ὀφρῦς,*h₃bʰrúHs,eyebrow,3,,kaikki,noun,
train-2f4cdddf0db2668c-01,"[bre] toullein, toull- [bre] toullã, toull-",*teu̯k-,nan,2,6431.0,iecor,nan,
train-979b7ca4d44c5cf0-01,[gae] gearr [gae] goirid [sga] gerr [san] hrasvá- [gae] giare [pal] rassa,*?*g̑ʰers-,nan,6,9437.0,iecor,nan,
train-70b20bb4d6658fba-01,[mkd] pravi [bul] pravâ [mkd] pràv′a(m) [mkd] pràja,"*pr̥-, *pró, *prí",nan,4,5215.0,iecor,nan,
train-05b0a49c7dac8d81-01,[hit] peru- / perun-,"*pér-u̯r, *pér-u̯n̥-",nan,1,6862.0,iecor,nan,
train-8dfa844d99639859-01,[kur] mērɨk [hyw] mard [hye] mard [fas] mard [mid] merd [par] mard [kum] mardk- [yag] mṓrtī [bac] mardo [sog] martē [tat] mardak [maz] mardi [bak] mire [del] merd [lar] mard [khw] marc [raj] merạ [bal] mardēnzāg [old] martiya [kam] m′oč [kât] m′uč [san] m′âć,*mer-,nan,22,2322.0,iecor,nan,
train-4641365dfc87abf4-01,[lat] angor [lat] Angerōna [lat] angustus,*h₂énǵʰos,"narrowness, anxiety, suffering, grief",3,,kaikki,noun,
train-6e491e0f04475636-01,[san] आ [ave] 𐬁 [lat] ad [lat] ad- [lat] (ap)ud,*h₂éd,"to, at",18,,kaikki,adv,
train-fb280e020ffffb1a-01,"[bul] živeâ [bel] žyc′ [fra] vivre [ell] zō [hin] jīnā [gae] bí beo [ita] vivere [lad] vive [lit] gyvénti [mkd] živee [nep] jiunu [fas] zendegī kardan [por] viver [rus] žit' [hbs] živjeti [sin] jīvat venavā [slk] živeti [spa] vivir [wal] viker [xto] śoṣ [txb] śaiṃ [grc] záō [mai] jīnā [urd] jīnā [kas] zində rozon [chu] žiti [prg] giwīt [lav] dzīvot [lat] uīuere [gae] bi beò [san] jīv- [fri] vivi [cat] viure [sga] is béo [ave] juuaiti [xcl] keam [old] jīva [pal] jīvati [mid] beuaff, befaff [pol] żyć [ukr] žiti [slk] žiť [ces] žít [sor] žiwy być [sor] žywy byś [kho] jūtä [ell] záō [pol] zaivĕ [kas] żëc [mid] zīwēd [kur] dɨžit [par] žīwēd [osc] bivus [ell] žō [ell] zō [ell] zō [ell] tzī́ō [lat] dzeivuot [old] vivre [ang] vivre [old] vivir [sar] bivvire [sar] bívere [bho] jīnā [pal] ǰáandu hóonsa [gae] ve bio [bre] béwã, béw- [bre] biwein, biw- [cym] byw [old] żyć [mid] byw [old] žíti [old] žiti [rus] žɪ́tɪ [mkd] živòvam [mkd] žuwòwam [yag] žū- [slk] živeti [slk] ẛhivéti [mid] bewa [lat] beua [bac] zo [sog] žūt [old] vioure [khw] zīweda [old] viure [gaw] zenta darik [kho] žunu asik [bak] zende bidak [del] zendæ:n [lar] zendegi aku [pas] jwande [gaw] ǰan därūg [raj] jidạ [dal] vívar [pun] jiūṇā [meg] ǵiíri [por] viver [pas] zundu aa [kam] ǰ′üa- [kât] ǰav′e- [kal] ǰẽta ti- [kur] zɨndɨgi a-k(a) [mil] vìf",*gʷi̯eh₃-,nan,104,72.0,iecor,nan,
train-d37cddb40237700e-01,[ave] jaiṇti [old] aja [san] han- [hit] kue(n)- / kun- [kho] jsīndä [mid] ōzanēd [par] ōžanēd [pas] wajal [khw] wāzaneda [vâs] o-žni- [kam] ǰâň′a- [kât] ǰaň′e- [kât] ǰâř′e- [kal] ẓẫ-,*gʷʰen-,nan,14,3551.0,iecor,nan,
train-3e2f2b78d1977f54-01,[sga] do·beir [gae] thoir [gae] cur ≠ coyrt,*bʰer-,nan,3,9784.0,iecor,nan,
train-dacdc6bcbf7bb931-01,[hit] pai- / pi- [xlu] pī(i̯a)- / pāi-,*?*h₁ai̯-,nan,2,7598.0,iecor,nan,
train-8e515a40e87545b9-01,[prg] lindan,*lendʰ-,"land, heath",1,,kaikki,root,
train-4d368ae8a6590181-01,[grc] ἔνη [lat] enim [hit] anniš [lat] nam [xcl] *նո-,*h₁énos,"that, that over there, yon (distal)",6,,kaikki,pron,
train-060d5b55cea1b68e-01,[xto] knānat [txb] nān-,*ǵn̥néh₃ti,"to know, recognize",2,,kaikki,verb,
train-690e4df4ebb4207d-01,[ell] (a)ššīporéō,*perh₃-,nan,1,6242.0,iecor,nan,
train-ef1fe625368030fb-01,[xlu] tītan-,*dʰeh₁(i̯)-,nan,1,3151.0,iecor,nan,
train-5c300856ac2044fe-01,"[aln] drû [bul] d″rvo [bel] dreva [dan] træ [eng] tree [far] træ [isl] tré [mkd] drvo [pol] drzewo [nob] tre [rus] derevo [hbs] drvo [slk] drevo [swe] träd [ukr] derevo [hit] tāru [grc] déndron [ell] déntro [chu] drěvo [elf] trai [old] trä [ell] déndron [kur] dar [kas] drzewò [par] dālug [ell] dentrón [ell] dentró [ell] dentró(n), dentrítsi(n) [old] drzewo [old] dřěvo [rus] dérevo [mkd] dъ̀rvu [mkd] dr′ä̀wu [slk] drvo [slk] drivú [maz] dār [kur] dār [kur] dār [ang] trēow [old] tré [nor] tre [kur] dār",*déru- ~ *dóru- ~ *dru-,nan,42,503.0,iecor,nan,
train-f0d89f1d55252b14-01,[nep] sāhrō,*seg̑ʰ-,"overpower, have power over",1,7369.0,iecor,nan,
train-d2e63612e3850e35-01,[hit] me(i̯)u̯- / mei̯au̯- [xlu] māu̯a-,*?*meh₁-,nan,2,3309.0,iecor,nan,
train-a5bc68851cf3cf95-01,[ell] neró [ell] nerón [ell] neró [ell] neró(n) [ell] leró,*neu̯-,nan,5,1563.0,iecor,nan,
train-19fb51ed2342aa32-01,[san] मर्धति [grc] μαλθακός [lav] milna [prg] mealde [non] Mjǫllnir [grc] βλάξ [grc] μαλακός [sga] malcad [sqi] mëllë [sqi] mullâ [grc] μελαίνω [grc] μέλᾱς [lav] mal̃t [lit] málti [xcl] մաղեմ [san] मृणाति [san] मल [lat] marculus [lat] martulus [sqi] miell [grc] μύλη [lat] mola [gle] mol [gla] mul [lat] malleus [san] मलम् [lav] muļķis [lit] mùlkis [hit] malla-ⁱ [xlu] mal(ḫ)u- [xcl] մալեմ [xcl] *մուլ- [xcl] մամուլ [xcl] մղեղ [hye] մլակ [hye] մլուկ [hye] մլիկ [hye] մղմող [hye] մղմեղ [hye] մուղ [lit] málnos [grc] μελίνη [lat] milium [txb] mӓl-,*melh₂-,"to grind, to crush",46,,kaikki,root,
train-34677dfab2f4a431-01,[sqi] kollë [san] कासते [txb] kosi [xcl] հազեմ [xcl] հազ [lav] kãsulis [lit] kosulỹs [lit] kósėti,*kʷeh₂s-,to cough,8,,kaikki,root,
train-8a5cf1bb86b0e516-01,[lat] ligō [sqi] lidh,*leyǵ-,"to bind, tie",2,,kaikki,root,
train-7c8663f847d7d96f-01,[grc] ἦρι [grc] αὔριον,*h₂ewsér,"in the direction of dawn, east, at dawn, in the morning",2,,kaikki,adv,
train-d9a37710d0e63c70-01,[pol] gryźć [hbs] gristi [slk] gristi [chu] grysti [slk] hrýzť [kas] grëzc [old] gryźć [slk] gristi [slk] griſti,*gʷreu̯Hg̑ʰ-,nan,9,2028.0,iecor,nan,
train-951a158d77f917b5-01,[fas] xāk [del] χæk [bal] hāk,*h₂eh₁s-,nan,3,6684.0,iecor,nan,
train-f1fd4e0c08eccad7-01,[grc] κότος [chu] котора [san] शत्रु,*keh₃-,to fight,3,,kaikki,root,
train-97dea16025ae1e6a-01,[sqi] vesh [xcl] ունկն [xcl] ականջք [lav] auss [lit] ausis [prg] āusins [ell] αυτί [eng] aur- [lat] auricula,*h₂ṓws,ear,11,,kaikki,noun,
train-249354782214e388-01,"[lat] pectus [fri] pet [sga] ucht [gae] ucht [ron] piept [nea] pietto [ita] petto [lad] piet [old] poitrine [ang] peitrine [fra] poitrine [wal] pwètrine [cat] pit [old] pecho [spa] pecho [por] peito [sar] pettorra [sar] pettu [dal] pi̯at [old] peichs, peit [old] pits [meg] ḱeptu [fra] pouatrina [por] peito",*pe⁽k̑⁾tu-,nan,24,4015.0,iecor,nan,
train-0b586ecb316dbc04-01,[sin] tara / mahata,*meg̑-,nan,1,7488.0,iecor,nan,
train-1d77a53ab4fc3ad7-01,[gmy] 𐀁𐀄𐀕𐀚 [grc] εὐμενής,*h₁sumenēs,well-disposed,2,,kaikki,adj,
train-70dbd0393b7eada3-01,[lav] nogs [lit] núogas [san] नाग,*nogʷós,naked,3,,kaikki,adj,
train-6b4da339ae7316b5-01,[fri] nasâ,*(H)nā̆s-,nan,1,7633.0,iecor,nan,
train-639efe0baaf5174e-01,[ell] ύστερος [ell] στερνός [san] उत्तर [pus] استرۍ,*údteros,"higher, outer",5,,kaikki,adj,
train-2796f49a3c5ad287-01,[grc] ἠμί [lat] axō [grc] (ἄν)ωγα [lat] (prōd)igium [txb] aksaṣṣuki [xcl] ասեմ,*h₁eǵ-,to say,7,,kaikki,root,
train-250eb92c0a4fbd88-01,[sar] yot [yag] yat-,*i̯et-,nan,2,9362.0,iecor,nan,
train-7ca0bda56ac12320-01,[grc] σπεύδω [lit] spaudà [grc] σπουδή [lit] spáusti [lit] spūdà,*spewd-,"to press, to push",5,,kaikki,root,
train-9295d31e57ffd6ab-01,[lat] tongeō [xto] tuṅk [txb] taṅkw,*teng-,"to think, to perceive",3,,kaikki,root,
train-cc21e3d607c3f609-01,[lav] rēds [lit] rę̃ns [lit] rę̄ns [lit] rę̄ds [grc] ἐρῆμος [grc] ἔρημος [gmy] 𐀁𐀩𐀗 [lat] rārus [grc] ἐρωή [non] rór [mid] araf [ave] 𐬭𐬁𐬨𐬀𐬥 [gle] áras [lat] rēte,*h₁reh₁-,"to separate, loose, sparse, rare, quiet, lonesome",14,,kaikki,root,
train-0b17f19e1764e9d2-01,[ben] caoṛā [hin] cauṛā [nep] cauḍā [urd] cauṛā [mag] caulā [mai] caoṛā [pun] cauṛā,"*kʷetu̯or-, *kʷ(e)tu̯r̥-, *kʷ(e)tur-",nan,7,844.0,iecor,nan,
train-08272674e1a25fa4-01,[bal] waššēn,*su̯elg̑-,nan,1,9242.0,iecor,nan,
train-e88193dedec99edc-01,[hyw] arew [hye] arew [xcl] aregakn,*h₂reu̯-,nan,3,653.0,iecor,nan,
train-8bc606986f700708-01,[lar] akše [kur] kwıšē,*keh₂u̯-,nan,2,9185.0,iecor,nan,
train-56861dc01000f6a4-01,[sqi] ndez [cym] deifio [san] दाहयति [lat] foveō [san] अधाक् [txb] tsekär [txb] tseksamai [san] क्षायति [lit] dẽgis [gle] daigh [gle] doigh [cym] goddaith [lav] daga [lit] dagà [prg] dagis [grc] τέφρα [lat] febris [lat] februum [san] दग्ध [xcl] հր-դեհ [lat] fōmes [lat] fōmentum [sqi] dhez [san] दह्,*dʰegʷʰ-,"to burn, warm, hot",25,,kaikki,root,
train-908dd2e2f93938b4-01,[xcl] հասկ [grc] ἀκοστή [grc] ἀγοσταί [lat] acus [xto] āk [txb] āke [txb] āka,*h₂éḱos,"sharpness, ear of grain",10,,kaikki,noun,
train-fc040be875a14b2c-01,[grc] ἔϝεξε [san] अवाट् [lat] vē̆xī,*wḗǵʰst,to transport,3,,kaikki,verb,
train-5dc0c38474c4b9c5-01,[lit] maũsti [grc] μῦθος [got] 𐌼𐌰𐌿𐌳𐌾𐌰𐌽 [san] मिथ्या,*mewHdʰ-,to complain or care about something,4,,kaikki,verb,
train-4cfb6370c20c2a0e-01,[mar] dhukaṁ [urd] dhund [mai] dhūn [pal] dhun [fri] fumate [ave] dunman [sin] mīduma [pun] dʰuⁿd [raj] öredidạ,*dʰu̯eh₂-,nan,9,1604.0,iecor,nan,
train-b1ce06d00ca0811b-01,[grc] θέω [san] धावति,*dʰew-,"to run, flow",2,,kaikki,root,
train-5816474fdd26317d-01,[hit] tars-ʰʰⁱ [sqi] ter [san] वि॒त॒र्षय॑ति,*torséyeti,"to make dry, to cause to dry",3,,kaikki,verb,
train-bb099cee06397ba1-01,[xto] kärṣt- [txb] kärst- [lat] cēna [lat] scortum [lat] scrōtum [lat] scrautum [lat] cortex [san] कृत्त [lav] skrīpât [lat] scrūta [lat] scrūpus [sqi] shqerr [lav] šķir̃t [lit] ski̇̀rti [grc] κείρω [lat] carō [san] कृति [eng] share [deu] Schar [ell] κορμός [san] कर्त [lat] corium [lat] curtus [sqi] çjerr [sqi] harr [sqi] thërras [xcl] քերեմ [xcl] քերծեմ [xcl] քերթեմ [xcl] քորեմ [lav] cirst [lit] kirsti [lav] cirvis [lit] kirvis [dan] skår [isl] skora [swe] skåra [eng] score [nld] scheur,*(s)ker-,"to cut off, sever, to separate, divide",42,,kaikki,root,
train-cba6d9c1c4ee9dee-01,[grc] τρέω [grc] ἄτρεστος [san] त्रसति [san] त्रस्त [ave] 𐬙𐬀𐬭𐬱𐬙𐬀 [sga] tarrach,*tres-,to tremble (with fear),6,,kaikki,root,
train-5adaa8b534aaa47e-01,[grc] ἐχῖνος [gmy] 𐀁𐀑𐀜 [hye] ոզնի [hye] կոզնի [sqi] esh [sqi] es [sqi] eshk,*h₁eǵʰ-,hedgehog,9,,kaikki,root,
train-3fd9a48451be7aaa-01,[meg] rắpă,*h₁rei̯p-,nan,1,9577.0,iecor,nan,
train-73a102fcfbe8ac9b-01,[mai] kātanā [urd] kāṭnā [mag] kāṭanā [hin] kāṭanā [bho] kāṭanā [pun] kaṭṭṇā,*(s)kert-,nan,6,1594.0,iecor,nan,
train-37d03c664496964e-01,[lav] ņemt [grc] νέμω [grc] νομή [lat] numerus [grc] Νεμέα [grc] νόμος [grc] νομός [san] नम [grc] νέμεσις [grc] Νέμεσις [sqi] nëmë [sqi] njeh [gle] nimh [gla] nimh,*nem-,"to distribute, to give, to take",16,,kaikki,root,
train-b780e81a4aeadda5-01,[lat] mannus [lat] Viromanduī [grc] Οὐιῥομάνδυες [ron] mînz [ron] mânz,*mend-,"foal, small horse",5,,kaikki,root,
train-e8c0121c5400447c-01,[nea] cogliere,*leg̑-,nan,1,8073.0,iecor,nan,
train-5e2b05e06028dbc4-01,[hit] 𒉺𒆷𒄴𒊭𒀸 [lat] palla,*pĺ̥h₂seh₂,a type of women's garment,2,,kaikki,noun,
train-8ac532e201777d9e-01,[grc] θέσσεσθαι [old] 𐎩𐎮𐎡𐎹𐎠𐎷𐎡𐎹,*gʷʰédʰyeti,"to keep requesting, to keep asking for",2,,kaikki,verb,
train-117b70fd7d02e024-01,[cat] feixuc [old] feixuc,*bʰaski-,nan,2,6848.0,iecor,nan,
train-3f43e25553279289-01,[lit] ovyje [bul] наяве [pol] jawa [ang] ēawis [ang] *awi-wissa- [goh] awizoraht [goh] *awi-turhta- [san] आविस् [ave] 𐬁𐬬𐬍𐬱 [ave] 𐬁𐬎𐬎𐬌𐬱 [grc] αἴσθομαι [grc] αἰσθάνομαι [lat] audiō [lit] aumuõ [hit] 𒌋𒀪𒄭 [lit] ovytis [chu] авити [chu] ꙗвити [sga] con·ói [grc] ἀΐω,*h₂ew-,"to perceive, see, to be aware of",33,,kaikki,root,
train-5706561a7b33cb6c-01,[deu] ziehen [lux] zéien [xto] tsäknāṣ* [deu] zieh [goh] ziohan [mid] ziehen [ang] tēon [old] tiohan [old] tiā [got] tiuhan,*deu̯k-,nan,10,1372.0,iecor,nan,
train-047b46e39b85b1c5-01,[san] ईश,*h₂eh₂óyḱe,"to possess, to own",2,,kaikki,verb,
train-d409ef9cb51570cc-01,[gae] rùsg [gau] rusca [gae] roost [old] rusc [gae] rúsc [mid] rusquenn [bre] ruskenn [cym] rhisgl [mid] rhisg [lat] risk [sga] rúsc,*reu̯H-,nan,11,971.0,iecor,nan,
train-a5687ee891e8e7e7-01,"[old] diminet ≠ doit(h) [mid] donet, donnet, dont ≠ deu [bre] doned, d- [bre] dond, deu- [lat] dôz [mid] dos, dones ≠ due, de [mid] dyuot ≠ daw",*h₂eg̑-,nan,7,9635.0,iecor,nan,
train-1deef26188053ae7-01,[lat] rotundus [ita] tondo [spa] redondo [fra] rond [fri] taront [ron] rotund [old] rond [ang] rund [wal] rond [cat] rodó [old] redondo [por] redondo [nea] tunno [lad] toron [sar] túnniu [sar] rotundu [fra] ryan [old] round [old] redó [por] redondo [mil] rutùnt,*ret-,nan,21,2443.0,iecor,nan,
train-475663de98e908fe-01,[pol] prosty [pol] pröstĕ [kas] prosti [old] prosty [rus] próstωj,*steh₂-,nan,5,1245.0,iecor,nan,
train-c2ea05115860e1cc-01,[sga] téit [gae] téigh,*stei̯gʰ-,nan,2,6551.0,iecor,nan,
train-1038a4cefd1227a9-01,[mid] di- [mid] oddi [gle] de [gla] de [grc] δή [lat] dē [lat] dē- [xcl] տ-,*déh₁,toward,10,,kaikki,adv,
train-1135f0688fe8acbc-01,[ell] skotṓnō [ell] skotṓnnō [ell] skotṓnō [ell] skotṓnō,*s⁽k̑⁾eh₃-,nan,4,1502.0,iecor,nan,
train-91acb7ef1c6e2921-01,[gle] nócha,*h₁néwn̥dḱomt,ninety,1,,kaikki,num,
train-71ac9e0f37520d43-01,[sqi] liqen [sqi] lëken [grc] λάκκος [lat] lacus,*lókus,nan,4,,kaikki,noun,
train-f9ebdb5aeb4cfbef-01,[grc] μέλδομαι [san] म्रदते,*(s)méldeti,"to soften, melt",2,,kaikki,verb,
train-c8ed026d9988e8d4-01,[xlu] 𒉿𒀀𒋗𒍑 [goh] *wisu [got] 𐌹𐌿𐍃𐌹𐌶𐌰 [grc] ἠΰς [grc] ἐῠ̈́ς [xto] wṣe [txb] yaṣe,*h₁wésus,"good, excellent",7,,kaikki,adj,
train-cbd3dda5690a7454-01,[hin] कीनना [fas] خریدن,*kʷrinéh₂ti,to buy,6,,kaikki,verb,
train-1a76c048b6a6e41d-01,[gae] tilg [gae] tilgey [kho] parečhik,*lei̯kʷ-,nan,3,9445.0,iecor,nan,
train-a860eb6ac90977bf-01,[grc] ἐν- [grc] ἀ- [grc] ἀδελφός [fra] in- [fra] en-,*h₁n̥-,"in, in-",5,,kaikki,prefix,
train-87fb7ab898fd63be-01,[ell] érchomai [grc] érchomai [ell] érchomai [ell] érkoymai [ell] érkomai [ell] érch(o/ou)mai [ell] ér(ch)oumai,*h₁er-,nan,7,1464.0,iecor,nan,
train-8b6e39b14c9525b3-01,[gaw] āga,*kʷek̑-,nan,1,9652.0,iecor,nan,
train-8718ac2dee7716d4-01,[nep] rāmro,*h₁rem-,nan,1,7094.0,iecor,nan,
train-12e7d09a9f01009c-01,[grc] εὖρος [san] वरस्,*h₁wer-,broad,2,,kaikki,root,
train-d043d26d16cad82e-01,[sqi] e- [xcl] ան-,*n̥-,"not, un-",2,,kaikki,prefix,
train-563574bf6a48906d-01,"[old] -scot [mid] squeut, sceut, sqeut [bre] hisked [bre] skeud [cym] cysgod [sga] scáth [gae] scaa [deu] Schatten [nld] schaduw [fle] schaduw [eng] shadow [lux] Schiet [mid] cysgod [fri] skaad [deu] Schatte [goh] skato [mid] schate [ang] sceadu [old] skado [mid] schaduwe [got] skadus [mid] schus, skes [lat] skêz",*s⁽k̑⁾eh₃-,nan,23,8269.0,iecor,nan,
train-905a00e62c521adb-01,[hye] aǰ [xcl] aǰ [hyw] aǰ,*seh₁dʰ-,nan,3,3359.0,iecor,nan,
train-6c55e689c573ac17-01,[hye] hast [hyw] hast,*past-,nan,2,5996.0,iecor,nan,
train-160da73b2afd35a3-01,[oss] az [oss] anz,*h₂ek̑-,nan,2,3293.0,iecor,nan,
train-f31962260383e9fb-01,[kur] kaškıḷa,*kok̑s-,nan,1,9246.0,iecor,nan,
train-c6b9a968dc3538b4-01,[sqi] kënaq [sga] ·ánaic [san] आनाश [san] आनंश,*h₂eh₂nóḱe,"to have reached, to be at",10,,kaikki,verb,
train-63690d0c972e5d20-01,[far] á [isl] á [fri] aghe [ang] ēa [old] aha [old] á [got] aƕa,*h₂ekʷ-,nan,7,2649.0,iecor,nan,
train-e62355276cc8322d-01,[grc] κνάω [lit] knóti,*knéh₂yeti,"to scratch, scrape",2,,kaikki,verb,
train-74ff3c743a22f649-01,[xcl] որբ [grc] ὀρφανός [lat] orbus,*h₃órbʰos,"orphan, servant, slave, worker",3,,kaikki,noun,
train-e5857fea48bf0f26-01,[nea] avutà,*u̯el-,nan,1,8102.0,iecor,nan,
train-27b9373de11442fe-01,[hye] տկլոր [non] nakinn [grc] γυμνός [hit] 𒉈𒆪𒈠𒀭𒍝 [xcl] մերկ [lat] niger [xcl] լերկ,*negʷ-,"bare, naked",7,,kaikki,root,
train-e78d164aee6e75d8-01,[por] ontem [por] ontem,*negʷ-,nan,2,6523.0,iecor,nan,
train-5ffa13345779e878-01,[xcl] բամ [grc] φημί [grc] φαμί [lat] for,*bʰéh₂ti,"to speak, to be talking",4,,kaikki,verb,
train-b90138a629c504d8-01,[san] मज्जति [lat] mergō,*mésgeti,to sink,2,,kaikki,verb,
train-4fbf5b12b71ed3c0-01,[fri] lotâ [por] lutar [old] luchar [nea] luttà [old] luitier [ang] luter [por] lutar,*leu̯⁽g̑⁾-,nan,7,2637.0,iecor,nan,
train-c8e31d5d049566a2-01,[lit] šálti [lav] salt [oss] sælyn [oss] sælun [lat] saļt [yag] ṓsir- [khw] saryāra [mid] afsārēd,*k̑elH-,nan,8,1857.0,iecor,nan,
train-93634adeca118880-01,[nep] ḍarnu [mai] ḍaranā [hin] ḍaranā [urd] ḍarnā [pal] dara (*darati) [mag] ḍarana [bho] ḍarnā [pun] ḍarnā [kam] vid′ařa- [kât] vadař′e- [kât] vadiř′e- [kal] vide-,*der-,nan,12,2259.0,iecor,nan,
train-5e1be4a96aa3fbd2-01,[wak] win- [oss] winun [oss] wynyn [old] vainatai [ave] vaēnaiti [fas] dīdan [kur] dɨbinit [mid] wēnēd [par] wēnēd [yag] wēn- [bac] oin [sog] wēnt [khw] wēneda [maz] vinde [bak] didak ≠ bine [raj] ạyne ≠ bašdi [del] mivine [lar] abone ≠ ošdi [tat] mivine [haw] mawīno ≠ dī [kur] awanıt [kur] dünē [sar] wand [kam] vâň′a- [kât] vâň′a- [kât] vâř′e- [kal] vňe [san] vieňie- [kur] a-ün-ē,*u̯ei̯h₁-,nan,29,1969.0,iecor,nan,
train-74159ca3fe7366f8-01,[hit] 𒉈𒂊𒁉𒅖 [lyc] 𐊗𐊀𐊂𐊀𐊛𐊀𐊈𐊀 [xlu] 𒋫𒀊𒉺𒀸𒊭 [bre] neñv [cym] nef [gle] neamh [gla] nèamh [ell] νέφος [san] नभस् [ave] 𐬥𐬀𐬠𐬀𐬵 [hye] նամ,*nébʰos,"cloud, mist, moisture",11,,kaikki,noun,
train-d28daedc6ef361dc-01,[del] migere,*gʰrebh₂-,nan,1,9186.0,iecor,nan,
train-cb94112178d5071b-01,[kho] reeni,*leh₂-,nan,1,9448.0,iecor,nan,
train-2b8ac3c2929a0bb1-01,[hyw] saṙ [hye] saṙowycʿ [xcl] saṙn,*k̑ers-,nan,3,605.0,iecor,nan,
train-ee49176a7773c232-01,[xcl] հուր [xcl] *puh₂r- [xcl] հն-ոց [xcl] *ph₂wéns [lav] pūrs [lav] pūr̨i [lav] kvieši [lav] rudzi [lav] mieži [lit] pū̃ras [prg] panno [prg] pure [grc] πῦρ [grc] πῠρᾰ́ [hye] պուրի [grc] πύρνον [xto] por [txb] puwar,*péh₂wr̥,"fire, spelt (grain)",20,,kaikki,noun,
train-98b4db344c6426b6-01,[deu] verstecken [fle] verstaeken [deu] verstecke,*(s)tei̯g-,nan,3,5454.0,iecor,nan,
train-17d71e4fca5de516-01,[sga] téit [san] अतन् [sqi] ndej [grc] τείνω [lav] tît [lit] ti̇̀nti [lit] tenė́ti [goh] donēn [lat] teneō [grc] τιταίνω [lav] tìkls [lit] tiñklas [prg] sasintinklo [san] तन्त्र [pus] تور [san] तन्तु [lat] tōlēs [lat] tonsillae [mid] ttn',*ten-,"to stretch, extend",26,,kaikki,root,
train-bd1faf91cafd128c-01,[non] rakr [lat] rogō,*h₃roǵós,"stretching out, stretched out, erected",2,,kaikki,adj,
train-6dfd4c26e32b4eda-01,[lat] horreō [san] जाहृषाण [lat] horror [lat] hīrtus [grc] χέρσος [xcl] ձառ [san] घृषु [pus] زيږ [san] हृष्,*ǵʰers-,"stiff, surprised",9,,kaikki,root,
train-1a25422bd8abff2a-01,[grc] ὀνοστός [lat] onustus,*h₃enh₂ostos,loaded; burdened,2,,kaikki,adj,
train-6a00d9d2a61c1311-01,[grc] τέλσον,*kʷelsós,"turning, far, distant",1,,kaikki,adj,
train-71a7baed98c338c3-01,[cat] dret [nld] rechts [eng] right [fle] regtsch [fra] droit [deu] rechts [lad] dret [fas] rāst [por] direito [spa] derecho [wal] dreûte [lux] riets [fri] dret [ron] drept [fra] drai [old] derecho [kum] rāstī [fri] rjochter [deu] rächt [meg] diréptu [old] dret [bak] rāst [del] dæsse rɒs [lar] rās [maz] dasse rāst [kur] dasi rās [bal] dase rās [tat] rāste dast [haw] dasī řās [kur] ṛās [raj] rạs [mid] reht [mid] recht [wak] wurzg [por] direito [kur] rās,*h₃reg̑-,nan,36,276.0,iecor,nan,
train-c38b6c5cb8935ea6-01,[cat] sec [fra] sec [por] seco [sar] siccu [sar] siccu [spa] seco [wal] sètch [lat] siccus [kho] ṣkalä [old] sec [ang] sec [fra] seu [old] seco [sog] škwi [old] sec [old] sec [khw] ǝkǝk [por] seco [mil] sèch,*sek-,nan,19,867.0,iecor,nan,
train-43ef84fc461852ec-01,[san] मोदति [san] मोदते [lit] mudrùs [lav] mudrs [san] मुद्र [san] मोद [san] मुद्,*mewd-,to rejoice,7,,kaikki,root,
train-9a0a291393506c5b-01,[kas] białka,*bʰelH-,nan,1,5188.0,iecor,nan,
train-33a1b1a17309ae45-01,[grc] -σα [lat] -sī,*-st,Forms perfective verbs from roots.,2,,kaikki,suffix,
train-0ebe630ac1522c5c-01,[kum] jwān,*h₂i̯eu̯-,nan,1,7732.0,iecor,nan,
train-8e3904a6f7b12de0-01,[kur] xē [kum] xwā [bal] wād [kur] xʷe [kur] xwā [kur] xwā,*su̯eh₂d-,nan,6,3501.0,iecor,nan,
train-472e6c19790701ea-01,[xto] kärkäṣ*,*kerg⁽ʷ⁾ʰ-,nan,1,3056.0,iecor,nan,
train-fcef627d1dc33f40-01,[hit] u̯arša-,*?*h₁u̯ers-,nan,1,5411.0,iecor,nan,
train-7e0f92df259314e9-01,"[bul] mal″k [bel] malen′kì [ces] malý [sor] mały [sor] małki [mkd] mal [pol] mały [rus] malen'kij [hbs] malen [slk] malý [slk] majhen [ukr] malij [chu] malŭ [pol] molĕ [kas] môłi [old] mały [old] malý [old] malyi [rus] malώj [mkd] màlka, màluk [mkd] màluk [slk] majhen [slk] maihin, maihen",*meh₁-,nan,23,1173.0,iecor,nan,
train-c4ae2ca3583c7133-01,[san] याचति [lit] juoktis [lav] joks [lit] juokas [lat] iocus,*yek-,to utter,5,,kaikki,root,
train-af77f093082edb44-01,[old] taka [isl] taka [far] taka [nob] ta [elf] tågå [dan] tage [swe] ta [old] taka [nor] ta,*teh₂⁽g̑⁾-,nan,9,5341.0,iecor,nan,
train-4bab284ea20f575f-01,[grc] μέδω [grc] μέδομαι [grc] μήδομαι [lat] medeor [cym] meddu [sga] midithir [xto] mem [txb] maim [sga] mess [lat] modus [xcl] միտ [ang] metod [ang] meted [ang] metud [ang] meotod [ang] meotud [old] metod [non] mjǫtuðr [grc] μήδεα [sqi] mas [ave] 𐬬𐬍𐬨𐬀𐬛 [old] azdā,*med-,"to measure, to give advice, healing",22,,kaikki,root,
train-5fe42014965db4df-01,[lit] jū́šė [prg] iuse [san] यूस् [lat] iūs,*yéwHs,"soup, broth, fermented product; leaven",4,,kaikki,noun,
train-ab26815905e3dc0f-01,[hit] 𒋫 [xlu] 𔑢𔗬 [xlu] 𔓯𔖩 [lyc] 𐊋𐊂𐊆 [hye] երկու [hye] երկուս [hye] երկուք [hye] կրկին [xto] wu [xto] we [txb] wi,*dwóh₁,two,14,,kaikki,num,
train-474981923c3289be-01,[pal] kir,*kerH-,nan,1,6931.0,iecor,nan,
train-d3bdaa2079ec2c4a-01,[hit] šūu- / šūuau̯-,*?*seu̯H-,nan,1,2280.0,iecor,nan,
train-de1692daf8ffa6cf-01,[sga] do·icc,*h₂nek̑-,nan,1,8320.0,iecor,nan,
train-5081f17ba694c12b-01,[ell] tréchō [grc] tréchō [ell] tréchō [ell] tréchō [ell] tréchō [ell] tréx(n)o,*dʰre⁽g̑⁾ʰ-,nan,6,5027.0,iecor,nan,
train-c3c5ad0c57512ba5-01,[sqi] herdhe [hit] arki- [xcl] որձիք [gle] úirí [grc] ὄρχις [ave] 𐬆𐬭𐬆𐬰𐬍,*h₁órǵʰis,testicle,6,,kaikki,noun,
train-8c7e604ccd89a848-01,[xcl] bir [hye] bir,*bʰerH-,nan,2,3369.0,iecor,nan,
train-76b34f883635b737-01,[san] पवते [san] पवयति [san] अपविष्ट [san] अपाविषुर् [san] पव [san] पवन [lat] pūrus [lat] putō [san] पावक [san] पवाक [fas] پاک,*pewH-,"to be clean, pure",11,,kaikki,root,
train-f4ccc7ff09fc4f5c-01,[lit] pláuti [lit] pláuju [sga] luithir [san] प्लावयति,*plowéyeti,"to float, swim, to wash, rinse",4,,kaikki,verb,
train-f1bb8f16596c160f-01,[cym] brathu [mid] brathu,*bʰresdʰ-,nan,2,4357.0,iecor,nan,
train-fadc92582dce381f-01,[hye] անկյուն [grc] ἄγκος [lat] ancus [san] अङ्कस्,*h₂énkos,"curve, bend",4,,kaikki,noun,
train-62d8c263bcc1e090-01,[pun] mīⁿh,*h₃mei̯gʰ-,nan,1,9517.0,iecor,nan,
train-d82c966b3acb2b14-01,[gaw] bōṭ,*u̯ert-,nan,1,9747.0,iecor,nan,
train-1cd3b8d3839436c0-01,[fas] parwāz kardan [par] wazēd [sog] frawazti [pas] alwatal [khw] wazeda [sar] raweekht,*u̯eg̑ʰ-,nan,6,1993.0,iecor,nan,
train-2fd4826b7dabf717-01,[cel] paetrute [gmy] 𐀤𐀵𐀫 [grc] τέταρτος [san] चतुर्थ [lat] quārtus,*kʷetwr̥tós,fourth,5,,kaikki,det,
train-0a727f9c995463ab-01,"[aln] natë [bul] nošt [bel] noč [cat] nit [ces] noc [dan] nat [nld] nacht [eng] night [far] nátt [fle] nacht [fra] nuit [deu] Nacht [ell] nýchta [isl] nótt [ita] notte [lad] nuet [lit] naktìs [sor] noc [sor] nóc [mkd] noḱ [pol] noc [por] noite [nob] natt [rus] noč' [sar] notte [sar] notte [hbs] noć [slk] noc [slk] noč [spa] noche [swe] natt [ukr] nìč [wak] naɣ̌d [wal] nut' [grc] nýx [lav] nakts [prg] nacktien [lat] nox [chu] noštĭ [lux] Nuecht [fri] gnot [fri] nacht [gau] noxt- [sqi] natë [old] nos [elf] ną̊t [old] nat [ell] nýx [pol] nüc [kas] noc [ell] nýchta [ell] nýchta [ell] nýfta [ell] nýchta [lat] nakts [nea] notte [old] nuit [ang] nuit [fra] né [old] noche [ron] noapte [old] noc [mid] nos [old] noc [rus] n′ïč [slk] noč [slk] núzh [deu] Nacht [old] nuech [meg] no̯ápti [sqi] natinë [old] nit [mid] nos [bre] nos, nosezhiad [bre] nos, noswezh [mid] nos [lat] nôz [old] nos [cym] nos [dal] nu̯at [goh] naht [old] nacht [mid] nacht [ang] niht [old] naht [mid] nacht [old] nótt [got] nahts [nor] natt [por] noite [mil] nòc",*negʷ-,nan,91,266.0,iecor,nan,
train-fe17215d74d2848e-01,[grc] μαίνομαι [lat] comminīscor [lat] reminīscor,*mn̥yétor,to think,3,,kaikki,verb,
train-8f7287e2e4aeca95-01,[gae] eagal [gae] bí eagla ar [gae] aggle,*gelH-,nan,3,2627.0,iecor,nan,
train-91b4a06328d9bd20-01,[pal] 𒄩𒀀,*h₂eh₁-,"to burn, be hot",1,,kaikki,root,
train-62602cf558266ccd-01,[hit] šalli- / šallai-,*selH-,nan,1,5334.0,iecor,nan,
train-0d39f6ea1bfec1cb-01,[kho] nāste [yag] nōs-,*h₂nek̑-,nan,2,6564.0,iecor,nan,
train-a438e98f751b7f08-01,[lat] iter,*h₁éytr̥,"way, course",2,,kaikki,noun,
train-3fc54b4e16014514-01,[lav] kaût [lit] káuti [xto] kot- [txb] kaut- [lit] kuodas [lat] cauda [lat] caudex [lat] cōdex [lit] kū́jis [xto] ko- [txb] kau- [fas] کُشتَن [fas] کوشیدن,*kewh₂-,"to hit, to strike, to forge",25,,kaikki,root,
train-9231fff123e11acd-01,[hyw] daṙjnel [hye] daṙnal [xcl] daṙnam,*dʰerg̑ʰ-,nan,3,660.0,iecor,nan,
train-45e07290d0658703-01,[nep] tānnu [ben] ṭānā [ass] ṭānā [sqi] ndanj,*ten-,nan,4,4163.0,iecor,nan,
train-73eb1dafbc24bb77-01,[mkd] mazen,*mag̑-,nan,1,1941.0,iecor,nan,
train-aec30169a4585891-01,"[hyw] kin [hye] kin [bul] žena [bel] žančyna [ces] žena [dan] kvinde [far] kona, kvinna [ell] gynaíka [isl] kona [gae] bean [sor] žeńska [sor] žona [mkd] žena [fas] zan [rus] ženŝina [hbs] žena [slk] žena [slk] žena [swe] kvinna [ukr] žìnka [prg] genno [chu] žena [sin] gǣni [kur] žɨnɨk [grc] gynḗ [sga] ben [ave] jaini [xcl] kin [hit] *kuu̯an- [xlu] u̯āna- [nob] kvinne [gau] bnanom [gae] ben [old] ban- [old] kona [elf] kwinnfuok [gae] boireannach [ell] ku-na-* [ell] gynḗ [pol] zenă [mid] zan [par] žan [xto] kᵤli [txb] klyiye [ell] genaíka [ell] (g)ynaíka [ell] gynaíka [ell] naíka [kas] zayn [cym] dynes [old] żona [old] žena [old] žena [kum] ẓank- [rus] žoná [mkd] žèna [mkd] žèna [slk] žena [slk] ṡhena [mid] benyn [lat] bennen [bac] zino [bak] zine [del] zen [lar] zen [bal] ǰenēnzāg [kur] žın [tat] zeyniye [maz] zan, zenā [raj] jan [kur] žın [haw] žanī [old] kona [got] qino [nor] kvinne [kur] žɨn",*gʷen-,nan,76,671.0,iecor,nan,
train-fa062b674776feaa-01,[lat] studeō [gle] tuit [gle] tit [gla] tuit [san] तुदति [san] तुतोद [lat] tutudī [san] तोद [lat] tussis [sqi] shtyj [grc] Τυδεύς [grc] Τυνδάρεος [lat] tudes [lat] tuditō [lat] studium,*(s)tewd-,"to push, to hit",18,,kaikki,root,
train-6011f96635055707-01,[gae] áirigh [grc] arithméō [sga] ad·rími [ell] arithméō [cym] cyfri [mid] cyfrif [got] garaþjan,*h₂rei̯-,nan,7,1692.0,iecor,nan,
train-0b91b435b6466abd-01,[kal] meši,*mánu-s-,nan,1,7009.0,iecor,nan,
train-faaf90f50c5c57fd-01,[mag] niman,*melh₂-,nan,1,4500.0,iecor,nan,
train-72639bfa1a8d7d9a-01,[lat] mēiō [lat] mingō [nld] miggelen [san] मीढ [san] मीळ्ह [lat] mictus [hye] մեզ [san] मेह [ave] 𐬨𐬀𐬉𐬰𐬀 [grc] μοιχός [sqi] përmjerr [fas] میزیدن [fas] میختن [txb] miśo,*h₃meyǵʰ-,to urinate,21,,kaikki,root,
train-d86f55c3a32deb9c-01,[grc] ἔβην [san] अगात् [ave] 𐬔𐬁𐬝 [hye] կամ [hye] կենալ [grc] *βίβημι [grc] βιβᾱ́ς [san] जिगाति [grc] βεβάασῐ [grc] βέβηκᾰ [san] जगायात् [sga] baïd [grc] (ἀμφισ)βητέω [grc] (συ)βωτέω [sga] at·bath [sga] bath [cym] bad [grc] βέβαιος [grc] βωμός [hye] կայք [xcl] կամն [grc] βιβάω [grc] βιβάζω [san] जगत् [san] गा [san] ग,*gʷeh₂-,"to step, to go, to stand",26,,kaikki,root,
train-936e4c7660449abe-01,[cym] ehedfan [cym] hedfan [sga] ette [ell] ίπταμαι [san] पतति [ave] 𐬞𐬀𐬙𐬀𐬌𐬙𐬌 [lat] petō,*péth₂eti,to fly,7,,kaikki,verb,
train-4e6d923296e46d32-01,[gle] cinn [san] खञ्जति [ell] σκάζω [grc] σκάζων [chu] шѧгати,*(s)keng-,"to limp, hobble, to tilt, be askew",6,,kaikki,root,
train-ca1191d6612519c8-01,[hyw] zist,*sed-,nan,1,5956.0,iecor,nan,
train-e2f898531846d4d5-01,[par] kambīg,*kemb-,nan,1,6963.0,iecor,nan,
train-59022519e5f83772-01,[sar] wokht,*u̯eg̑ʰ-,nan,1,3661.0,iecor,nan,
train-bb5c5c5b7c6b4c42-01,[sog] āwazē,*u̯eg̑ʰ-,nan,1,9075.0,iecor,nan,
train-c642508c58082e99-01,[oss] widag [oss] wedagæ [kho] bāga [sog] wēx [wak] wʉyʉx [par] wēx,*u̯ei̯(H)-,nan,6,3264.0,iecor,nan,
train-8c4649ed1782c7e2-01,[lit] skelė́ti [prg] skellants,*skel-,"to be obligated, owe, to be guilty",2,,kaikki,root,
train-036fd9dd4b5f8d75-01,[pas] ratlal,*tekʷ-,nan,1,15.0,iecor,nan,
train-049b3c9102daae88-01,[lit] žeñgti [mid] gīht,*ǵʰengʰ-,"to walk, to step",2,,kaikki,root,
train-b2da322bc314d047-01,[hit] 𒀭𒁕𒀭 [gle] ann [gla] ann [grc] ἔνδον,*h₁n̥dóm,"inside, within",4,,kaikki,adv,
train-279e2080a8e4af97-01,[ell] δείχνω [san] देशयति [san] दिशति [san] दिश् [lat] in-dex [lat] iū-dex [lat] vin-dex [san] देश [ell] δικαίωμα [san] दिशा [grc] δεῖγμα [san] दिष्ट [lat] dictus [lat] digitus [lit] daiktas,*deyḱ-,"to point out, to show",19,,kaikki,root,
train-918dbfbe3ebb0538-01,[lit] bàkstelėti [lav] bakstīt [grc] βάκτρον [lat] baculum,*bak-,"peg, club",6,,kaikki,root,
train-a0f928adaca7bd18-01,[xto] śālyi [txb] śwālyai,*g̑i̯eu̯H-,nan,2,7115.0,iecor,nan,
train-11e36534ef9bb735-01,[gle] deimhin [gla] deimhinn [grc] θῆμᾰ [grc] θημών [grc] εὐθήμων [san] धामन् [ave] 𐬛𐬁𐬨𐬀𐬥 [ave] 𐬛𐬁𐬨𐬄𐬥 [ave] 𐬛𐬅𐬨𐬀𐬥,*dʰéh₁mn̥,"that which is established, house, home",12,,kaikki,noun,
train-b3d20a8fbc6cfb83-01,[san] rud- [lav] raudāt [lat] rauduot [bho] ronā [hin] ronā [nep] runu [pal] ríi [ave] uruϑ [mag] ronā [urd] ronā [pal] rodati [pun] roṇā [gaw] riŋūg [pas] wretu [kal] vṛö-,*reu̯dH-,nan,15,6062.0,iecor,nan,
train-f2d9f5432363e84a-01,[lit] blyškė́ti [lit] blizgė́ti [lav] blaiskums [lav] blaizgums [san] भ्रेजते,*bʰleyǵ-,to shine,5,,kaikki,root,
train-eaf719b3a87624dc-01,[san] श्वसति [lat] queror [txb] kwäsnātär [eng] hissen [mid] hussen [mid] hissen [san] श्वासयति [san] शुष्णस् [san] श्वास [xcl] շունչ [xcl] շշունջ [xcl] շշուկ [lit] švañkšti,*ḱwes-,"to puff, sigh",14,,kaikki,root,
train-578ba62df580c614-01,[fra] dormir [ita] dormire [lad] dormì [por] dormir [sar] drommire [sar] (d)ormire [spa] dormir [wal] dwèrmi [lat] dormīre [fri] durmî [cat] dormir [ron] a dormi [nea] rurmì [old] dormir [ang] dormir [fra] dreumi [old] dormir [old] dormir [old] dormir [meg] durmíri [dal] dormér [por] dormir [mil] durmìi,*drem-,nan,23,931.0,iecor,nan,
train-a54c701b847acde4-01,[grc] órnis [ell] o-ni-ti-ja-pi [ell] órneon [ell] órnö(n),*h₃er-,nan,4,4903.0,iecor,nan,
train-91e3e31d4c5c8c47-01,[fle] woud [deu] Wald [deu] Wald [goh] uuald [old] wold [mid] walt [ang] weald [old] uuald [mid] wout,*u̯elH-,nan,9,3130.0,iecor,nan,
train-b26842b8d0f7539c-01,"[old] milin [gau] melino- [mid] melen [bre] melen [bre] mëlen [cym] melyn [mid] melyn [old] melin [mid] melyn [lat] mellyn, mellen",*melit-,nan,10,1089.0,iecor,nan,
train-b86018606f92effc-01,[pun] suṭṭṇā,*selg̑-,nan,1,9537.0,iecor,nan,
train-5840e365de0d1d99-01,[ell] ιξός [lat] viscum,*weyḱs-,"mistletoe, cherry",2,,kaikki,noun,
train-4b8924adff2b5ad5-01,[ron] tare,*teh₂li-,nan,1,6558.0,iecor,nan,
train-c787df606599a672-01,[sqi] qull [lit] šlúoti [lat] cluō [eng] Clyde [grc] κλύζω [grc] κλῠ́δων [xcl] լուրթ [lat] cloāca [cym] clir [xcl] լուրջ [lav] slaucīt [lav] slaukt [lav] slota [lit] šlúota [lit] šlaukýti [lit] sliaũkti,*ḱlewH-,"to clean, rinse, slide",16,,kaikki,root,
train-17504a57ce3af21c-01,[hit] palḫi-,*pleh₂-,nan,1,5264.0,iecor,nan,
train-82489f685e67f46b-01,[sin] hitanavā [pal] cinteti,*kʷei̯t-,nan,2,3035.0,iecor,nan,
train-ee7852b8095336fa-01,[lit] pàs [grc] πός,*pós,"afterwards, post-, by, at",2,,kaikki,adv,
train-41089f663913c7af-01,[lav] sieviete [lat] sīvīte,*k̑ei̯-u̯o-,nan,2,2430.0,iecor,nan,
train-e5b9470815fd4e27-01,[hyw] tal [hye] tal [ben] deoẏā [bul] dam [bel] dac′ [cat] donar [ces] dát [fra] donner [ell] dínō [hin] denā [ita] dare [kas] dyon [lad] dé [lit] dúoti [sor] daś [sor] dać [mkd] dade [mar] deṇe [nep] dinu [fas] dādan [pol] dać [por] dar [rus] dat' [sar] dare [sar] giàre [hbs] dati [sin] denavā [slk] dať [slk] dati [spa] dar [ukr] dati [wal] diner [san] dā- [urd] denā [lat] dare [chu] dati [prg] dāt [lav] dot [grc] dídōmi [mai] denā [kur] dɨdet [fri] dâ [ave] daδāiti [oss] dættyn [oss] dættun [xcl] tam [osc] deded [umb] dede [gau] dede [bho] denā [pal] dadāti [mag] denā [ell] di-do-si [ell] dídōmi [pol] dot [kas] dac [mid] dayēd [par] dahēd [ell] dṓnnō [ell] dí(g)ō [ell] diṓ [ell] dínō [lat] dūt [old] doner [ang] doner [ron] a da [old] dar [pal] díi [nea] rà [old] dać [old] dáti [old] dati [rus] dátɪ [mkd] dàvam [mkd] dàvam [slk] dati [slk] dati [bac] lauado [bak] dādak [old] dounar [old] donar [meg] dari [kho] dik [sqi] dhe [kum] dō'a [lar] ade [maz] dene [kur] adāt [bal] dant [tat] āndiye [haw] maḏo [kur] dē [raj] ạde [gaw] dǟg [old] dadātu [del] miye [dal] duọr [sar] dhud [ass] diẏā [gaw] ɬik [pas] detaau [pun] deṇā [por] dar [vâs] -pili- [kam] př′e- [kât] př′e- [kal] pra- [san] přoːta [mil] dàa,*deh₃-,nan,109,405.0,iecor,nan,
train-208d1486f2816232-01,[ell] έ- [xcl] ե- [xcl] է-,*h₁é-,"the augment, a part of the past tense in Armenian, Greek, Indo-Iranian and Phrygian",3,,kaikki,prefix,
train-5c2e8483d9d76f73-01,[chu] šui [san] savyá- [ave] haoiia [mid] hōy [par] hōy [txb] saiwai,*(H)seu̯-,nan,6,2779.0,iecor,nan,
train-ae661470f2445dd3-01,[sqi] dhen [grc] γένεσις [san] जाति [old] 𐎢𐏀𐎫𐎡 [lat] gēns,*ǵénh₁tis,"birth, production",5,,kaikki,noun,
train-27534c1c527d73b0-01,[bre] kuzhat [cym] cuddio [grc] κεύθω [grc] κύστις [goh] hutta [san] स्कुनाति [bre] kil [cym] cil [gle] cúl [gla] cùl [lat] cūlus [grc] σκύλος [cym] cwd [lat] cutis [xto] kāc [xto] kāts [txb] kātso [non] há [eng] scale [isl] skáli [swe] skål [swe] skåla [lat] scūtum [grc] σκῦτος [grc] κύτος [hye] սուզել [lit] kiáutas [prg] keuta [lit] kutỹs [lit] kẽvalas [eng] shun [eng] shunt [san] कुहू [san] कुहरम् [lat] custōs,*(s)kewH-,"to cover, conceal, hide, hide, skin",71,,kaikki,root,
train-e3659191e240097b-01,[lyc] 𐊀𐊆𐊗𐊙𐊗𐊀 [hye] ութ [xto] okät [txb] okt,*oḱtṓw,eight,4,,kaikki,num,
train-98e237d44e0fb73e-01,[isl] anga [xcl] անձն [isl] angi [dan] ange [non] ang [sqi] ëj [san] अनिल [lat] anhēlus [lat] hālō [ave] 𐬅𐬥𐬍𐬌𐬌𐬀 [sqi] ëndë [fas] هناهین [san] व्यान [ave] 𐬬𐬌𐬌𐬁𐬥𐬀𐬌𐬌𐬁 [pus] ځان [txb] añiye [txb] anāsk- [txb] onolme,*h₂enh₁-,to breathe,19,,kaikki,root,
train-caee2fa949589e5e-01,[txb] kele,*kʷelh₁-,nan,1,7117.0,iecor,nan,
train-e16d6b906f2e7a49-01,[hit] -𒉿𒅈,*-wr̥,Derives object nouns from verbal roots.,1,,kaikki,suffix,
train-2f56d21485bb3ee6-01,[lat] ferōx [lat] ferīnus [grc] θήρα [grc] θηράω [grc] θήραμα [xto] śaru [txb] śerwe,*ǵʰwer-,"wild, wild animal",7,,kaikki,root,
train-da28b93f9eee7456-01,[lav] jāt [lit] jóti [san] याति [san] अयासम् [sga] á [cym] iawl [gle] áil [gla] àill [grc] ζῆλος [san] यामन् [xcl] ջան [san] यान [lat] Iānus [lat] iānua [san] यावन् [xto] yā- [txb] iyā- [grc] ζητέω [grc] ζημία [gle] áit [gla] àite [san] या,*yeh₂-,"to go, to go in, enter, to ride, to travel",22,,kaikki,root,
train-87fb35a0d4825e66-01,[grc] δῖος [gmy] 𐀇𐀹𐀍 [gmy] 𐀇𐀄𐀍 [san] दिव्य [lat] dīus,*diwyós,heavenly,5,,kaikki,adj,
train-7bc90a8ae465fd8d-01,[grc] πίμπρημι [grc] πρήθω [grc] ἔπρησα [hit] 𒉺𒊏𒀀𒄿 [hit] 𒉺𒊑𒉺𒊏𒀀𒄿 [pal] pa-ri-pa-ra-a-i [hit] pa-ri-ip-ri-iš-ke/a-,*preh₁-,"to blow on, stoke",7,,kaikki,root,
train-f90f06fad53682c8-01,[ell] chlío,*g̑ʰlei̯-,nan,1,6272.0,iecor,nan,
train-31f8c8041ee60dbc-01,[sqi] lyp [san] लुभ्यति [sqi] lubi [san] लोभयति [mid] pdrwbynd [san] लुब्ध [lit] liaupsė [san] लोभ [san] लुभ्,*lewbʰ-,"to desire, covet, want (someone or something), to admire, praise, to love, to be disturbed",9,,kaikki,root,
train-acd0419e4ca23f3b-01,[grc] εἶπον,*wéwket,to say,1,,kaikki,verb,
train-13a8e69d64ffd99a-01,[ell] ácharo,*g̑ʰer(H)-,nan,1,6170.0,iecor,nan,
train-20c5943af40ef53d-01,[sqi] nip [sqi] mbesë [grc] ἀνεψιός,*népōts,"grandson, descendant, nephew",3,,kaikki,noun,
train-a351c6153f7c91f8-01,"[bul] pâs″k [bel] pâsok [ces] písek [sor] pěsk [sor] pěsk [mkd] pesok [pol] piasek [rus] pesok [hbs] pijesak [slk] piesok [slk] pesek [ukr] pìsok [chu] pěsŭkŭ [pol] ṕosăk [kas] piôsk [old] piasek [old] piesek [rus] p′isók [mkd] p′àsuk [mkd] p′àsuk [slk] pesek [slk] peiſſek, peiſſik",*?*pē(n)s-,nan,22,1168.0,iecor,nan,
train-6da4d446c98b8911-01,[san] grīvā́ [pal] gīvā [par] grīw,*gʷriH-u̯eh₂-,nan,3,4144.0,iecor,nan,
train-a31e30198278f14d-01,[xcl] իժ [txb] auk,*h₁ógʷʰis,"snake, a mythic serpent or dragon that is slain by a great hero in Indo-European mythology",3,,kaikki,noun,
train-50b4246d30bc783a-01,[sor] činić [ell] poí(g)ō [old] czynić [old] činiti,*kʷei̯-,nan,4,6096.0,iecor,nan,
train-e38239f27e4d1ac9-01,[xto] käln- [txb] käln-,*ḱl̥néwti,to be listening,2,,kaikki,verb,
train-69a70eec0832c266-01,[xto] ar- [txb] er- [san] ऋ [xcl] յարեայ [grc] ὦρτο [san] आर्त [ave] 𐬎𐬰𐬁𐬭𐬆𐬱𐬎𐬎𐬁 [txb] ertär [hit] 𒅈𒉡𒊻𒍣 [hit] 𒅈𒉡𒍣 [hye] հառնել [hye] արի՛ [grc] ὄρνῡμι [san] इयर्ति [ell] όρος [eng] oro- [ita] oro- [hit] 𒀀𒊒𒈾𒀸 [hye] արմ [xcl] արթ- [grc] ὀρίνω [lat] ormenos [grc] ὀροθῡ́νω [grc] ἐρέθω [grc] ἐρίζω [ell] έριδα [ell] Ερινύς [ell] Ερινύες [eng] Erinys [eng] Erinyes [lat] orior [xto] ār- [txb] ār-,*h₃er-,"to move, to stir, to rise, to spring, to quarrel, fight",43,,kaikki,root,
train-fc825bf9e314c1f9-01,[old] hamaranam akunauš,*h₃er-,nan,1,8842.0,iecor,nan,
train-f8a9f5519dcd2c44-01,[grc] πένομαι [xcl] հենում,*(s)penh₁-,"to twist, to weave",2,,kaikki,root,
train-ab42693ede671cd7-01,[san] चोदति [sqi] hedh [fas] چست [lav] kûdît [lav] kûdinât [lit] skiautė [lit] skutai,*(s)kewd-,"to advance, push, to drive, propel",7,,kaikki,root,
train-ca10aa07b6826c7b-01,[sqi] varr [lit] érdvė [cym] erw [grc] *ἔρα [grc] ἔραζε [txb] āre,*h₁er-,earth,6,,kaikki,root,
train-360882d725d4af15-01,[grc] βελτίων [lat] dēbilis,*bel-,strength,2,,kaikki,root,
train-f53446266a4f715f-01,[aln] prefët [bul] ost″r [bel] vostry [ces] ostrý [lit] aštrùs [sor] wótšy [sor] wótry [mkd] ostar [pol] ostry [rus] ostryj [hbs] oštar [slk] ostrý [slk] oster [ukr] gostrij [txb] akwatse [chu] ostrŭ [lav] ass [lat] acūtus [sqi] mprehtë [kas] òstri [osc] akrid [lat] oss [ron] ascuțit [old] agudo [old] ostry [fri] uçât [old] ostrý [rus] óstrωj [mkd] òstra [mkd] òstra [slk] oster [slk] oſter [sar] accuzzu,*h₂ek̑-,nan,33,468.0,iecor,nan,
train-f526a15a74400324-01,[lat] currere [nea] correre [ita] correre [fri] cori [lad] core [sar] kúrrere [sar] cúrrere [old] corir [ang] coure [fra] courir [wal] cori [fra] korri [cat] córrer [old] correr [spa] correr [por] correr [old] courrer [old] córrer [por] correr [mil] cùr,*⁽k̑⁾ers-,nan,20,5110.0,iecor,nan,
train-c3daf9774b34a5ec-01,[lav] pûri [lav] pûŗi [lit] pūrai̇̃ [prg] pure [chu] пꙑре [rus] пыре́й [ukr] пирій [eng] furze [grc] πῡρός [san] पूर,*puHrós,"A type of grain, possibly: wheat, spelt",17,,kaikki,noun,
train-dc7406962a4675e9-01,[bre] klor,*kleh₂ro-,plank,1,7992.0,iecor,nan,
train-c892db56a7f0073a-01,[cat] pell [fra] peau [ita] pelle [lad] pel [por] pele [sar] pedde [sar] pedde [wal] pê [spa] piel [fri] piel [ron] piele [nea] pelle [old] pel [ang] pel [fra] pÿô [old] piel [old] peou [old] pell [dal] pi̯al [por] pele [mil] pèl,*pel-,nan,21,295.0,iecor,nan,
train-4823a103d86ba523-01,[xcl] ənkenum,*sengʷ-,nan,1,5952.0,iecor,nan,
train-4c7f93e5992a8dd0-01,[sga] Buchet [grc] ἑκατόμβη [san] शतगु [old] 𐎰𐎫𐎦𐎢𐏁,*ḱm̥tógʷus,possessing 100 cows,5,,kaikki,adj,
train-2b990ba209484119-01,[san] वाञ्छति [san] वनोति [lat] venus [lat] Venus [san] वनस् [lat] venēnum [sqi] vuaj [sqi] uni [sqi] uri,*wenh₁-,to love,9,,kaikki,root,
train-3a622447f982dbba-01,[far] renna [deu] rennen [nld] rennen [eng] run [deu] renne [old] renna [ang] iernan [old] renna [got] rinnan,*h₃rei̯H-,nan,9,6947.0,iecor,nan,
train-f65e7eea81722eea-01,[xcl] արտ [xcl] ագարակ,*h₂éǵros,"field, pasturage",2,,kaikki,noun,
train-573f356f890340d0-01,[san] नप्ती [ave] 𐬥𐬀𐬞𐬙𐬍 [lat] neptis,*néptih₂,"granddaughter, niece",3,,kaikki,noun,
train-685ae442da16aaf8-01,[lav] pret [lav] pretī [lav] pretējs [grc] προτί [grc] πρός [grc] ποτί [grc] πός [grc] ποι [gmy] 𐀡𐀯 [san] प्रति [old] 𐎱𐎫𐎡𐏁,*próti,"towards, against",14,,kaikki,adv,
train-64074d56eaf8077c-01,[ang] cnūian [ang] cnūwian [non] knúi,*gnewH-,to press,5,,kaikki,root,
train-e27a63506a5c9ef9-01,[sqi] jetoj,*i̯et-,nan,1,432.0,iecor,nan,
train-d43883f972fc36ea-01,"[cat] muntanya [fra] montagne [ita] montagna [por] montanha [sar] muntagna [sar] monte [spa] montaña [wal] montagne [lat] mōns [fri] mont [old] monid [mid] menez [ron] munte [nea] muntagna [old] mont [ang] munt [fra] man [old] monte, montanna [bre] meneż [bre] maneż [cym] mynydd [mid] mynyd [old] minid [old] mountagna [meg] múnti [old] muntanya [mid] meneth [lat] meneth, menneth, mener [por] montanha [mil] muntagna",*men-,nan,30,910.0,iecor,nan,
train-4e8d6895fb57ef88-01,[xcl] ջով [lit] jãvas [lit] javai̇̃ [lav] java [lav] javas [bre] yell [gle] eorna [gla] eòrna,*yéwos,"cereal, grain, barley, spelt",8,,kaikki,noun,
train-d8ae1f4016971ea4-01,[fas] oftādan [grc] píptō [ell] péftō [pal] patati [ben] paṛā [mar] paḍaṇe [kas] pyon [kho] pīttä [ell] píptō [mid] ōftēd [ell] ppéftō [ell] péfto [ell] péttho [pal] wháida [sog] ampatǝt [lar] afte [ass] pôri jûwā [del] mofte,*pet-,nan,18,7561.0,iecor,nan,
train-12ee4885479af872-01,[sor] wojować [sor] wójowaś,*u̯ei̯h₁-,nan,2,4996.0,iecor,nan,
train-906d7361a84af7a5-01,[gae] crann [sga] crann [gau] prenne [old] pren,*kʷres-,nan,4,1757.0,iecor,nan,
train-ab2c153bc4debbde-01,[nea] ammulato,*melh₂-,nan,1,8099.0,iecor,nan,
train-3ca1ef0e2c447027-01,[grc] ὄλπη [lat] sulpur [lat] sulphur [grc] ἔλπος [grc] ἔλφος [san] सर्पिस् [xto] ṣälyp [txb] ṣalype [san] सृप्र [mid] clp [pus] څورب,*selp-,"fat, oil",15,,kaikki,root,
train-61eeb4fe7ef777d6-01,[sqi] vjehërr [lit] šẽšuras [grc] ἑκυρός,*swéḱuros,father-in-law,3,,kaikki,noun,
train-8400373a5420fb64-01,"[urd] cānd [mag] cāṅd [pal] canda [hin] cānda [bho] cānd [ben] cām̐d [sin] san̆da / han̆da [pun] caⁿn, caⁿd",*(s)kend-,nan,8,2338.0,iecor,nan,
train-d8f0173cd3c2caf0-01,[lux] Uebst [goh] obaz [mid] obez [ang] ofet [mid] ooft,*h₁ed-,nan,5,1136.0,iecor,nan,
train-15f69421afbf50f4-01,[kho] yīndä [ave] kərənaoiti [mid] kunēd [par] karēd [oss] kænyn [san] kr̥- [oss] kænun [ben] karā [mai] karanā [bho] karanā [hin] karanā [nep] garnu [kas] karon [yag] kun- [kur] dɨket [mag] karanā [urd] karnā [fas] kardan [mar] karaṇē [sin] karanavā [pal] karoti [wak] car- [bac] kirido [sog] kunti [bak] kerdak [khw] ǝkkica [pun] karnā [gaw] kerik [kho] korik [tat] kār miyare [maz] kār konde [del] kɒri miko [lar] aku [kur] akat [kur] kaē [haw] makaro [ass] kôrā [kum] tka [bal] dārī kant [raj] kạr ạkare [gaw] kärūg [pas] kawal [old] kunauti [sar] chewg [pas] katu [kam] k′u- [kât] k′u- [kât] k′u- [kal] ća- [san] ko- [kur] a-k(a)-ā,*kʷer-,nan,51,5037.0,iecor,nan,
train-51e0200951760047-01,[kho] pāysä [bac] pazo [sog] pāz [wak] pʉz [khw] anbāz [sar] puz,*peh₂g̑-,nan,6,3747.0,iecor,nan,
train-3fcf8014903fc1a2-01,"[lit] žolė̃ [lav] zāle [pol] zilĕ [ell] chloī́, chloḯ(n) [lat] zuole",*g̑elh₃-,nan,5,1576.0,iecor,nan,
train-f18a18b79397ca59-01,[cel] -ío [sga] -a [grc] ὅς [lat] iam,*Hyós,"that, who, which (relative)",6,,kaikki,pron,
train-b21ee6fea8c512d1-01,[lit] (nu)krìsti [lav] krist [lat] kryt,*kret-,nan,3,2621.0,iecor,nan,
train-88116895e2a81e96-01,[fle] duwen [nld] duwen,*tu̯enk-,nan,2,8253.0,iecor,nan,
train-dc7bc0f48eb8c13f-01,[lat] crūs [xcl] srownkʿ [hyw] srowng,*k̑reu̯H-,nan,3,6120.0,iecor,nan,
train-ea6d5ed7c08a9036-01,[xto] eṃtsäṣtär [txb] eṅkastär,*h₁nek̑-,nan,2,7157.0,iecor,nan,
train-b9b5285ea24cb982-01,[xto] pärkär [txb] pärkare [wak] varz [sog] βǝrzi [del] bolænd [pas] oogad [khw] βažik,*bʰerg̑ʰ-,nan,7,3381.0,iecor,nan,
train-42460cad6cb92fe8-01,[san] अश्रेत् [ave] 𐬥𐬌𐬯𐬭𐬍𐬙𐬀 [lat] cliēns [ave] 𐬥𐬌𐬯𐬭𐬌𐬥𐬀𐬊𐬨𐬌 [grc] κέκλιται [san] शिश्राय [grc] κλίμα [sqi] qye [hye] լինել [hye] լեռ [gle] cliabh [gla] cliabh [cym] cledr [lat] clēmēns [san] श्रि,*ḱley-,"to lean, slope, incline",15,,kaikki,root,
train-ec6cd9ba80e5eb3b-01,[kas] gnôt,*?*gnet-,nan,1,4291.0,iecor,nan,
train-2390846612af4c8e-01,[sin] idimenavā [chu] dǫti sę [bul] poduvam se [mkd] să nadùvam [mkd] să nadùvam [tat] memāse [haw] mamāso [par] āδmāsēd [sog] δmās [wak] pəðməṣ̌,*dʰmeH-,nan,10,9905.0,iecor,nan,
train-b2a4051eca963503-01,[hye] բդկել,*bʰeyd-,to split,1,,kaikki,root,
train-2a7a3385f95ea75f-01,[pol] polować [ukr] polûvati [bel] palâvac′ [slk] poľovať [kas] pòlowac,*pleh₂-,nan,5,4527.0,iecor,nan,
train-3567fc024a67657d-01,[ell] mýtī [ell] moýttī [ell] mýta [ell] mytí(n) [ell] mýtthī,*meu̯k-,nan,5,1515.0,iecor,nan,
train-111d4655a21fddd6-01,[hit] 𒅗𒀀𒀭𒆠 [san] शङ्कते [san] शङ्कयति [lat] cū̆nctor [san] शङ्का,*ḱenk-,to hang,6,,kaikki,root,
train-c3c635a5ec7764c3-01,[prg] kalis [grc] ἄσπαλος [ave] 𐬐𐬀𐬭𐬀 [lat] squalus,*(s)kʷálos,"large fish, sheatfish",4,,kaikki,noun,
train-548ee6f886545847-01,[isl] kringlóttur [old] kringlóttr,*?*greng̑ʰ-,nan,2,9606.0,iecor,nan,
train-9754f6429fb109fb-01,[nld] slang [fle] slang [fri] slang(e) [deu] Schlange [lux] Schlaang [deu] Schlange [mid] slange [mid] slanghe,*slenkʷ-,nan,8,302.0,iecor,nan,
train-4e738c28d0505827-01,[grc] πήγνυμι [lat] prōpāgō [lat] pangō [lat] pactus [grc] πάγη [grc] πῆγμα [lat] prōpagmen [lat] pāgus [grc] ἅπαξ [lat] pāla [lat] pālus [lat] paxillus [grc] πάχνη [lat] pessulus [lat] repāgulum [xcl] հաստ [lav] poga [sqi] mpij [xcl] աստեմ [cym] aelod [grc] πάγος [grc] πάσσαλος [grc] πηγή [grc] πηγός [ave] 𐬞𐬁𐬰𐬀𐬤𐬵𐬀𐬧𐬙 [san] पज्र [san] पाजस् [lat] pāgina [lat] compāgēs,*peh₂ǵ-,"to attach, fix, fasten",29,,kaikki,root,
train-afb07a1edc414a7e-01,[xcl] գեղմն [lat] vellus [ang] wlōh [lit] valai̇̃ [grc] λῶμα [grc] λάχνη [grc] λάχνος [grc] λάσιος [lat] villus [lat] adūlor,*h₂welh₁-,hair; wool,10,,kaikki,root,
train-35632e30ae49ec5a-01,[hye] ձի,*ǵʰéyos,horse,1,,kaikki,noun,
train-07b555503f414a42-01,[sqi] grika [pas] glon,*gʷerh₃-,nan,2,9650.0,iecor,nan,
train-608d53a5a06946f5-01,"[bul] top″l [bel] cëply [ces] teplý [gae] te [sor] śopły [sor] ćopły [mkd] topol [pol] ciepły [rus] tëplyj [hbs] topao [slk] teplý [slk] topel [ukr] teplij [chu] toplŭ [sga] tee [gae] teth [gae] çheh [gau] tess(i)-/teđđ(I)- [mid] toem, tomm, tom [pol] teplă [kas] cepłi [nep] tāto [kas] totə [pal] táatu [bre] tomm [bre] tuemm [old] ciepły [old] teplý [rus] téplωj [mkd] să stupl′ova [mkd] să stupl′owa [slk] topel [gaw] tapa [pas] tod [gaw] tat [mid] tom [lat] tubm [pas] tapik [kam] tâp′i [kât] tap′i",*tep-,nan,40,6178.0,iecor,nan,
train-475e1af68048fbe6-01,[sin] pæṇirasa æti [vâs] vur′us,*(h₁)res-,nan,2,7780.0,iecor,nan,
train-11a994eea1a543aa-01,[grc] ἔμολον [grc] βλώσκω [grc] βλωθρός [grc] Μόλος [grc] μῶλος [lat] prōmellō [xto] mlusk- [txb] mlutk-,*melh₃-,"to step forward, to go, come",8,,kaikki,root,
train-8040b29a86acc31c-01,[hye] նստել [prg] sindants [lav] sēsties [lit] sė́sti [grc] ἵζω,*sísdeti,to be sitting down,5,,kaikki,verb,
train-a8d71d98da82527c-01,"[bul] ezero [bel] vozera [ces] jezero [lit] ẽžeras [sor] jazor [sor] jězor [mkd] ezero [pol] jezioro [rus] ozero [hbs] jezero [slk] jazero [slk] jezero [ukr] ozero [prg] assaran [chu] jezero, jezerŭ [lav] ezers [kas] jezoro [lat] azars [old] jezioro, jeziero [old] jezero [old] zaozerič [rus] ózero [slk] jezero [slk] jeṡeru, yṡèru",*h₁eg̑ʰ-,nan,24,1148.0,iecor,nan,
train-a0e841564dbbccb6-01,[san] जेष् [san] जितम् [san] जिगाय [san] जय [san] जित,*gʷey-,"to win, to conquer, force",5,,kaikki,root,
train-cab4d04fbf0f2d85-01,[lit] liūdė́ti [sqi] lut [lit] liū̃dnas,*lewd-,"to crouch, duck, bend",3,,kaikki,root,
train-6d90c53f6f946392-01,[lat] memordī [lat] momordī [san] मर्दति [lat] mordeō [ave] 𐬨𐬋𐬭𐬆𐬧𐬛𐬀𐬝 [old] vi-mạr(n)datiy [lat] merda [grc] σμερδνός [lav] smards [lit] smárdas [lat] morsus [hye] մարտ [grc] σμερδαλέος [xto] märtk [txb] märtk,*(s)merd-,"to bite, to sting",16,,kaikki,root,
train-c173ebf673f9f2db-01,[san] असृपत् [grc] (ἐξ)ἧρψα [lat] serpsī [san] ससर्प [sqi] shtërpij [sqi] gjarpër [san] सर्प [lat] serpēns [grc] ἑρπετόν,*serp-,"to creep, crawl",10,,kaikki,root,
train-9e7869d3c381c8d2-01,[lav] usne [lit] usni̇̀s [lit] usnė [pus] اوږه [lat] ūniō,*wósh₂r̥,"garlic, onion (genus Allium)",5,,kaikki,noun,
train-8b2c9497568d7b59-01,[gae] muineál [ave] manaoϑrī [sga] muin [gae] mwannal [old] mun [gau] man- [mid] mynwgyl [mar] māna [pal] máaṭu [gaw] manda [gaw] män [pas] mandu [vâs] minig,*men-,nan,13,1728.0,iecor,nan,
train-b08625441bd428ad-01,[goh] tenar [grc] θέναρ [san] धनुस् [ave] 𐬚𐬀𐬥𐬎𐬎𐬀𐬥 [ave] 𐬚𐬀𐬥𐬎𐬎𐬀𐬭𐬆 [old] 𐎰𐎵𐎢𐎺𐎴𐎡𐎹 [lat] femur,*dʰénwr̥,"arc, bow, palm (of hand), sole (of foot)",8,,kaikki,noun,
train-ba842bfd0cff5dff-01,[bel] karotkì [ces] krátký [sor] krotki [sor] krótki [mkd] kratok [pol] krótki [rus] korotkij [hbs] kratak [slk] krátky [slk] kratek [ukr] korotkij [chu] kratŭkŭ [pol] korťĕ [kas] krótczi [old] krótki [old] krátký [old] korotkyi [rus] korótkωj [slk] kratek [slk] kratek,*(s)kert-,nan,20,8276.0,iecor,nan,
train-a9ead8a767de556e-01,[raj] ạʋeze,*u̯eg̑ʰ-,nan,1,6778.0,iecor,nan,
train-b10998b27031a325-01,[nld] slecht [fle] slecht [deu] schlecht [lux] schlecht [deu] schlächt,*slei̯g̑-,nan,5,181.0,iecor,nan,
train-d9378febb9c1d380-01,"[sga] -aid [grc] -άω [grc] -ῶ [lat] -ō, -āre [san] -आयति [san] -आपयति",*-eh₂yéti,"Creates iterative, frequentative, or intensive verbs., Creates causative verbs.",6,,kaikki,suffix,
train-40c3a99c1afc0b27-01,[grc] ἔοργε [ell] οργή [grc] -ουργός [gmy] -𐀺𐀒 [sqi] argëtoj [sqi] argëtim [grc] ὄργανον [grc] ὄργιον [grc] ὄργῐᾰ [gmy] 𐀺𐀫𐀑𐀍𐀚𐀍 [san] स्ववृष्टि [xto] wärkṣäl [txb] warkṣäl,*werǵ-,to make,15,,kaikki,root,
train-ac23e941b3d881b6-01,[gae] beinn,*bend-,nan,1,4072.0,iecor,nan,
train-0c3dc2deaca6078f-01,[gmy] 𐀑𐀴𐀋𐀯,*tḱéyti,"to settle, to populate, to live, to dwell (i.e to be settled), to cultivate",1,,kaikki,verb,
train-4d5d58828f8e0610-01,[hye] իր [lit] -s [prg] sien [grc] ἕ [grc] ἑκάς [grc] ἧλιξ [grc] σφεῖς [san] -स्व [lat] sē [lat] suī [lat] sibi,*swé,self (reflexive pronoun),55,,kaikki,pron,
train-2182b5378feeadde-01,[kho] tsītä [oss] cæwyn [kur] dɨčit [par] šawēd [oss] cæun [yag] šau̯- [wak] č̣aw- [bac] šaoido [sog] šawt [khw] māsaweda [maz] šune [raj] ạše [del] miʃe [lar] aši ≠ raft [kum] čōt [tat] mišö [kur] ačıt [kur] čū [kur] a-č-ē,*kʷi̯eu̯-,nan,19,5021.0,iecor,nan,
train-cae200eeb36bb164-01,[lit] mẽlas [grc] μέλεος [lat] malus [xto] smale [hye] մեղք [xcl] մեղմեխ [sga] millid [grc] βλᾰ́σφημος [xcl] մող [xcl] մոլիմ [xcl] մոլորիմ,*(s)mel-,"false, erroneous, bad, evil",11,,kaikki,root,
train-6d9cffcc06990b2c-01,"[hyw] otkʿ [hye] otkʿ [ben] pā [cat] peu [dan] fod [nld] voet [eng] foot [far] fótur [fle] voet [fra] pied [fri] foet [deu] Fuß [ell] pódi [isl] fótur [ita] piede [lad] pe [mar] pāya [fas] pā [por] pé [sar] pe [sar] pe [sin] paya [swe] fot [wak] pʉð [wal] pî [hit] pāt- / pat-, pata- [xto] pe [txb] paiyye [grc] poús [san] pā́t [lat] pēs [lux] Fouss [mai] pair [kur] pē [fri] pît [ave] pad [xcl] otn [old] pāda [osc] pedú [umb] peři [xlu] pāta-, pad(i)- [nob] fot [old] foter [elf] fuot [pal] pāda (pādo) [ell] po-de [kho] pai [ell] poús [mid] pāy [par] pāδ [ell] póin [ell] pódi [ell] póda(s), podári(n) [bho] pair [ell] pîdár [old] pié [ang] pé [fra] pi [old] pie [ron] picior [nea] pere [yag] pṓda [urd] pāvn [hin] pām̐va [kum] pā [bak] pā [bac] palo [deu] Fuess [tat] pā [sog] pāδ [del] pɒ [lar] pā [bal] pād [kur] pe [old] ped [meg] pičór [khw] pāδa [old] peu [haw] pā [raj] pạ [pun] pair [pas] pe [kho] pong [dal] pič [dal] pins [goh] fuoz [sar] pedh [old] fōt [mid] vuoz [ang] fōt [old] fôt [mid] voet [old] fótr [got] fotus [spa] pie [nor] fot [por] pé [mil] pè",*ped-,nan,98,225.0,iecor,nan,
train-78fc02ef3be659b6-01,[sga] do·beig [xcl] եբեկ [xcl] բեկանեմ [lit] bengiú [lit] beñgti [lit] bai̇̃gti [lav] bèigt [lit] bei̇̃gti [san] भनक्ति [xto] pkänt [txb] pkante [mid] di-fo [mid] diuo [gle] bocht [gla] bochd [sga] ráthbuige [san] भङ्ग [fas] سونجه [fas] vsönǰ- [fas] sönǰ- [san] भञ्ज्,*bʰeg-,to break,21,,kaikki,root,
train-2dbf6d9d3f8e5b6d-01,[bul] reka [bel] raka [ces] řeka [sor] rěka [sor] rěka [mkd] reka [pol] rzeka [rus] reka [hbs] rijeka [slk] rieka [slk] reka [ukr] rìka [chu] rěka [spa] río [por] rio [sar] erríu [cat] riu [pol] rekă [kas] rzéka [old] río [ron] râu [old] rzeka [old] řěka [old] rěka [rus] r′iká [mkd] r′ä̀ka [mkd] r′ä̀ka [slk] reika [sar] riu [old] riu [por] rio,*h₃rei̯H-,nan,31,6197.0,iecor,nan,
train-33db95d0e54e5243-01,[cym] poeth [mid] poeth [kho] pec̣,*pekʷ-,nan,3,7276.0,iecor,nan,
train-2d53e336f6ab93e0-01,[grc] δειλός [grc] δεῖμα [grc] δειμός [grc] δεινός [grc] δέος [xcl] երկիւղ [lat] dīrus [xcl] երկն [xcl] երկնեմ [xcl] երկնչիմ [san] द्वेष्टि [ave] 𐬛𐬎𐬎𐬀𐬈𐬱- [mid] byštn' [mid] byš,*dwey-,to fear,14,,kaikki,root,
train-9dc9d7d3103533ec-01,[grc] ἐρεύθω [gle] rú Mhuire [lat] russus [sga] rondaid [sga] fo·roind [sga] ruisse [lat] rōbur [grc] ἐρυσίπελας [lit] raũmins [lit] raumuõ [sqi] fruth [sqi] pruth,*h₁rewdʰ-,red,12,,kaikki,root,
train-de9806c0319236bc-01,[kur] dɨhavēžit,*pei̯s-,nan,1,8314.0,iecor,nan,
train-d94d4784a4785b45-01,[lav] sìrgt [lit] sir̃gti [xto] särk [san] सूर्क्षति,*swergʰ-,"to be ill, to take care of",4,,kaikki,root,
train-4e354c7a88552666-01,[san] विजते [san] विविजे [san] वेजयति [san] वेग [ave] 𐬬𐬀𐬉𐬖𐬀 [grc] οἴγω,*weyg-,"to bend, wind, turn, alternative form of *weyk-",6,,kaikki,root,
train-bb78857965b23683-01,[grc] á̧dō [ell] á̧dō,*?*h₂u̯ei̯d-,nan,2,2900.0,iecor,nan,
train-f7fb3a5b794b2d2e-01,[lat] lībum [grc] ἄλειφαρ [grc] ἀλοιφή,*h₂leybʰ-,"to pour, anoint, to consecrate?",4,,kaikki,root,
train-84cf4246419a5a8b-01,"[ben] sāp [cat] serp [fra] serpent [hin] sām̐pa [ita] serpente [mar] sāpa [nep] sām̐pa [sar] serpente [wal] sièrpint [aln] gjarpën [mai] sāṅp [urd] sāmnp [lat] serpēns [kas] saraph [por] serpente [spa] serpiente [sqi] gjarpër [pal] sappa [mag] sāṅp [ron] șarpe [nea] serpe [old] serpent [ang] serpent [fra] sarpë [old] sierpe, serpiente [bho] sāṁp [old] serp [meg] șárpi [sqi] gjarpri [old] serp [pun] sapp [por] serpente [ass] xāp",*serp-,nan,33,825.0,iecor,nan,
train-76366ede7d9e5b50-01,[gae] ceathrú,"*kʷetu̯or-, *kʷ(e)tu̯r̥-, *kʷ(e)tur-",nan,1,6732.0,iecor,nan,
train-24b2c59e1eda6342-01,[san] चेतति [san] चितयन्ति [san] चिकेत [ave] 𐬗𐬌𐬐𐬋𐬌𐬙𐬆𐬭𐬆𐬱 [san] केतु [grc] κισσός,*keyt-,"to shine, glow",8,,kaikki,root,
train-4b475e3c14259aee-01,[kur] sto,*steh₂-,nan,1,8692.0,iecor,nan,
train-3b37aa016790e64b-01,[kum] dār,*déru- ~ *dóru- ~ *dru-,nan,1,7689.0,iecor,nan,
train-fb71855da7bcf31b-01,[san] तुक् [san] तुच् [lav] tàuki [lit] taukai̇̃ [prg] taukis [san] तोक [san] तोक्म [lat] tūcētum [lat] tuccētum,*tewk-,"to become swollen, fat",17,,kaikki,root,
train-be47bb1c60a3645c-01,[sqi] thur [xcl] սարդ [sqi] thark [xcl] սարիք [xcl] սարք [grc] καῖρος [san] शृङ्खल,*ḱer-,"to plait, weave, rope, string",7,,kaikki,root,
train-0cf7040d0337900e-01,[lar] dehnay,*dei̯-,nan,1,8549.0,iecor,nan,
train-4c188cd3d102516b-01,[oss] art [oss] art [ave] ātar [kur] agɨr [mid] ādur [par] ādur [yag] ōl [sog] ātr [kur] āwır [pas] or [khw] ādira [kur] āgır [haw] ayr [sar] yuc [kur] āwɨr,*h₂eh₁-,nan,15,1957.0,iecor,nan,
train-58d0cf8911fec282-01,[fas] خوال [lat] sordeō [sqi] Vardar [grc] Βαρδάριος [lat] sordēs,*swerd-,"dirty, dark, black",5,,kaikki,root,
train-6ea029b792fdb702-01,[xcl] լուաւ [grc] κλύω [san] अश्रोत् [ave] 𐬯𐬭𐬀𐬊𐬙𐬏,*ḱléwt,to hear,4,,kaikki,verb,
train-3ef9820ec0a8b831-01,[ron] departe [meg] dipárti,*perh₃-,nan,2,6803.0,iecor,nan,
train-1e10809c02803c56-01,[grc] λᾱκέω [grc] ληκέω [grc] λάσκω [grc] λακερός [lat] lancinō [lat] lacer [lat] lacerō [grc] λᾰκίς [grc] λᾰκίζω [san] रायति [ave] 𐬭𐬀𐬌𐬌𐬀𐬧𐬙 [grc] λᾰ́λος [lat] lallō [grc] λῆρος [lat] lāmentum [lat] lātrō [sqi] leh,*leh₂-,"to bark, howl",17,,kaikki,root,
train-d12e595dc054f25b-01,[rus] k′ẹl′úx,*kʷeh₂l-,nan,1,7659.0,iecor,nan,
train-61bdc6b6e3599a18-01,[san] आरा,*h₁ólos,awl,1,,kaikki,noun,
train-31c7bd89d1c2b6d8-01,"[aln] dhe [lit] žẽmė [sor] zemja [sor] zemja [mkd] zemǰa [pol] ziemia [rus] zemlâ [hbs] zemlja [slk] zem [slk] zemlja [ukr] zemlâ [chu] zemlja, zem(ĭ)ja [prg] semmē [lav] zeme [bul] zemâ [ces] země [ave] zam [hit] tēkan / takn- [xto] tkaṃ [txb] keṃ [xlu] takami- [bel] zâmlâ [pol] ziḿă [kas] zemia [par] zamīg [lat] zeme [old] ziemia [old] země [old] zemlę [rus] zẹml′á [mkd] z′èmja [mkd] z′èmja [yag] zōy [slk] zemlja [slk] ṡemla [sqi] dhe [bac] zamigo [sog] zāy [sqi] dhe [kur] zamīn [kur] zaü","*dʰég̑ʰ-om-, *dʰg̑ʰ-ém-, *dʰg̑ʰ-m-",nan,41,384.0,iecor,nan,
train-49aa804b6164939d-01,[mar] maū,*meld-,nan,1,4174.0,iecor,nan,
train-0dc7349d18ffc0d7-01,[gle] téad [gla] teud [bre] tant [cym] tant [grc] τᾰτός [san] तत [lat] tentus,*tn̥tós,"stretched, extended",11,,kaikki,adj,
train-e8e5949421f4a4b7-01,[grc] ἤνεσα [san] असनत् [grc] ἀνύω [san] सनोति [xcl] ունիմ [san] ससान [san] सात [san] सनितृ [san] सनित्र [san] गोषणि [san] सन्,*senh₂-,to obtain,11,,kaikki,root,
train-ce625bc4cc015532-01,[san] ह्रादते [ave] 𐬰𐬭𐬁𐬛𐬀 [fas] زره [sga] ad·gládathar [grc] κέχλαδα [txb] krāt- [cym] griddfan,*ǵʰreh₁d-,to sound,7,,kaikki,root,
train-22787c59253515d0-01,[non] svagla [isl] súgur [grc] ἠχή [grc] ᾱ̓χᾱ́ [grc] ἰάχω [grc] ἰαχή,*sweh₂gʰ-,to sound,6,,kaikki,root,
train-0864a320b88075f0-01,[sqi] thnegël [hye] օձ [hye] անգի [gle] eascann [gla] easgann [cym] llysywen [lat] anguis [deu] Unke [fas] یغنیج,*h₂éngʷʰis,snake,10,,kaikki,noun,
train-69852a914afa5192-01,[kho] heḍä [yag] t̰afár- [sog] ϑβarti [khw] hāβreda [kur] a-w(a)-ā,*bʰer-,nan,5,1709.0,iecor,nan,
train-3479efb6c5a4bd72-01,[lat] interficere,*dʰeh₁-,nan,1,5118.0,iecor,nan,
train-f505efaa8a4ba783-01,[bre] moes,*?*mogʰu-,nan,1,1086.0,iecor,nan,
train-0e0b7b832ccaf476-01,[cym] befer [sga] Bibar [lat] Bibracte [lat] fiber,*bʰébʰrus,beaver,4,,kaikki,noun,
train-dbc408c2e12a615d-01,[xcl] ամուրի [grc] ἱέρᾱξ [xto] wir,*wiHrós,"man, husband, warrior, hero",3,,kaikki,noun,
train-42a85bec19c6d326-01,[lav] lauks [lit] laũkas [san] लोक,*lowkós,light space,3,,kaikki,noun,
train-c0071039bcff3d19-01,[san] क्षोदन्ति [san] क्षोदन्ते [san] क्षुणत्ति [san] अक्षोदयत् [ave] 𐬑𐬱𐬎𐬯𐬙𐬀 [san] क्षुण्ण [fas] شستن,*k⁽ʷ⁾sewd-,"to crush, disperse, to disintegrate",8,,kaikki,root,
train-0f99478cd72c8902-01,[lav] dzìmts [lit] gim̃tas [prg] naunagimton [grc] βατός [lat] ventus,*gʷm̥tós,"able to step or go, able to be traversed: passable, come, gone; having stepped, passed, treaded (past participial uses of *gʷem-)",5,,kaikki,adj,
train-655f3ea7bd8472e1-01,[sor] prajić,"*pr̥-, *pró, *prí",nan,1,4832.0,iecor,nan,
train-faf132a61978d5d3-01,"[sga] gin [old] genou [mid] guenou, guenouff [bre] ginoù [mid] geneu [old] genou [mid] ganow [lat] ganow",*g̑enu-,nan,8,1034.0,iecor,nan,
train-7429ba0dc0021a5b-01,[ell] chortári [ell] chortária [ell] chórto [ell] chórtos,*gʰer-,nan,4,1490.0,iecor,nan,
train-db86be2ef4478492-01,[hye] ես [hye] մենք,*éǵh₂,I (first-person pronoun),4,,kaikki,pron,
train-d9a96e50b276816c-01,[san] चायति [grc] τίω [san] चिकाय [grc] τῑμή [san] चिति [san] अपचिति,*kʷey-,"to perceive, notice, to fear, revere",6,,kaikki,root,
train-3604b350f4792040-01,[xcl] aṙnowm [hye] aṙnel [hyw] aṙnel,*h₂er-,nan,3,8293.0,iecor,nan,
train-db244e496cfecaf6-01,[lat] patior [grc] πῆμα [san] पीयति,*peh₁-,"to hate, hurt",3,,kaikki,root,
train-33536a43e8f17448-01,[xto] āp [txb] āp [hit] 𒄩𒉺𒀸 [xlu] 𒄩𒀀𒉿 [xlu] 𒄩𒀀𒉿𒅔𒉌 [lyc] 𐊜𐊂𐊀 [lyc] 𐊜𐊂𐊀𐊆 [pal] 𒄩𒀀𒀊𒈾𒀸 [sqi] amë [lat] amnis [xcl] հաւառի [lav] upe [lit] ùpė [prg] ape [prg] apus [chu] вапа,*h₂ep-,"water, body of water",16,,kaikki,root,
train-93aeb4e55935cb9b-01,[sga] ·ara [grc] ἤροσα [grc] ἄροτος [lat] arātum [grc] ἄρουρα [san] उर्वरा [lat] arvus [sqi] arë [xcl] հարաւունք [xcl] *h₂erh₃-won- [xcl] արաւս,*h₂erh₃-,to plough,11,,kaikki,root,
train-5297eec78f080c0f-01,[hit] 𒈦𒆪𒍑 [xcl] բարձր [lat] Bergimus [lat] Berisamus,*bʰérǵʰus,high,4,,kaikki,adj,
train-5369816ac5a12f85-01,[xcl] աւղի [san] अरुष [ave] 𐬀𐬎𐬭𐬎𐬱𐬀,*h₂elut-,beer,3,,kaikki,noun,
train-4c88154d1053cd94-01,[grc] -έω [san] -अयति [ave] -𐬀𐬌𐬌𐬈𐬌𐬙𐬌,*-éyeti,Forms imperfective verbs from roots.,3,,kaikki,suffix,
train-1a79c86b9e74e8c6-01,[hit] i̯e/a- [xlu] ā- / āi̯a-,*?*Hi̯eh₁-,nan,2,6270.0,iecor,nan,
train-04b7e770365da2b8-01,[grc] ζευκτός [san] युक्त [ave] 𐬫𐬎𐬑𐬙𐬀,*yugtós,"yoked, joined",3,,kaikki,adj,
train-c0e4c41a5e54d480-01,[san] असिचत् [san] सिञ्चति [ave] 𐬵𐬌𐬧𐬗𐬀𐬌𐬙𐬌 [san] सेचनी [lat] Sēquana [non] Sigyn [san] सिक्त [got] 𐍃𐌰𐌹𐍅𐍃 [san] सेक [grc] ἰκμάς [san] सिच्,*seykʷ-,"to moisten, to filter",11,,kaikki,root,
train-31574eab9d87640a-01,[slk] počuť [ukr] čuti [bel] čuc′ [hbs] čuti [bul] čuvam [mkd] čue [kas] czëc [old] čjuti [rus] čútɪ [mkd] čùm [mkd] čùja,*(s)keu̯h₁-,nan,11,4958.0,iecor,nan,
train-34a3b6eb744cca6b-01,[hit] daššu- / daššau̯-,*?*dens-,nan,1,7100.0,iecor,nan,
train-13893c94cfd322a6-01,"[cat] calent [fra] chaud [ita] caldo [lad] ciaut [sar] caldu [sar] caénte [spa] caliente [wal] tchôd [lat] calidus [fri] cjalt [ron] cald [old] chaut [ang] chaud [fra] shô [old] caliente [old] caud, cauda [meg] cáldu [old] calent [por] quente [por] quente [mil] còlt",*k̑el-,nan,21,1274.0,iecor,nan,
train-ba157f672edd313c-01,[sqi] dhëndër [sqi] dhëndërr [sqi] dhandër [sqi] dhândërr [ell] γαμπρός [lat] gener [ave] 𐬰𐬁𐬨𐬌𐬙𐬌 [san] जार [san] जार्य [san] जाया [san] जामि,*ǵem-,to marry,15,,kaikki,root,
train-9ef06933cffa731c-01,[lit] kàsti,*kes-,nan,1,1894.0,iecor,nan,
train-04fbb9d3cb3b2617-01,[lat] ōrdior [lat] ōrdō [lav] ir [lit] ir̃ [prg] ir [prg] er [grc] ἄρα [grc] ἀραρίσκω [xcl] արար- [grc] ἀράχνη [grc] ἀράχνης [lat] arānea [lat] arāneus [grc] ἄρθρον [ell] άρμα [lat] armentum [grc] ἁρμός [grc] ἁρμόζω [lat] harmonia [rus] гармония [lat] arma [hye] արմունկ [lav] ir̃mi [lit] irmėdė [prg] irmo [san] ईर्म [ave] 𐬀𐬭𐬨𐬀 [lat] armus [lat] rāmus [txb] āmpär [lat] ars [xto] ārts [txb] artsa [hye] արդ [lit] arti̇̀ [grc] ἄρτι [hye] արդուկ [grc] ἀρτύς [grc] ἀρτύω [san] ऋतु [ave] 𐬭𐬀𐬙𐬎 [ita] arto [xto] ārt- [txb] ārtt- [non] *err [got] *𐌰𐍂𐌾𐌹𐍃 [grc] ἀρείων [ell] αριστερός [san] अलम् [grc] ἁμαρτή [grc] ὁμαρτέω,*h₂er-,"to fit, to fix, to put together, to slot",79,,kaikki,root,
train-bce345310e0c1424-01,[lit] likti [grc] λείπω [lat] līquī,*léykʷt,to leave,3,,kaikki,verb,
train-15ed5e49cc45a664-01,[grc] εὐρύς [san] उरु [ave] 𐬬𐬊𐬎𐬭𐬎,*h₁wérus,broad,3,,kaikki,adj,
train-e60efbbb74b085bb-01,[grc] πλυτός [san] प्लुत,*plutós,"washed, floated",2,,kaikki,adj,
train-4733667c6b68b6de-01,[por] vermelho [cat] vermell [old] vermejo [old] vermell [por] vermelho,*u̯r̥mi-,nan,5,8254.0,iecor,nan,
train-f45dda8088ac8279-01,[san] ब्रध्न [lav] blàndîtiês [lav] blôdîtiês [lit] blandýtis [eng] blond,*bʰlendʰ-,"to blend, to mix up, to make cloudy, opaque, blond, red-haired, ruddy (alternative/contested) suggests derivation from *bʰel- (“to blaze, be shiny”).",8,,kaikki,root,
train-e23d72a6793c4325-01,[mar] pāhaṇe [san] páśya- ≠ dr̥ś- [pal] páaša [kho] pošik [gaw] päšūg,*spek̑-,nan,5,2231.0,iecor,nan,
train-e96398a8679272b2-01,[hit] māi- [lat] mānis [lat] mānī [lat] mānē [lat] mānēs [lat] mānus [lat] immānis [grc] -μωρος [lat] mātūrus [lat] Mātūta [lat] mātūtīnus [grc] ἀμαυρός [grc] μαυρός,*meh₂-,"good, great, timely, opportune",13,,kaikki,root,
train-744ed6e03af292af-01,[lat] aqua,*h₂ékʷeh₂,water,1,,kaikki,noun,
train-9f45d6630c85dfa7-01,[san] कृप् [san] कृपा [ave] 𐬐𐬆𐬵𐬭𐬞𐬇𐬨 [mid] klp [xcl] կերպ [lat] corpus [xcl] որովայն [sqi] krep [sqi] kurm,*krep-,body,9,,kaikki,root,
train-372065ce0c28a9c4-01,[san] वृणोति [grc] ὁράω [grc] ὤρα [grc] οὖρος [grc] ἔφορος [grc] φρουρός [grc] τῑμωρός [san] वार [sqi] vërej [hit] 𒌑𒂊𒊑𒋾𒄑𒍣 [gle] fear [san] वर,*wer-,"to watch; to keep guard, cover, to notice, heed, be aware (of), be wary (of)",12,,kaikki,root,
train-906a8b371af33c66-01,[ita] asciutto [fri] sut [nea] asciutto [ron] uscat [lad] sut [meg] uscát [dal] sot [vâs] üšky′ö,*seu̯k̑-,nan,8,2493.0,iecor,nan,
train-53dbf5710a7f5d3b-01,[mid] guetid [cym] dweud [sga] as·féna [cym] gwadu [lat] vetō [hit] 𒌓𒋻 [xlu] utar,*weth₂-,to say,7,,kaikki,root,
train-6c32f218af4b715a-01,[xcl] բով,*bʰeh₁-,to foment; warm; bathe,1,,kaikki,root,
train-e6919845d131f172-01,[xlu] išaru̯ila/i-,*g̑ʰes-,nan,1,7068.0,iecor,nan,
train-e6e30ca57605d94f-01,[ave] napta [sog] naβtē [pas] loon,*nebʰ-,nan,3,3395.0,iecor,nan,
train-b74c8f9e6e2b9b83-01,[san] tvák,*tu̯ek-,nan,1,5870.0,iecor,nan,
train-e241af5cc63b1d3c-01,[sqi] ljahem,*leh₃u̯-,nan,1,8497.0,iecor,nan,
train-778956591ba42287-01,[xcl] երթամ [grc] ἔστην [san] अस्थात् [xto] tāmäs,*stéh₂t,to stand up,4,,kaikki,verb,
train-8104a98976741a02-01,[lat] ōs [hit] aiš- / išš- [kas] aes [san] āsyàm [ave] āh [xlu] āšš- [kho] eha [gaw] ā~y [gaw] haansi [vâs] ′iš [kam] âš′a [kât] âš′a [kât] âš′a [kal] âš [san] âš′i,*h₃eh₁-,nan,15,796.0,iecor,nan,
train-dcf180b5ae17d0c1-01,[xcl] aytnum [grc] oidéō,*h₂ei̯d-,nan,2,2994.0,iecor,nan,
train-ef0f97453b5d2ef8-01,[gau] derco,*derk̑-,nan,1,4093.0,iecor,nan,
train-0493d4edca2a6077-01,[lat] pro-prius,*priHós,"pleased, loved",1,,kaikki,adj,
train-5cb53cedb68954a0-01,[san] गूर्त,*gʷr̥Htós,praised,1,,kaikki,adj,
train-4e051c21058501f9-01,[lav] augļi [isl] ávöxtur [lat] augli,*h₂eu̯g-,nan,3,9645.0,iecor,nan,
train-9f04b9d1218f32b6-01,[lat] strāgēs [lat] strāgulus [san] अस्तरीः [grc] στρωμνή [grc] στρῶμα [san] स्तरीमन् [ave] 𐬯𐬙𐬆𐬭𐬆𐬨𐬀 [lat] strāmen [lat] torus [lat] storea [sqi] shtroj [sqi] shtrij [grc] στέρνον [grc] στορέννῡμι [grc] στρώννῡμι [grc] στόρνῡμι [lat] stirps [san] स्तॄ,*sterh₃-,"to spread, extend, stretch out",18,,kaikki,root,
train-0184d8f7733a9691-01,[far] trongur [old] þranger [nob] trang [elf] traungg [old] þrǫngr [nor] trong,*trenk-,nan,6,2814.0,iecor,nan,
train-216a9d4be7debf5c-01,[kas] chòwac [pol] chować [sor] chowaś [sor] chować [ces] schovávat [ukr] hovati [bel] havac′ [old] chować [slk] schovať,*(s)keu̯h₁-,nan,9,5182.0,iecor,nan,
train-e7f195801bc928c5-01,[eng] stilt [deu] Stelze [dan] stylte [ell] στέλνω [lat] locus [ces] štóla [eng] stollen [lat] stolō [grc] στήλη [grc] στόλος [san] स्थल [ell] στολή [eng] stola [eng] stole [ita] stola [pol] stola [spa] estola [swe] stola [san] स्थला [lat] stultus [lat] stolidus [sqi] shtjell [xcl] ստեղն [xcl] ստեղծանեմ [xcl] առաստաղ [lav] stal̃lis [lit] stal̃das [grc] στελεός [grc] στελεά,*stel-,"to put, to place; to locate, to be stiff (< to be set/firm)",75,,kaikki,root,
train-b95aeebcc7485a69-01,[san] प्रवते [san] प्रव [san] प्रुत [fas] پر,*prew-,to jump,4,,kaikki,root,
train-e9ae0e1d1af66290-01,[kur] dɨkevit [par] kafēd [bal] kapīt [maz] kafene [kur] akawıt [kur] kafē [raj] darake [kum] tkō'a [kur] a-kaf-ē,*(s)kep-,nan,9,697.0,iecor,nan,
train-35f7d1808e13c8d1-01,[xcl] կոգի [lav] gauja [lit] gauja [bel] гóўе [bel] гаўя́ [sga] ambue [grc] ἐννεάβοιος [grc] βοῦα [gmy] 𐀦𐀹𐀊 [san] गव्य [ave] 𐬔𐬀𐬊𐬌𐬌𐬀 [xto] kowi [txb] kaiyye [txb] kewiye,*gʷówyos,"bovine, pertaining to cows, made of, or from, cows",14,,kaikki,adj,
train-54b4bc7a089a86f4-01,[sqi] thi [sqi] thaj [lav] sivę̄ns [lav] suvę̄ns [grc] ὗς [grc] σῦς [lat] sūs [txb] suwo,*suH-,"pig, hog, swine",10,,kaikki,noun,
train-2bbdcaef34baf502-01,[san] हति [ave] 𐬘𐬀𐬌𐬧𐬙𐬌 [fas] زدن,*gʷʰéntis,"striking, killing",3,,kaikki,noun,
train-f2f18ccf902928cf-01,"[bul] vât″r [bel] vecer [cat] vent [ces] vítr [dan] vind [nld] wind [eng] wind [far] vindur [fle] wind [fra] vent [fri] wyn [deu] Wind [isl] vindur [ita] vento [lit] vė́jas [sor] wětš [sor] wětřik [mkd] vetar [pol] wiatr [por] vento [nob] vind [rus] veter [sar] bentu [sar] (b)entu [hbs] vjetar [slk] vietor [slk] veter [spa] viento [swe] vind [ukr] vìter [wal] vint [lat] uentus [chu] větrŭ [xto] want [txb] yente [san] vā́taḥ [hit] ḫuu̯ant- [prg] wetro [lav] vējš [lad] vent [fri] vint [ave] vāta [old] vinder [pal] vāta [mar] vārā [mid] avel, auel [kho] bātä [fas] bād [pol] v́otĕr [kas] wiater [mid] wād [kur] ba [par] wād [lat] viejs [ron] vânt [dal] vi̯ant [nea] viento [old] vent [ang] vent [fra] vë [old] viento [bre] awel [bre] awel [cym] gwynt [old] wiatr, wietr [mid] gwynt [old] vietr [rus] v′iter [mkd] v′ä̀tir [mkd] w′ä̀t′ḁr [yag] wōt(a) [slk] veter [slk] veiter [old] avelou [bac] oado [tat] yāvā [sog] wāt [bak] bād [del] bɒ [lar] bāz [bal] gwāt [kur] bā [old] věterŭ [old] vent [meg] víntu [khw] wād [old] vent [ass] bôtāh [raj] ʋạd [kur] wā [haw] wā [gaw] bāla [goh] uuint [old] wind [mid] wint [ang] wind [old] uuind [mid] wint [got] winds [mid] gwyns [lat] guinz, gwenz [nor] vind [por] vento [kur] bā [mil] vént",*h₂u̯eh₁-,nan,105,342.0,iecor,nan,
train-1f904c0808615a2b-01,[hit] 𒄢𒀸𒍣 [hit] 𒄢𒊭𒀭𒍣 [hit] gulzi- [ave] 𐬐𐬀𐬭𐬱𐬀𐬌𐬙𐬌 [fas] کشیدن [san] कर्षति [grc] τέλσον [xlu] gulzā(i)- [san] कृष्,*kʷels-,"to pull, drag, to turn",9,,kaikki,root,
train-22f94512f9ff7e74-01,[hyw] ačʿkʿ [hye] ačʿkʿ [bul] oko [bel] voka [cat] ull [ces] oko [dan] øje [nld] oog [eng] eye [far] eyga [fle] oog [fra] oeil [fri] each [deu] Auge [ell] máti [hin] āṅkh [isl] auga [ita] occhio [kas] aečh [lad] uedl [lit] akìs [sor] woko [sor] woko [mkd] oko [nep] ām̐khā [pol] oko [por] olho [nob] øye [sar] oggiu [sar] ócu [hbs] oko [sin] æsa [slk] oko [slk] oko [spa] ojo [swe] öga [ukr] oko [wal] oûy [xto] ak [txb] ek [mai] aṅkh [lat] oculus [chu] oko [prg] ackis [san] ákṣi [lav] acs [lux] A [urd] ānkh [fri] voli [xcl] akn [aln] sy [sqi] sy [mag] āṅkh [elf] oga [old] ögha [pal] akkhi [ell] -qo-so* [pol] våťü [kas] òkò [ell] mmátin [ell] ommáti(n) [ell] mat [lat] acs [ron] ochi [nea] uocchio [old] ueil [ang] oil [old] ojo [bho] āṅkh [pal] ac̣híi [fra] zu [old] oko [old] oko [old] oko [rus] óko [mkd] òku [mkd] òku [slk] oko [slk] okú [deu] Oug [old] uelh [meg] ocl’u [sqi] si [old] ull [gaw] itsin [gaw] ac̣ [dal] vaklo [goh] ouga [old] āge [mid] ouge [ang] ēage [old] ôga [mid] oghe [old] auga [got] augo [kho] ɣeč [pun] akkʰ [pas] ačii [por] olho [vâs] iž′i ̃ [mil] öc [kam] âč′ẽ [kât] âč′ẽ [kât] âč′e [kal] ačẽ [san] âć′ĩ [nor] auge,*h₃ekʷ-,nan,107,211.0,iecor,nan,
train-3c7f028c5a44be01-01,[pal] phāti,*sp⁽ʰ⁾eh₁-,nan,1,4408.0,iecor,nan,
train-9c46cb618dab2ec9-01,[ell] skéftomai [ell] skéftoymai,*spek̑-,nan,2,1554.0,iecor,nan,
train-1463a66a48168452-01,[grc] καπᾱ́να [lat] dis-cipulus [sga] cúan [old] haban [old] havan [mid] haven [cym] cawg [gle] cuach [gla] cuach [grc] καῦκος [grc] κῆπος [grc] κώπη,*kap-,"to seize, to grab, to hold",17,,kaikki,root,
train-4c5c3defb80fc762-01,[san] स्वानीत् [lat] sonō [cym] honni [san] स्वनयति [sga] seinnid [ave] 𐬀𐬞𐬀𐬓𐬀𐬥𐬎𐬎𐬀𐬌𐬧𐬙𐬌 [lat] sonus [lat] *swenos [lat] *swenh₂-os [san] स्वनति [fas] خواندن [san] स्वनद्रथ [ave] 𐬓𐬀𐬥𐬀𐬝-𐬗𐬀𐬑𐬭𐬀 [san] स्वन् [fas] خوان,*swenh₂-,to sound,16,,kaikki,root,
train-d5ad0aa184782c20-01,[ave] 𐬀𐬉𐬰𐬀𐬵 [sqi] gjah [sqi] gjuaj [san] एह [ave] 𐬀𐬉𐬰𐬀 [xcl] իղձ,*h₁eyǵʰ-,"to desire, long for",6,,kaikki,root,
train-e4d8d8a90366a046-01,[ell] kroú(g)ō,*kreu̯s-,nan,1,6239.0,iecor,nan,
train-b5e5b1245adb864e-01,[fas] zadan [nep] hānnu [ave] jaiṇti [pal] abhihanati [mid] zanēd [par] žanēd [san] han- [bac] zin [bak] zeydak [kum] bẓēna [del] mize [lar] azen [maz] zande [bal] ǰant [tat] mezane [pas] hantaau,*gʷʰen-,nan,16,1998.0,iecor,nan,
train-dc8a2002e7637ff3-01,[hye] ատամ,*h₃dónts,tooth,1,,kaikki,noun,
train-dbc66bfc39fa0ab4-01,[por] perto [por] perto,*pe⁽k̑⁾tu-,nan,2,6521.0,iecor,nan,
train-cea652bbf7d3f3fa-01,[grc] λεῖξαι [lat] lingō [got] 𐌱𐌹𐌻𐌰𐌹𐌲𐍉𐌽 [lav] làizît [lit] laižýti [san] लेहयति [grc] λιχνεύω [san] लिह् [san] रीळ्ह [san] लीढ [san] लेह [isl] sleikja,*leyǵʰ-,to lick,19,,kaikki,root,
train-af5e78d4f2f537d9-01,[grc] σκώψ,*spéḱs,"watcher, spy",1,,kaikki,noun,
train-225a1d57c19d18ac-01,[lit] (pri)rìšti [prg] perrēist,*u̯reik̑-,nan,2,3059.0,iecor,nan,
train-8ab901e98686bd8d-01,[isl] leika [nob] leke [swe] leka [elf] läka [old] leka [old] leika [nor] leike,*lei̯⁽g̑⁾-,nan,7,2833.0,iecor,nan,
train-cde88379f8e5051b-01,[fra] aile [ita] ala [lad] ala [por] asa [sar] ala [sar] ala [spa] ala [wal] éle [lat] āla [fri] ale [cat] ala [old] ala [fra] âla [old] ele [ang] ele [ron] aripă [nea] scella [old] ala [old] ala [dal] jal [por] asa [mil] ála,*h₂ek̑s-,axle,22,958.0,iecor,nan,
train-662fe6912e84e306-01,[sin] kiyanavā [urd] kahnā [mai] kahanā [bho] kahnā [mag] kahanā [ass] kôthā kûwā,*kʷó-,nan,6,1614.0,iecor,nan,
train-a9b7ac383b1d7d90-01,[lit] regzti [san] रज्जु [lav] razga [lit] razgai,*(H)resg-,"to weave, knit",4,,kaikki,root,
train-0d9ee88e53d73708-01,[xcl] եկն [lav] dzimt [lit] gimti [san] अगन् [san] गमति,*gʷémt,"to step, to take a step, to arrive",5,,kaikki,verb,
train-bf0f2cc69efa9936-01,[lat] dormiō,*drem-,to sleep,1,,kaikki,root,
train-ad22fb8a29eddd26-01,[grc] πύργος [ave] 𐬠𐬆𐬭𐬆𐬰𐬆𐬨 [ave] 𐬠𐬆𐬭𐬆𐬰𐬋,*bʰérǵʰs,"something high up, fortified",3,,kaikki,noun,
train-f31b12e42c169991-01,[grc] μόνος [gle] mion [gla] mion [cym] difenwi [gla] meanbh [xcl] մանր [hit] 𒈠𒉌𒅔𒆪𒉿𒀭𒋼𒌍 [lit] meñkas [grc] μανός [san] मनाक् [xto] mank [txb] menki,*men-,"small, isolated",12,,kaikki,root,
train-adcfc7f78cf606f6-01,[kho] rräjsei*,*(h₁)rei̯k⁽ʷ⁾h₂-,nan,1,6970.0,iecor,nan,
train-6701c7deb5144072-01,[lat] conīveō [lat] nictō,*kneygʷʰ-,"to bend, droop",2,,kaikki,root,
train-63e698e81499e969-01,[sqi] labë [lav] luobs [lit] lúobas [lav] luba [lit] lubà [prg] lubbo [grc] λῡ́πη [lit] lùpti,*lewbʰ-,to cut off,8,,kaikki,root,
train-8488024989a3ef0b-01,[ben] āgun [bul] og″n [bel] agon′ [ces] oheň [hin] āga [lit] ugnìs [sor] wogeń [sor] woheń [mkd] ogan [mar] āga [nep] āgo [pol] ogień [rus] ogon' [slk] oheň [slk] ogenj [ukr] vogon′ [urd] āg [san] agníḥ [chu] ognĭ [lat] ignis [lav] uguns [mai] āg [pal] aggi [mag] āg [pol] viďėn [kas] òdżin [lat] guņs [bho] āgi [old] ogień [old] oheň [old] ogonĭ [rus] oɣẹ́n′ [mkd] vògni [mkd] ògni [slk] ogenj [slk] ogîn [pun] agg,*h₁n̥gni-,nan,37,774.0,iecor,nan,
train-86a7bac41672a22b-01,[xcl] գիշեր [grc] ἕσπερος [lat] vesper,*wek⁽ʷ⁾speros,evening,3,,kaikki,noun,
train-05da364418cbdc04-01,[xto] kareṣ [txb] keriṃ*,*gʰer-,nan,2,2778.0,iecor,nan,
train-7676c52739be8a12-01,[hye] ամպրոպ [mid] Amir [mid] Amyr [lat] imber [xto] eprer,*n̥bʰrós,"rain-cloud, with semantic narrowing to rain, cloud",11,,kaikki,noun,
train-a7bff1ca4d60fb15-01,[grc] ἀπόνητο [grc] ὀνίνημι [mid] anaw [lat] Anauus [san] नाथ,*h₃neh₂-,to enjoy,5,,kaikki,root,
train-e81e569200ee4edb-01,[lit] stiga [non] stig [goh] steg [non] stígr [non] stigr [grc] στίχος,*stéyks,path,6,,kaikki,noun,
train-bdd4e1eb738421f4-01,[san] धृष्णोति [old] 𐎠𐎭𐎼𐏁𐎴𐎢𐏁 [lit] drį̇̃sti [grc] θαρσέω [grc] θαρρέω [san] धृष्ट [sqi] nder,*dʰers-,"to be bold, to dare",7,,kaikki,root,
train-0332bf2d2ae61d8c-01,[lat] -or,*-ōs,Creates masculine and feminine action nouns or result nouns from verbs.,1,,kaikki,suffix,
train-e976a3282d65bc1c-01,[lat] iūs [san] योस् [ave] 𐬫𐬀𐬊𐬱 [lat] iūstus [lat] iūrō,*h₂yew-,"straight, upright, right, right, justice, law",5,,kaikki,root,
train-cbc83ebcab716734-01,[sqi] çë [xcl] -չ [hit] 𒆪𒀉 [xlu] 𒆪𒄿 [pal] 𒆪𒀉 [grc] τί [san] चिद् [san] चित् [ave] 𐬗𐬌𐬝 [ave] 𐬗𐬍𐬝 [lat] quid,*kʷíd,neuter nominative/accusative singular of *kʷís: what? which?,11,,kaikki,pron,
train-90cd5602ca6c25d8-01,[sqi] noçë [lav] nāss [lit] nósis [prg] nozy [lat] nāris [lat] nāsus,*néh₂s,nose,6,,kaikki,noun,
train-588cf55362ae3f52-01,[grc] τλᾱτός [grc] τλητός [lat] lātus,*tl̥h₂tós,lifted,3,,kaikki,adj,
train-5b0718fb03e6be2b-01,[cym] pry [mid] pryf,*kʷr̥mi-,nan,2,6533.0,iecor,nan,
train-8d9a4d188b444c99-01,[fra] geler [por] gelar [spa] congelarse [wal] djaler [lat] gelāre [old] geler [ang] geler [fra] zhalâ [cat] congelar-se [old] (y)elar [nea] jelà [ita] congelarsi [old] gelar [old] congelar-se [por] gelar [mil] gelàa,*⁽g̑⁾el-,nan,16,881.0,iecor,nan,
train-75f04cdda03a73c2-01,[kas] lëchi [old] lixyi,*lei̯kʷ-,nan,2,5173.0,iecor,nan,
train-7a3e34416cac022d-01,[mai] nik,*nei̯gʷ-,nan,1,4498.0,iecor,nan,
train-34f97b4a69ba26e8-01,[hyw] hin [hye] hin [gae] sean [lit] sẽnas [gae] sean [san] sána- [sga] sen [gau] senos [gae] shenn [cym] hen [mid] hen [old] hen [old] hen,*sen-,nan,13,622.0,iecor,nan,
train-7b50726ff5246804-01,[pas] katal [vâs] -skoz-,*kʷek̑-,nan,2,5085.0,iecor,nan,
train-40a968d82e3d2c36-01,[cym] dŵad [old] dibid,*bʰu̯eh₂-,"grow, become",2,983.0,iecor,nan,
train-4e7b3c11d4359cde-01,[isl] veiða [ave] vaēiti [kho] byaha yan [old] veiða,*u̯ei̯h₁-,nan,4,1369.0,iecor,nan,
train-d26021f68163a692-01,[lat] sāta,*?*seh₂(i̯)-,nan,1,6353.0,iecor,nan,
train-3dc2ae2565ddac8a-01,[sqi] vjedh,*wéǵʰeti,to be transporting,1,,kaikki,verb,
train-ec4221109902f0dd-01,[lit] stógas [grc] στήλη [san] स्थल [lit] stuomuõ [lav] stāmen [lit] stúomas [grc] στώμιξ [sqi] stër- [san] स्थिर [pus] ستر [xto] ṣtār [lit] stóras [lat] status [grc] στέᾱρ [grc] στεῖᾰρ [grc] στῆρ [sqi] shtyllë [prg] postātwei [prg] postānimai [bre] sevel [cym] sefyll [grc] στάδιος [grc] στάδιον [fas] ایستادن [xto] ṣtäm- [txb] stäm- [grc] σταθμός [lav] stāds [lav] stāvēt [lit] stovėti [xcl] ստուար [grc] σταυρός [lat] īnstaurō [lat] restaurō [grc] στοᾱ́ [grc] στοιᾱ́ [grc] στωῐ̈ᾱ́ [grc] στοιή [grc] στῳᾱ́ [lit] stovà [san] स्थावर [fas] ستاوند [san] स्था,*steh₂-,to stand (up),52,,kaikki,root,
train-59efda6bc059ad34-01,[sar] ruere [sar] órruere,*h₃reu̯-,nan,2,2066.0,iecor,nan,
train-c11b72f21f7d82e7-01,"[gae] sealg [gae] seilg [gae] shelg [cym] hela [mid] hela [old] helcha, helghati [mid] helghya [lat] helfia",*selg̑-,nan,8,1716.0,iecor,nan,
train-ede39c42ff371c76-01,[dal] fosk [lad] fosch,*dʰeu̯s-,nan,2,8021.0,iecor,nan,
train-ebd0de1aa3c23050-01,[lit] kir̃sti [lit] kirstù [lit] kirtaũ [lit] kartùs [prg] kārtai [lav] kretêt [isl] horskur [grc] καρτερός [grc] κρατερός [grc] κρατύς [grc] κρείσσων [grc] κρείττων [grc] κρέσσων [lat] crassus,*kret-,"to be strong, to swell",30,,kaikki,root,
train-58949ae3aa3c4c2c-01,"[hyw] meṙnil [hye] meṙnel [ben] mārā yāoẏā [bul] umra [bel] pamercì [cat] morir [ces] umřít [fra] mourir [hin] maranā [ita] morire [kas] maron [lad] morì [lit] (nu)mir̃ti [sor] wumrěś [sor] wumrěć [mkd] umre [mar] maraṇe [nep] marnu [fas] mordan [pol] umrzeć [por] morrer [rus] umeret' [sar] morrere [sar] mórrere [hbs] umrijeti [sin] mærenavā [slk] zomrieť [slk] umreti [spa] morir [ukr] umerti [wak] mirit [wal] mori [mai] maranā [san] mr̥- [chu] umrěti [lav] (no)mirt [lat] morī [urd] marnā [kur] dɨmɨrit [fri] murî [ave] miriiete [oss] mælyn [oss] mælun [xcl] meṙanim [old] amariyatā [mag] maranā [bho] maranā [pal] marati [mid] meruell, meruel [kho] mīḍe [pol] marĕ [kas] ùmrzec [mid] mīrēd [par] mīrēd [yag] mir- : mírak [lat] nūmiert, miert [ron] muri [nea] murì [old] morir [ang] morir [fra] mwi [old] morir [cym] marw [bre] merwel, marw- [bre] merwel, marw- [pal] máara [old] umrzeć [mid] marw [old] umřieti [old] mertvyi [rus] u̯mértɪ [mkd] umìram [mkd] umìram [slk] umreti [slk] vmréti [bac] mir [sog] mirti [bak] mordak [pun] marnā [old] morir [khw] amiyeda [old] morir [meg] muríri [ass] môri jûwā [gaw] mik [kho] brik [tat] mömöre [del] mimerge [lar] amere [kum] tumra [kur] amrıt [haw] mamro [bal] dārī merīd [pas] mrral [kur] mırē [raj] ạmire [gaw] märūg [maz] miyarne [dal] morár [sar] mewg [mid] merwel [lat] merwall [por] morrer [vâs] o-mo- [pas] muṛtu [kam] mř′e- [kât] mř′e- [kât] mř′e- [kal] mrẽ- [kur] a-mr-ē [mil] murì",*mer-,nan,111,18.0,iecor,nan,
train-439a05a4c5f46747-01,[lav] kvêpêt [lit] kvė̃pti [san] कुप्यति [lat] cupiō [lav] kupêt [lit] kūpėti [lit] kvãpas [grc] καπνίζω [lat] vapor [grc] καπυρός [grc] κύπερος [sga] cobar [cel] cobro- [lit] kūpúoti [cym] peuo,*kwep-,"to smoke, to steam, to boil, aroma, strong odor",15,,kaikki,root,
train-065355dce06093a0-01,[hit] 𒄯𒍝 [hit] 𒄯𒍣 [lat] porceō [lat] parcō [lat] Orcus [grc] ἀρκέω [lat] arcera [lat] arx [lat] arca [lat] arcānus [lat] arcānum [xcl] արգել [xto] Ārśi,*h₂erk-,"to protect, guard, hold, lock",13,,kaikki,root,
train-3d3fbf28ed3d0262-01,[lav] nogalināt [prg] gallintwei [ang] cwellan [old] quellian,*gʷelH-,nan,4,2302.0,iecor,nan,
train-792c4f26cc65e52e-01,[ell] sérō [ell] sýrō [ell] sýrnō,*tu̯er-,nan,3,6249.0,iecor,nan,
train-9177bbdc8e2b0816-01,[meg] pul’,*putslo-,nan,1,9579.0,iecor,nan,
train-bb14a56a214eb9c1-01,[grc] δίδωμι,*dédeh₃ti,to be giving,1,,kaikki,verb,
train-b0810d1738abb7d2-01,"[bul] snâg [bel] sneg [cat] neu [ces] sníh [dan] sne [nld] sneeuw [eng] snow [fle] sneeuw [fra] neige [fri] snie [deu] Schnee [isl] snjór [gae] sneachta [ita] neve [lad] neif [lit] sniẽgas [sor] sněg [sor] sněh [mkd] sneg [pol] śnieg [por] neve [nob] snø [rus] sneg [sar] níe [hbs] snijeg [slk] sneh [slk] sneg [spa] nieve [swe] snö [ukr] snìg [wal] nîvaye [chu] sněgŭ [prg] snaygis [lav] sniegs [lux] Schnéi [gae] sneachd [lat] nix [fri] nêf [sga] snechtae [elf] sniųo [old] snior [pol] sneg [kas] sniég [txb] śiñce* [lat] snīgs [nea] neve [sar] níe [old] noif [ang] neif [fra] nai [old] nieve [gae] sniaghtey [old] śnieg, śnig [old] snieh [rus] s′n′iɣ [mkd] sn′ä̀k [mkd] sn′ä̀k [slk] sneg [slk] ſnég [deu] Schnee [old] neou [old] neu [dal] nai̯ [goh] snio [mid] snê [ang] snāw [old] snêo [mid] snee [old] snjár [got] snaiws [meg] ne̯áu̯ă [nor] snø [por] neve [mil] néf",*snei̯gʷʰ-,nan,74,303.0,iecor,nan,
train-470c0f425d0abc7f-01,[sor] wutšoba [sor] wutroba,*h₁enter-,nan,2,1933.0,iecor,nan,
train-4da925eb1947e864-01,[lat] globuot,*?*gleh₁bʰ-,nan,1,6844.0,iecor,nan,
train-616d301826645566-01,[san] स्फायते [lat] spēs [san] स्फिर [lat] prosperus [lat] sospes [sqi] fuqi [sqi] fuki,*speh₁-,"to succeed, to prosper",7,,kaikki,root,
train-5947e2a2f6fb08e8-01,[khw] mankaneda,*kert-,nan,1,8721.0,iecor,nan,
train-e7f536b1d5f6490d-01,[grc] μείρομαι [lat] mereō [grc] μέρος [grc] μόρος [ell] μοίρα [eng] moirail [eng] moirocaust [bre] marzh [mid] marth [sqi] marr,*(s)mer-,"to assign, allot",15,,kaikki,root,
train-0c8220939e8e1f2b-01,[mid] ʾwšstl [lat] auster,*h₂éwsteros,"in the direction of dawn, east",2,,kaikki,adj,
train-03a900ac40bb9cce-01,[san] रन्धयति [hye] աղանձել [hye] աղանձ [grc] λάσανα [prg] landan [gle] lann,*lendʰ-,to cook,6,,kaikki,root,
train-e2843b3ca5aae093-01,[hye] առիք [xcl] արդն [chu] ратище [chu] ратовище,*reh₁t-,"post, beam, pole",4,,kaikki,root,
train-2aa120cb8e8576bb-01,[lav] viêns [lit] vi̇́enas [prg] ains [grc] οἰνός [grc] οἴνη,*h₁óynos,"one, single",8,,kaikki,num,
train-03f97f316d0f5eef-01,[gle] chonaic [gla] chunnaic [grc] δέδορκεν [san] ददर्श [san] ददृशे [san] पश्यति [ave] 𐬛𐬁𐬛𐬀𐬭𐬆𐬯𐬀,*dedórḱe,to see,17,,kaikki,verb,
train-c4de3db5240f4705-01,[wak] rand-,*(H)reh₁-,nan,1,8175.0,iecor,nan,
train-80b390c560ff9a94-01,[hit] šākuu̯a- [xlu] tāwa/ī-,*?*sekʷ-,nan,2,3305.0,iecor,nan,
train-d8cf510497ab2a2c-01,[old] trempat,*temp-,nan,1,8490.0,iecor,nan,
train-92521c84b27b7e09-01,[swe] vända [far] venda [old] vända [elf] wenda [goh] uuenden [mid] wenden [ang] wendan [mid] wenden [old] uuendian [old] venda [got] wandjan,*u̯endʰ-,nan,11,3068.0,iecor,nan,
train-b44aa37c9922c4c3-01,[sqi] bark [sqi] bark,*bʰer-,nan,2,359.0,iecor,nan,
train-8a905f60d9ff36e2-01,[pol] vedrü,*?*h₂u̯eh₁-,nan,1,5156.0,iecor,nan,
train-ad3760f426bdfb19-01,[isl] ýta,*ud-,nan,1,7012.0,iecor,nan,
train-c1772e2ecbf6f1e4-01,[ell] paleýō [ell] paliṓnnō,*pelh₂-,nan,2,1481.0,iecor,nan,
train-71b6c9d3a7f1451f-01,[xcl] յղփանամ [grc] πίμπλημι [san] पिपर्ति [grc] πλήθω [grc] πληθύς [lat] plēbs [grc] πληθώρη [grc] πλῆτο [lat] pleō [xcl] յեղց [grc] ἔπλησα [san] अप्रास् [lav] pilēt [lav] pildīt [lit] pilóti [lit] piláuti [xcl] ողողեմ [sga] ler [grc] πλήρης [lat] plērus [xcl] լիր [san] प्राति [grc] πολύς [grc] πολλός [grc] πολλή [san] पॄ,*pleh₁-,to fill,28,,kaikki,root,
train-87820b33acdff34c-01,[ben] dhooẏā [hin] dhonā [mar] dhuṇe [nep] dhunu [urd] dhonā [mai] dhonā [pal] dhopati [mag] dhonā [bho] dhonā [pal] dhóo [gaw] duaik [ass] dhûwā [gaw] duāg,*dʰeu̯H-,nan,13,841.0,iecor,nan,
train-995210169e80c726-01,[san] kṣip- [pal] khipati,*?*k⁽ʷ⁾su̯ei̯bʰ-,nan,2,147.0,iecor,nan,
train-c8a570a7c06118a7-01,[san] धिनोति [san] धयति [xcl] դիեմ [lav] dēt [grc] θῆσθαι [lat] fēmina [lat] fētus [lat] fēnum [lat] fēnus [lav] dȩ̄̂ls [grc] θῆλυς [san] धारु [grc] θήλεια [lat] fēlīx [lav] dīle [grc] θηλή [lat] fēlō [lat] fellō [sqi] dele [sqi] djathë [san] दधि [san] दध्नस् [sqi] djalë [xcl] դալ [lav] dēle [lit] dėlė [prg] dadan [lit] dieni [sga] dínu [grc] τίτθη [grc] τιθήνη [fas] دایه [xcl] դայեակ,*dʰeh₁(y)-,"to suckle, nurse",34,,kaikki,root,
train-e13c09e42447e1d7-01,[lat] mānō [bre] man [cym] mawn [gle] móin [gla] mòine,*meh₂-,"wet, damp",5,,kaikki,root,
train-f0fa8b86842f5c92-01,[pal] lekhíi,*(h₁)rei̯k⁽ʷ⁾(h₂)-,nan,1,7320.0,iecor,nan,
train-874123dca29e3ead-01,[lav] liêgs [lit] leñgvas [lit] lengvùs [cym] llaw [bre] law [grc] ἐλαχύς [lat] levis,*h₁léngʰus,"lightweight, easy (moving), nimble",12,,kaikki,adj,
train-59caafce400dbe06-01,[san] अश॑री॒त् [san] शृ॒णाति॑ [san] शीर्य॑ते॒ [san] शीर्ण [grc] ακέραιος [grc] κεραΐζω [san] शॄ,*ḱerh₂-,"to break, shatter",7,,kaikki,root,
train-aeee5ed82a22e1a5-01,[khw] mǝzmuxseda,*meu̯k-,nan,1,8706.0,iecor,nan,
train-adc5b75aeb7d20d1-01,[bul] blizko [bel] blìzka [ces] blízko [sor] blisko [sor] blisko [mkd] blizu [pol] blisko [rus] blizko [hbs] blizu [slk] blízko [slk] blizu [ukr] bliz′ko [chu] blizŭ [pol] blaizĕk [kas] blëskò [old] blisko [old] bliz [rus] blɪ́skωj [mkd] blìz′ḁ [mkd] blìz′ḁ [slk] blizu [slk] bliṡu,*bʰlei̯g̑-,nan,22,1157.0,iecor,nan,
train-215cb33a2ffdc32a-01,[hit] u̯āk- / u̯akk-,*u̯eh₂⁽g̑⁾-,nan,1,5261.0,iecor,nan,
train-d293201693dbb791-01,[lav] pati [lit] pati̇̀,*pótnih₂,"mistress, wife",2,,kaikki,noun,
train-1f51a680a7b0b104-01,[kho] hayäḍä,*gʰer-,nan,1,9107.0,iecor,nan,
train-aa17ebff9723bc4d-01,[pol] -nia,*-nih₂,Feminizes athematic nominal stems.,2,,kaikki,suffix,
train-25a291e9c222fbdd-01,[sqi] ditë [xcl] տի [grc] δαῖσις [san] दीति,*déh₂itis,"division, section, interval, period of time",4,,kaikki,noun,
train-a88f0ece58e787b0-01,[xto] klisnāṣ [txb] kläntsaṃ,*klemH-,nan,2,2286.0,iecor,nan,
train-c96dffada0516e14-01,[ell] koimámai [ell] tžoimoýmai [ell] tšioumoúmai [ell] koimoúmai [ell] keímai,*k̑ei̯-,nan,5,1539.0,iecor,nan,
train-3e73b84efe71e91a-01,[gaw] thēr,*steh₂-,nan,1,8753.0,iecor,nan,
train-8336e3be694d4dd3-01,[sqi] bri [aln] brî [sqi] bri,*h₃bʰreu̯H-,nan,3,3872.0,iecor,nan,
train-1762d8466fe525e5-01,[hye] թողնել [hye] թողել [hye] թողուլ [sga] tlenaid [grc] ἀνατέλλω [lat] tollō [txb] tallaṃ,*tl̥néh₂ti,to be lifting,7,,kaikki,verb,
train-11f435cf916a4a84-01,[lat] metō [gle] meitheal [grc] μέταλλον [lat] mateola,*met-,"to cut (by measure) (with an inherent sense of by measurement or time: ""to cut down"" > ""to mow""; ""to cut into"" > ""plow"")",4,,kaikki,root,
train-fc425ff74dcfab2a-01,[xlu] ásaza-,*h₃eh₁-,nan,1,7069.0,iecor,nan,
train-ebab944595ef1e14-01,[grc] πνέω [grc] πνείω [mid] pfnurren [isl] hnerra [grc] ἔπνευσε [san] क्षवः,*pnew-,"to breathe, gasp, to snort, sneeze",6,,kaikki,root,
train-1241ac1879a08e4d-01,[hit] uwai [sqi] vaj [lav] vai [lit] vai̇̃ [grc] αἴ [grc] αἶ [grc] αἰαῖ [grc] οἴ [grc] οἶ [grc] ὀῐ̈́ [grc] οὐαί [san] उवे [ave] 𐬬𐬀𐬫𐬋𐬌 [fas] وای [hye] վայ [lat] vae,*wáy,"oh!, ah!, woe!, alas!",24,,kaikki,intj,
train-109e316802ff7bc9-01,[hyw] sirt [hye] sirt [bul] s″rce [bel] serca [cat] cor [ces] srdce [dan] hjerte [nld] hart [eng] heart [far] hjarta [fle] hart [fra] cœur [fri] hert [deu] Herz [ell] kardiá [isl] hjarta [gae] croí [ita] cuore [lad] cuer [lit] širdìs [mkd] srce [pol] serce [por] coração [nob] hjerte [rus] serdce [sar] coro [sar] coro [hbs] srce [slk] srdce [slk] srce [spa] corazón [swe] hjärta [ukr] serce [wal] coûr [hit] ker / kard(i)- [grc] kardía [san] hā́rdi [lav] sirds [lat] cor [chu] srĭdĭce [prg] sīran [gae] cridhe [lux] Häerz [fri] cûr [ave] zərəd [sga] cride [oss] zærdæ [oss] zærdæ [xcl] sirt [xlu] zārt(i)- [gau] crid(io)- [gae] cree [old] hiärta [elf] järta [pal] hadayaṁ [kho] ysärä [ell] kardía [kas] serce [par] zirδ [ell] karkiá [ell] kardía [ell] kargiá [ell] kardía [lat] sirds [nea] core [old] cuer [ang] coer [fra] keuh [old] coraçón [pal] híṛu [mai] hriday [old] serce [old] srdce [old] serdĭce [rus] sérce [mkd] strъ̀ci [mkd] strъ̀ci [slk] srce [slk] ſerzè [deu] Härz [sog] žyāwar [old] cor [khw] zǝrz [old] cor [gaw] heṛa [kho] hardi [pas] zrra [mid] dil [kum] dil [dal] kur [goh] herza [sar] zord [old] herte [mid] herze [ang] heorte [old] herta [mid] herte [old] hjarta [got] hairto [gaw] hikur [nor] hjerte [por] coração [vâs] z′ir [pas] haaṛ [mil] cör [kam] źâr′a [kât] zar′a [kât] zar′a [kal] zö [san] žid′i [kur] dɨḷ,*k̑erd-,nan,111,6458.0,iecor,nan,
train-b4d7b747c7935d26-01,[lat] grauis [san] gurú- [grc] barýs [nep] gahruṅgo [ell] barýs [xto] krāmärts [txb] kramartse [pal] garu [ave] gouru° [kho] ggarkhä [ell] barýs [mid] garān [kur] gɨran [par] garān [ell] varýs [ell] varý [ell] varetós [ell] vareío [ron] greu [sar] gráe [pal] ungúru [lat] gryuts [sog] γrān [bal] grān [khw] γark [gaw] ugur [meg] greu̯ [got] kaurus [mil] gréf,*gʷerh₂-,nan,29,6470.0,iecor,nan,
train-ad229b1f2b4d6758-01,[ell] prī́zomai [ell] préškomai [ell] prī́skoymai [ell] prī́skomai [ell] pímpramai,*preh₁-,nan,5,1549.0,iecor,nan,
train-052755175bbcea02-01,[sqi] -zet [hye] քսան [ell] είκοσι [lat] vīgintī [xto] wiki [txb] ikäṃ [txb] ikante,*wídḱm̥ti,twenty,22,,kaikki,num,
train-1586e618ff4a02d3-01,[lat] corylus [lat] corulus [lat] corilus,*kóslos,hazel,6,,kaikki,noun,
train-0c88cb8dcc0f698e-01,[cat] terra [fra] terre [ita] terra [lad] tera [por] terra [sar] terra [sar] terra [spa] tierra [wal] têre [lat] terra [fri] tiere [osc] teras [old] tir [nea] terra [old] terre [ang] terre [fra] térra [old] tierra [old] terra [old] terra [meg] ţáră [dal] ti̯ara [por] terra [mil] tèra,*ters-,nan,24,870.0,iecor,nan,
train-b0d680d9e3957a94-01,"[lat] facere [deu] tun [osc] fakiiad [umb] façia [rus] delat' [ces] dělat [slk] delati [nld] doen [eng] do [ron] face [nea] fà [ita] fare [fri] fâ [lad] fé [sar] fáere [sar] fachere [old] faire [ang] faire [fra] faire [wal] fé [fra] féhé [cat] fer [old] fazer [spa] hacer [por] fazer [fle] doen [fri] dwaan [old] dělati [old] dějati, dělati [slk] delati [slk] délati [old] faire, far [old] fer [meg] fáţiri [dal] fur [goh] tuon [old] dwā [mid] tuon [ang] dōn [old] dôn [mid] doen [por] fazer [vâs] -li- [mil] fàa",*dʰeh₁-,nan,44,5125.0,iecor,nan,
train-662465851050183b-01,[xto] tsmār,*demh₂-,nan,1,7168.0,iecor,nan,
train-ef152eefd75dd0b1-01,[aln] shkop [sqi] shkop [sqi] skop,*?*skeh₂p-,nan,3,487.0,iecor,nan,
train-bc1dafa289e8ff79-01,[san] अयाट् [san] अयष्ट [grc] ἅζομαι [lat] ieientō [lat] ientō [txb] yāṅk- [grc] ἁγνός [san] यजुस् [grc] ἅγιος [san] यज्य [san] यज्यु [lat] iaiūnus [lat] ieiūnus,*h₁yaǵ-,"to sacrifice, to worship",15,,kaikki,root,
train-993db2ac5288d3b7-01,[dan] synge [nld] zingen [eng] sing [far] syngja [fle] zingen [fri] sjonge [deu] singen [isl] syngja [nob] synge [swe] sjunga [lux] sangen [old] siunga [deu] singe [goh] singan [mid] singen [ang] singan [old] singan [mid] singhen [old] syngja [got] siggwan [nor] synge,*sengʷʰ-,nan,21,293.0,iecor,nan,
train-73609c30a8181060-01,[khw] ǝššǝxt,*trenk⁽ʷ⁾-,nan,1,8718.0,iecor,nan,
train-89a56e1cb1f68705-01,[elf] kall,*g̑erh₂-,nan,1,2318.0,iecor,nan,
train-2af2ece5cb9aa970-01,[hit] 𒌑𒂊𒌍𒋫 [hit] 𒌑𒌍𒋫 [hit] 𒌑𒂊𒌍𒊭𒀭𒁕 [grc] εἷμαι [grc] ἕσσαι,*wéstor,to be wearing,5,,kaikki,verb,
train-8364d690624fe5e8-01,[sqi] atë [hit] 𒀜𒋫𒀸 [sga] aite [grc] ἄττα [lat] atta,*átta,father,5,,kaikki,noun,
train-ea61dadf40e0ef64-01,[xto] waṣt [txb] ost,*u̯ā̆stu-,nan,2,7112.0,iecor,nan,
train-bd6954a5a035c885-01,[ell] gelṓ [grc] geláō [hye] cicałel [xcl] cicałim [ell] geláō [ell] gelṓ [ell] gelṓ [ell] geláo [ell] gelṓ,*g̑elh₂-,nan,9,680.0,iecor,nan,
train-c51e2038b875f8c9-01,[isl] mjór,*mei̯H-,nan,1,2813.0,iecor,nan,
train-1c21214f080f6fb8-01,[sga] ad·suidi [san] सादयति [ave] 𐬥𐬌𐬱𐬁𐬜𐬀𐬌𐬌𐬈𐬌𐬙𐬌 [old] 𐎴𐎡𐎹𐏁𐎠𐎭𐎹𐎶,*sodéyeti,"to set, to seat, to cause to sit",4,,kaikki,verb,
train-0952ecdafe582cfa-01,[lyc] 𐊈𐊆𐊇 [xlu] 𒋾𒉿𒊍 [pal] 𒋾𒅀𒊍,*deywós,god,3,,kaikki,noun,
train-9186b2e554a237d7-01,[grc] ἀέξω [grc] αὐξάνω [grc] αὔξω [san] वक्षयति [fas] وخشیدن,*h₂weg-,"to increase, to enlarge",5,,kaikki,root,
train-6358481b5dc3b67b-01,[lat] dīvidō [san] अविधत् [ave] 𐬬𐬍𐬛𐬁𐬌𐬙𐬍 [xto] wätk- [txb] wätk- [lav] vidus [lit] vidùs,*h₁weydʰh₁-,"to separate, divide",7,,kaikki,root,
train-84fe659fc83c766e-01,[ell] énas [xto] sas [txb] ṣe [grc] eĩs [ell] e-me [hit] šia- [ell] heĩs [xcl] mi [hye] mi [hyw] mēk [ell] énas [ell] éna [ell] eis [ell] tóna,*sem-,nan,14,6066.0,iecor,nan,
train-09a1ae519d3d2868-01,"[bul] sl″nce [bel] sonca [cat] sol [ces] slunce [dan] sol [nld] zon [eng] sun [far] sól [fle] zon [fra] soleil [fri] sinne [deu] Sonne [ell] ī́lios [isl] sól [ita] sole [lad] soredl [lit] sáulė [sor] słyńco [sor] słónčko [mkd] sonce [pol] słońce [por] sol [nob] sol [rus] solnce [sar] sole [sar] sole [hbs] sunce [slk] slnko [slk] sonce [spa] sol [swe] sol [ukr] sonce [wal] solo [prg] saule [lat] sōl [lav] saule [chu] slŭnĭce [san] sū́ryaḥ [grc] hḗlios [lux] Sonn [fas] xuršīd [fri] soreli [oss] xur [oss] xor [ave] huuar [wak] yir [old] houl [gau] sonno- [elf] suol [old] sol [pal] suriya [mid] heaul, eaul, heol [ell] hḗlios [kas] słuńce [mid] xwar [ell] ī́lios [yag] xʉ̄r [ell] ī́lio [ell] (g)ī́lös [ell] élios [lat] saule [nea] sole [old] soleil [ang] solail [old] sol [ron] soare [pal] súuri [sin] ira [bre] heol [bre] hiâol [cym] haul [fra] feulâô [old] słońce, słuńce [mid] heul [old] slunce [rus] sónce [mkd] slъ̀nci [mkd] slъ̀nci [slk] sonce [slk] ſonze [deu] Sunne [old] souleou [meg] so̯ári [old] sol [sog] xwer [khw] ǝxr [dal] sau̯l [mid] houl [lat] houl [gaw] suri [kur] xor [kur] xwar [haw] war [pas] nwar [gaw] sīr [goh] sunna [sar] qher [old] sunne [mid] sunne [ang] sunne [old] sunna [mid] sonne [old] sól [got] sunno [nor] sol [por] sol [vâs] üsük [pas] sər [kam] s′u [kât] s′u [kât] s′u [kal] sö [san] s′o [kur] xwar [mil] sü",*seh₂-u̯l̥-,nan,115,314.0,iecor,nan,
train-d3e6f804ecf1b0db-01,[rus] brosit',*?*bʰreu̯k̑-,nan,1,4820.0,iecor,nan,
train-619da7787f2a5f07-01,[grc] -γνητός [lat] gnātus [lat] nātus,*ǵn̥h₁tós,"begotten, produced",3,,kaikki,adj,
train-33a2f274ec18fffd-01,[lit] budrùs,*bʰudʰrós,"alert, aware",1,,kaikki,adj,
train-bf50d0a8bdb91ab0-01,[sqi] vatër [sqi] votër [xcl] *այր [xcl] այրեմ [xcl] զայրանամ [lat] āter [lat] atrox [lat] Atella [lat] ātrium [lat] Atrius [ave] 𐬁𐬙𐬀𐬭 [xcl] ատր-,*h₂eh₁ter-,fire,12,,kaikki,noun,
train-322a9a4bebccaeb4-01,[txb] ṣäṃṣtär,*(s)k̑eNs-,nan,1,5451.0,iecor,nan,
train-b367641796af4a9e-01,[aln] ditë [sqi] ditë [sqi] ditë,*deh₂(i̯)-,nan,3,8280.0,iecor,nan,
train-748aa69ffc737683-01,[lav] stenêt [lit] stenė́ti [grc] στένω [san] निष्टनन्ति [grc] στόνος [cym] sain,*sten-,to groan,6,,kaikki,root,
train-cd415a0fd1ab5e37-01,[lit] vi̇̀ltis [lav] vil̂t [prg] prawilts [grc] λῶ [san] वृणीते [san] वर [goh] wala [sqi] vallë [xcl] գեղձ,*welh₁-,"to choose, to want",9,,kaikki,root,
train-c0fed1e68f4df6ce-01,[grc] δύναμαι [txb] tswetär [rus] даве [chu] давѣ [chu] одѣвѣ,*dewh₂-,to fit,5,,kaikki,root,
train-e8680151d9e5ec9d-01,[grc] πτόλις [grc] πόλις [lav] pils [lit] pili̇̀s [san] पुर [san] पुरी,*tpelH-,"fortification, city",8,,kaikki,root,
train-9beea18301b95942-01,[hit] 𒄀𒂊𒈪 [xcl] ձիւն [isl] gói [isl] góa [swe] göja [dan] gue [grc] χιών [lat] hiems,*ǵʰéyōm,"winter, year (as a measure of time), frost, snow",12,,kaikki,noun,
train-cd70ab80ab3f8743-01,[gaw] dant c̣haik,*Hd-ónt-,nan,1,9778.0,iecor,nan,
train-13c2cf3db88cafea-01,[sga] benaid,*bʰei̯H-,nan,1,2705.0,iecor,nan,
train-4cb362515e69b939-01,[spa] rodilla,*ret-,nan,1,2790.0,iecor,nan,
train-4854a7653b81aea4-01,[lat] quiēvī [lat] quiēscō [lat] quiēs [ave] 𐬱𐬌𐬌𐬁𐬙𐬀- [fas] شاد [xcl] շատ [lat] quiētus [san] चिर [lat] (trān)quillus [sqi] (e)sëll [sqi] sillë [xcl] հանգչիմ,*kʷyeh₁-,"to rest, rest, peace",12,,kaikki,root,
train-b94fbae9d0043aba-01,[ben] hām̐ṭu [ass] āṭhu,*h₂ost-,nan,2,2791.0,iecor,nan,
train-19cc0d1e58273534-01,[mar] aikaṇe,*kʷek̑-,nan,1,7588.0,iecor,nan,
train-b90cf9cd92e4d06c-01,[hit] 𒄩𒀸𒁺𒂊𒅕 [hye] ոստ [ell] όζος,*h₃ósdos,"branch, twig",4,,kaikki,noun,
train-83d3c1ec4c842e28-01,[san] छेद्म [san] अच्छेदि [san] छेदि [san] अच्छिदत् [san] अच्छैत्सीत्,*skéydt,to cut off,5,,kaikki,verb,
train-3f6c80f0bb846e6f-01,[xcl] մօտ [hye] մատչել,*meh₂d-,"to meet, approach, encounter",2,,kaikki,root,
train-9ceeaefd3a62aa7d-01,[elf] skarp,*(s)kerbʰ-,nan,1,7034.0,iecor,nan,
train-fd17795113ef4f79-01,[grc] πείρω [san] पा॒रय॑ति [san] पिप॑र्ति [grc] πρᾱ́σσω [grc] πεῖρα [grc] πορθμός [grc] πορεύω [grc] πορίζω [san] पा॒र [txb] pere [sqi] prura [sqi] prish [lit] paramà,*per-,"to go through, to carry forth, fare, to try, dare, risk",13,,kaikki,root,
train-4b471290de8830ef-01,[san] कायमान [ave] 𐬐𐬀𐬌𐬌𐬁 [san] चके [ave] 𐬗𐬀𐬐𐬎𐬱𐬈 [lav] kārôt [ave] 𐬐𐬁𐬙𐬀 [mid] kʾtk',*keh₂-,to desire,7,,kaikki,root,
train-3f263b2771602c5b-01,[grc] μένος,*ménos,"mind, thought",1,,kaikki,noun,
train-dccf973535307576-01,[grc] σκέλλω [grc] σκελετός [eng] shoal [eng] shallow [deu] schal [grc] σκληρός [deu] hellig [lav] kalst,*(s)kelh₁-,"to parch, wither",8,,kaikki,root,
train-d9f5a192da9678c7-01,[grc] κλᾰ́δος [lat] clādēs [cym] col [gle] colg [lat] per-cellō [lat] clāva [grc] κλᾰ́ω [san] काण [san] काष्ठ [san] कड [san] काण्ड,*kelh₂-,"to beat, to break",11,,kaikki,root,
train-6ad9c71f01ce487b-01,[grc] ἔδειξᾰ [lat] dīxī,*dḗyḱst,to point out,2,,kaikki,verb,
train-56b7249a56d31391-01,[sga] teinnid [grc] τένδω [lat] tondeō [sga] -tenn [sga] tethainn [lat] totondī [bre] tonnenn [cym] ton [sga] tonn,*tend-,"to split, cut off",9,,kaikki,root,
train-b69835204226d7d7-01,[grc] χαῖος [san] हेषस्,*ǵʰoysós,"spear, missile, javelin",2,,kaikki,noun,
train-bb0360f955489436-01,[sqi] ju [hye] ձեզ [hye] ձեր [lav] jūs [lit] jūs [prg] ioūs [xto] yas [txb] yes,*yúHs,you (plural),10,,kaikki,pron,
train-5bd1e7456ba628ed-01,[lat] cadō [san] शशाद [lat] cecidī [xcl] ցած [sga] casar [cym] cesair [bre] kazerc'h,*ḱh₂d-,to fall,11,,kaikki,root,
train-991fa37fe116ab08-01,[oss] dymgæ [oss] dumgæ [kam] dâm′u [kât] dam′i [kât] dam′i [san] dom′oː,*dʰmeH-,nan,6,3113.0,iecor,nan,
train-7cbe42633e2cd96d-01,[bul] bâl [bel] bely [ces] bílý [lit] báltas [sor] běły [sor] běły [mkd] bel [pol] biały [rus] belyj [hbs] bijel [slk] biely [slk] bel [ukr] bìlij [chu] bělŭ [lav] balts [pol] b́olĕ [kas] biôłi [lat] bolts [old] biały [old] bielý [old] bělyi [rus] bílωj [mkd] b′ä̀ł [mkd] b′ä̀ł [slk] bel [slk] beil,*bʰelH-,nan,26,1190.0,iecor,nan,
train-159780150e83524c-01,[grc] ἀντίος [san] अन्त्य [ave] -𐬀𐬧𐬛𐬌𐬌𐬀 [ave] 𐬞𐬁𐬭𐬀𐬧𐬛𐬍 [ave] 𐬞𐬁𐬭𐬆𐬧𐬛𐬀𐬌 [lat] antiae,*h₂entíos,"front, forehead",6,,kaikki,noun,
train-7aef7a2202b0c8e4-01,[gle] duaidh [non] át [lat] ēdī [san] आदयति [xcl] ուտեմ [xto] yats [txb] yetse [san] अत्तृ [lat] ēsor [grc] ᾱ̓́ρῑστον [san] अन्न [grc] εἶδαρ [san] व्यद्वर [xcl] նաւթի [grc] νῆστις [sqi] ha [xlu] 𒀀𒁺𒈾,*h₁ed-,to eat,17,,kaikki,root,
train-aae9f86df1ddf882-01,[lat] tēlum [xcl] թակն [lat] tignum,*(s)teg-,"pole, stick, beam",3,,kaikki,root,
train-329d60664c2f0ba9-01,[xcl] bolor,*bʰel-,nan,1,3335.0,iecor,nan,
train-1d043a08cf75f818-01,[ang] gȳċer [mid] jiuch [got] 𐌾𐌿𐌺𐌿𐌶𐌹 [grc] ζεῦγος [lat] iūgera [lat] iūxtā,*yéwgos,"team, pair of yoked animals",10,,kaikki,noun,
train-38d5de1267400f2c-01,[sqi] nduk,*déwkti,"to pull, to draw, to lead",1,,kaikki,verb,
train-e385a3e5fbf6fbab-01,[hye] հավ [hye] հավք,*h₂éwis,bird,2,,kaikki,noun,
train-b5e0c9c211c78c0f-01,[grc] τρομέω [ell] τρόμος [txb] tremi [grc] τρομός,*trem-,to tremble (in fear),4,,kaikki,root,
train-babb17551fc28545-01,[sqi] tëtanë [sqi] Dedë [hit] 𒌅𒍖𒍣𒅖 [lav] tàuta [lit] tautà [prg] tauto,*tewtéh₂,"heap, pile; crowd ?, people, tribe",6,,kaikki,noun,
train-1bf4038ecb01b1d5-01,[isl] bólgna,*bʰelg̑ʰ-,nan,1,1383.0,iecor,nan,
train-5f36d11f9b576c92-01,[lit] da- [lav] da [grc] -δε [grc] ὅδε [grc] δόμονδε [grc] Ἀθήναζε [grc] δεῦρο [gmy] 𐀆 [gmy] 𐀓𐀈𐀛𐀊𐀆 [gmy] 𐀀𐀗𐀳𐀍𐀙𐀆 [lat] -de [lat] quamde [lat] quande [lat] inde [lat] unde,*de,"to, towards, Emphatic or contrastive particle, and, but",15,,kaikki,adv,
train-e7d5d3793d982a41-01,[grc] δυσμενής [san] दुर्मनस् [san] दुर्मनास्,*dusmenēs,ill-disposed,3,,kaikki,adj,
train-835113d7ece5261f-01,[hit] 𒋻𒄴𒍣,*térh₂uti,"to overcome, be able",1,,kaikki,verb,
train-11756557a1375e96-01,[mid] erch [bre] erc'h [bre] erc'h [cym] eira [mid] eira [mid] yrgh [lat] er,*h₂erg̑-,nan,7,1063.0,iecor,nan,
train-efacbd5a82b9c63e-01,[old] repondre [ang] repundre,*tk̑ei̯-,nan,2,6814.0,iecor,nan,
train-d142773ab99f21a1-01,[san] रदति [lat] rōdō [lat] rōstrum [hit] ardu- [ave] 𐬭𐬁𐬜𐬀𐬌𐬙𐬌 [mid] lndyt,*Hreh₃d-,"to scrape, scratch, gnaw",6,,kaikki,root,
train-7e55a640e9ad73ab-01,[xto] krāmärts [txb] krāmär [san] गरिमन् [san] गरिमा [san] ग्रीष्म [lav] gur̃ds [lit] gurdùs [grc] βραδύς [lat] gurdus,*gʷreh₂-,heavy,9,,kaikki,root,
train-45b0a0ddce872e5a-01,[san] जरयति,*ǵorh₂éyeti,"to cause to grow old, mature",1,,kaikki,verb,
train-7c57198100c477f4-01,[prg] kyrteis,*(s)kert-,nan,1,6846.0,iecor,nan,
train-e484600909058740-01,[lit] skirbis [lav] šķirba [lat] scrobis,*(s)kerbʰ-,to be sharp,3,,kaikki,root,
train-f29ff1f4beb27fa3-01,[sqi] bredh,*bʰerHǵós,birch,1,,kaikki,noun,
train-1be18eb4f9e6aa5a-01,[ell] skónī [grc] kónis [ell] kónis* [ell] kourrathtó,*(s)ken(H)-,nan,4,6166.0,iecor,nan,
train-c052691ffc0bcdd0-01,[sga] claidid [gae] tochail [mid] cloddio,*kelh₂-,nan,3,986.0,iecor,nan,
train-5411370e13a42a3a-01,[lav] piektais [lit] peñktas [prg] penckts [grc] πέμπτος [lat] quīntus [lat] Pontius,*penkʷtós,fifth,8,,kaikki,det,
train-62160069ad5204bd-01,[lav] gadīties [sqi] nge [lav] gads [lit] gadynė [lav] gùods [lit] guõdas,*gʰedʰ-,"to join, to unite, to suit",6,,kaikki,root,
train-e694a661fd2e4c6c-01,[sga] lingid [sga] ·ling [san] रङ्घति [san] रङ्घते [san] लङ्घते [sqi] lehtë [grc] ἐλᾰ́χιστος [sga] laigiu [cym] llai,*h₁lengʷʰ-,"to move lightly, effortlessly, lightweight",11,,kaikki,root,
train-0a64d3b5419f1be1-01,[lit] ži̇̀ [grc] -χι,*ǵʰí,"Postpositional intensifying particle: indeed, at any rate, in fact, Discourse particle: indeed, of course, surely",2,,kaikki,particle,
train-ffa5140f090c7c3f-01,"[hit] -𒅈 [grc] -αρ ~ -ατος [san] -र् [lat] -or/-ur ~ -inis,-oris,-inoris",*-r̥,"Derives nouns from roots, frequently mass nouns.",4,,kaikki,suffix,
train-611a67ac73a12856-01,[pas] wargaa čhantu,*u̯ed-,nan,1,9761.0,iecor,nan,
train-f174317e42c3b0eb-01,[lit] siautėti [grc] ἀϋτμή,*h₂sewt-,"to seethe, boil",2,,kaikki,root,
train-d12a0237c0c78804-01,[san] कुल्व [ave] 𐬐𐬀𐬎𐬭𐬎𐬎𐬀 [lat] calvus,*kl̥H-,"bald, naked",3,,kaikki,root,
train-65a8a044f5ad1fd2-01,[ell] kréas [grc] kréas [ell] kréas [ell] kriás [ell] kréas [ell] kréa [ell] kiriás,*kreu̯h₂-,nan,7,1508.0,iecor,nan,
train-943b68d66a03e6a0-01,[wak] drav- [kur] dɨdɨrit [kur] adūrıt [kur] dürınē [sar] inceevd [kur] a-dür-ē,*?*derbʰ-,nan,6,114.0,iecor,nan,
train-d5f4718f8a9c8e61-01,[prg] pelkis [grc] πέλτη [lav] plêve [lit] plėvė̃ [grc] ἐπίπλοον [hit] 𒉺𒆷𒄴𒊭𒀸 [grc] ἐρυσίπελας [lav] plēne [lav] plēnes [lit] plėnė̃ [lit] plėni̇̀s [prg] pleynis [lat] palla [lat] pellis [ell] πέλμα [sqi] plah [lit] palà,*pel-,"to cover, to wrap, skin, hide, cloth",42,,kaikki,root,
train-2f9e337d7c9d1f79-01,[san] रवत् [xto] rwātsi [txb] rwātär [isl] rjá [lat] ruō [lav] raût [lit] ráuti [isl] rýja [san] राविषम् [lat] rutrum [lav] ravēt [lit] ravė́ti [eng] rag [isl] rögg [swe] ragg [nor] ragg [san] रु [xto] ru- [txb] ru-,*(H)rewH-,"to dig out, to root, to rip (open), to tear (open)",23,,kaikki,root,
train-91d6f286a423e764-01,[hit] 𒅖𒄩𒀀𒀸 [cel] Esus [cel] Aesus,*h₁esh₂ós,master,3,,kaikki,noun,
train-fcfccd2841c1e6f0-01,[hye] ընդերք [ell] έντερο [san] अन्तर [ave] 𐬀𐬧𐬙𐬀𐬭𐬀 [hin] अंदर [lat] intrā [lat] intrō [lat] interior,*h₁énteros,"inside, within",9,,kaikki,adj,
train-e3f1870bea5309fd-01,[xcl] արեգ [xcl] արև [san] रवि [xcl] յարագեմ [lat] rutilus [hit] h̬a-ru-wa-na-a-iz-zi [lat] Rutulī [lat] Rutuba [lat] Rutus [lat] Rutius,*h₂rew-,"to shine, glow",14,,kaikki,root,
train-7500aae437e2e550-01,[pas] tor [sar] tor,*temH-,nan,2,9.0,iecor,nan,
train-00bf294cd9e62c3c-01,[san] अमत [ave] 𐬨𐬀𐬧𐬙𐬁 [grc] μνημοσύνη [lat] memor [grc] (θρασυ)μέμνων [san] मन्मन् [grc] Μέντωρ [san] मन्तृ [eng] minion [san] मन्तु [san] मन् [ave] 𐬨𐬀𐬥,*men-,"to think, mind, spiritual activity",12,,kaikki,root,
train-fd2d3afd749cd062-01,[sqi] bē [ang] bād,*bʰoydʰéh₂,"pledge, oath, swear, contract",2,,kaikki,noun,
train-59c492c527d3d131-01,[grc] orýttō [ell] orýssō,*h₃reu̯k-,nan,2,5271.0,iecor,nan,
train-742c786287a9f13d-01,[grc] ἰτός [san] इत [ave] (𐬀𐬌𐬡-)𐬌𐬙𐬀 [ave] (𐬞𐬀𐬌𐬙-)𐬌𐬙𐬀 [lat] itus,*h₁itós,passable,5,,kaikki,adj,
train-5df0cab34c27e66f-01,[old] val,*u̯elH-,nan,1,2982.0,iecor,nan,
train-8ac7a9c3acf468c5-01,[old] maison [ang] maisun [fra] maison [wal] mohone [old] maisoun,*men-,nan,5,6407.0,iecor,nan,
train-7261917e8547aa45-01,[got] -𐌸 [grc] -θε [grc] -θῐ [san] -ध [san] -ह [lat] ubī̆ [lat] ibī̆,*-dʰe,locative suffix,9,,kaikki,suffix,
train-22486714629eadaa-01,[xcl] ի- [xcl] հի- [xcl] ո [xcl] ով [xcl] որ [xcl] քան [grc] τίς [grc] τις [grc] ποῦ [grc] πού [grc] ποῖ [grc] πῇ [grc] πῃ [grc] πῶς [grc] πως [grc] πότε [grc] ποτέ [grc] πόθεν [grc] ὅστις [grc] ἄττα [grc] ἄσσα [grc] ἕκαστος [grc] ποδαπός [grc] πηνίκα [grc] πῆμος [hin] किस [hin] को [ave] 𐬐𐬋 [ave] 𐬗𐬌𐬱 [fas] که [fas] چه [fas] چی [fas] کی [fas] کدام [fas] کیو [pus] څه [lat] quis [lat] quī [lat] quam [lat] quoque [lat] ut [lat] unde [xto] kus [txb] kᵤse,*kʷís,"which, what",183,,kaikki,det,
train-f5221b65b5a42692-01,[grc] Ἄργος [grc] ἐν-αργής [hit] 𒄯𒆠𒅖 [hit] 𒄯𒅗𒅖 [san] ऋजिश्वन् [grc] ἀργί-πους [san] ऋजिप्य [grc] αἰγυπιός [grc] ἀργιόπους [xcl] արծուի [nld] aecker [ang] eorcan [ang] eorcnan [ang] earcnan [goh] erchan [got] 𐌰𐌹𐍂𐌺𐌽𐍃 [grc] ἀργός [san] ऋज्र [lat] arguō [hin] अर्जुन [grc] ἄργυρος [lat] Argiotalus [hit] ḫargnau- [grc] ἀργής [xcl] արծնեմ [xcl] արծարծեմ,*h₂erǵ-,"white, argent, glittering",36,,kaikki,root,
train-104372ea471ee88d-01,[oss] kærdæg [oss] kærdæg,*(s)kert-,nan,2,3263.0,iecor,nan,
train-81ab232deb715dd8-01,[xlu] u̯ār-,*u̯eh₁-,nan,1,2394.0,iecor,nan,
train-b8cd22ed2ec9a98d-01,[lat] hernia [san] हिरा [grc] χόριον [san] हिर [pus] ځير [lat] haruspex [lat] hariolus [lat] hīra,*ǵʰerH-,"bowels, intestines",8,,kaikki,root,
train-a4c44ba2713de9d5-01,[prg] stabis,*?*stobʰ-ó-,nan,1,7150.0,iecor,nan,
train-0f7dc8161704ca25-01,[lit] sai̇̃tas [lit] sei̇̃tas,*soytós,magic,2,,kaikki,noun,
train-7bb1fcc14cc7cd9f-01,[lat] sarciō [hit] šar-ni-ik-zi-il [hit] šar-ku [grc] ἕρκος [grc] ὅρκος [txb] ṣärk-,*serḱ-,"to emend, make good, recompense",6,,kaikki,root,
train-e74f7926546f5024-01,[xcl] լնում [xcl] յղի,*pl̥h₁nós,full,2,,kaikki,adj,
train-da9d56e1849c03f1-01,[dan] hvid [nld] wit [eng] white [far] hvítur [fle] wit [fri] wyt [deu] weiß [isl] hvítur [nep] seto [nob] hvit [swe] vit [kur] spi [san] śvetá- [lux] wäiss [ave] spaēta [elf] wait [old] hviter [kho] śśītä [par] ispēd [deu] wyys [tat] isbi [sog] spētē [maz] espe [bal] spēt [raj] esbid [kum] spēr [kho] išperu [khw] spēdik [pas] speen [pun] ciṭṭā [goh] uuīz [sar] speyd [old] hwīt [mid] wîz [ang] hwīt [old] huuît [mid] wit [old] hvítr [got] ƕeits [nor] kvit,*k̑u̯ei̯t-,nan,40,338.0,iecor,nan,
train-fea1dbe4c7bea4f8-01,[ell] adró,*seh₂-,nan,1,6172.0,iecor,nan,
train-b37bd64cca28c2bf-01,"[gae] dèan gàire, gàir [gae] gáire [gae] garaghtee",*g̑ar-,nan,3,1718.0,iecor,nan,
train-d64fcdcbc3cc96f2-01,[pol] tjordă [kas] cwiardi [chu] tvrĭdŭ [pol] twardy [sor] twjerdy [slk] trd [sor] twardy [ces] tvrdý [slk] tvrdý [ukr] tverdij [bel] cvërdy [mkd] tvrd [rus] tvërdyj [bul] tv″rd [hbs] tvrd [old] twardy [old] tvrdý [slk] trd [slk] tard [old] tverdo,*tu̯erH-,nan,20,5139.0,iecor,nan,
train-e8bf66a93c5cb88d-01,[lav] šķîsts [lit] skýstas [prg] skijstan [lat] scissus [grc] σχῐστός,*skidtós,split,6,,kaikki,adj,
train-af8de74d2c48c367-01,[lat] filix [deu] Bilsenkraut [spa] belesa [spa] velesa [cym] bela [cym] bele,*bʰel-,henbane,11,,kaikki,root,
train-94073728382f83a2-01,[grc] οἶτος [sga] óeth [old] an-utonau,*h₁óytos,oath,3,,kaikki,noun,
train-bac48e2535cf6d94-01,[khw] δmādik,*dʰmeH-,nan,1,8965.0,iecor,nan,
train-1402cf2ec2dece36-01,[lat] scindō,*skinédti,to be cutting off,1,,kaikki,verb,
train-a1306590593ab2cf-01,[grc] δεσπότης [san] दम्पति [ave] 𐬛𐬇𐬧𐬔⸱𐬞𐬀𐬙𐬋𐬌𐬴,*déms pótis,master of the house,3,,kaikki,noun,
train-a1f676426349d7d9-01,[san] तपस् [fas] تاب [fas] تب [hye] տապ [lat] tepor,*tépos,"heat, warmth",8,,kaikki,noun,
train-6c26a97fe1eb5d20-01,[hbs] prati [slk] prati [slk] prati,*per-,nan,3,3082.0,iecor,nan,
train-c5ee625e515c42a8-01,"[grc] rhábdos [ell] ravdí [ell] rhábdos [ell] rávda, ravdí(n) [ell] ravntí [ell] ravží",*u̯erb-,nan,6,3545.0,iecor,nan,
train-7dd08ab8da843d14-01,[fas] andāxtan,*tek-,nan,1,2025.0,iecor,nan,
train-b8f05d24dc7e96ac-01,[aln] mërdhif [bul] zamr″zvam [bel] zamârzac′ [ces] mrznout [sor] marznuś [sor] mjerznyć [mkd] mrzne [pol] zamarzać [rus] zamerzat' [hbs] smrznuti [slk] mrznúť [slk] zamrzniti [ukr] zamerzati [chu] (po-/sŭ-)mrŭznǫti [pol] marznĕ [kas] miarznąc [old] zmarznąć [old] zamrznúti [old] zamerznuti [rus] zamerzátɪ [mkd] mr̥̀znam [mkd] mr̥̀zn′a [slk] zamrzniti [slk] ṡmarṡniti,*merg̑⁽ʰ⁾-,nan,24,403.0,iecor,nan,
train-d2aef0305ef8d3f8-01,[grc] ὕδερος [grc] ὅδερος [lat] uterus,*úderos,"abdomen, stomach",3,,kaikki,noun,
train-4009e5560ea437ce-01,[lit] -ingas [lav] -īgs [grc] -κός [lat] -icus,*-kos,"Creates deadjectival and desubstantival adjectives denoting the characteristic of, typical of, pertaining to.",4,,kaikki,suffix,
train-9e350b9189326e5f-01,[pal] pabbata,*per-u̯n̥-,nan,1,720.0,iecor,nan,
train-366a398bc841bc1f-01,"[hyw] kʿnanal [hye] k'nel [bul] spâ [bel] spac′ [ces] spát [dan] sove [far] sova [hin] sonā [isl] sofa [kas] šoŋgon [sor] spaś [sor] spać [mkd] spie [nep] sutnu [pol] spać [nob] sove [rus] spat' [hbs] spavati [slk] spať [slk] spati [swe] sova [ukr] spati [chu] sŭpati [fas] xwābīdan [mai] sutanā [urd] sonā [oss] fynæj kænyn [oss] funæj kænun [ave] xʷafda- [bho] sonā [elf] såvå [old] sova [pal] supati [kho] hūśtä [wak] rʉx̌ʉp- [mag] sonā [pol] såpăt, såpot [kas] spac [xcl] kʿownem [pal] síi [hit] šupp- [old] spać [old] spáti [old] usŭnuti [rus] spátɪ [mkd] spàm [mkd] spi [yag] ufs- [slk] spati [slk] ſpati [pun] sauṇā [sog] ufs [maz] xu dare [bak] xaw bidak, xawsidak [raj] xaʋ darạ [del] χowen [lar] axate [kum] txwā'a [bal] wāb en [tat] āxoti [kur] axawıt [kur] xafē [haw] wtan [par] xuspēd [mid] xufsēd [pas] ooda kedal [sar] khuvd [old] sofa [nor] sove [kam] pṣ′u- [kât] pṣ′u- [kal] proš di- [kur] a-xaf-ē",*su̯ep-,nan,73,7523.0,iecor,nan,
train-a25f894f664918c8-01,[cym] tair [sga] teoir [cel] tiđres [san] तिस्रः [ave] 𐬙𐬌𐬱𐬭𐬋,*tisres,feminine nominative/vocative of *tréyes,5,,kaikki,num,
train-e72904739ddfb750-01,[hit] 𒀀𒄿𒅖 [xlu] 𒀀𒀀𒀸𒊭 [sga] á [san] आस् [ave] 𐬁𐬵 [ave] 𐬇𐬆𐬃𐬢𐬵𐬁 [lat] ōs,*h₁óh₃s,mouth,7,,kaikki,noun,
train-603b35bd2ce1f7b9-01,[sga] dech [san] दाश् [san] दशस्यति [lat] decus,*déḱos,that which is proper,10,,kaikki,noun,
train-aea9453dcd59cd65-01,[xcl] մայր [xcl] մաւր,*méh₂tēr,mother,2,,kaikki,noun,
train-c051a47ca85ad559-01,[lat] ferīre [old] ferir [ang] ferir [old] ferir [old] ferir,*bʰerH-,nan,5,2709.0,iecor,nan,
train-9ed65f5fd2005126-01,[mid] bār [par] bār [sog] βari [khw] βǝrk [raj] taraʋạr,*bʰer-,nan,5,3612.0,iecor,nan,
train-be29e43507c25f86-01,[nld] oud [eng] old [fle] oud [fri] âld [deu] alt [lux] al [deu] alt [goh] alt [old] ald [mid] alt [ang] eald [old] ald [mid] out [got] alþeis,*h₂el-,nan,14,268.0,iecor,nan,
train-57405e6392caf95a-01,[sqi] nuk [hit] ne-ku [san] न च॑ [lat] neque,*nékʷe,and not,4,,kaikki,particle,
train-0ae2a01ff004193f-01,[pun] sajjā,*seg-,nan,1,9518.0,iecor,nan,
train-8cfcc11784453b57-01,[xlu] maru̯āi̯(a)-,*?*mergʷ-,nan,1,5269.0,iecor,nan,
train-98e32f4e31e3615f-01,"[sor] dešć [sor] dešćik [mkd] dožd [pol] deszcz [rus] dožd' [slk] dež [ukr] došć [chu] dŭždĭ [ces] déšť [bel] doždž [slk] dážď [bul] d″žd [pol] dåzd [kas] deszcz [old] deszcz, deżdż [old] déšč [rus] dožǯ [mkd] dъ̀š [mkd] dъ̀š [slk] dež [slk] deṡh",*dei̯-,nan,21,1206.0,iecor,nan,
train-bad529605fc2ad6f-01,"[aln] djathtë [bul] desen [ita] destro [kas] dačhon [lit] dešinė̃ [sin] dakuṇa [grc] dexiós [san] dákṣiṇa- [nep] dāyām̐ [mai] dahinā [ben] ḍān [hin] dāyām̐ [chu] desnŭ [lat] dexter [fri] diestri [gae] deas [hbs] desni [ave] dašina [sga] des [osc] destrst [umb] destram [gae] deas [ell] dexiós [gau] dexsiuo- [sqi] djathtë [pal] dakkhiṇa [mag] dahīnā taraf [slk] desni [ell] de-ki-si-wo [mkd] desen [mid] deho, dechou, dehaou, dehou [ell] dexiós [mid] dašn [par] dašn [ell] deksī́s [ell] dex̌ö́s [ell] deššío [ell] dex̌ió [nea] destro [old] destre [ang] destre [bho] dahinā [pal] deec̣híṇu [urd] dāyān [gae] jesh [bre] dehoù [bre] dehoù [cym] dde [mid] deheu [slk] desni [slk] deſnizhen [old] dehou [dal] dastro [gaw] daačina [mid] dyhow [lat] dihow [gaw] lāc̣im [goh] zesauua [got] taihswa [old] destra [kât] dâći′u [kât] dâći′u [mil] destra",*dek̑s-,nan,63,6595.0,iecor,nan,
train-a4815049345b921a-01,[par] kalān [khw] kǝlān,*kelH-,nan,2,3765.0,iecor,nan,
train-5eb5d4b6347948fd-01,[bul] d″pram,*drep-,nan,1,4980.0,iecor,nan,
train-f14fdf4524b75867-01,[sqi] re [aln] rẽ,*?*h₃rei̯H-,nan,2,5484.0,iecor,nan,
train-dbc1379648d01f1e-01,[sqi] mjekër [hit] 𒍝𒈠𒀭𒆳 [xcl] մաւրու-ք [ang] smǣras [san] श्मश्रु,*smóḱwr̥,beard; chin,5,,kaikki,noun,
train-b337ed09b6567dbc-01,[cat] pluja [fra] pluie [ita] pioggia [lad] plovei [sar] próere [spa] lluvia [wal] ploûre [lat] pluuia [fri] ploie [por] chuva [ron] ploaie [old] pluie [ang] pluie [fra] plozhe [old] lluvia [nea] chiovere [old] pluia [meg] plo̯ái̯ă [old] pluja [dal] plovaja [por] chuva [mil] piöva,*pleu̯-,nan,22,919.0,iecor,nan,
train-97d72c14de06e745-01,[lav] niẽkât [lit] niekóti [grc] εὐνίκμητον [grc] *νίκνον [grc] νίκλον,*neyk-,"to winnow, swing grains in a mill",14,,kaikki,root,
train-67745704732b3527-01,[san] मृष्ठास् [san] मृष्य॑ते [san] म॒मर्ष॑ [san] मर्षयति [lit] miršti [hye] մոռանալ [san] मृष् [txb] märs-,*mers-,to forget,8,,kaikki,root,
train-32f132dc37b448ec-01,[xcl] -եմ [grc] -έω [grc] *-e- [grc] *-eyé- [grc] *-esyé- [grc] -όω [grc] -πτω [grc] -σσω [grc] -ττω [grc] -ζω [grc] -λλω [grc] -ιCω [lat] -iō [lat] *-i- [lat] *-iyé- [san] -यति,*-yeti,Creates transitive imperfective verbs from roots.,17,,kaikki,suffix,
train-4c40654a4ab9ef51-01,[sqi] ku [cym] cwdd [san] कुह,*kúdʰe,where?,3,,kaikki,adv,
train-bd99630a244bd879-01,[san] गुद [deu] Kugel [rus] гугля [lit] gugà [eng] kile [deu] Keule [sqi] gop [grc] γῡ́πη [san] गुप्त [lav] gauri [lit] gaurai̇̃ [nor] kaure [lat] gunna [xcl] կուռն [lit] gur̃nas [lav] gurns [xcl] կոր [eng] gut [ell] γύρος [lat] gȳrus,*gew-,"to bend, curve, arch, vault",23,,kaikki,root,
train-460a07037662ad3c-01,[wak] kṣ̌ʉyd [fas] šinīdan [mid] ašnawēd [par] išnawēd [kum] šnēwa [del] mæʃne [lar] ašnofe [maz] ešnone [haw] mažnawo [tat] mašone [old] āxšnauti [kur] a-žnaf-ē,*ksneu̯-,nan,12,708.0,iecor,nan,
train-544a6ae2e19d2a7d-01,"[old] guid [mid] guezenn, guzen [bre] gwez̃ [bre] ģweż, ģweżienn [mid] gwyd [old] guid [mid] gwethen [lat] guedhan",*u̯idʰh₁ú-,nan,8,1074.0,iecor,nan,
train-28519a59b4a21b30-01,[fas] šab [kur] šev [oss] æxsæv [oss] æxsævæ [old] xšap [ave] xšap [kho] ṣṣava [san] kṣáp [hit] išpant- [mid] šab [par] šab [yag] xišáp [kum] šaw [bac] xabo [sog] xšapa [tat] šo [maz] šu [bak] šaw [del] ʃow [lar] šow [bal] šap [kur] šaw [kur] šaw [haw] šawē [khw] ǝxxiba [pas] shpa [raj] šaʋe [sar] khob [kho] čhui [kur] šaw,*k⁽ʷ⁾sep-,nan,30,87.0,iecor,nan,
train-a17beffff2ccf10c-01,[hye] ածել [xto] ākeñc [txb] āśäṃ,*h₂éǵeti,to be driving,3,,kaikki,verb,
train-caa640031d390e92-01,[sqi] n- [sqi] m- [xcl] ի [xcl] յ- [prg] ēn [lav] iekša [lit] į [lit] in [ell] εν [xto] -an [txb] -ne [xto] a(n)- [txb] e(n)-,*h₁én,in,13,,kaikki,adv,
train-77792a96ebc9f494-01,[lat] adoleō [lat] alimentum [lat] almus [lat] altus [lat] alvus [lat] (ind)olēs [lat] (pr)ōlēs [grc] ἀλθαίνω,*h₂el-,"to grow, nourish",8,,kaikki,root,
train-a591f0b96f71f453-01,[txb] āks-,*h₂ḱh₂owsyéti,"to be sharp-eared, to hear well",1,,kaikki,verb,
train-eb78532008eae506-01,[lat] rūdus [lat] rudis [isl] reyta [sga] rúamnae,*Hrew-,"to tear out, dig out, open, acquire",4,,kaikki,root,
train-f3edea3eef089584-01,[kal] osta-,*steh₂-,nan,1,4140.0,iecor,nan,
train-2b9810e340b4f980-01,[grc] ἐνεγκεῖν [grc] ἤνεγκα [grc] κατ-ήνοκα [grc] ἐνήνοχα [grc] ὄγκος,*h₁neḱ-,"to receive, take away",5,,kaikki,root,
train-4fdfae9d69d97c87-01,[kur] bāḷ gırē [kur] bāl a-wr-ē,*bʰeh₂g̑ʰu-,nan,2,9159.0,iecor,nan,
train-778e2043b164bdfd-01,[xcl] տ- [lat] dis-,*dus-,bad,2,,kaikki,prefix,
train-77d5b7489868a3f2-01,[mkd] tъ̀knuvam [mkd] tъ̀knuvam,*teu̯k-,nan,2,7759.0,iecor,nan,
train-5c1d78c9c17ae2e1-01,[mar] daḷaṇe,*der-,nan,1,7566.0,iecor,nan,
train-82377712046db0ad-01,[san] तनस् [lat] tenus [lat] tenor [lat] tener,*ténos,extension,4,,kaikki,noun,
train-a11d906acab22b28-01,[sqi] mjel [lit] melžti [ell] αρμέγω,*h₂mélǵti,to be milking,3,,kaikki,verb,
train-83b1bb9ad9e2c5ad-01,[sqi] rrënjë [gle] fréamh [gle] préamh [gla] freumh [cym] greddf [sga] frén [grc] ῥίζα [fas] ریشه [lat] radius [lat] rāmus [txb] witsako,*wréh₂ds,root,22,,kaikki,noun,
train-84f710bf144f84cb-01,[gaw] nǟg,*nei̯H-,nan,1,9739.0,iecor,nan,
train-aace73e8c5749010-01,[cym] ffon [mid] ffon [old] fonn,*sph₂en-,nan,3,7271.0,iecor,nan,
train-682858b5faa83e20-01,[lit] vójęs [lav] vâjêt [grc] ἐάω [hit] 𒌋𒌦𒄩𒀭𒍣 [san] अवासीत् [gmy] 𐀸𐀄𐀵𐀛 [grc] ᾱ̓ήθως [lat] vānus [lat] vāstus [hye] ունայն [grc] εὖνις [sqi] vonë [gle] uaimh [gla] uaimh,*h₁weh₂-,"to be/become empty, to be extinguished",21,,kaikki,root,
train-7dab09dd0d739979-01,[cym] cawod [bre] kaouad [lit] šiáurė [lat] caurus [xcl] ցուրտ,*(s)ḱeh₁w-,"cold, rainy, north",10,,kaikki,root,
train-4513288c20f341e8-01,"[lit] bilti [lit] byla [prg] billīt, billītwei [lit] bilsti [lav] bilst [lav] bildēt [lit] bildėti [lav] balss [lit] balsas [san] भाष् [xto] päl- [txb] päl-",*bʰel-,"to sound; to speak, roar, bark",12,,kaikki,root,
train-529e57d88d91c18e-01,"[pol] ďörťă [kas] gòrzczi [chu] gorĭkŭ [pol] gorzki [sor] góŕki [sor] hórki [slk] grenek [ces] hořký [slk] horký [ukr] gìrkij [bel] gorkì [rus] gor'kij [mkd] gorčliv [bul] gorčiv [hbs] gorak [old] gorzki, gorki [old] hořký [rus] ɣïrkώj [mkd] gurčìf [mkd] gurčìf [slk] grenek [slk] grenîak",*gʷʰer-,nan,22,6086.0,iecor,nan,
train-e54a6d5c9ff92956-01,[san] हरति [san] अहृथास् [san] जह्रुर् [grc] χορός,*ǵʰer-,"to take, get",4,,kaikki,root,
train-d55f1961f9f2ac91-01,[sqi] din [lav] diena [lit] diena [prg] dēinā [san] दिन [lat] nūndinus [lat] perendinus [xcl] երկինք [hit] šiwatt- [xlu] Tiwaz [xlu] Tiwad- [pal] Tiyaz [pal] Tiyad- [lyc] Τευδιαρμα [hit] 𒅆𒌦𒅀𒋻 [san] द्यु [san] दिव [san] द्यो [fas] لیو [san] द्युमान्,*dyew-,"to be bright, to shine, sky, heaven",54,,kaikki,root,
train-0e5a00d325259a06-01,[lit] kvėpúoti,*?*kʷu̯ap-,nan,1,6321.0,iecor,nan,
train-78697760d5a565cc-01,[bul] pero [bel] pâro [ces] péro [sor] pjero [sor] pjero [mkd] pero [fas] par [pol] pióro [rus] pero [hbs] pero [slk] pero [slk] pero [ukr] pero [urd] par [san] parṇám [txb] paruwa [chu] pero [ave] parəna [pal] paṇṇa [ben] pālak [kho] pārrä [pol] perü [kas] pióro [mid] parr [old] pióro [kum] par [old] péro [rus] peró [mkd] p′èru [mkd] p′èru [slk] pero [slk] perú [bak] par [tat] par [sog] parn [maz] par [del] pær [lar] pal [kur] par [haw] pař [kur] paṛ [raj] par [khw] pan [sar] peend [pas] par [kur] paṛ,*(s)per-,nan,46,700.0,iecor,nan,
train-745f3323f2109611-01,[grc] brachýs [lat] breuis [ave] mərəzu [kho] mulysgä [ell] brachýs [old] brief [sog] murzki,*mreg̑ʰ-,nan,7,2895.0,iecor,nan,
train-b9291715b9cb36ca-01,[mid] lem [bre] lemm [bre] lemm [lat] lebma [mid] llym [old] lemm*,*(s)lei̯-,nan,6,5421.0,iecor,nan,
train-1cdf0996dcc0cbf2-01,[eng] belly-button [cym] botwm bol,*bʰelg̑ʰ-,nan,2,6957.0,iecor,nan,
train-8e61305fc0eb36d2-01,[sog] kermīr,*kʷr̥mi-,nan,1,9774.0,iecor,nan,
train-7b077903f31fbca1-01,[grc] ánemos [ell] a-ne-mo [ell] ánemos [ell] ánomos,*h₂enh₁-,nan,4,1566.0,iecor,nan,
train-3ed7da20e51d93ae-01,[oss] naræg [oss] naræg [maz] nāzek [khw] nārik,*(h₁)ner-,nan,4,3247.0,iecor,nan,
train-e8687637febf0ab2-01,[old] ganga [got] gaggan,*g̑ʰengʰ-,nan,2,8326.0,iecor,nan,
train-3120115f08bd3903-01,"[ben] pātā [hin] pattā [nep] pāt [urd] pattā [mai] pāt [pal] patta [mag] pattā [bho] patai [ass] pāt [pun] pattar, pattā [pas] paṭu [kal] poṭ",*pet-,nan,12,790.0,iecor,nan,
train-bd8f003079159152-01,[xto] yokäṣ [txb] yokäṃ [hit] eku- / aku- [xlu] u-,*h₁egʷʰ-,nan,4,2490.0,iecor,nan,
train-7b0ed7c00af23ef7-01,[bel] kìnuc′ [ukr] kinuti [sqi] hedh [aln] hedh,*(s)keu̯d-,nan,4,9604.0,iecor,nan,
train-e4ee6b7a7e37d35e-01,[grc] ἀλέξω [grc] ἀλέκω,*h₂lékseti,to be protecting,2,,kaikki,verb,
train-eae8b08e2ce9ecb3-01,[hit] āk- / akk-,*?*He⁽k̑⁾-,nan,1,5384.0,iecor,nan,
train-f63a15b9203c234e-01,[kas] tshraath wayen,*u̯eg̑ʰ-,nan,1,9787.0,iecor,nan,
train-3fdd1415b278e3cf-01,[sqi] djeg [txb] tsäk-,*dʰégʷʰeti,"to burn, to be burning (transitive)",2,,kaikki,verb,
train-83977bd59a2c138d-01,[ell] makrýs [grc] makrós [ell] makrós [ell] makrýs [ell] makrýs [ell] makreío [ell] makrý,*meh₂k̑-,nan,7,1506.0,iecor,nan,
train-2675907f6b84ea61-01,[sqi] dhëmb,*ǵómbʰos,"tooth, row of teeth, peg",1,,kaikki,noun,
train-2d436ae8fed7bdd7-01,[lat] serum [grc] ὀρός [grc] ὁρμή [san] सरित् [san] सिरा [san] सृ,*ser-,to flow,6,,kaikki,root,
train-21c11492d5dbd0b9-01,[gae] seinn,*su̯enh₂-,nan,1,2108.0,iecor,nan,
train-a04df0cc16b10b5f-01,[grc] ἐλαφρός [fas] لاغر,*h₁ln̥gʷʰrós,lightweight,2,,kaikki,adj,
train-2e1a5044e3f486f5-01,[sqi] djerg [sqi] dergj [lit] di̇̀rgti [lit] di̇̀rginti,*derHgʰ-,"to tug, to stretch, to pluck",4,,kaikki,root,
train-7f64e209bf5029ba-01,[xcl] հին [got] 𐍃𐌹𐌽𐌴𐌹𐌲𐍃 [grc] ἕνος [san] सन [lat] senex,*sénos,old,5,,kaikki,adj,
train-cf7debc704166c4e-01,[por] peidar [grc] βδέω [deu] Fist [nld] veest [grc] πέζις,*pesd-,"to fart softly, pass gas, break wind",5,,kaikki,root,
train-a8eabab8a0d2d028-01,[sqi] gjithë [lat] singulī [non] sam- [ell] συν [nld] syn- [eng] syn- [eng] sym- [fra] syn- [deu] syn- [ita] sin- [ita] sim- [ita] sil- [pol] syn- [gmy] 𐀓𐀱 [hye] ամեն [hye] ամենա- [grc] ἁμός [grc] ἁμῆ [ell] άμα [san] सम [fas] همه [sga] samail [sga] amal [cym] fel [bre] evel [grc] ὁμαλός [lat] similis [lat] simul [lat] insimul [hye] հանգչել [hye] հանգուցյալ [cym] hefyd [ang] sin- [ang] sine- [old] sin- [goh] sin- [got] 𐍃𐌹𐌽𐍄𐌴𐌹𐌽𐍃 [san] सुमत् [san] स्मत् [lat] simītū,*sem-,"together, one",87,,kaikki,root,
train-3ecf09b21d798c8f-01,[xlu] ipala/i-,*gei̯bʰ-,nan,1,7256.0,iecor,nan,
train-19d4cf4874838d54-01,[gmy] 𐀺𐀽 [ave] 𐬬𐬆𐬭𐬆𐬰𐬌𐬌𐬈𐬌𐬙𐬌,*wr̥ǵyéti,"to be working, to be at work",2,,kaikki,verb,
train-6d3af2866e936e9a-01,[cel] Magios [sga] maige [grc] μείζων [lat] maior [lat] magis,*méǵh₂yōs,"bigger, greater",7,,kaikki,adj,
train-20d54b89ef53e396-01,[lav] làicît [lit] laikýti [prg] laikūt [san] रेचयति [ave] 𐬭𐬀𐬉𐬗𐬀𐬌𐬌𐬈𐬌𐬙𐬌 [san] रिक्थ [san] ऋक्थ [lav] likt [lav] lieks [lit] likti [rus] лишать [grc] ἔκλειψις [grc] λείπω [gla] dìleab,*leykʷ-,to leave,14,,kaikki,root,
train-4e01fe2040a225dc-01,[san] ज्वलति [lit] žvi̇̀lti [gle] gual [gla] gual,*ǵwelH-,"to burn, to shine",4,,kaikki,root,
train-41939f03bc7fe63e-01,[bul] glava [bel] galava [ces] hlava [lit] galvà [sor] głowa [sor] hłowa [mkd] glava [pol] głowa [rus] golova [hbs] glava [slk] hlava [slk] glava [ukr] golova [chu] glava [lav] galva [prg] gallū [pol] glåvă [kas] głowa [lat] golva [old] głowa [old] hlava [old] golova [rus] ɣolová [mkd] glàva [mkd] glàva [slk] glava [slk] glava,*golH-u̯eh₂-,nan,27,1142.0,iecor,nan,
train-0101ef6727c4acc0-01,[hit] ḫātant-,*h₂ed-,nan,1,5385.0,iecor,nan,
train-0c37281c43cd3101-01,[hit] 𒄷𒄴𒄩𒀸 [xlu] 𒄷𒌋𒄩 [xlu] 𔕳𔓷 [lyc] 𐊜𐊒𐊄𐊀 [xcl] հաւ [lat] avus [txb] āwe,*h₂éwh₂os,"maternal grandfather, maternal uncle",7,,kaikki,noun,
train-a6add1f709963582-01,[san] स्फरीः [san] स्फुरति [ave] 𐬯𐬞𐬀𐬭𐬋𐬌𐬝 [lat] spernō [lav] spert [lit] spi̇̀rti [grc] σπαίρω [hit] išparrai,*sperH-,to kick,8,,kaikki,root,
train-03e11aeef7ed1c56-01,[hit] peda- / ped-,*deh₃-,nan,1,6268.0,iecor,nan,
train-f5cc70e1d6d80b10-01,[sqi] ndrydh [cym] cythrudd [lat] trūdō [lit] triū̃sas [eng] thrust [gle] troid [gla] troid,*trewd-,"to push, to thrust",9,,kaikki,root,
train-b554612494a4006f-01,[san] अमोक् [san] अमुचत् [san] मोक्ष [san] मुच्यते [grc] μύσσομαι [grc] ἀπομύσσω [lav] mukt [lit] mùkti [lit] munkù [lit] mukaũ [san] आमुञ्चति [san] प्रमुञ्चति [lat] ēmungō [san] मुमुक्षति [sqi] mut,*(s)mewk-,"to let loose, release, to slip away, escape, flee",15,,kaikki,root,
train-8657cb6866d89520-01,[xlu] mali- / malai-,*melh₁-,nan,1,6300.0,iecor,nan,
train-7577cf722bcfb96a-01,[grc] ἔδρᾰκον [grc] δρακείς [got] 𐌲𐌰𐍄𐌰𐍂𐌷𐌾𐌰𐌽 [san] दर्शयति [grc] δέργμα [gle] dearc [gle] dearca [gle] deirc [gla] dearc [grc] δράκος [sqi] dritë [san] दृष्टि [goh] ougozorhtōn [xcl] տեսանեմ [san] दृश्,*derḱ-,to see,17,,kaikki,root,
train-4e4602416b360b3e-01,[xlu] 𒉿𒈾𒀜𒋾𒅖 [hye] կին,*gʷḗn,woman,2,,kaikki,noun,
train-e91441ace8e718a3-01,[kur] pıt,*p(e)uH-,nan,1,9215.0,iecor,nan,
train-dbcdb86c116e8458-01,[san] -त् [ave] -𐬙𐬯,*-ts,Derives action nouns from verbal roots.,2,,kaikki,suffix,
train-af18426e2f0b0511-01,[sqi] dorë [hye] ձեռք [hye] ձեռ [grc] χέρνιψ [gmy] 𐀐𐀛𐀣 [lat] hir [xto] tsar [txb] ṣar,*ǵʰésōr,hand,8,,kaikki,noun,
train-8b9de9f225932014-01,[oss] cwan kænyn [oss] cawæn kænun,*kʷi̯eu̯-,nan,2,3220.0,iecor,nan,
train-5911f7681903455f-01,[san] नाशयति [old] 𐎻𐎡𐎴𐎠𐎰𐎹𐎫𐎡𐎹,*noḱéyeti,"to make disappear, to cause death",2,,kaikki,verb,
train-e871a9cbd7cbc4dc-01,[lav] mìesa [lit] mėsà [prg] menso [prg] mensā,*mḗms,"flesh, meat",4,,kaikki,noun,
train-f771ad99a39c22cb-01,[xto] śwāṣ [txb] śuwaṃ,*g̑i̯eu̯H-,nan,2,3161.0,iecor,nan,
train-751d0f2f5dd28b5c-01,[san] अयमुर् [san] यमति [san] अयान् [san] अयांसम् [xto] ypa- ~ ya- [san] यच्छति [xto] yomnāṣ [txb] yanmacer [san] ययन्थ [xto] yām- [txb] yām- [san] यामयति [san] यन्त्र [sqi] gjem [san] यम [san] यति [san] सुयाम [grc] ἥμερος [xto] yomär [san] यन्तुरम् [san] यम्,*yem-,"to hold, restrain, to take, seize",21,,kaikki,root,
train-0e618b5919b4a0d1-01,[san] क्षेषत् [lat] sīrīs [grc] κτῐ́σῐς [lat] sinō [lat] pōnō [grc] ἐϋκτίμενος [gmy] 𐀑𐀴𐀕𐀙 [ave] 𐬱𐬀𐬌𐬌𐬀𐬥𐬀 [xcl] շէն [san] क्षिति [ave] 𐬱𐬌𐬙𐬌 [grc] κτῐ́λος [grc] θεόκτιτος [grc] πυρίκτιτος [gmy] 𐀟𐀪𐀑𐀴𐀲 [san] परिक्षित् [ave] 𐬀𐬥𐬀𐬱𐬌𐬙𐬀 [sqi] komb [grc] κώμη [hin] क्षेम,*tḱey-,"to cultivate, to settle, to live",24,,kaikki,root,
train-5ee84b21cb94f001-01,[sqi] emër [sqi] êmën [hit] 𒆷𒀀𒈠𒀭 [xlu] /alaman‑/ [xlu] 𔐓𔓇𔒅 [xlu] 𔐓𔕦𔒅 [xlu] 𔐓𔓊𔒅 [xlu] 𔗸𔒅 [lyc] 𐊀𐊍𐊙𐊎𐊀 [hye] անուն [hye] անում [lat] nōmen [xto] ñom [txb] ñem,*h₁nómn̥,name,23,,kaikki,noun,
train-41ab83c4255d6a8d-01,[san] दृभति [san] दर्भयति [lit] darbas [san] दर्भ [eng] turf [old] turf [ang] eþeltyrf [mid] torf [mid] turf [non] torf [mid] torve,*derbʰ-,"to spin, to twist",11,,kaikki,root,
train-9e07916b2f21e433-01,[grc] οἴφω,*h₃yébʰeti,"to copulate, have sex",1,,kaikki,verb,
train-4692c3f43b383a10-01,[cel] *érkos [lat] Querquernī [lat] Quarquenī [cym] perth [eng] Perth [sga] ceirt [lat] quercus,*pérkus,oak,7,,kaikki,noun,
train-fd723a2faef6222b-01,[fas] kešīdan [wak] xaṣ̌- [ave] karǝšǝṇti [mid] karšēd [kur] dkēšit [yag] xaš- [sog] xaršt [bak] kešid [kum] tkēša [del] mikeʃe [lar] akeše [maz] kašene [kur] akešıt [bal] dārī kaššīt [tat] mekaše [haw] makēšoš [kur] kīšē [raj] ạkeše [khw] xāššeda [pas] rakhkal [pas] kaš kataau [vâs] -kṣ- [kam] kṣ′oa- [kât] kṣ′o- [kur] a-kīš-ē,*kʷels-,nan,25,95.0,iecor,nan,
train-2401bc172709f4d1-01,[hit] ur- / u̯ar-,*u̯erh₁-,nan,1,5379.0,iecor,nan,
train-787dd3ebc2042270-01,[san] reṇúḥ [pal] reṇu,*h₃rei̯H-,nan,2,4393.0,iecor,nan,
train-02193ecbff122cc6-01,[lat] numerāre [ron] număra [old] nombrer [meg] numirári [dal] enbru̯ár,*nem-,nan,5,2224.0,iecor,nan,
train-ce31d5778a8e159f-01,[bul] m″gla [ces] mlha [fle] mist [mkd] magla [fas] meh [pol] mgła [hbs] magla [slk] hmla [slk] megla [chu] mĭgla [nld] mist [lav] migla [grc] omíchlē [oss] miǧ [oss] meǧæ [xcl] mēg [hyw] mēg [pal] mahikā [ell] omíchlē [pol] ḿåglă [kas] mgła [kur] mɨž [san] míh- [lat] mygla [par] nizmān [old] mgła [old] mhla [mkd] mъ̀ŋgla [mkd] mъ̀ŋgla [sin] mīduma [slk] megla [slk] magla [sog] mēγ [maz] meh [bak] meh [del] meh [bal] meh [kur] tamūmež [mid] mēγ [haw] tam u miž [ang] mist [wak] migh [kam] m′e [kât] m′e [kât] m′e [kur] mɨž,*h₃mei̯gʰ-,nan,46,42.0,iecor,nan,
train-fe03ea8898bdc697-01,[txb] śäktālye [xto] śäktālyi,*(s)kedh₂-,nan,2,5816.0,iecor,nan,
train-9c68a20be0573e2e-01,[xcl] որո- [lit] *pra- [grc] προ- [lat] pro-,*pro-,"toward, forward",4,,kaikki,prefix,
train-c0b9d4721f83ce4b-01,[slk] slab [slk] slab,*(s)leb-,nan,2,4895.0,iecor,nan,
train-a13bfac14131444c-01,[mid] istaft [fas] seft [maz] seft [bak] seft [del] soft [kur] sıft [tat] seft [bal] sept [raj] sef [sin] tada [kur] sɨft,*stembʰH-,nan,11,6615.0,iecor,nan,
train-95595eb07e01652e-01,[sor] gótowaś,*gʷeh₂-,nan,1,5195.0,iecor,nan,
train-7c7581a00ef49936-01,[fas] šostan [mid] šōyēd [kur] dɨšot [par] šōδēd [bak] šoštak [pas] woštaau [maz] šorne [raj] ạšure [del] miʃure [lar] ašure [kum] čōra [bal] dārī šodīt [tat] mišure [kur] ašorıt [kur] šūrē [haw] mašoroš [kur] a-šūr-ē,*?*k⁽ʷ⁾seu̯d-,nan,17,744.0,iecor,nan,
train-8b51ac50ca373235-01,[san] नीत [lav] paniņas,*neyH-,"to lead, to churn (dairy products)",2,,kaikki,root,
train-a14920952f51b20e-01,[sga] ceilid [mid] keles [goh] helan [mid] heln [ang] helan [old] hela [old] helan,*k̑el-,nan,7,6675.0,iecor,nan,
train-3a284461bf12f961-01,[ave] 𐬀𐬥𐬎 [old] 𐎠𐎵𐎺 [san] अनु [lat] in- [got] 𐌹𐌽𐌿,*énu,"along, after",5,,kaikki,adv,
train-c5aa1f50654ccdeb-01,[ell] anasanískō [ell] anasánō,*Hi̯eh₁-,nan,2,5820.0,iecor,nan,
train-b8f014382c8c9d97-01,[hit] ḫa-meš-ḫa- [grc] ἄμη [gmy] 𐀀𐀔 [grc] ἄμητος [grc] ἀμάω [hit] a-an-ši [hit] a-an-ša-an-zi [hit] ḫa-ni-iš-zi [hit] ḫa-ni-iš-ša-an-zi,*h₂meh₁-,"to mow, reap",13,,kaikki,root,
train-6f41d54d098841e7-01,[grc] πέκω [grc] πεκτέω [lat] pectō [grc] πόκος [ang] feht [nld] vacht [lit] pešù [lit] pèšti [lit] pašýti,*peḱ-,"to pluck (wool, hair)",9,,kaikki,root,
train-1911cf998612e3fb-01,[ben] chāi [mai] chāur [pal] čhíi [gaw] čhī [ass] sāi,*?*(s)k̑ed-,nan,5,2182.0,iecor,nan,
train-640df98b7a723790-01,[txb] ścire,*ster(H)-,nan,1,7109.0,iecor,nan,
train-c8b45e876dcf46f3-01,[grc] ἔστῠγον [san] तुजन्ति [grc] στῠγέω [san] तुजयत् [san] तुञ्जन्ति [san] तुञ्जते [grc] στύξ [grc] Στύξ [grc] στύγος,*(s)tewg-,"to push, to hit",9,,kaikki,root,
train-f07c03110f2a23e7-01,[hyw] hawkitʿ,*h₂eu̯-i-,nan,1,6057.0,iecor,nan,
train-6f7c740a6efd5086-01,"[aln] êmën [hyw] anown [hye] anown [ben] nām [bul] ime [bel] ìmâ [cat] nom [ces] jméno [dan] navn [nld] naam [eng] name [far] navn [fle] naem [fra] nom [fri] namme [deu] Name [ell] ónoma [hin] nāma [isl] nafn [gae] ainm [ita] nome [kas] naw [lad] inom [sor] mě [sor] mjeno [mkd] ime [mar] nāva [nep] nāum̐, nāma [pol] imię [por] nome [nob] navn [rus] imâ [sar] nomene [sar] númene [hbs] ime [sin] nama [slk] meno [slk] ime [spa] nombre [swe] namn [ukr] ìmâ [wak] nung [wal] nom [chu] imę [hit] lāman [xto] ñom [txb] ñem [lat] nōmen [grc] ónoma [mai] nam [san] nā́ma [kur] nav [urd] nām [prg] emmens [lux] Numm [fri] non [ave] nāman [sga] ainm [oss] nom [oss] nom [xcl] anown [old] nāman [osc] numneís [umb] numem [xlu] ataman- [gau] anuana [sqi] emër [mag] nām [gae] ennym [old] anu [old] namn [elf] nammen [pal] nāma [mid] hanu, hano, hanou, hanoff [fas] nām [kho] nāma [ell] ónoma [pol] jaimą, jaimă [kas] jimiã [mid] nām [par] nām [ell] ónoman [ell] ónoma [ell] nóma [ell] ónoma(n) [ron] nume [nea] nomme [old] nom [ang] nom [fra] non [old] nomne, nombre [pal] nóo [yag] nōm [gae] ainm [bre] ano [bre] hanw [cym] enw [bho] nām [old] imię [mid] enw [old] jmě [old] imę [rus] ɪmn′á [kum] nām [mkd] ìm′ḁ [mkd] ìm′ḁ [slk] ime [slk] imè [bac] namo [deu] Name [ass] nām [pun] nāⁿ, nām [tat] nom [sog] nām [maz] num [bak] num [lar] nom [bal] nām [kur] nāw [old] noum [meg] númi [old] nom [gaw] naam [pas] noom [haw] nāmē [kur] nām [khw] nāmik [gaw] nām [kho] nam [dal] nam [goh] namo [sar] num [old] noma [mid] name [ang] nama [old] namo [mid] name [old] nafn [got] namo [mid] hanow [lat] hanou, hanaw [nor] namn [por] nome [vâs] n′am [pas] nomə [kam] n′om [kât] n′om [kât] n′um [kal] nâm [kur] nāw [mil] nòm",*Hneh₃-mn̥,nan,151,82.0,iecor,nan,
train-39ad2a7e98420172-01,[xto] täṅk- [txb] täṅk- [lit] tingė́ti [lit] ti̇̀ngti [non] þyngja [lit] tingùs [non] þungr,*tengʰ-,"to pull (back), to be heavy, difficult",7,,kaikki,root,
train-1028911a4ce0035c-01,[oss] fid [mid] pīt [par] pid [ave] pitu,*pitu-,nan,4,3219.0,iecor,nan,
train-998901d86ca1593e-01,[ell] afalós [grc] omphalós [kho] nehä [san] nā́bhiḥ [ave] nāfa [lat] umbilīcus [mid] nāfag [kur] nafɨk [ell] nefalós [ell] affaló [ell] ofalós [ell] arfállin [oss] naffæ [fas] nāf [ita] ombelico [fri] umbriçon [lad] embracion [sar] imbíligu [old] nombril [ang] umbril [fra] nombril [old] ombligo [spa] ombligo [por] umbigo [ron] buric [yag] nōf [lav] naba [sga] imbliu [gae] imleag [gae] imleig [gae] imleacán [cat] melic [isl] nafli [far] nalvi [nob] navle [elf] navel [old] nafle [swe] navel [dan] navle [deu] Bauchnabel [lux] Nuebel [nld] navel [fle] navel [prg] nabis [nep] nāiṭō [kas] naːn [kum] nāwaġ [pal] nābhi [fri] nâle [fra] lanbri [nea] vellicolo [deu] Nabel [tat] nāfe [sog] nāfē [maz] nāf [bak] nāf [del] nɒf [lar] naha [bal] nāpag [kur] nāwkǝ [meg] buríc [old] embourigou [old] llombrígol [raj] nạf [pas] noom [kur] nāwk [haw] naha [goh] nabulo [sar] vnuj [mid] nabel [ang] nafela [mid] navele [old] nafli [nor] navle [por] umbigo [kur] nāwɨk [ass] nāṛi,*h₃nebʰ-,nan,77,5026.0,iecor,nan,
train-6b04b38c05a6dbd9-01,[mkd] smòk [mkd] smòk,*(s)meu̯k-,nan,2,7762.0,iecor,nan,
train-4417f8857a3e71a8-01,[pas] hančaali katu,*gʷʰen-,nan,1,3643.0,iecor,nan,
train-0188aa61aa62f669-01,[dan] skarp [nld] scherp [eng] sharp [fle] scherp [fri] skerp [deu] scharf [nob] skarp [lux] schaarf [deu] scharf [goh] skarpf [old] scerp [mid] scharpf [ang] scearp [old] skarp [mid] schaerp [nor] skarp,*(s)kerbʰ-,nan,16,291.0,iecor,nan,
train-76991cc1cb354704-01,[grc] μέμονα [lat] meminī,*memóne,"to think, to be mindful, to remember",2,,kaikki,verb,
train-ac2ce7ed4f469d5a-01,[sga] od- [grc] ὑ- [grc] ὑ,*úd,"upwards, away, out, outward",3,,kaikki,adv,
train-432c0d626ac67608-01,[lav] mazgāt [lit] mazgóti [lat] mozguot,*mesg-,"'sink, descend'",3,3083.0,iecor,nan,
train-220d7c2656691011-01,[lit] sténgti,*stengʷ-,to push,1,,kaikki,root,
train-efceef5c7cc2cbca-01,[gae] dearg [gae] dearg [sga] derg [gae] jiarg,*dʰerg-,nan,4,1734.0,iecor,nan,
train-3f8190cf317ac773-01,[lav] spārns [lit] spar̃nas,*pornóm,"feather, wing, fern, leaf",2,,kaikki,noun,
train-0181600afd556726-01,[pal] thíi,*steh₂-,nan,1,7329.0,iecor,nan,
train-c2e06c59775c71e4-01,[lav] slìet [lit] šliñti [grc] κλῑ́νω [grc] κλίννω [lat] clīnō,*ḱl̥néyti,"to be leaning, sloped, bent",5,,kaikki,verb,
train-dec593fddf491486-01,[san] घ्रं॒स,*gʷʰrensós,heat,1,,kaikki,noun,
train-116b9c0ffdd46a3f-01,"[lat] lūna [hye] lusin [fra] lune [spa] luna [rus] luna [fri] lune [xcl] lowsin [slk] luna [bul] luna [pol] laună, laină [hyw] lowsin [ron] lună [nea] luna [ita] luna [lad] luna [sar] luna [sar] luna [old] lune [ang] lune [wal] leune [fra] lna [cat] lluna [old] luna [por] lua [dal] loi̯na [slk] luna [old] luna [meg] lúnă [old] lluna [por] lua [mil] lüna",*leu̯k-,nan,31,2336.0,iecor,nan,
train-813a074ee5e4a935-01,[maz] ben,*n̥-budʰnós,nan,1,4106.0,iecor,nan,
train-af6fbfce46860bbb-01,[kho] ṣoi,*k̑lei̯-,nan,1,9511.0,iecor,nan,
train-d24ce89ea1712da2-01,[kur] strana dɨbēžit [mid] srāyēd [sog] srāw,*k̑leu̯-,nan,3,5236.0,iecor,nan,
train-459cce9cf305c168-01,[sqi] barrë [xcl] -(ա)ւոր [non] barar [grc] φορᾱ́ [grc] φορή,*bʰoréh₂,"an act of carrying or bearing, that which is borne: load, burden, that which bears weight or carries",5,,kaikki,noun,
train-54ea1517c757c58d-01,[hit] pešna- / pišna-,*pes-,nan,1,2325.0,iecor,nan,
train-abe5c1c5041c43b4-01,"[cat] home [fra] homme [ita] uomo [lad] el [por] homem [sar] omine [sar] ómine [spa] hombre [wal] ome [gae] duine [fri] om [gae] dooinney [old] ome [ang] home [fra] omo [old] omne, ombre [nea] ommo [bre] den [bre] den [cym] dyn [mid] dyn [old] home [old] hom, home [dal] jomno [goh] gomo [ang] guma [old] gumo [mid] den [lat] dean [por] homem [mil] òm","*dʰég̑ʰ-om-, *dʰg̑ʰ-ém-, *dʰg̑ʰ-m-",nan,31,907.0,iecor,nan,
train-d1592e8a253eefae-01,[ell] paliós [grc] palaiós [ell] palaiós [ell] pa-ra-jo [ell] paliós [ell] palió [ell] palaíos [ell] palaío,*pelh₂-,nan,8,1517.0,iecor,nan,
train-1951ba0cd3e584b1-01,"[hyw] lsel [hye] lsel [ben] śunā [hin] sunanā [nep] sunnu [san] śru- [mai] sunanā [gae] cluinn [urd] sunnā [gae] clois [sga] ro·cluinethar [xcl] lsem [gau] cluiou [ave] surunaoiti [gae] clashtyn [bho] sunanā [pal] suṇāti [mag] sunanā [mid] cleuet, clevet [pal] ṣúṇa [bre] klewed, klew- [bre] klewed, klew- [cym] clwad [mid] clybod [sin] ahanavā [mid] clewes, clowes [lat] klouaz, clowas [ass] xunā [pun] suṇnā [gaw] ṣunḍik [sar] kheed",*k̑leu̯-,nan,31,598.0,iecor,nan,
train-f606d5c17fd8d960-01,[grc] ἀδελφεός [grc] δελφίς [grc] Δελφοί [ave] 𐬔𐬆𐬭𐬆𐬠𐬎𐬱 [grc] δολφός,*gʷelbʰ-,the womb,5,,kaikki,root,
train-c71c64f65bc41103-01,[sga] con·oí [san] अवति [ave] 𐬀𐬎𐬎𐬁𐬨𐬍 [lat] iuvō [lat] iūtus [sqi] ndihmë [sqi] ndihmoj [san] अव्,*h₁ewH-,"to help, to assist, to protect",8,,kaikki,root,
train-c89648ff81ab87e4-01,[hbs] truo,*terh₁-,nan,1,4951.0,iecor,nan,
train-4c266e4d3aca64c8-01,[lit] tašýti [san] तक्षयति [gle] tál [gla] tàl [lat] tēla [lat] tēlum [ang] þeox [deu] Dechse [ell] τέχνη [lat] techna [eng] techno- [san] तष्ट [ave] 𐬙𐬀𐬱𐬙𐬀 [mid] tšt' [mid] tʾšytk [fas] طاس [hye] տաշել [lat] testa [sqi] tollë [sqi] teshë,*tetḱ-,"to create, produce, to cut, hew",23,,kaikki,root,
train-f65b57f5cdf39e26-01,[lat] malus,*(s)mal-,"small, little",1,,kaikki,root,
train-4ab5babaaaebde19-01,[dan] aske [nld] as [eng] ashes [far] øska [fle] asch [fri] jiske [deu] Asche [isl] aska [fas] xākestar [nob] aske [san] ā́saḥ [hit] ḫāš(š)- [swe] aska [lux] Äschen [old] aska [elf] aska [deu] Äsche [bak] xākeštar [goh] aska [mid] asche [ang] asce [mid] assche [old] asko [old] aska [got] azgo [pas] aaskorə [nor] oske [vâs] ′âs [kam] âs′a [kât] âs′a [kât] âs′a [kal] âsa,*h₂eh₁s-,nan,32,178.0,iecor,nan,
train-048aa8663696425c-01,[pal] gáaḍu,*g⁽ʷ⁾eg̑ʰ-,nan,1,7108.0,iecor,nan,
train-c136eb5462a9188b-01,[sqi] daj [grc] δαίομαι [san] दयते [grc] δῆμος [san] दया,*deh₂-,"to share, divide",5,,kaikki,root,
train-8a98a1a525782538-01,[lat] ruō [sqi] rashë [cym] rhuthr [cym] rhuthyr [gle] ruathar [gla] ruathar [grc] ὀρούω [fas] رمبیدن,*h₃rew-,"to run, to hurry",8,,kaikki,root,
train-eb187af1d664a9d1-01,[lat] longus,*dlongʰos,long,1,,kaikki,adj,
train-41576d5005c66de7-01,"[hyw] šun [hye] šun [dan] hund [nld] hond [far] hundur [fle] hond [fra] chien [fri] hûn [deu] Hund [isl] hundur [ita] cane [kas] hoon [lad] cian [lit] šuõ [por] cão [nob] hund [sar] cane [sar] cane [swe] hund [wal] tchin [hit] kuu̯an- / kun- [xto] ku [txb] ku [grc] kýōn [lat] canis [prg] sunis [lav] suns [gae] cù [lux] Hond [san] śvā́ [fri] cjan [ave] span [sga] cú [xcl] šown [xlu] suwani- [fas] sag [gau] cuno- [old] hunder [pal] suṇa [mid] qui, quy [ell] ku-na-* [kho] śve [wak] šač [ell] kynárion [mid] sag [par] ispag [lat] suņs [ron] câine [nea] cane [old] chien [ang] chen [fra] shin [old] can [bre] ķi [bre] ki [cym] ci [mid] ci [kum] saġ [deu] Hung [tat] asbe [bak] sag [del] sæg [lar] sag [old] can [meg] cắni [old] ca [pas] spe [raj] esbạ [dal] kuọṅ [goh] hunt [mid] hunt [ang] hund [old] hund [mid] hont [old] hundr [got] hunds [mid] ky [lat] kei [gaw] ṣunaa [pas] šiing [nor] hund [kal] ćũ [kur] saw [mil] can",*k̑u̯ón-,nan,84,21.0,iecor,nan,
train-8637c14ad06e0b34-01,[sor] mróčel [sor] mrokawa,*merHk-,nan,2,2480.0,iecor,nan,
train-b2d48aca8050c84b-01,[xlu] 𒉺𒀭𒋫 [hye] հինգ,*pénkʷe,"five, hand (older)",2,,kaikki,num,
train-c5a249553b041b87-01,[sor] kurjawa [sor] kurjawa,*kerH-,nan,2,4828.0,iecor,nan,
train-28c0160646f828c9-01,[san] आ वृषस्व [grc] ἕρμα [san] वर्ष्मन् [sga] ferr [lat] verrūca,*wers-,"to rise; to raise, lift, to protrude; to be high (?), peak, height, top, ? excrescence of the skin",5,,kaikki,root,
train-4b05aaf6150342a0-01,[xcl] երեկ [xcl] երէկ [grc] Ἔρεβος [san] रजस्,*h₁régʷos,darkness,4,,kaikki,noun,
train-fa03f56ab89bc394-01,[ell] chṓma [ell] chṓman [ell] choúma [ell] chṓma(n) [ell] chṓma,*g̑ʰeu̯-,nan,5,1474.0,iecor,nan,
train-7c9767e9a71597dc-01,[hit] 𒋾𒄿𒀀 [ell] δένω,*dh₁yéti,to bind,3,,kaikki,verb,
train-fc4a51ad9e4f982a-01,[san] दुदोह [san] दुदुहुर्,*dʰedʰówgʰe,to be productive,2,,kaikki,verb,
train-6f7ebfb7984e500f-01,[sqi] asht [san] अस्थि [lat] os [xto] āy [txb] āy [txb] āsta,*h₃ésth₁,bone,6,,kaikki,noun,
train-fb783fbb6329f2a6-01,[ben] bām̐dhā [dan] binde [nld] binden [far] binda [fle] binden [deu] binden [hin] bāndhanā [isl] binda [mar] bāndhaṇe [fas] bastan [nob] binde [sin] ban̆dinavā [swe] binda [wak] vand [nep] bām̐dhnu [urd] bāndhnā [san] bandh- [oss] bættyn [oss] bættun [ave] baṇdaiieiti [bho] bāndhnā [old] binda [elf] binda [pal] bandhati [mai] bānhab [mag] bāṅdhanā [kho] bañäte [mid] bennēd [yag] vant- [fri] bine [deu] binge [sog] βent [ass] bāndhā [pun] baⁿnʰṇā [khw] βānceda [kum] tabna [par] bandēd [goh] bindan [sar] veest [old] binda [mid] binden [ang] bindan [old] bindan [mid] binden [old] binda [got] bindan [kho] botik [nor] binde,*bʰendʰ-,nan,48,326.0,iecor,nan,
train-b00b9c91c8ef6fa3-01,[san] नशन्ति [san] अनशत् [xto] näk- [txb] näk- [xto] ñakäs [txb] nekasta [xto] nkäs [txb] nakṣtär [txb] -nakṣi [san] ननाश [ave] 𐬬𐬍𐬥𐬇𐬥𐬁𐬯𐬁 [txb] neku [san] नाश [san] नष्ट [ave] 𐬥𐬀𐬱𐬙𐬀 [ave] 𐬥𐬀𐬯 [lat] nex [lat] necō [ell] νεκρός [grc] νέκταρ [xto] oṅk [txb] eṅkwe,*neḱ-,"to perish, disappear",22,,kaikki,root,
train-2e744b89401f33c6-01,[gaw] āga,*kʷek̑-,nan,1,9541.0,iecor,nan,
train-1b8d54e4b99d0ae8-01,[grc] κμέλεθρα [lat] camur [san] क्मर॑ति [ave] 𐬐𐬀𐬨𐬀𐬭𐬁 [fas] کمر [fas] کمرا [xcl] կամար [grc] καμάρα [grc] καμαρίς [grc] κανθός [grc] κάμῑνος [grc] καμπή [grc] κάμπη [lat] campus [lit] kam̃pas [grc] κάμπτω [grc] καμψός [san] कम्पते,*kh₂em-,"to bend, to curve, to smooth",20,,kaikki,root,
train-aeadd1a4bc27e8dd-01,[san] वमति [lat] vomō [grc] ἐμέω [grc] ἔμεσις [grc] ἔμετος [lat] vomitus [sqi] umas [lit] vėmalai,*wemh₁-,"to spew, to vomit",8,,kaikki,root,
train-65c9211248fca85c-01,[sar] skit chewg [wak] ṣ̌tik x̌ak,*?*stei̯g-,nan,2,9387.0,iecor,nan,
train-246fc1afc9911fcc-01,[lav] siêts [lit] si̇́etas [lav] sēt [lit] sė́ti [lat] serō [lav] sēkla [lit] sė́kla [eng] seed [isl] sáð [nor] sæd [swe] säd [dan] sæd [lat] satus [hit] 𒅆𒄿𒄑𒍣 [sga] síl [cym] hil [san] सायक,*seh₁-,"to impress, insert, to sow, to plant",18,,kaikki,root,
train-6b552f49825cfe3d-01,[san] हीन [grc] κιχάνω [san] जहाति [ave] 𐬰𐬀𐬰𐬁𐬌𐬙𐬌 [san] अहात् [sqi] ngah,*ǵʰeh₁-,"to leave, abandon",6,,kaikki,root,
train-6ecb7d26de74bfa1-01,[lat] mentum [lat] mentula,*mn̥tós,"protruding, standing out",2,,kaikki,adj,
train-6dbca6c92369955c-01,[nld] groot [fle] groot [fri] grut [deu] groß [lux] grouss [deu] gross [goh] grōz [old] grāt [mid] grôz [mid] groot [old] grôt,*gʰreu̯d-,nan,11,185.0,iecor,nan,
train-30e4fe6165fcee5a-01,[lat] rūpī,*Hréwpt,to break,1,,kaikki,verb,
train-575ffe987370f237-01,[dan] rød [nld] rood [eng] red [far] reyður [fle] rood [fra] rouge [fri] rea(d) [deu] rot [isl] rauður [ita] rosso [lit] raudónas [nob] rød [sar] ruiu [spa] rojo [swe] röd [wal] rodje [grc] erythrós [san] rohitá- [lat] ruber [xto] rtär [txb] ratre [lux] rout [fri] ros [ave] raoiδita [gau] roudos [old] rud(d) [elf] roð [old] rödher [pal] lohita [slk] rdeč [ell] e-ru-ta-ra [mid] ruz [ell] erythrós [umb] rufru [old] roge [ang] ruge [fra] rozho [ron] roșu [nea] russo [pal] lhoílu [bre] ruż [bre] hruż [slk] rdeč [slk] ardèzh [sar] orrúbiu [mid] ruth [lat] rydh [deu] rot [old] rouge [meg] roși [gaw] läu [goh] rōt [old] rād [mid] rôt [ang] rēad [old] rôd [mid] root [old] rauðr [got] rauþs [nor] raud [kal] lailai sta [mil] rùs,*(h₁)reu̯dʰ-,nan,62,6592.0,iecor,nan,
train-fe789836c74d46e9-01,[hit] u̯alḫ-,*u̯elh₂-,nan,1,5394.0,iecor,nan,
train-d4679be5234c01d0-01,[gae] can,*⁽k̑⁾an-,nan,1,6750.0,iecor,nan,
train-a9c6c85cd291b25c-01,[ell] plátī [pol] plecy [kas] plecë [ell] plátī [ell] pláī [rus] plẹ́či,*pleth₂-,nan,6,1580.0,iecor,nan,
train-0c6b17b2cdef35fb-01,[sor] noha,*h₃neg⁽ʷ⁾ʰ-,nan,1,7424.0,iecor,nan,
train-1c484bd09b3c5a73-01,"[cat] núvol [fra] nuage [ita] nuvola [lad] niola [por] nuvem [sar] nue [sar] núe [spa] nube [wal] nûlêye [lat] nūbēs [fri] nûl [nea] nuvola [old] nue [ang] nue [fra] neublo [old] nuve [ron] nor [meg] nor [old] nivol, nioula [old] núvol [por] nuvem [mil] nìvar",*(s)neu̯dʰ-,nan,22,862.0,iecor,nan,
train-6bdc15a81deb4262-01,[sar] wadhord,*dʰer-,nan,1,9356.0,iecor,nan,
train-6101e9f0d65e21f7-01,[lav] jùmis [sga] emon [lat] geminus [lat] genus [non] Ymir [sqi] gjysmë,*yemH-,twin,6,,kaikki,root,
train-00021367c4996b62-01,[sqi] tund [xcl] թնդամ [san] तुण्डते [fas] تند [lat] tundō,*(s)tunédti,"to be pushing, hitting",5,,kaikki,verb,
train-89ebf71c42f3573b-01,[hit] 𒉺𒊏𒀀 [prg] pra [prg] pro [grc] πρό [san] प्र [old] 𐎳𐎼,*pró,"forwards, before",6,,kaikki,adv,
train-f80b78b963985f24-01,[xcl] տուր [grc] δῶρον,*déh₃rom,gift,2,,kaikki,noun,
train-48b006edd546b971-01,[lat] canicae,*kn̥h₂ónks,honey,1,,kaikki,noun,
train-d6e09d2b3b5573e4-01,[raj] dandun ạynre,*Hd-ónt-,nan,1,9779.0,iecor,nan,
train-4dc9fc758ec72bf8-01,[san] मदति [san] मदते [ave] 𐬨𐬀𐬛𐬀𐬌𐬙𐬈 [bre] mezañ [cym] maeddu [sga] maidid [sga] ro·mmemaid [san] ममाद [lat] madeō [san] मादयति [grc] μᾰδᾰρός [san] मदिर [xcl] մատաղ [xcl] մաճառակ [pol] mada [grc] μᾰδάω,*meh₂d-,"to be wet, to become wet",16,,kaikki,root,
train-56ff6a199c4b58a1-01,[sga] ad·tluchedar [sga] do·tluchedar [san] तर्क [san] *terkʷ- [san] तर्कुक [san] तर्क्यते,*telkʷ-,to talk,6,,kaikki,root,
train-86af9e0e2831c4ef-01,[ell] kainoýrgios [ell] tžinoýrkos [ell] kainoúrgos [ell] tšinoúrgio [ell] kiüniǘrios,*ken-,nan,5,1514.0,iecor,nan,
train-5ea0044f25ad0162-01,[lyc] 𐊏𐊒𐊏𐊗𐊀𐊗𐊀 [hye] ինը,*h₁néwn̥,nine,2,,kaikki,num,
train-54adb512d73a9507-01,[pol] stadło,*sth₂dʰlóm,"place or position; that which stands, stable, stall",1,,kaikki,noun,
train-85f49ccc64ff8821-01,[sqi] kush [xto] kus [txb] kᵤse,*kʷ-,The primary interrogative root.,6,,kaikki,root,
train-d57f88b119aa3eea-01,"[bul] padna [bel] upascì [sor] padnuś [sor] padnyć [mkd] padne [pol] spaść [rus] upast' [hbs] pasti [slk] padnúť [slk] pasti [ukr] pasti [san] pad- [chu] pasti [ces] padnout [kas] padnąc [old] paść [old] pásti, padnúti [rus] pástɪ [mkd] pànam [mkd] pàdna [slk] pasti [slk] paſti [ave] paiδiiāite [vâs] -nǰi-",*ped-,nan,24,1126.0,iecor,nan,
train-ba78da269793842b-01,[san] इष्ट [ave] 𐬌𐬱𐬙𐬀 [hye] հայց [lat] aeruscō [lat] aestimō [lav] ieska,*h₂eys-,"to wish, to request, to search",7,,kaikki,root,
train-23e6cc502e7c6564-01,[gae] cnámh [gae] cnàmh [sga] cnáim [gae] craue,*konh₂m-,nan,4,1688.0,iecor,nan,
train-746497cf940e2e01-01,[lav] diêt [grc] δίω [grc] δίεμαι [grc] δῑνέω [grc] δῑνεύω [sqi] ndih [sqi] ndif [san] दीयन्ति [san] दीयते [gle] dian [gla] dian [lav] daina [lit] daina [ron] doină,*deyh₁-,to chase (away),16,,kaikki,root,
train-4b1b37004826376f-01,[sqi] plesht [san] प्लुषि [pus] ورږه,*plúsis,flea,3,,kaikki,noun,
train-dee638629abc40fd-01,[lav] turēt [lit] turėti [lav] tvert [lit] tvérti [lav] tvarstīt [lit] tvárstyti [lit] tvora [lit] ap-tvaras [grc] σορός [grc] σειρά [grc] σειρή [grc] σηρᾱ́,*twerH-,"to enclose, fence in, to grab, seize",12,,kaikki,root,
train-a15f75922f100cdd-01,[lyc] ẽti [xcl] ընդ [san] अधि,*(H)n̥dʰí,"under, below",3,,kaikki,adv,
train-ef952ce36aeac359-01,[bul] miâ [bel] myc′ [ces] mýt [sor] myś [sor] myć [mkd] mie [pol] myć [rus] myt' [slk] myť [slk] miti [ukr] miti [chu] myti [pol] moit [kas] mëc [old] myć [old] mýti [rus] mώtɪ [mkd] umìvam [mkd] mùja,*meu̯H-,nan,19,1188.0,iecor,nan,
train-d608b35cf116ef94-01,[grc] τέκον [grc] ἔτεκον [grc] τέτοκα [grc] τίκτω [grc] τέκνον [grc] τέκος [grc] τοκεύς,*teḱ-,"to sire, beget",7,,kaikki,root,
train-5df23661a164943c-01,[lux] Buedem,*bʰudʰ-,nan,1,7031.0,iecor,nan,
train-46f9299902dadc75-01,[mid] bræhen [mid] bram [sga] broim [bre] brein [mid] braen [lat] fragrō,*bʰreHg-,"to smell, have a strong odour",7,,kaikki,root,
train-99a14c4fffa55b0b-01,[nld] miggelen [lit] miegoti [lit] miegas [xcl] մէգ,*h₃meygʰ-,"fog, mist, cloud, to drizzle",4,,kaikki,root,
train-517d7db0a7b29045-01,[cat] tenir por [nea] tené paura [ita] avere paura [fri] vê pôre [fra] avoir peur [mil] avèch paüra,*peu̯-,nan,6,6379.0,iecor,nan,
train-0283e31b1f1bb397-01,[kho] śśärä [sog] širi [pas] kha,*k̑rei̯H-,nan,3,3391.0,iecor,nan,
train-4db649d76691d0ac-01,"[ell] págos [ell] páos [ell] págos [ell] págos, pagoúr [ell] págo",*peh₂g̑-,nan,5,1500.0,iecor,nan,
train-6db59f77b4aa9423-01,[hit] 𒀀𒆪 [hit] 𒂊𒆪 [xlu] 𒌋 [pal] 𒀀𒄷 [grc] νήφων [xto] yok- [txb] yok- [lat] ēbrius,*h₁egʷʰ-,to drink,17,,kaikki,root,
train-7f1311ef5e548d34-01,[hye] meǰkʿ,*medʰ-,nan,1,5888.0,iecor,nan,
train-77db665da274d0fa-01,[prg] auklipts,*klep-,nan,1,5450.0,iecor,nan,
train-87cd0862f3258afe-01,[sqi] pa [hit] 𒀀𒀊𒉺 [xlu] 𒀀𒀊𒉺 [ell] από [gmy] 𐀀𐀢 [lat] ab,*h₂epó,"off, away",10,,kaikki,adv,
train-ce968508cbca7e39-01,[grc] ἀγείρω [grc] ᾰ̓γορᾱ́ [lit] grùmulas [san] गण [san] आगार [lat] grex,*h₂ger-,"to gather, flock, herd",6,,kaikki,root,
train-323d92d7f0b7d93f-01,[hyw] əsel [hye] asel [xcl] asem,*h₂eg̑-,nan,3,636.0,iecor,nan,
train-15aaca6f4a3ed2e8-01,[nep] sunninu [urd] sūjhnā [kas] hanon [mar] sujaṇe [oss] ræsijyn [oss] ræsujun [ave] sispimna [kho] hasv [pun] sujjṇā,*k̑eu̯h₁-,nan,9,2993.0,iecor,nan,
train-997c6e628a8e2c09-01,[grc] ἀλέγω [lat] religiō [lat] -lēxī [grc] ἄλγος,*h₂leg-,to care for,4,,kaikki,root,
train-685b8ca7103df8fb-01,[grc] ἔχυτο [grc] χέω [san] जुहोति [grc] κέχῠκᾰ [san] जुहाव [lat] fūtis [lat] fūtilis [lat] effūtiō [grc] χεῦμᾰ [grc] χύμα [san] होम [grc] χῡμός [grc] χῡλός [san] हव्य [grc] χύτλον [ell] χύτρα [sqi] dyllë [sqi] gumoj [xcl] ձեւ [xcl] *ǵʰew-os [xcl] *ǵʰew-o- [xcl] ձոյլ [xcl] *ǵʰew-lo- [xcl] ձոր [xcl] *ǵʰoworo- [xcl] *ǵʰowero- [xcl] զուտ [xcl] *ǵʰu-d-o- [xcl] ձագար,*ǵʰew-,to pour,30,,kaikki,root,
train-925e9cf3e086b7fc-01,[kho] dunik [pal] dúna,*deh₂u̯-,nan,2,7493.0,iecor,nan,
train-5f1bd751e217ae1c-01,[prg] garian,*gʷerH-,nan,1,2364.0,iecor,nan,
train-812e221260f13e00-01,[grc] ἕξω [san] असाक्षि [san] सक्षत् [xto] sākam [txb] sākāu [san] ससाह [san] ससाहे [grc] σχεδόν [grc] σχέσις [grc] σχέτλιος [grc] σχῆμα [grc] σχολή [grc] ἰσχύς [san] सीक्षते [grc] ὀχέω [san] साहयति [san] साढ [san] अषाढ [grc] ἕκτωρ [san] साढृ [san] साळ्हृ [san] सह्वत् [san] सह्वन् [grc] ὄχος,*seǵʰ-,"to overpower, to take hold of",24,,kaikki,root,
train-1c57e1f996b92d3e-01,[wak] rwor,*h₂u̯es-,nan,1,5053.0,iecor,nan,
train-92e3e0509a876e92-01,[grc] ἔμῠσᾰ [grc] μῡ́ω [san] मुष्टि [ave] 𐬨𐬎𐬱𐬙𐬌 [txb] maśce [grc] ἀμυστί,*mews-,to shut,6,,kaikki,root,
train-cebc26f3d6134778-01,[hbs] kiša,*ku̯ath₂-,nan,1,2237.0,iecor,nan,
train-d3af977b0e40c915-01,[grc] μισθός,*misdʰós,"reward, prize, wage, payment",1,,kaikki,noun,
train-4d181860819ae7a3-01,[lit] miegóti [prg] meicte,*mei̯gʰ-,nan,2,1918.0,iecor,nan,
train-3524c9920f25b878-01,[dan] fugl [nld] vogel [far] fuglur [fle] vogel [fri] fûgel [deu] Vogel [isl] fugl [nob] fugl [swe] fågel [lux] Vull [elf] fugel [old] fughl [deu] Vogel [goh] fogal [mid] vogel [ang] fugol [old] fugal [mid] voghel [old] fugl [got] fugls [nor] fugl,*?*pleu̯k-,nan,21,186.0,iecor,nan,
train-183a4b1b1ce496f6-01,[ell] spóros [grc] spérma [sqi] farë [ell] pe-mo [ell] spérma [ell] spóros [ell] spóro [ell] spóros [ell] sporá [aln] farë [sqi] farë,*sper-,nan,11,1532.0,iecor,nan,
train-4115e8a2dfd3bf6b-01,[hit] 𒆠𒅖𒉡𒊻𒍣,*ksnéwti,"to scrape, sharpen",1,,kaikki,verb,
train-04a626a1f57afda3-01,[hit] ḫaršar / ḫaršn-,*h₃er-,nan,1,5393.0,iecor,nan,
train-22c8a7b8cb2c4d09-01,[sqi] sorrë,*kr̥snós,"black, dark, dusky",1,,kaikki,adj,
train-f9cfa88de5208598-01,[hye] հարցնել,*pr̥sḱéti,"to keep asking, to question",1,,kaikki,verb,
train-20503973350a3470-01,[chu] kryti [hbs] sakrivati [bul] kriâ [mkd] krie [pol] såkrĕt [slk] ukrývať [slk] skrivati [old] krýti [mkd] skrìvam [mkd] skrìvam [slk] skrivati [slk] ṡkrivati,*kreu̯H-,nan,12,5275.0,iecor,nan,
train-c2b56379257f38d7-01,[grc] (αὐτό)ματος [san] मत [lat] (com)mentus,*mn̥tós,thought,3,,kaikki,adj,
train-a986f3c7aa1a2b6d-01,"[grc] (ἀπο)λαύω [sga] lóg [grc] λᾱός [grc] λᾱρός [grc] ληΐη [grc] ληΐς, ληΐδος [lat] lucrum [xcl] լաւ [grc] λωΐων [lat] Laverna [xto] lu [txb] luwo",*leh₂w-,"to seize, gain, benefit, prize",12,,kaikki,root,
train-a2183bfb403063ae-01,[sga] smech [lat] māla [lat] maxilla,*smeḱ-,beard; chin,5,,kaikki,root,
train-230c2ef3a3d111c7-01,[lit] druskà,*?*dʰreu̯s-,nan,1,1912.0,iecor,nan,
train-1a5fe94d9a0effb9-01,[hit] 𒊭𒀝𒆷𒅖 [hit] 𒊭𒀝𒆷𒀀𒅖 [hit] 𒊭𒀀𒀝𒆷𒀀𒅖 [lat] sagmen [xto] sākär [txb] sākre,*seh₂k-,"to make a pact, treaty, to make sacred, ceremony, ritual",6,,kaikki,root,
train-622f1924c2453a29-01,[ben] cokh [fas] čašm [wak] č̣əẓ̌m [oss] cæst [oss] cæstæ [old] cašman [ave] cašman [kur] čav [kho] tceiʾmä [mid] čašm [par] čašm [kum] čum [sog] čašmi [maz] češ [del] t͡ʃeʃ [lar] čaš [bal] čamm [kur] čāw [haw] čam [kur] čam [raj] čaym [khw] camma [sar] cem [ass] sôku [kur] čāw,*kʷek̑-,nan,25,696.0,iecor,nan,
train-ca573f1049841c60-01,[lit] gyvãtė,*gʷi̯eh₃-,nan,1,1919.0,iecor,nan,
train-e41173ffcc45650d-01,[sga] fo·ceird,*kerH-,nan,1,6729.0,iecor,nan,
train-4b7c7571c8919bb1-01,[san] megháḥ [oss] meǧæ [ave] maēγa [pal] megho [par] mēγ,*h₃mei̯gʰ-,nan,5,760.0,iecor,nan,
train-8b069293c0f98996-01,[sga] snaïd [sga] -sná [san] स्नाति,*(s)néh₂ti,"to swim, to be swimming",3,,kaikki,verb,
train-c8ccc85a3c53c08d-01,[fra] soflâ [ron] răsufla [nea] sciatà [lad] tré l flé [mil] fiadàa,*bʰleh₁-,nan,5,7540.0,iecor,nan,
train-f3df04a9c7ebdc63-01,[ell] sérrō [ell] sýrō,*tu̯er-,nan,2,6013.0,iecor,nan,
train-9378313cc2cfd164-01,[eng] blead [deu] Blüte [xto] pält [txb] pilta [grc] φῠ́λλον [lat] folium [san] फुल्ल [xcl] բող [xcl] բողիկ [hye] բողբոջ,*bʰleh₃-,"bloom, flower",28,,kaikki,root,
train-53d8d441a1ca40b0-01,[grc] φήμη [lat] fāma [san] भाषा [san] भाषति [lat] fās [grc] φωνή [grc] φῆμις [grc] φῆμα [xcl] բան [grc] φάσκω [xcl] բայ [grc] φάσις [grc] φάτις [grc] φατός [lat] fātus [lat] fateor [lat] Fatuus [lat] fatuus [xcl] բառ [xcl] բանկն,*bʰeh₂-,"to speak, to say",21,,kaikki,root,
train-89456fe3080ba892-01,[hit] -𒀭𒍝 [lit] -ąs [lit] -antis [grc] -ων [san] -अन्त् [ave] -𐬀𐬧𐬙 [fas] ـنده [xcl] -անդակ [lat] -ns [lat] -ēns [lat] -āns [lat] -iēns,*-onts,"Forms adjectives from Caland system roots., Ending of the present active participle of verbs.",18,,kaikki,suffix,
train-d5d18de0216d565a-01,[grc] χόρτος [txb] kerccī,*gʰórtos,enclosure,2,,kaikki,noun,
train-cbe0bf0f075695ec-01,[hit] miliddu- / maliddu- [xlu] malidima/i- [cym] melys [sga] milis [gae] milis [gae] millish [gae] milis [mid] melys [aln] ãmbël [sqi] ëmbël [sqi] tambulj,*melit-,nan,11,6297.0,iecor,nan,
train-348369cfbb2f7aff-01,[lav] smiêt [lav] smieties [san] स्मयते [txb] smiyäṃ [xto] smimāṃ [lav] smaĩdît [lav] smaîdinât [lav] smîdînât [lat] mīrus [san] स्मेर [lat] cōmis [grc] μειδάω [grc] μειδιάω,*(s)mey-,"to laugh, to be glad",13,,kaikki,root,
train-1f109fcef6d8ef68-01,[lit] káulas [lav] kauls [prg] kaulan [lat] kauls,*keh₂u̯l(o)-,nan,4,1847.0,iecor,nan,
train-ee700c9584ccfc19-01,[dan] stor [nob] stor [isl] stór [far] stórur [nep] ṭhūlō [oss] styr [oss] ustur [elf] stur [swe] stor [old] stor [bac] storgo [old] stórr [nor] stor,*steh₂-,nan,13,7106.0,iecor,nan,
train-a087815d80a4979a-01,[sqi] enjë [grc] ἀμνός,*h₂egʷnós,lamb,2,,kaikki,noun,
train-a86091ca25836292-01,[bul] vr″zvam [mkd] vrze [mkd] vr̥ъ̀zuvam [mkd] vr̥ъ̀zuvam,*u̯erg̑ʰ-,nan,4,1185.0,iecor,nan,
train-3aaa40df6b0b560d-01,[lav] -vs [lit] -vas [prg] -was [grc] -ός [san] -व [ave] -𐬎𐬎𐬀,*-wós,Creates adjectives from verb stems.,6,,kaikki,suffix,
train-5c4774eff43c9cc2-01,[lat] tyukšt,*teu̯(h₂)k-,nan,1,7155.0,iecor,nan,
train-4ddb9aab0b6da825-01,[txb] waltsanaṃ,*u̯elh₂-,nan,1,7107.0,iecor,nan,
train-3c421612862602f6-01,"[mid] hoari, hoary, c'hoary, hoariff [bre] c'hwaṙi, c'hwarî- [bre] c'hwari, c'hwari- [cym] chwarae [mid] chwarae [old] guarai [mid] gwary [lat] guare, gwary",*rei̯⁽g̑⁾-,nan,8,1040.0,iecor,nan,
train-d2f0d18acc361fca-01,[sqi] çandër [hye] սանր [grc] κέντρον,*ḱéntrom,pointed tool,3,,kaikki,noun,
train-806bcf8abac39aab-01,[xcl] գինդ [sqi] unazë [grc] ἴονθος [san] वन्धुर [san] बन्धुर [xcl] վանդակ [eng] windle,*wendʰ-,"to wind, to turn",7,,kaikki,root,
train-06ac7944322bf580-01,[oss] xæssyn [oss] xæssun,*kʷels-,nan,2,5230.0,iecor,nan,
train-54da2a3bcf23a9e6-01,[lit] ti̇̀lti [lit] táldyti [sga] tuilid [sga] con·tuili [sqi] tall [sga] cotlud,*(s)telH-,"to be silent, be still",6,,kaikki,root,
train-824afb006f6e72b1-01,[lat] frustum [sqi] breshër [gle] bronn [gla] bronn [gla] pronn [sga] brosnae,*bʰrews-,to break,6,,kaikki,root,
train-5d66e56919ce39a4-01,[kas] khanon [nep] khannu [san] khan(i)- [old] akaniya [pal] khaṇati [mai] khuananā [mag] khananā [ben] khom̐ṛā [kho] kaṃggīndi [fas] kandan [mid] kanēd [par] kanēd [kur] dɨkolit [ave] kaṇti [yag] kan- [sog] kanta [bak] kandak [khw] kaneda [ass] khāndā [maz] kandene [del] vɒjnkene [kum] tkēna [bal] konḍīt [kur] akanıt [kur] kanē [haw] makanoš [tat] mekane [lar] akoze [pas] kenastal [gaw] khänūg [kur] a-kan-ē,*?*k⁽ʷ⁾eh₂-,nan,31,7327.0,iecor,nan,
train-b0b62850f2b5d0dc-01,[elf] bläst,*bʰleh₁-,wail,1,3110.0,iecor,nan,
train-f22d008198b3c116-01,[grc] ἔμῐκτο [grc] ἔμειξᾰ [grc] μίσγω [san] मिच्छमान [mid] ʾ(ʾ)myxs- [mid] gwmyxs- [lat] misceō [lat] prōmiscus [lat] prōmiscuus [grc] μείξω [san] मेक्षयति [lit] miēši [lit] mi̇̀šti [ell] μιγνύω [grc] μῐ́ξῐς [grc] μῖξῐς [grc] μεῖξῐς [lit] mi̇̀šras [fas] آمیختن [fas] آمیغ,*meyḱ-,to mix,38,,kaikki,root,
train-a7354e2b67ead47f-01,[bul] kosa [mkd] kosa [hbs] kosa [mkd] kòsminta [mkd] kusm′à,*kes-,nan,5,8240.0,iecor,nan,
train-f23cd90fd6a0e2e4-01,"[sga] tech [old] bou-tig [mid] ti, ty [bre] ti [bre] ti [cym] tŷ [gae] taigh [gae] thie [gae] teach [mid] ty [old] tig [mid] chy [lat] tshyi, chei, choy",*(s)teg-,nan,13,6724.0,iecor,nan,
train-9aa650b99542feb5-01,[txb] weṣṣäṃ,*h₂u̯edH-,nan,1,5815.0,iecor,nan,
train-f44aa7b2d7da7b1c-01,[bre] hi [cym] hi [gle] sí [got] 𐍃𐌹 [grc] ἵ,*síh₂,she,5,,kaikki,pron,
train-a28a304ff578c4e9-01,[kur] ber [pal] báaṭ [kum] bard [kho] boht [gaw] waaṭ [bak] bard [kur] bard [gaw] baṭ [kam] v′oṭ [kât] v′oṭ [kât] v′oṭ,*u̯ert-,nan,11,1656.0,iecor,nan,
train-300fec0a0b88202f-01,[pol] viză [sor] wjaža,*u̯eg̑ʰ-,nan,2,5142.0,iecor,nan,
train-e732a73f5e18c8a6-01,"[aln] tre [hyw] erekʿ [hye] erekʿ [ben] tin [bul] tri [bel] try [cat] tres [ces] tři [dan] tre [nld] drie [eng] three [far] tríggir [fle] drie [fra] trois [fri] trije [deu] drei [ell] tría [hin] tīna [isl] þrír [gae] trí [ita] tre [kas] trɛ [lad] trei [lit] trỹs [sor] tśi [sor] tři [mkd] tri [mar] tīna [fas] seh [pol] trzy [por] três [nob] tre [rus] tri [sar] tres [sar] tres [hbs] tri [sin] tuna [slk] tri [slk] tri [spa] tres [swe] tre [ukr] tri [wak] truy [wal] treûs [hit] tēri- [xto] tre [txb] trai [grc] treĩs [nep] tīna [mai] tīn [urd] tīn [san] tráyaḥ [chu] trije [lav] trīs [lux] dräi [lat] trēs [gae] trì [fri] trê [ave] ϑraii [sga] trí [oss] ærtæ [oss] ærtæ [xcl] erekʿ [xlu] *tarri(i̯a)- [osc] trís [umb] trif [gau] tri- [sqi] tre [bho] tíni [elf] tri [old] þrir [pal] tayo [kho] drai [mid] tri, try m. [ell] treĩs [pol] tåri [kas] trzë [mid] sē [kur] sē [par] hrē [ell] treis [yag] tiráy [ell] tría [ell] treis [ell] treí [lat] treis [ron] trei [nea] tre [old] trois [ang] treis [fra] trai [old] tres [pal] tróo [mag] tīn [gae] three [bre] tri [bre] tri, tèr [cym] tri [old] trzy [mid] tri [old] tri [old] třie [old] trije [kum] sō [rus] trɪ [mkd] trì [mkd] trì [slk] tri [slk] try [old] tri* [bac] uarēio [deu] drüü [sog] šē [bak] se [del] se [lar] se [bal] say [kur] se [old] tres [meg] trei̯ [sqi] tri [old] tres [kho] troi [gaw] ɬe [ell] ti-ri-* [ass] tini [pun] tiⁿn [gaw] ɬā [khw] šē [pas] dri [pas] tra [raj] se [kur] sē [haw] yare [dal] tra [goh] thrī [sar] ’aroy [old] thrē [mid] drî [ang] þrīe [old] thria [mid] drie [old] þrír [got] þrija [mid] try; teyr [lat] trei [nor] tre [por] três [vâs] tč′i [kam] tr′e [kât] tr′e [kât] tr′e [kal] tre [san] tr′a [kur] sē [mil] tri",*trei̯-,nan,156,146.0,iecor,nan,
train-911989cdae2c96b4-01,[grc] póa,*pei̯H-,nan,1,4898.0,iecor,nan,
train-73e642dd3f1ecff1-01,[grc] ὠκύς [san] आशु [ave] 𐬁𐬯𐬎 [lat] ōcior [lat] ōcissimus,*HéHḱus,"swift, quick",5,,kaikki,adj,
train-d291593bf3b46624-01,[sar] furriáre,*bʰer-,nan,1,9899.0,iecor,nan,
train-505fcd053be128df-01,[grc] εἴδομαι [xcl] եգիտ [grc] εἶδον [san] अविदत् [hye] գտնել [sga] ro·finnadar [san] विन्दति [mid] 𐫇𐫏𐫗𐫅𐫏𐫗𐫅 [sga] foídid [san] वेदयति [grc] εἶδος [san] वेदस् [san] वेद [san] वेद्या [grc] εἴδωλον [lav] vēsts [san] वित्ति [lat] vīsus [grc] Ἀΐδης [grc] ἀϊδής [grc] νῆις [grc] ἴδμων [san] विद्मन् [grc] ἴδρις [san] विद्या [sqi] vizë [xcl] գիւտ [lav] viedêt [lit] veizdė́ti [lit] vaizdas [prg] widdai [grc] ἀΐδηλος [grc] ἀείδελος [lat] vīdī [san] विद्,*weyd-,to see,35,,kaikki,root,
train-2f52796346a6d6e8-01,[sqi] të [lat] tē,*te,enclitic accusative of *tú(h₂): thee,2,,kaikki,pron,
train-7dd0894d64c9b7bd-01,[lit] žlėjà [isl] glær [lat] glaber,*ǵʰleh₁-,"to shine, glow, to be shining, glowing",3,,kaikki,root,
train-bb1b729fb3430a8a-01,[hye] դու [hye] քեզ [hye] դուք,*túh₂,"you, thou (second-person singular pronoun)",12,,kaikki,pron,
train-1c5a6bf000a710b5-01,[lav] sẽrt [lat] serō [grc] εἴρω [grc] ἕρμα [lat] sermō [lat] sors [hye] որմ [hye] առորմի [grc] ὅρμος [lat] servus [mid] geserwe [non] sørvi [sqi] gjurmë [hye] հեռել [hye] հուռ [hye] հիրել [san] सरत् [san] सिरा [lat] seriēs [xto] sar-,*ser-,"to bind, tie together, thread",23,,kaikki,root,
train-caa63570a03280a3-01,[lat] abscondo [ron] a ascunde [nea] annasconnere [ita] nascondere [lad] ascone [old] asconder [spa] esconder [por] esconder [dal] askóndro [old] escoundre [meg] scúndiri [por] esconder [mil] scùnt,*dʰeh₁-,nan,13,5431.0,iecor,nan,
train-ecc9f6cf3d807f22-01,[ben] pāthar [hin] patthar [mai] patthar [urd] patthar [nep] patthara [mag] patthal [bho] patthar [ass] pāthôr [pun] pattʰar,*sterh₃-,nan,9,831.0,iecor,nan,
train-073b939fb057c23c-01,[grc] sklērós [ell] sklīrós [ell] sklērós [ell] sklerós,*(s)kelh₁-,nan,4,5030.0,iecor,nan,
train-ce072872629737bb-01,[hbs] vrat [bul] vrat [mkd] vrat [slk] vrat [old] vorotŭ [slk] vrat [slk] vrát,*u̯ert-,nan,7,8396.0,iecor,nan,
train-870e92b1c031b3ee-01,[lit] -uõ [grc] -ων [san] -अन् [lat] -ō,*-ō,"Forms so-called ""individualizing"" or ""participant"" nouns from nouns and adjectives, agent or patient, from verbs., Derives nouns from nouns or roots, often with unclear semantic distinction.",4,,kaikki,suffix,
train-bf66f1a150712719-01,[san] पिशान [san] पिंशति [old] 𐎠𐎱𐎡𐎰 [old] 𐎴𐎡𐎹𐎱𐎡𐎰𐎶 [lat] pingō [xto] pikiñc [xto] pik- [txb] piṅkäṃ [txb] pik- [lit] piẽšti [prg] peisāi [ell] πικρός [san] पिष्ट [ave] 𐬟𐬭𐬀𐬞𐬌𐬑𐬱𐬙𐬀 [fas] سبشت [lat] pictus [lit] paišai̇̃ [lit] piẽšas [eng] poikilo- [eng] poecilo- [ell] ποικίλος [lat] Poecilē [gmy] 𐀡𐀑𐀫𐀝𐀏 [rus] пегий [san] पिशङ्ग [hye] պիսակ [san] पिङ्ग [san] पिश्,*peyḱ-,"to hew, cut out, to stitch, embroider, sting, to paint, mark, color",28,,kaikki,root,
train-f1a4e6b73d249e94-01,[hit] 𒄷𒌌𒇷𒄑𒍣 [sga] follnaithir [lit] veldėti [chu] власти [lav] vàldît [lit] valdýti [eng] wield [lit] valstybė [lav] valsts [lit] valdžia [lat] valeō [cym] gwaladr [xto] wäl [txb] walo [lat] volaemum [prg] weldisnan [chu] владь,*h₂welh₁-,"to rule, strong, powerful",23,,kaikki,root,
train-6ef897e0355564f8-01,[fri] dongje,*?*delh₁-,nan,1,7629.0,iecor,nan,
train-90dfc4bab9f8bfd1-01,[mid] wāyēd,*u̯ei̯h₁-,nan,1,9163.0,iecor,nan,
train-695c0e4baadbd1d7-01,[kho] śśandā,*k̑u̯eh₁-,nan,1,6682.0,iecor,nan,
train-c9f933501e536ed4-01,[lit] válgyti [prg] wolgeit,*u̯elg-,nan,2,1896.0,iecor,nan,
train-98f1edcd41f96f85-01,[gaw] aanda [kam] ân′o bâṭa [kal] andâ [san] ân′âː,*h₁ed-,nan,4,6775.0,iecor,nan,
train-26dbee7a9d17432e-01,[grc] σκότος [gle] ciar [gla] ciar [lat] obscūrus [lit] šė̃mas [san] श्याम [ave] 𐬯𐬁𐬨𐬀 [gle] ceo [gla] ceò,*(s)ḱeh₃-,"darkness, shadow",11,,kaikki,root,
train-29c1b68e363916ab-01,[por] comprido [por] comprido,*pleh₁-,nan,2,6414.0,iecor,nan,
train-7bc61129987fd64e-01,[fra] Bourgogne [eng] Burgundy,*bʰérǵʰonts,high,2,,kaikki,adj,
train-cf79db41f7c5df94-01,[dan] tør [far] turrur [isl] þurr [nob] tørr [swe] torr [gae] tioram [gae] tirim [sga] tírim [gae] çhirrym [elf] tuorr [old] thör [gau] tarto- [old] þurr [nor] tørr,*ters-,nan,14,520.0,iecor,nan,
train-531b229b84e2a830-01,[san] जुषते [san] जोषयते [hit] kukušzi [san] जुजोष [san] जोष [ave] 𐬰𐬀𐬊𐬱𐬀 [san] जुष्टि [grc] γευστός [san] जुष्ट [ave] 𐬰𐬎𐬱𐬙𐬀 [san] जोष्टृ [sga] gúasacht,*ǵews-,"to taste, try",13,,kaikki,root,
train-f02929f674a00df2-01,[san] ẓ′uː,*h₁leu̯dʰ-,nan,1,5351.0,iecor,nan,
train-861699edb739b76b-01,[lav] sàime [lit] šeimà [lit] šeimė [lit] šei̇̃mas [lav] cìems [lit] kiẽmas [prg] caymis [pol] kimać [ell] εκοιμήθη,*ḱóymos,"village, home",10,,kaikki,noun,
train-7d48c898c00b8b43-01,[xcl] -է [lit] at- [lav] at- [prg] et- [prg] at- [grc] ἔτι [san] अति [old] 𐎠𐎫𐎹 [lat] et [txb] ate [txb] -ṣ,*éti,"beyond, over, and",11,,kaikki,adv,
train-b8b7c6fa32d4a34d-01,[hit] tē- ≠ ter-/tar- [vâs] li-,*dʰeh₁-,nan,2,7330.0,iecor,nan,
train-5d1ed66af7305501-01,[sqi] gjatë [hit] 𒁍𒁕𒀸 [grc] δολιχός,*dl̥h₁gʰós,long,3,,kaikki,adj,
train-901f553bee15add3-01,[nep] pindhnu,*bʰei̯d-,nan,1,7153.0,iecor,nan,
train-0f8a76ac4357b67b-01,[sqi] sot [sqi] sod [sqi] σὸτ [sqi] si-vjet [xlu] 𒍣- [pal] kii̯at [ell] εκείνος [ell] σήμερα [grc] σῆτες [grc] τῆτες [lat] cis,*ḱís,this (here),29,,kaikki,pron,
train-72a6c5410c77fb7f-01,[grc] ἕζομαι,*sédyeti,to be sitting,1,,kaikki,verb,
train-738dc9611e4b4be6-01,[sog] pēz,*pei̯s-,nan,1,8198.0,iecor,nan,
train-cc8191184421f0bd-01,[lat] pugnāre,*peu̯⁽g̑⁾-,nan,1,2639.0,iecor,nan,
train-1851db63973dc6f7-01,"[gae] clé [gae] clì [sga] clé [mid] cleiz, cleïz [bre] kleiż [bre] kleiż [mid] cleth [lat] klêdh",*k̑lei̯-,nan,8,1026.0,iecor,nan,
train-f4f77f2eb498da2d-01,[grc] πεπτός [lat] coctus [ave] 𐬞𐬀𐬗𐬙𐬀,*pokʷtós,cooked,3,,kaikki,adj,
train-f0b05a3a36ebd1b6-01,[cym] gwst [gle] gus [cel] gussou [lat] gustus,*ǵéwstus,taste,6,,kaikki,noun,
train-21392740356741de-01,[bel] naga [ces] noha [mkd] noga [pol] noga [rus] noga [slk] noha [ukr] noga [chu] noga [sor] noha [sor] noga [slk] noga [hbs] noga [pol] nügă [kas] noga [old] noga [old] noha [rus] noɣá [mkd] nòga [mkd] nòga [slk] noga [slk] noga,*h₃neg⁽ʷ⁾ʰ-,nan,21,1231.0,iecor,nan,
train-6ec6cb5b0c3aae65-01,[oss] fæsontæ [oss] fæsontæ,*h₃ems-,nan,2,7111.0,iecor,nan,
train-66e65fa1e2388928-01,[sqi] lloj [hye] ողջ [lit] aliai,*h₂el-,"all; each, every; entire, whole",3,,kaikki,root,
train-159523b6076ee24b-01,"[mid] quemer, comer, quempret, compret, quemeret, commeret, coummeret [bre] ķemer, ķemer- [bre] kemer, kemer- [cym] cym(e)ryd [mid] kymryt [mid] kemeres [lat] kemeraz",*bʰer-,nan,7,7246.0,iecor,nan,
train-44119eb7213a8a54-01,[hit] 𒄷𒅖𒍣 [grc] ἄεσα [san] अवात्सीत् [san] उवास [grc] ἰαύω [txb] wäs- [san] वस्ति [sqi] vathë [hit] 𒄷𒍑 [xcl] ագանիմ [xcl] գոյ [xcl] գոմ [lat] Vesta [ell] εστία [grc] Ἑστῐ́ᾱ [san] वस्,*h₂wes-,"to dwell, live, reside, to stay, spend the night",21,,kaikki,root,
train-3a04eec79851988e-01,[ell] τυχαίνω [grc] τιτύσκομαι [xcl] յ-ան-դուգն [san] दोहसे [grc] τεῦχος [ell] τύχη [san] दुग्ध [gle] dual [gla] duan,*dʰewgʰ-,"to hit (as opposed to missing), to produce, to produce something useful, to be strong, have force",12,,kaikki,root,
train-5811ec4aedb5efa0-01,[lat] lūdō [grc] λίζω [grc] λίνδεσθαι [lat] lūdus [lat] lūsus,*leyd-,"to play, contend",6,,kaikki,root,
train-746c8a2678b33b1f-01,[hit] šuu̯e/a-,*seu̯h₁-,nan,1,5405.0,iecor,nan,
train-8872122823f15a29-01,[bul] tičam,*teu̯k-,nan,1,5217.0,iecor,nan,
train-bacc1114806587de-01,[lat] tot [san] तति [txb] tot,*tóti,so many,3,,kaikki,adv,
train-9743d9ec3998195e-01,[lat] spīca [eng] spire [deu] Spier [nld] spier [deu] Speier [isl] spíra [swe] spira [dan] spir,*spey-,"long, thin, sharp",269,,kaikki,root,
train-298bf37b147fb722-01,[lat] taceō [isl] þagga [nor] tagga,*te(H)k-,to be silent,5,,kaikki,root,
train-82f2707ebb9087ce-01,[san] pū́ti- [lit] supùvęs [wak] pitk [lux] faul [deu] faul [lav] sapuvis [fas] pūsīdeh [lat] putridus [cat] podrit [por] podre [spa] podrido [wal] poûri [fra] pourri [oss] æmbyd [oss] æmbud [pal] pūtika [kho] puva [old] porri [ang] purri [fra] porri [old] podrido [ron] putred [deu] gfulet [old] poirit [meg] pútrid [sog] pūtekari [khw] pūdik [old] podrit [raj] ʋapusạdạ [kho] puli [mid] pūdag [maz] bapiste [goh] fūl [mid] vûl [ang] fūl [mid] vuul [old] fúinn [got] fuls [por] podre [kam] pk′ula [kât] pk′ela [kal] pukâla,*peu̯H-,nan,42,2877.0,iecor,nan,
train-0abd6ce8df9ce2b8-01,[hit] šešzi,*sésti,"to rest, sleep",1,,kaikki,verb,
train-bc78dffcc7ef2090-01,[sqi] nuse [hye] նու [grc] νυός [lat] nurus [txb] santse,*snusós,daughter-in-law,5,,kaikki,noun,
train-513591c9cb419951-01,[txb] saikaṃ [lit] si̇́ekti [grc] ἵκετο [grc] ἱκᾱ́νω [grc] ῐ̔κνέομαι [txb] siknaṃ,*seyk-,"to reach, grasp",6,,kaikki,root,
train-f7afdce38a45158d-01,[san] मज्जयति [lav] mazgāt [lit] mazgóti [pol] mazgać [pol] Mozgawa [san] मग्न,*mesg-,"to dip, sink",10,,kaikki,root,
train-c953f2e3264bbef2-01,[sqi] urtë,*weh₁ros,true,1,,kaikki,adj,
train-9bb727ae35176af1-01,[ron] bărbat [meg] bărbát,*bʰarsdʰó-,nan,2,6423.0,iecor,nan,
train-eb1a0f6ba7841c5b-01,[grc] φέρων [lat] ferēns,*bʰéronts,active participle of *bʰéreti,2,,kaikki,verb,
train-afa96062be84f7e6-01,[lat] pungō [gle] fuaigh [gla] fuaigh [grc] πύξ [lat] pūgiō [lat] pugil [grc] πυγμή [lat] pugnus [grc] πύκτης,*pewǵ-,"to punch, fist-fight, to prick, poke, stab",11,,kaikki,root,
train-4290230680739073-01,[fas] سترون [lat] sterilis [hye] ստերջ [grc] στεῖρος,*ster-,"barren, infertile",6,,kaikki,root,
train-9d23fc1b3191a4d3-01,[dan] høre [nld] horen [eng] hear [far] hoyra [fle] hooren [fri] hearre [deu] hören [ell] akoýō [isl] heyra [nob] høre [swe] höra [grc] akoúō [lux] héieren [old] höra [elf] ära [ell] akoúō [ell] akoýō [ell] akoú(g)ō [ell] (a)koúō [ell] akoúgō [deu] ghöre [goh] hōren [old] hēra [mid] hœren [ang] hīeran [old] hôrian [mid] horen [old] heyra [got] hausjan [nor] høyre,*h₂keu̯s-,nan,30,237.0,iecor,nan,
train-5da08091f16d3e31-01,[grc] στία [san] स्तिया [grc] στῖον,*steyh₂-,to stiffen,3,,kaikki,root,
train-224f71d41926dfcd-01,[san] वि [san] वि- [ave] 𐬬𐬍,*wí,"apart, asunder, away from, against",3,,kaikki,adv,
train-8b7ce09bb151d939-01,[pal] uṇha [san] uṣṇá-,*h₁eu̯s-,nan,2,6183.0,iecor,nan,
train-79d6575541e71531-01,[lit] sù [gle] comh- [gle] cuma [gla] co- [gla] coma [bre] ken- [cym] cyf- [cym] cyn- [lat] cum [lat] com- [txb] aṅkānmi,*ḱóm,"beside, near, by, with",15,,kaikki,adv,
train-f5d833e3d71fc8eb-01,[hit] nāḫ- / naḫḫ-,*neh₂-,nan,1,5388.0,iecor,nan,
train-772d22f769d4bfc7-01,[sqi] pidh [lav] pīzda [lit] pyzdà [prg] peisda [fas] پیزی,*písdeh₂,vulva,8,,kaikki,noun,
train-13fe9fa78b4f35a2-01,[lat] flō [lat] flābrum [lat] flāmen [sqi] flluskë,*bʰleh₁-,to blow,4,,kaikki,root,
train-7022e22b86a08338-01,[sqi] lind [sqi] lindem [sqi] le [sqi] lë [sqi] lej [lit] láidyti [lit] láiškas [lav] laiska [prg] lāiskas [gle] laoi [gla] laoidh,*leyd-,"to let, allow, to let go, release",13,,kaikki,root,
train-e21341492a9eeee5-01,[lat] āreō [txb] osotär [hit] 𒄩𒀀𒀸 [hit] 𒄩𒀸𒊭𒀀𒀸 [lyc] 𐊜𐊀𐊛𐊀𐊅𐊆 [lat] āra [xcl] հաստեայ [xcl] ոստին [ces] ozditi [grc] ἄζω [xcl] աստուճ [lat] assus [ang] ōm [ang] ōme [deu] Ahm [deu] Ohm [isl] ámur [xcl] աճիւն [xcl] ասկն [grc] ἄσβολος [grc] ἀσβόλη [xcl] ազազեմ [goh] essa [san] आस [fas] آهک [xto] asatär [xto] āştär [txb] astare [xto] ās- [txb] ās-,*h₂eHs-,"to be dry, to dry, to burn, to glow, hearth, ashes",31,,kaikki,root,
train-fefe0d584a702ba4-01,[txb] tsälp [xto] śalpatär [txb] tsälpäṣṣäṃ [lit] del̃bti [lav] dil̃bti [lit] dil̃bti [lav] dal̃ba [lit] dálba [lav] dal̃bs [lav] dil̃ba [lit] di̇̀lba [lav] delbis [lav] dȩl̃bs [lav] dȩlbs [lav] dȩl̃bi [lit] délba,*dʰelbʰ-,"to dig, excavate",18,,kaikki,root,
train-693b7ee2c470f331-01,[lit] var̃das [lav] vārds [lat] vuords,*u̯erdʰ-,nan,3,1867.0,iecor,nan,
train-6048e41b182d0a55-01,[grc] -πλός [lat] -plus [grc] πέπλος [gle] alt [gla] alt [san] पुट [grc] -πλάσιος [grc] -πλήσιος [sqi] palë [grc] -πλόος [grc] -πλοῦς,*pel-,to fold,11,,kaikki,root,
train-48414d0c4cac4e78-01,[sga] dlicht [sga] dlecht,*dʰlegʰ-,"to owe, be indebted to",2,,kaikki,root,
train-9a4c7cb69502998a-01,[chu] строуити [sga] a·sroíther,*strowéyeti,"to strew, to disperse, to spawn",2,,kaikki,verb,
train-ab9f3d275f978c19-01,[xcl] տալ [san] गिरि [lat] glōs,*ǵl̥h₂ōws,sister-in-law (husband's sister),3,,kaikki,noun,
train-5ea4fd969a030b81-01,[grc] phtheír [ell] pseíra [ell] fteíra [ell] fteíra [ell] thteíra [ell] fteir,*gʷg̑ʰer-,nan,6,1507.0,iecor,nan,
train-e18a8bd3c855b830-01,[grc] ἐρείπω [rus] ре́пнуть [lat] rīpa [sqi] repë,*h₁reyp-,"to tear, tear down",4,,kaikki,root,
train-f9a6f58c4e9599f1-01,[wak] θit [gae] dóigh [khw] ϑaweda [sar] theed [vâs] -lev-,*deh₂u̯-,nan,5,8388.0,iecor,nan,
train-c79b12bd2e8588a9-01,[sqi] baltë [san] भर्गस् [grc] φλέγω [grc] φλέγμα [lat] fulgeō [lat] fulgur [lat] flagrō [lat] flamma [sqi] blokër [lat] flāvus [lav] bāls [lit] bãlas [grc] φᾰλός [sqi] bal [sqi] balo [lav] blāvs [lit] blãvas [san] भाल [hye] բալ,*bʰel-,"to blaze, burn; to glow, shine, be bright or brightly colored, bright flame, fire, shiny, white",24,,kaikki,root,
train-0ed955cde4e7bad2-01,[kam] unr′â- [kât] undr′â- [san] undr-,*dreh₂-,nan,3,6759.0,iecor,nan,
train-9c2f780aba359ad2-01,[xlu] 𒆠𒊭𒀭𒁕 [xlu] 𒆠𒊭𒄠𒈠 [hit] 𒆠𒅖𒍣 [lit] kàsti [sqi] korr [sga] cír [grc] ξέω [grc] ξεστός [sqi] kezë [lav] kasa [lit] kasà [prg] kexti [lav] kàsît [lit] kasýti [sqi] ka,*kes-,"to scrape, comb",16,,kaikki,root,
train-bdb5000405662510-01,[grc] κᾰ́μον [grc] κᾰ́μνω [grc] κεκμηώς [grc] κομέω [grc] κμητός [san] शम्,*ḱemh₂-,to become tired,6,,kaikki,root,
train-324b0fdcb74fdead-01,[sar] iscútere,*(s)ku̯eh₁t-,nan,1,8069.0,iecor,nan,
train-83a99f659c640a89-01,[san] अक्षत् [san] काशते [san] चक्षुर् [san] काश्यते [sga] cucht [xto] kapśañi [txb] kektseñe,*kʷeḱ-,"to see, to look",8,,kaikki,root,
train-c6344230c16841c6-01,[hit] 𒊭𒀠𒀝𒍣 [san] सृज् [ave] 𐬵𐬆𐬭𐬆𐬰 [ave] 𐬵𐬀𐬭𐬆𐬰,*selǵ-,"to let go, send",4,,kaikki,root,
train-ca09aaacf2ab6c09-01,[grc] τῖφος [lat] tābēs [lat] tābēo [lat] tābum [bre] teuziñ [cym] toddi [sga] ·taa [sga] ro·tetha [grc] τήκω [sga] taíd [eng] thone [eng] thoan [sga] tám [sga] taise [sga] tais [xcl] թանամ [xcl] թան [xcl] թանչ [lit] tyras [lav] tīrelis [san] तामर [san] तोयम् [san] तोशते [san] तुषार,*teh₂-,"to melt, to flow, stream",26,,kaikki,root,
train-f06700260c5da118-01,[sar] kheb,*k⁽ʷ⁾sep-,nan,1,9412.0,iecor,nan,
train-de3bdc731d4d1c94-01,[ron] a spune,*tk̑ei̯-,nan,1,6578.0,iecor,nan,
train-e6134c02dd144b0c-01,[kas] čhalon,*gʷg̑ʰer-,nan,1,3081.0,iecor,nan,
train-eceebe4f4ab11b73-01,[grc] τέταμαι [san] ततान,*tetóne,"to be stretched, extended",2,,kaikki,verb,
train-7267fa5ff69132e3-01,[sga] ro·bria [sga] ro·bríathar [san] बृणाति [san] भ्रीणन्ति [ave] 𐬞𐬀𐬌𐬭𐬌𐬠𐬭𐬍𐬥𐬆𐬧𐬙𐬈 [eng] brine [lat] friō [lat] (re)frīvus [sqi] brij,*bʰreyH-,to cut,26,,kaikki,root,
train-6dc10ef3e5fa1819-01,[xto] lykäly [txb] lykaśke,*h₃lei̯g̑-,nan,2,2905.0,iecor,nan,
train-ebedecb8b16939c3-01,[sga] do·lin [lat] polleō,*pl̥néh₁ti,to be filling,2,,kaikki,verb,
train-68b549b41ffbbe22-01,[kas] brzôd,*?*bʰrend-,nan,1,5180.0,iecor,nan,
train-6ce9374d01aa2b90-01,"[ell] petṓ [grc] pétomai [hit] pattai- / patti- [hye] tʿṙčʿel [hyw] tʿṙčʿil [xcl] tʿṙčʿim [gae] eitil [gae] tha air iteig [gae] etlagh [ell] pétomai [ell] petṓ [ell] (a)petáō [ell] petṓ [ell] petánō [cym] hedfan, hedag [mid] ehedec [san] pat- [ave] pataiti [wak] tapin wocn",*pet-,nan,19,1486.0,iecor,nan,
train-21c59ad70e744602-01,[san] árbha-,*h₃erbʰ-,nan,1,6140.0,iecor,nan,
train-f2d2a03452c9bf9f-01,[hye] եղնիկ [lav] al̂nis [lit] élnias [lit] élnis [lit] álnis [lit] álnė [lit] élnė [prg] alne [xto] yäl [txb] yal [ell] ελάφι [grc] ἐλλός [grc] ἄλκη [lat] alcēs,*h₁el-,"greyish or brownish coloration, deer, elk, various tree species with bright bark, e.g. alder, elm, fir",21,,kaikki,root,
train-40f5fc105d9f591f-01,[lit] šaknìs [lav] sakne [prg] sagnis [lat] sakne,*k̑ek-,nan,4,1873.0,iecor,nan,
train-c013db66ade0b257-01,[grc] γεύω,*ǵéwseti,"to taste, try, choose",1,,kaikki,verb,
train-84cf87c7977adad9-01,[gae] bán [sga] bán [gae] bane,*bʰeh₂-,shine,3,1763.0,iecor,nan,
train-26aebb043f0d28f9-01,[lat] vīsō,*wéydseti,to want to see,1,,kaikki,verb,
train-0f96050400c3772b-01,[grc] ἧμᾰ [lat] sēmen,*séh₁mn̥,seed,2,,kaikki,noun,
train-695d79454d38698b-01,[lat] pinsō [lav] pist [lit] pi̇̀sti [lat] pīsō [san] पिष्ट [mid] pst' [lat] pistus [ave] 𐬞𐬌𐬱𐬙𐬭𐬀 [lat] pīlum [lat] pīla [lat] Pīlumnus [lat] pistillum [lav] paisīt [lav] paise [lit] paišai̇̃ [lit] pai̇̃šos [lit] piẽšos [lit] puišai̇̃ [lit] pui̇̃šos [lit] pišai [lit] piešà [lit] piẽšas [lit] pi̇́ešas [lav] paisums [lav] pìesta [lav] piests [lit] piestà [lit] piẽstas [grc] πτίσσω [san] पिष्,*peys-,"to grind, to crush",34,,kaikki,root,
train-6898d24f68cba262-01,[aln] gjanë [sqi] gjerë,*seh₁-,nan,2,509.0,iecor,nan,
train-dd382384cfa500c2-01,[par] bramēd [maz] berme konde [kho] brraimai [raj] ạborme [tat] merbane,*bʰrem-,nan,5,5240.0,iecor,nan,
train-50eba85d887393ea-01,[sqi] bind [sqi] bíndem [lat] foedus [sqi] besë [grc] πί̆στῐς,*bʰeydʰ-,"to trust, to convince",5,,kaikki,root,
train-9c4774f700404ba3-01,"[bul] sedâ [bel] sâdzec′ [cat] seure [ces] sedět [dan] sidde [nld] zitten [eng] sit [far] sita [fle] zitten [fra] être assis [fri] sitte [deu] sitzen [isl] sitja [gae] bí ina shuí [ita] essere seduto [lad] sté senté [lit] sėdė́ti [sor] sejźeś [sor] sedźeć [mkd] sedi [pol] siedzieć [por] estar sentado [nob] sitte [rus] sidet' [sar] sézzere [sar] sézzere [hbs] sjediti [slk] sedieť [slk] sedeti [spa] estar sentado [swe] sitta [ukr] sidìti [wal] assîr [lat] sedēre [chu] sěděti [lav] sēdēt [prg] syndens [gae] suidh [lux] sëtzen [xto] ṣmäṣ [txb] ṣamäṃ [hyw] nstel [hye] nstel [sga] saidid [xcl] nstim [gae] soie [gau] sed- [elf] sittja [old] sitia [pal] nisīdati [mid] asezaff ? / bezaff asezet [wak] nuzd [pol] sedĕ [kas] sedzec [par] nišīδēd [mid] nišīyēd [kur] drinit [fas] nešastan [oss] badyn [oss] badun [umb] sersitu [lat] sēdēt [ron] a şedea [yag] nīd- [ell] kathénnō [old] seder, seyer, seer [old] sëoir [ang] seer [bre] aseżã, aseż- (sit down), beżã aseżed, en e gwaseż (be sitting) [bre] aseż, aseż-, boud aseżed [cym] ista [fri] stâ sentât [old] siedzieć [mid] eisted [old] seděti [old] sěděti [rus] sɪd′ítɪ [mkd] s′ḁdìm [mkd] s′ä̀d′a [slk] sedeti [slk] ſedéti [nea] stà assettato [fra] étr' achtâ [deu] sitze [old] asentar [bak] nešastak [haw] nīštanara [sog] nīδt [khw] nīϑeda [old] seure [maz] nište [bal] nešta [tat] āništi [kur] dā anišıt [kur] nīštıga [gaw] nišik [kho] nišik [pas] naast [lar] ani ≠ šas [kum] tanya [meg] şide̯ári [dal] seduọr [goh] sizzen [sar] naleest [old] sitta [mid] sitzen [ang] sittan [old] sittian [mid] sitten [old] sitja [got] sitan [mid] ysethe, setha [lat] sedha [por] estar sentado [vâs] šil- [pas] niik aa [kam] ǰ′e- [kât] niš′e- [kât] naš′e- [kal] niše- [kur] dā a-niš-ē [mil] vès sedü [nor] sitte/sitje",*sed-,nan,123,294.0,iecor,nan,
train-cee1ffd3dbe90c53-01,[ell] xernṓ [ell] ksernṓ [ell] xerṓ [ell] ššeráō,*h₁reh₁-,nan,4,1559.0,iecor,nan,
train-b368384ee45795db-01,[ell] anapnéō [grc] pnéō [ell] pnéō,*?*pneu̯-,nan,3,1460.0,iecor,nan,
train-6abd0f0545e0f464-01,[ell] xérō [ell] ksérō [ell] exérō [ell] xeúrō [ell] (ī)ššérō,*u̯reh₁-,nan,5,2524.0,iecor,nan,
train-aa8e01280d846a5c-01,"[mid] cuzaff [bre] ķëzhed, ķëzh- [cym] cuddio [mid] cudyo [lat] kitha",*keu̯dʰ-,nan,5,8434.0,iecor,nan,
train-47b99cba10b9554c-01,[grc] τυκίζω [grc] τύκος [lav] taucêt [lav] tūkât [lav] tukstēt,*(s)tewk-,"to push, press, to strike, beat, to stick into, pierce, perforate",5,,kaikki,root,
train-ce6287662fb99826-01,[xto] poke [txb] poko,*bʰeh₂ǵʰús,arm,2,,kaikki,noun,
train-7a6407d8dff89271-01,[hit] -āiš [grc] -ώ,*-ṓy,Forms nouns from verb and noun stems.,2,,kaikki,suffix,
train-d5ce383eba6e6694-01,[lit] réižti [sga] rías- [lit] ri̇̀žti̇̀,*Hreyǵ-,"to stretch out, reach",3,,kaikki,root,
train-e8eaee45b8a81c3b-01,[san] जनित्री [lat] genitrīx [grc] γενέτειρα,*ǵénh₁trih₂,mother,3,,kaikki,noun,
train-800bdb12646fa18f-01,[bho] kal [urd] kal [mai] kālhi [ben] gatakāl [mag] kāl [mar] kāla [hin] kala [pun] kall [ass] jûwākāli,*kʷelh₁-,nan,9,6487.0,iecor,nan,
train-b133b31556f30802-01,[ben] mārā [mar] mārane [mai] māranā [mag] maranā [bho] māranā [pun] mārnā [ass] mārā,*mer-,nan,7,712.0,iecor,nan,
train-decc682285d9952b-01,[fas] سرت,*ḱleytéh₂,"something leaning, sloped, inclined",1,,kaikki,adj,
train-6c3cc9451657b53e-01,[nep] sāno,*(s)legh₂-,nan,1,6145.0,iecor,nan,
train-717818ca105d50aa-01,[sqi] pashë [san] पाति [ave] 𐬞𐬁𐬝 [lat] pāscō [grc] πατέομαι [grc] πῶμα [san] पायु [ave] 𐬞𐬁𐬌𐬌𐬎 [xcl] հօտ [xcl] հաւտ [hye] հոտաղ [fas] آباد [old] 𐎠𐎱𐎭𐎠𐎴 [san] पाल [xcl] հաւրան [xcl] պահակ [xcl] պարհ [xcl] պահ [lat] pābulum [grc] Πάν [san] पूषन् [san] पाता [ave] 𐬞𐬁𐬙𐬁 [xcl] հովիւ [xcl] հայիմ [grc] πῶυ [fas] پاییدن [lat] panis [lat] penes [lat] penetrō [lat] penus [lat] Penātes,*peh₂-,"to protect, to ward, to shepherd",34,,kaikki,root,
train-7bc0461967f728c5-01,[xcl] ն- [xcl] նի- [sga] ni-,*ní,down,3,,kaikki,adv,
train-693bb6aaaa48b91c-01,[txb] pluṣäṃ [xto] pluṣ* [sga] fo·luathar,*pleu̯-,nan,3,2504.0,iecor,nan,
train-bed1606a7a60feac-01,[gaw] ǰaik [kam] giǰ′a ku- [kât] ǰ′a ku- [kât] ǰ′a ku-,"*gʰe-, gʰo-",nan,4,6922.0,iecor,nan,
train-56455eff64655a0d-01,[san] दीधेति [ave] 𐬛𐬀𐬉𐬨𐬀𐬥,*dʰeyh₂-,"to perceive, see",2,,kaikki,root,
train-c84b9aa931618f55-01,[rus] drωl′átɪ,*der-,nan,1,7685.0,iecor,nan,
train-3998554a4bce0af1-01,[bul] pluvam [bel] plavac′ [ces] plavat [sor] plěś [sor] płuwać [mkd] pliva [pol] pływać [rus] plyt' [hbs] plivati [slk] plávať [slk] plavati [ukr] plavati [san] plu- [chu] plavati [pal] pilavati/palavati [sin] pīnanavā [pol] plajĕ [kas] płiwac [ell] pléfō [old] pływać [old] plúti [old] priplyvati [rus] plávatɪ [mkd] plavèm [mkd] plàw′a [slk] plavati [slk] plavati,*pleu̯-,nan,27,1181.0,iecor,nan,
train-ededa224b5a2f5a5-01,[hit] 𒃻𒆪𒄢𒆷 [lav] kakls [lit] kãklas [grc] κύκλος [xto] kukäl [txb] kokale,*kʷékʷlos,"wheel, circle, set of wheels; cart, wagon, chariot",9,,kaikki,noun,
train-7dfc35e42607e6f1-01,[kal] vṛug [san] ẓ′oːk,*leu̯k-,nan,2,3845.0,iecor,nan,
train-84d9b8fe0231767f-01,"[sga] sceïd [gae] sceith [mid] huedaff, huediff [gae] skeay [gae] sgeith [bre] chetã, chet- [cym] chw(y)du [mid] chwydu [lat] huedzha",*sk̑ʰei̯-,nan,9,1075.0,iecor,nan,
train-a2cd1d30c6e5ac9b-01,[ben] bahan karā,*u̯eg̑ʰ-,nan,1,7547.0,iecor,nan,
train-1cad55fa3f15ba57-01,[lit] jū́ra [lav] jūra [prg] iūrin [lat] jiura,*i̯uHr-,nan,4,1875.0,iecor,nan,
train-ad31c923f47705c5-01,[umb] atru,*h₂eh₁-,nan,1,4864.0,iecor,nan,
train-e232c0b5a4b86446-01,[lat] fodere [hit] padda- / padd- [ang] fuir [old] fuir,*bʰedʰh₂-,nan,4,1412.0,iecor,nan,
train-5ce162ceda2235b6-01,"[ell] stóma [grc] stóma [ell] stóma [ell] stóman [ell] stóma [ell] stóma [ell] stómas, stóma(n)",*steh₃-,nan,7,1510.0,iecor,nan,
train-8c912622c60db625-01,[pal] mhoóru [ass] môdhur [kam] m′ura [kât] m′ura [kal] mura,*medʰu-,nan,5,6562.0,iecor,nan,
train-1d6137068e1ad6f0-01,[hit] -z,*-ti,"Adverbial suffix with ablative or instrumental meaning, sometimes multiplicative",1,,kaikki,suffix,
train-cd5a6d8350373355-01,[xcl] գոչեմ [grc] ἔπος [san] वक्त्र [gle] fuaim [gla] fuaim [grc] ὄσσα [grc] ὄττα [grc] εὐρύοπα [san] उक्थ [ave] 𐬎𐬑𐬜𐬀 [hit] huek- [hit] huk- [prg] enwackē,*wekʷ-,"to speak, to sound out",13,,kaikki,root,
train-95a4720e5cfa3e5f-01,[san] रुप्यति [san] रोपयति [san] लोपयति [san] रोपि [lat] rūpēs [san] रोप [san] लोप [bul] ру́па [lat] rūpa [mid] lwpk [san] लुप्त [lat] ruptus [lat] rupex [grc] ῥομφαία [bul] рофия [bul] руфя,*Hrewp-,"to break, tear (up)",21,,kaikki,root,
train-9625323a419b58bb-01,[sqi] -ar [sqi] -r [xcl] -ար [lav] -rs [lit] -ras [lit] -rus [grc] -ρός [san] -र [ave] -𐬭𐬀 [lat] -er [lat] -rus [xto] -är [txb] -re,*-rós,Forms adjectives from Caland system roots.,13,,kaikki,suffix,
train-fcdbd0b3994156b3-01,[san] गमयति [san] अध्वगत् [sqi] gati [hye] եկ [prg] gemton [lit] gỹmis [lav] ģimene [san] गम् [xto] kum- [txb] käm-,*gʷem-,"to come, to step",10,,kaikki,root,
train-51e4fdefeccc0404-01,[grc] -της [ave] -𐬙𐬁𐬝,*-teh₂ts,Used to form nouns representing state of being,2,,kaikki,suffix,
train-505ad0a592b7991c-01,[xcl] եղբայր [xcl] եղբաւր,*bʰréh₂tēr,brother,2,,kaikki,noun,
train-cfd68ea8208a9726-01,[ave] 𐬀𐬢𐬵𐬀𐬌𐬌𐬏 [hit] iš-ḫi-ya-zi [hit] iš-ḫa-a-i [hit] iš-ḫi-i-er [san] स्यति [lav] sìet [lit] siẽti [san] सिनोति [xlu] ḫi-iš-ḫi-ya-an-ti [gmy] 𐀀𐀊𐀕𐀜 [san] सिषाय [ave] 𐬁𐬵𐬌𐬱𐬁𐬌𐬌𐬁 [lav] saiklis [lit] ãtsailė [gle] sim [grc] ἱμαῖος [grc] ἱμάω [grc] ἱμάς [grc] ἱμάσθλη [grc] ἱμονιά [hit] iš-hi-ia-al [nld] zijl [nld] zijle [deu] Seilen [isl] síla [lat] saeta [xcl] հայթեմ [ave] 𐬵𐬀𐬉𐬙𐬎 [fas] خدک [san] सित [ave] 𐬵𐬌𐬙𐬀 [lav] saĩte [lit] sai̇̃tas [prg] saytan [old] hin,*sh₂ey-,"to bind, fetter",35,,kaikki,root,
train-685c11ca643bf640-01,[san] पर्षति [hit] 𒉺𒀊𒈦𒀸𒍣 [lit] pur̃slas [ave] 𐬞𐬀𐬭𐬱𐬎𐬌𐬌𐬀 [fas] پاشیدن [san] पृषत् [lav] pā̀rsla [lav] pìrkstis [lit] pir̃kšnys [xto] präsā- [txb] pärsā-,*pers-,"to sprinkle, to spatter",11,,kaikki,root,
train-05276a7d38e0d21d-01,[san] ष्कन् [lat] scandī [lat] scandō [grc] σκάζω [san] स्कन्दयति [xcl] սանդուղք [lat] scāla,*skend-,"to jump up, ascend",8,,kaikki,root,
train-360ecced1474adea-01,[oss] fænyk [oss] funuk,*?*pē(n)s-,nan,2,3190.0,iecor,nan,
train-311df4cbf5d7237a-01,[grc] νέομαι [san] नसते [grc] ναίω [grc] ναός [grc] νόστος [xto] nas- [txb] nes-,*nes-,to return home (safely),7,,kaikki,root,
train-06902f6622ac48d5-01,[lav] dieve [lit] deivė [san] देवी [ave] 𐬛𐬀𐬉𐬎𐬎𐬍,*déywih₂,goddess,4,,kaikki,noun,
train-550c7bdc7d33fbc2-01,[bho] pīsanā [hin] pīsanā [urd] pīsnā [pal] píiṣa [mai] pīsanā [san] piṣ- [kas] pihon [ben] piṣe gum̐ṛo karā [mag] pisanā [pal] piŋsati [kho] peṣik [gaw] peṣik [gaw] pǟṣūg [pun] pīhṇā [vâs] â-vuš- [ass] pim̐hi guri kôrā [kam] pš′a- [kât] pš′a- [kal] piša-,*pei̯s-,nan,19,6111.0,iecor,nan,
train-26b33cbe073cb192-01,[bel] pyl [rus] pyl' [pol] pył [ukr] pil,*peu̯H-,nan,4,6100.0,iecor,nan,
train-b5230628e445833f-01,[sqi] fsheh [aln] mshef,*?*(s)kep-,nan,2,6311.0,iecor,nan,
train-b2da356048e6d2fd-01,[sar] isciústu [sar] iffustu [nea] 'nfuso,*g̑ʰeu̯d-,nan,3,2078.0,iecor,nan,
train-e15ea7da98b98bf7-01,[hye] վեց [xto] ṣäk [txb] ṣkas,*swéḱs,six,3,,kaikki,num,
train-a8b98a66fde65f83-01,[grc] pikrós [ell] pikrós [ell] pikrós [ell] pikrós [ell] pikrós [ell] pikró [ell] pritšeío,*pei̯k̑-,nan,7,5056.0,iecor,nan,
train-d40c0e28759a4484-01,[prg] tiēnstwei,*tens-,nan,1,4971.0,iecor,nan,
train-02aabe40cc8f1b38-01,"[gae] éan [gae] eun [sga] én [gau] etno- [spa] pájaro [old] etn [mid] ezn, ezen, ezenn [por] pássaro [aln] shpend [old] paxaro [ron] pasăre [bre] evn [cym] (a)deryn [mid] edn [mid] adar [old] atar [dal] paserái̯n [mid] ethen [lat] ethen [xcl] tʿṙčʿown [hye] tʿṙčʿown [hyw] tʿṙčʿown [por] pássaro",*pet-,nan,23,8378.0,iecor,nan,
train-74e14c150943cd4f-01,[mid] gebel [deu] Giebel [isl] gafl [swe] gavel [dan] gavl [eng] gable [fra] gâble [got] 𐌲𐌹𐌱𐌻𐌰 [grc] κεφαλή [xto] śpāl [txb] śpāl [lat] Cībalae [grc] γαβαλάν,*gʰébʰōl,"head, top",23,,kaikki,noun,
train-b9cb3c783984b9bd-01,[san] नमयति [ave] 𐬥𐬁𐬨𐬀𐬌𐬌𐬈𐬌𐬙𐬌 [san] नम्,*nem-,to bend,3,,kaikki,root,
train-742b64bd31e61c08-01,[xcl] օր [ell] ημέρα [sqi] zëmër,*h₂éh₃mr̥,"heat, daylight, day",6,,kaikki,noun,
train-0daab4c430f94a00-01,[lit] kaukti [txb] kauk- [san] कौक [san] कोकिल [xcl] քուք [xcl] քոք [xcl] քուքամ [san] कौति [grc] κωκῡ́ω [san] चोकूयते [san] कोकूयते [lit] kávas,*kew(H)-,"to cry out, call, howl, shriek, to wail (in lament), Derives some names of noisy birds.",27,,kaikki,root,
train-53b88da581f0d6c8-01,[lav] grasāt [lit] grasà [lit] grasinù [lit] gresiù [lit] gristù [xto] krās- [txb] krās-,*gʰres-,"to threaten, torment",7,,kaikki,root,
train-7a9fd928a588134b-01,[pol] slåtťă [kas] słodczi [chu] sladŭkŭ [pol] słodki [sor] słodki [sor] słódki [slk] sladek [ces] sladký [slk] sladký [ukr] solodkij [bel] salodkì [mkd] sladok [bul] slad″k [hbs] sladak [lav] salds [lat] soldons [lit] saldùs [old] słodki [old] sladký [rus] solótkωj [slk] sladek [slk] ſladák,*sal-,nan,22,5157.0,iecor,nan,
train-04bcd71edae2973b-01,[xcl] ընթաց [xcl] ընթանամ [xcl] անցանեմ,*sent-,to go,3,,kaikki,root,
train-22441472d3f4ed38-01,[lit] -inas [prg] -ins [eng] -en [grc] -νος [lat] -nus [lat] -ānus [lat] -iānus [lat] -ēnus [lat] -īnus [lat] -ūnus [sqi] -një,*-nós,Creates verbal adjectives from roots.,14,,kaikki,suffix,
train-2419d9898ee3574d-01,[sqi] -shëm [sqi] -shme [sqi] -çëm [sqi] -çme [gle] -san [gla] -san [grc] ὁμός [xto] sоmа- [txb] sоmо-,*somHós,"same, alike, alone",17,,kaikki,adj,
train-5e91fe1729ba26fd-01,[lat] barbātus,*bʰardʰéh₂tos,bearded,1,,kaikki,adj,
train-561072f183a255b3-01,[lat] lūdere,*lei̯d-,nan,1,3828.0,iecor,nan,
train-b8e13ee6ca5dab53-01,[san] रोहति [ave] 𐬭𐬀𐬊𐬜𐬆𐬧𐬙𐬌 [xto] lut- [txb] lut- [grc] ἐλεύθερος [lat] lībertus [lat] līberta [sqi] lirë [lat] lībertās [sqi] lem [sqi] len [sqi] vëlla [san] रोध [ave] 𐬭𐬀𐬊𐬜𐬀 [pus] لويېدل [fas] رستن [san] रुह्,*h₁lewdʰ-,"to grow, people",23,,kaikki,root,
train-0f6dc8132b1f110d-01,[kas] rut,*leu̯k-,nan,1,1783.0,iecor,nan,
train-1389e2f213094a04-01,[pol] palić się [sor] paliś se [sor] palić so [kas] palëc sã,*?*pel-,nan,4,2241.0,iecor,nan,
train-f7f8d74268f124ee-01,[hit] išḫamai- / išḫami-,*sh₂em-,nan,1,5422.0,iecor,nan,
train-0caa488efc0fd02b-01,[hye] լույս [san] रोक,*lewkós,"bright, shining",2,,kaikki,adj,
train-6531b6feb619a9bf-01,[lav] klusêt [lav] klausīt [lit] klausýti [prg] klausiton [xcl] լսեմ [lit] klùsti [hye] լուռ [san] श्रुष्टि,*ḱlews-,to hear,8,,kaikki,root,
train-898ea16421a76183-01,[far] vatn [isl] vatn [old] vatn [old] vatn,*u̯ed-,nan,4,1370.0,iecor,nan,
train-70e77859a07b0ff6-01,[lux] strécken,*strei̯g-,nan,1,7206.0,iecor,nan,
train-8e893dcc779ce6e4-01,[pol] cornĕ [kas] czôrny,*k⁽ʷ⁾ers-,nan,2,5133.0,iecor,nan,
train-58f74a7a065f0f90-01,[pal] ākāsa,*kʷek̑-,nan,1,7787.0,iecor,nan,
train-e643220f2d150f62-01,[hyw] ǰowr [hye] ǰowr [xcl] ǰowr,*i̯uHr-,nan,3,663.0,iecor,nan,
train-60acbed7d3df546c-01,[goh] sinuuelbi [ang] sinhwurfol,*kʷelp-,nan,2,2447.0,iecor,nan,
train-c47b88079dd7f6fe-01,[prg] wargan,*u̯ergʰ-,nan,1,6319.0,iecor,nan,
train-bc7bfe8eea02a5ff-01,[lit] šlaunìs [cym] clun [yag] surūn [oss] sin [oss] sujnæ [prg] slaunis [mid] clun [kam] c̣′ũ [kât] c̣′ũ [kât] c̣′u [kho] šron,*k̑lou̯ni-,nan,11,6360.0,iecor,nan,
train-f9a9930904eb019d-01,[grc] θέσις [lat] fētiālis [lat] fētiāles [san] धिति [rus] благодать,*dʰéh₁tis,"act of putting, placement",5,,kaikki,noun,
train-13f4cee6bc28f231-01,[lat] betulla [lat] betūla? [lat] betula [lat] bitūmen,*gʷétu,"resin, gum",4,,kaikki,noun,
train-7ca9ef19f96e62ed-01,[lat] alō,*h₂életi,to be nourishing,1,,kaikki,verb,
train-ec0f3bf8cdccd556-01,[raj] ʋạdạrze,*dʰerg̑ʰ-,nan,1,8637.0,iecor,nan,
train-67072ac6921553bc-01,[hit] 𒀠𒉺𒀸 [grc] ἀλφός,*albʰós,white,2,,kaikki,adj,
train-12b4429035e4bb6f-01,[grc] ἄγγος [ell] αγγείο [fas] انگل [fas] انگول [san] अङ्गुरि [san] अङ्गुलि [san] अङ्गुली [lat] angulus [san] अङ्ग [xto] ānkar [txb] āṅkär,*h₂eng-,"curve, bend",12,,kaikki,root,
train-3558ffef2e2f3f3f-01,[ben] rāt [hin] rāta [kas] raath [mar] rātra [nep] rāta [sin] ræya [mai] rāt [urd] rāt [pal] ratti [mag] rāt [bho] rāti [pal] róot [gaw] rāt [ass] rāti [pun] rāt [kam] řâd′or [kât] řâd′or [kât] řâd′or [san] ẓât′âːr [kal] vâtr,*h₁reh₁-,nan,20,799.0,iecor,nan,
train-dbd4b80137aa900d-01,[por] preto [por] preto,*pe⁽k̑⁾tu-,nan,2,2473.0,iecor,nan,
train-be4bea1e6627872f-01,[san] gr̥háḥ [bho] ghar [hin] ghara [mai] ghar [mag] ghar [nep] ghara [mar] ghara [sin] geya [pal] gaha [ass] ghôr [pun] gʰar [got] gards,*gʰerdʰ-,nan,12,7578.0,iecor,nan,
train-76d1956cf39fd533-01,[isl] beittur,*bʰei̯d-,nan,1,2894.0,iecor,nan,
train-df0611a149cc2570-01,[nea] ruppio,"*du̯o-, *du̯i-",nan,1,8104.0,iecor,nan,
train-239e8e75601cc468-01,[lit] mẽdis,*medʰ-,nan,1,1924.0,iecor,nan,
train-eaee51378cc2a1ab-01,[san] ह्रादुनि [xcl] կարկուտ [lat] grandō,*ǵʰreh₃d-,hail,3,,kaikki,noun,
train-55650f9c9989a9ba-01,[grc] σκέλος [grc] τρισκελίς [lat] scelus [xcl] շար-աւանդ [fas] شل [fas] شلوار [grc] σαράβαρα [grc] σαράβαλλα [lat] sarabala [lat] sarabāra [sqi] çalë [grc] κῶλον [grc] κόλων [sqi] shkal [xcl] խուլ [lit] atsikalti [grc] κυλίνδω [grc] κύλινδρος [grc] κυλλός [grc] σκολιός [grc] σκολίωσις [grc] σκολίωμα [grc] σκώληξ [lat] calix,*(s)kel-,"to bend, crook, bent, crooked, leg, heel, knee, hip",25,,kaikki,root,
train-4103308aa7cc3fae-01,[san] मयते [lat] (trā)mes [lat] (sē)mita [lat] mūtō [san] मिनाति [lat] meō [sga] mían [lav] maîna [lav] maĩņa [san] मेना [lav] mainīt [lit] mainyti [lit] mai̇̃nas [grc] μοῖνος [lat] mūnis [lat] mūnia [lat] immūnis [lit] mît [mid] tremyn,*mey-,"to change, to exchange, to change places → to go past",20,,kaikki,root,
train-fbc94d9276750f55-01,[fas] nušidan,*h₁eu̯s-,nan,1,8661.0,iecor,nan,
train-5fee2480facb3912-01,[lat] *caps [lat] -ceps,*kap-,"head, bowl, cup",2,,kaikki,root,
train-d3c2208c753883bd-01,[sqi] i thatë,*k̑eh₂u̯-,nan,1,8428.0,iecor,nan,
train-27829b4431c4eaee-01,[sqi] quaj [lav] slava [lav] slave [lit] šlovė [xto] ñomklyu [txb] ñemkälywe,*ḱléwos,fame,6,,kaikki,noun,
train-4f9572433ce5c8ab-01,[xcl] *դո- [grc] ὁ [grc] ἡ [grc] τό [grc] ὡς [grc] αὐτός [grc] ὅδε [grc] ὁδί [grc] οὗτος [grc] τότε [grc] τοτέ [grc] τηνίκα [grc] τῆμος [lat] sī [lat] sic [lat] tum [lat] tam [lat] iste [lat] ita [lat] ut,*só,"this, that",27,,kaikki,pron,
train-eb6c4238435145fd-01,[fra] lac [gae] loch [ita] lago [lad] lech [por] lago [sar] lagu [sar] lacu [spa] lago [wal] lac [lat] lacus [gae] loch [cat] llac [fri] lât [sga] loch [gau] locu [ron] lac [nea] laco [old] lac [ang] lac [old] lago [gae] logh [sqi] liqen [fra] lé [aln] liqen [old] lac [old] llac [dal] luọk [por] lago [mil] lãch,*lek-,nan,29,8246.0,iecor,nan,
train-070548326b9da434-01,[lat] careō [lat] castus [goh] sūl [lat] cassus [sqi] thadër [hin] शस्त्र [lat] castrum [lat] castrō,*ḱes-,to cut,9,,kaikki,root,
train-a94d017220e63eb2-01,[san] वाति [ave] 𐬬𐬁𐬌𐬙𐬌,*h₂wḗh₁ti,to blow (of wind),2,,kaikki,verb,
train-54e48ab78e49efcd-01,[aln] hanë [sqi] hënë [sqi] hanëzë,*(s)kend-,nan,3,9780.0,iecor,nan,
train-a1081efbfcff96be-01,[cat] mà [fra] main [ita] mano [lad] man [por] mão [sar] manu [sar] manu [spa] mano [wal] min [lat] manus [fri] man [osc] manim [umb] manf [ron] mână [dal] muṅ [nea] mano [old] main [ang] main [fra] man [old] mano [old] man [meg] mắnă [old] mà [por] mão [mil] màn,*men-,nan,25,888.0,iecor,nan,
train-b5ac4519c744b052-01,[mar] gavata,*h₁ed-,nan,1,7363.0,iecor,nan,
train-251bcbc8ce60b27d-01,[ron] a merge,*mesg-,nan,1,6694.0,iecor,nan,
train-f533e2bdfd4e44ba-01,[non] síða [ang] -siden,*seyt-,magic,2,,kaikki,root,
train-49a3961ef812086a-01,[bul] oblak [ces] oblak [mkd] oblak [hbs] oblak [slk] oblak [slk] oblak [chu] oblakŭ [old] obłok [old] oblak [mkd] òblak [mkd] òblak [slk] oblak [slk] oblák,*h₂u̯elk-,nan,13,1117.0,iecor,nan,
train-8ec43ee42cd859c5-01,[xcl] քոյր [grc] ἔορ [xto] ṣar [txb] ṣer,*swésōr,sister,6,,kaikki,noun,
train-b1a2b4d4079b5c25-01,[lav] jauns [lat] jauns,"*h₂ei̯-u-, *h₂oi̯-u-, *h₂i̯-eu̯-",nan,2,2351.0,iecor,nan,
train-95c6ed4d4366debf-01,[lat] flāuus,*bʰleh₃-,nan,1,5299.0,iecor,nan,
train-68aacd5bf457badc-01,[cym] rhech,*perd-,"to fart loudly, pass gas, break wind",1,,kaikki,root,
train-b4005f6e466f18d1-01,[grc] φείδομαι [san] अभेत् [san] भेदति,*bʰéydt,to split,3,,kaikki,verb,
train-1db54b8d73aff229-01,[san] क्षिपति [san] क्षेपयति,*ksweybʰ-,"to move swiftly, make a swift movement, to swing, shake, to be swinging, to whip, cast, throw",2,,kaikki,root,
train-0d41867102535d8b-01,[dan] god [nld] goed [eng] good [far] góður [fle] goed [deu] gut [isl] góður [nob] god [lux] gutt [old] godher [deu] guet [fri] goed [goh] guot [old] gōd [mid] guot [ang] gōd [old] gôd [mid] goet [old] góðr [got] goþs [nor] god,*?*gʰedʰ-,nan,21,229.0,iecor,nan,
train-694180755ef6de3d-01,[san] रभस् [lat] rabies [ang] rabbian [xto] rapurñe,*rebʰ-,"violent, forceful, impetuous, fierce, passionate, driven by overpowering impulse",4,,kaikki,root,
train-a413e60bd5bc7f0f-01,[grc] φέβομαι [san] अभिभजते [grc] φοβέω [grc] φοβέομαι [san] भाजयति [grc] φόβος,*bʰegʷ-,"to flee, to run",6,,kaikki,root,
train-5226cd6bd8a5e9bd-01,"[mid] ober ≠ groa, gra [bre] ober ≠ grw-/r- [bre] ober ≠ (gw)ra- [mid] gul, guthyl, gruthyl [lat] gîl, gweel [old] guragun [mid] gwneithur, gwneuthur [cym] (g)neud",*u̯erg̑-,nan,8,6441.0,iecor,nan,
train-ea747fa1c15d0e03-01,[hit] dankui- / dankuu̯ai- [xlu] dakkui-,*dʰengʷ-,nan,2,4380.0,iecor,nan,
train-ffd8fb848e776891-01,[sqi] mund [old] mendian [mid] menden [grc] μανθάνω,*men(s)dʰh₁-,"vivacious, wisdom, to pay attention to",4,,kaikki,root,
train-9d1ea909f6afe642-01,[san] तृ॒ष्ट [lat] torstus [lat] tostus,*tr̥stós,dried,3,,kaikki,adj,
train-ec3c7b0db91252cc-01,"[hit] karāu̯ar / karaun- [xto] kror [txb] krorīya* [grc] kéras [lux] Har [lat] cornū [san] śŕ̥ṅgam [mai] siṅdh [urd] sīng [kas] hiŋ [ben] śiṁ [hin] sīṅga [mar] śinga [sin] an̆ga [nld] hoorn [dan] horn [swe] horn [deu] Horn [spa] cuerno [fra] corne [ita] corno [ell] kérato [fri] cuar [isl] horn [eng] horn [gau] carnon [ave] srū [old] carn [old] corn [elf] uonn [far] horn [old] horn [nob] horn [xlu] *zaruu̯ar / *zarun- [mag] siṅg [pal] singaṁ [mid] corn, cornn [ell] ke-ra [kho] ṣū [ell] kéras [mid] srūy [ell] tžératon [ell] kérato(n) [ell] kérato [ell] tšérato [fle] hoorn [ron] corn [nea] cuorno [lad] corn [sar] corru [sar] corru [old] cor [ang] corn [wal] cwène [fra] kourna [old] cuerno [bre] korn [bre] korn [cym] corn [oss] syk'a [oss] siwæ [bho] sīṅgh [nep] siṅga [pal] ṣing [mid] corn [wak] ṣ̌əw [fri] hoarne [deu] Horn [sog] sarē [ass] xiṁ [pun] siⁿg [old] corna [meg] córnu [gaw] šing [kho] srung [khw] šū [gaw] ṣiŋ [pas] khkar [dal] ku̯arn [goh] horn [sar] khew [old] hōrn [mid] horn [ang] horn [old] horn [mid] hoorn [old] horn [got] haurn [mid] corn [lat] korn [nor] horn [vâs] üč′ü [pas] šangaṭu [mil] còrnu",*k̑er-,nan,94,2457.0,iecor,nan,
train-42284df8431c773e-01,[san] मिनाति [lat] minor [lat] minus [non] mjór [grc] μείων [grc] μινύθω [grc] μίνυνθα [lat] minimus [txb] maiwe,*mey-,"small, little",11,,kaikki,root,
train-59abbcd4090d2dc1-01,[sqi] ari [sqi] arushë [hye] արջ [grc] ἄρκτος [lat] ursus,*h₂ŕ̥tḱos,bear,5,,kaikki,noun,
train-204647d19ce7f9b8-01,[kho] uṣak,*h₁eu̯s-,nan,1,8480.0,iecor,nan,
train-b97b22b08bdbbfcb-01,[lat] uir [prg] wijrs [lav] vīrs [lit] výras [sga] fer [gau] uiros [old] gur [old] gur [gae] fear [mid] gour [umb] uiro [lat] veirs [mid] gwr [vâs] vaǰǰim′i [pas] wiir,*u̯iH-ró-,nan,15,1094.0,iecor,nan,
train-91d556949200a03e-01,[san] रुधिर,*h₁rudʰrós,red,1,,kaikki,adj,
train-7c3775db85d8e7ea-01,[grc] νέω [lat] neō [sga] sníid [cym] nyddu [gle] sníomh [grc] νῆτρον [san] स्नायति [bre] neud [gle] snáth [gla] snàth [sqi] nus,*(s)neh₁-,"to spin (thread), to sew",11,,kaikki,root,
train-0c43ac9a711b000f-01,[hit] ḫuu̯ai- [xlu] ḫui(i̯a)-,*h₂u̯eh₁-,nan,2,6291.0,iecor,nan,
train-228d8b70b737cc35-01,[ron] pământ,*pi̯eh₂-,nan,1,6547.0,iecor,nan,
train-203069fdb29b26e2-01,[kur] bāɫdār [bak] bāldār [del] bonde,*bʰeh₂g̑ʰu-,nan,3,9127.0,iecor,nan,
train-1e291ab6b2ec3245-01,[grc] téphra [ell] téphra,*dʰegʷʰ-,nan,2,2179.0,iecor,nan,
train-f47e21da723bb718-01,[eng] woods [gau] uidu-,*u̯idʰh₁ú-,nan,2,3129.0,iecor,nan,
train-f714b60db323ff12-01,[gle] lia [grc] πλεῖος [grc] πλέος [grc] πλέως [san] प्रायस् [lat] plūs [lat] plūres,*pléh₁yōs,full,7,,kaikki,adj,
train-a90f67b5c68ea1eb-01,[san] वाजयति [lat] vegeō,*woǵéyeti,"to make lively, awaken",3,,kaikki,verb,
train-3872c5171cb5df7d-01,[hyw] heṙow [hye] heṙow [nld] ver [eng] far [fle] ver [fri] fier [xcl] heṙi [far] fjarur [goh] fer [old] fīr [ang] feorr [old] ferr [mid] verre [mid] verre [old] fjarri [got] fairra,*per-,nan,16,7345.0,iecor,nan,
train-6598b5eb7ef84d49-01,[san] पपात [ell] πέφτω [grc] πίτνημι [lat] pandō [san] पातयति [grc] πέτᾰλον [san] पत्र [san] पत्त्र [ave] 𐬞𐬀𐬙𐬀𐬭𐬆𐬙𐬀 [sqi] pjetë [xcl] ընթանամ [gle] éis [grc] πετάννῡμι [grc] πέτασος [grc] πέτηλος [grc] ποταμός [grc] πότμος [grc] πετηνός [grc] πτῶμα [grc] πτῆσις [grc] πτῶσις [grc] πτωτικός [grc] πτωτός [grc] πτίλον [grc] πατάνη [lat] pateō [lat] patera [lat] passus [lat] impetus [lat] praepes [lat] perpetuus [lat] propitius [lat] petulans [lat] petulcus,*peth₂-,"to spread out, to fly (through the sense ‘spread one’s wings’)",35,,kaikki,root,
train-512431ebdd29d5b5-01,[lav] savs [lit] sãvas [grc] ἑός,*sewós,"possessive adjective of *swé: (one's) own; his, her, its",3,,kaikki,pron,
train-e054fb5f6be80e8a-01,[lav] sìens [lit] šiẽnas [grc] κοινᾱ́,*(s)ḱeh₁y-,"to shine, shimmer",5,,kaikki,root,
train-07f3e55e7b5bdf00-01,[san] वेमन् [mid] wīme [lat] vīmen,*wéh₁imn̥,"that which is twisted, plaiting",3,,kaikki,noun,
train-aa594d51fa4eaff3-01,[grc] anḗr [ell] ántras [san] nár- [ave] nar [xcl] ayr [aln] njeri [pal] nara [ell] anḗr [osc] niir [umb] nerf [ell] ántras [ell] ántra [ell] ántras [sqi] njeri [pas] narina,*h₂ner-,nan,15,2316.0,iecor,nan,
train-3badb8d36ca4a25c-01,[grc] κτείς,*pḱtḗn,comb,1,,kaikki,noun,
train-7bb67e5f93b27513-01,[bal] ǰāīt,*g̑i̯eu̯H-,nan,1,8407.0,iecor,nan,
train-a8c82878a3dcbedf-01,[grc] γενέτωρ [san] जनितृ [ave] 𐬰𐬄𐬚𐬀𐬭 [lat] genitor,*ǵénh₁tōr,"one who begets, produces, parent",4,,kaikki,noun,
train-ebe42687cc043d24-01,[lat] pīca [lat] Pīcumnus [lat] pīcus [prg] picle [san] पिक,*(s)peyk-,"name of a bird, woodpecker, name of a bird, magpie",5,,kaikki,root,
train-d2f1bb4453abd7f8-01,[ron] a arunca,*h₃reu̯k-,nan,1,6693.0,iecor,nan,
train-861558de56267d79-01,[cat] cendra [ita] cenere [lad] cender [por] cinza [spa] ceniza [wal] cinde [lat] cinis [fri] cinise [sqi] hi [aln] hĩ [ron] cenușă [nea] cennere [sar] cinisu [sar] chisgína [old] cendre [ang] cendre [old] ceniça [fra] findré [fra] cendre [old] cendres [meg] čănușă [sqi] hi [old] cendra [por] cinza [mil] scéndra,*(s)ken(H)-,nan,25,850.0,iecor,nan,
train-57bbe960b8045186-01,[hyw] hrel [hye] hrel,*per-,nan,2,628.0,iecor,nan,
train-adecb508751367b1-01,[pol] oczywisty [pol] rzeczywisty [grc] ἄ-ιστος [lat] vīsus,*widtós,"seen, known",4,,kaikki,adj,
train-04d251ef55e2bd40-01,[san] अवर्त् [san] वर्तते [lat] vertō [lit] versti [grc] ἔρρω [san] वर्तन [san] वर्त्मन् [san] वृत्त [lat] versus [sqi] rris [fas] گرد [san] वृत्,*wert-,"to turn, to rotate",12,,kaikki,root,
train-928d7ffa04db0ffe-01,[lav] skriet [lat] skrīt,*?*(s)k⁽ʷ⁾rei̯-,nan,2,6359.0,iecor,nan,
train-0e92de6dbaad0f76-01,[oss] bærzæj [oss] bærzæj,*bʰerg̑ʰ-,nan,2,3280.0,iecor,nan,
train-78737ee3e0f6a146-01,[grc] τέρμα [grc] τέρμων [san] तर्मन् [san] सुतर्मन् [lat] termen [lat] terminus [lat] termō,*térmn̥,"boundary, end",15,,kaikki,noun,
train-751f8d429a6766f7-01,"[bel] tojsty [sor] tłusty [sor] tołsty [rus] tolstyj [ukr] tovstij [ces] tlustý [pol] tåustĕ, tustĕ [old] tlustý [rus] tọwstώj",*teu̯(h₂)k-,nan,9,1247.0,iecor,nan,
train-489eec9308c45f65-01,[cat] caçar [fra] chasser [ita] cacciare [lad] ciacé [por] caçar [sar] cazzare [sar] cassare [spa] cazar [wal] tchèssî [fri] cjaçâ [old] caçar [nea] ì a caccia [old] chacier [ang] chacer [fra] shafi [old] cassar [old] caçar [meg] căţári [por] caçar [mil] casàa,*keh₂p-,nan,20,894.0,iecor,nan,
train-3967d217562dd861-01,[lit] gérti [lav] dzert [lat] dzert,*gʷerh₃-,nan,3,1851.0,iecor,nan,
train-b9ca3801ba74fc3e-01,[xcl] ծնաւ [grc] ἐγένετο [san] अजनि [txb] kantär [san] जनति [pus] زوول [san] जायते [ave] 𐬰𐬀𐬌𐬌𐬈𐬌𐬙𐬌 [lat] nāscor [grc] γέγονα [san] जजान [txb] kānare [grc] γονή [grc] γενεᾱ́ [lat] genius [lat] naevus [lat] Gnaeus [xcl] ծնաւղ [grc] γένεθλον [grc] γενέθλη [grc] γενέθλιος [ave] 𐬟𐬭𐬀𐬰𐬀𐬥𐬙𐬌 [pus] فرزند [grc] γνωτός [grc] γενητός [grc] γέννα [grc] γεννητός [san] ज [san] जा [san] जान [san] जना [san] जनी [san] जननी [san] जन्तु [san] ज्ञाति [san] जन्यु [san] जन्य [san] जनुषा [san] जनु [san] जेन्य [san] जातु [san] जात्य [san] जनता [san] जनन [san] जज्ञि [san] जन्मिन् [san] जानुका [san] जाया [san] जावन् [ave] 𐬰𐬀𐬥𐬙𐬎 [san] जन्,*ǵenh₁-,to produce; to beget; to give birth,51,,kaikki,root,
train-3dbf4f4a6ee5452a-01,[sga] damnaid [grc] δάμνημι [san] दमयति [san] दाम्यति [grc] δμῆσις [grc] δάμαρ [grc] δμητός [san] दमित [sqi] dem [hit] 𒋫𒈠𒀸 [grc] δαμάζω [grc] δάμαλις [grc] δαμάλης [grc] δάμαλος [grc] δμώς [grc] δμῳή [san] दमायति [fas] دام,*demh₂-,"to tame, domesticate",18,,kaikki,root,
train-bc931691246febf8-01,[lat] maceō [bre] maezhur [bre] magañ [mid] magu [sga] doformaig [hit] 𒈠𒀝𒆷𒀭𒋫𒀭 [ave] 𐬨𐬀𐬯𐬌𐬱𐬙𐬀 [old] maθišta- [cym] maeth [lat] mactus [lat] mactō,*meh₂ḱ-,"to raise, increase, long",11,,kaikki,root,
train-05ed8fda5ec12471-01,[hit] 𒁉𒂊𒊒𒈾𒀭𒍝,*pérwr̥,"rock, mountain",2,,kaikki,noun,
train-4ba5a32845488b9f-01,[lit] stebėti [san] स्तम्भ [san] स्तभ्नाति [lav] stabs [lit] stãbas [fas] ستبر [grc] σταφυλή,*stebʰ-,"to stand still, to harden",7,,kaikki,root,
train-0f9f8ec968a7cb8c-01,[sqi] e enjte [sqi] En,*h₁n̥gʷnís,fire,2,,kaikki,noun,
train-81ca9b0aa275bbed-01,[dan] dø [far] doyggja [isl] deyja [nob] dø [swe] dö [elf] däa [old] döia [nld] doodgaan [old] deyja [nor] døy,*dʰeu̯-,nan,10,201.0,iecor,nan,
train-d480e807179cd0bb-01,[lat] fuga,*bʰugéh₂,"flight, escape",1,,kaikki,noun,
train-1962b35ca4663798-01,[pal] ghoóṣṭ,*steh₂-,nan,1,7136.0,iecor,nan,
train-764ca9210b15c303-01,[hit] 𒁉𒂊𒊏𒀭 [hit] 𒁉𒊏𒀭 [grc] περάω [san] पर॑ [ave] 𐬞𐬀𐬭𐬀 [fas] فرفر [grc] πέρπερος [grc] πόρσω [grc] πόρρω [lat] porrō [lat] por- [grc] πρέσβυς [lat] prīvus [cel] ris [gle] roimh [gla] ro [lat] prīscus [lat] prīmus [lat] prīstinus [sga] ri [grc] πρίν [grc] πρείν [lat] prior [sqi] para [xcl] առ [ang] fyrst [deu] First [lat] postis [grc] πρυμνός [xcl] հեռ- [xcl] հեռի,*per-,"before, in front, first",34,,kaikki,root,
train-3bb418b50baad80b-01,[lat] moenia [lat] mūniō,*mey-,to strengthen,2,,kaikki,root,
train-a88c8c199607c97d-01,[lat] vorrō [lat] verrō [sqi] zvarrë [sqi] varrë [sqi] xvarrë [sqi] carrë [lav] vârsms [non] vǫrr [grc] ἐρύω [grc] ἔρρω,*wers-,"to wipe, to drag (on the ground), sweep ~ thresh",10,,kaikki,root,
train-0d4ba9d435410ac4-01,[pal] utráapa [gaw] ɬapik,*dreh₂-,nan,2,6658.0,iecor,nan,
train-af8bef7a3c58c875-01,[txb] ysape,*supo,nan,1,7119.0,iecor,nan,
train-7cb9ba6b24d37b31-01,[ell] κλέβω [eng] kleptomania [fra] cleptomanie [grc] κλώψ [grc] Κύκλωψ [grc] κλοπή [sqi] qep [sqi] qafë,*klep-,to steal,8,,kaikki,root,
train-b14ef07dea7fa2c5-01,[san] बोधयति [ave] 𐬠𐬀𐬊𐬛𐬀𐬌𐬌𐬈𐬌𐬙𐬌,*bʰowdʰéyeti,"to make aware, to awaken, arouse",2,,kaikki,verb,
train-79cb65574cf3f85b-01,[lat] trītus [lat] trīcae [lat] trībulum [lat] trībulō [lat] septentriō [lat] tergō [lat] tergeō [grc] τρῑ́βω [grc] τρίβος [grc] τριβή [grc] τρώγω [grc] τράγω [grc] τράγος [lit] trūnė́ti [grc] τέρυ [grc] τρύω [grc] ἄτρυτος [grc] τρῦμα [grc] τρύ̄μη [grc] τρῡτάνη [grc] τιτρώσκω [grc] τρώω [grc] τρῶσις [grc] τρῶμα [grc] τραῦμα [grc] τρύχω [grc] τρῡπάω [grc] τρύ̄πανον [grc] τρύ̄πη [grc] τρῦπα [lat] terō [grc] τείρω [lat] terebrum [lat] terebra [grc] τέρετρον [grc] τόρμος [grc] τόρνος [grc] τορός [grc] τόρος [grc] τορεύς [lat] teres [grc] τρῆμα [grc] τρῆσις [grc] τρητός [xcl] արածեմ [xcl] արաւտ [xcl] թուր [xcl] թրթուր [grc] τετραίνω [lat] trūcta,*terh₁-,"to rub, turn, to drill, pierce",50,,kaikki,root,
train-086c605691173f15-01,[grc] -μί [lat] -ō,*-ti,Forms regular imperfective verbs,2,,kaikki,suffix,
train-36f08542244888eb-01,[san] जार [grc] γνωρίζω [grc] γνώριμος,*ǵn̥h₃rós,knowing,3,,kaikki,adj,
train-6f03cf2fbc7fb43c-01,[fas] ǰigar [prg] lagno [san] yákr̥t [grc] hē̃par [lav] aknas [lat] iecur [hyw] leard [hye] lyard [oss] igær [oss] igær [ave] yākar [xcl] leard [pal] yakana [kho] gyagarrä [mid] ǰagar [ell] ī́parī [lat] oknys [kum] jōġur [bak] jiyar [sog] yakari [lar] jegar [maz] jiger [kur] jıgar [tat] jigare [haw] jigar [kur] jıgır [raj] jegar [pas] aeena [gaw] yän [kho] ṣeɣun [del] d͡ʒigær [kam] iâň′i [kât] iâň′âi [?] [kât] iâ·′i [kal] iok [san] i′on [kur] jɨwɨr,*(H)i̯ekʷ-r/n-,nan,37,718.0,iecor,nan,
train-695bd5188ec1c23f-01,[ell] dérma [grc] dérma [ell] de-ma-si [ell] dérma [ell] dérma [ell] dérma,*der-,nan,6,1537.0,iecor,nan,
train-302bf96a0348152f-01,[sor] wogon [pol] ogon [kas] ògón [old] ogon,*gʷʰen-,nan,4,1935.0,iecor,nan,
train-bac4b1fecc022151-01,[nld] blad [far] blað [fle] blad [fri] blêd [deu] Blatt [ell] fýllo [isl] blað [nob] blad [lux] Blat [swe] blad [grc] phýllon [xto] pält [txb] pilta [dan] blad [elf] blað [ell] phýllon [ell] fýllon [ell] fýllo(n) [ell] fýḍḍo [ell] fýllo [deu] Blatt [old] blad [mid] blat [old] blað [nor] blad,*bʰleh₃-,nan,25,252.0,iecor,nan,
train-bdd74377540f86b7-01,[hit] 𒂊𒃷 [lit] yžià,*h₁eyg-,"ice, frost",2,,kaikki,root,
train-a5e27f8ebed24b55-01,[sqi] ndjek [hit] 𒉿𒀜𒆪𒍖𒍣 [lav] tecêt [lit] tekė́ti [san] तक्ति [ave] 𐬙𐬀𐬑𐬱𐬈 [ave] 𐬟𐬭𐬀𐬙𐬀𐬗𐬀𐬌𐬙𐬌 [ave] 𐬟𐬭𐬀𐬙𐬀𐬗𐬌𐬧𐬙𐬌 [fas] تاختن [ave] 𐬙𐬁𐬗𐬀𐬌𐬌𐬈𐬌𐬧𐬙𐬌 [mid] tʾcynd [ave] 𐬙𐬀𐬗𐬌𐬧𐬙 [mid] 𐫎𐫉𐫀𐫗 [txb] cake [lav] tęks [sga] intech [san] तकु [san] तक्त [ave] 𐬙𐬁𐬗𐬀𐬌𐬝𐬐𐬎𐬱 [mid] tcyt [lav] taka [lit] tãkas [ave] 𐬙𐬀𐬐𐬀,*tekʷ-,"to run, to flow",58,,kaikki,root,
train-c42b483426927efb-01,[grc] ἕβδομος [san] सप्तम [lat] septimus,*septm̥mós,seventh,3,,kaikki,det,
train-10427968c9b5868f-01,[khw] ϑaγd [lar] saxt,*k̑ek⁽ʷ⁾-,nan,2,6629.0,iecor,nan,
train-ce4ae2fae59661de-01,[ell] ššiátzomai,*s⁽k̑⁾eH-,nan,1,6211.0,iecor,nan,
train-d08025cf463ee891-01,[lit] vaĩsiai [prg] wēisin,*u̯ei̯s-,nan,2,1900.0,iecor,nan,
train-3172692fd5478b1d-01,[sqi] thatë [aln] thatë [sqi] i thatë,*k̑eh₂u̯-,nan,3,8281.0,iecor,nan,
train-b9057af4b1f6e3cd-01,[xcl] գիտեմ [grc] οἶδα [san] वेत्ति [lat] vīdī,*wóyde,"to have seen, to know",4,,kaikki,verb,
train-ff7677f5b77bff0e-01,[nea] chianta,*pleh₂-,nan,1,8103.0,iecor,nan,
train-70529f41ea0e3f8d-01,[bul] broâ [mkd] broi [hbs] brojati [mkd] brujìm [mkd] bròja,*bʰrei̯H-,nan,5,1120.0,iecor,nan,
train-f36688e89b03c292-01,[hye] աղբյուր [grc] φρεῖᾰρ [san] भुर्वन्,*bʰréh₁wr̥,"well, spring, source",5,,kaikki,noun,
train-072e8382f14fb0f0-01,[cym] dweud [mid] dywedut [old] guetid,*u̯eth₂-,nan,3,2416.0,iecor,nan,
train-d4755c9161cd8202-01,[lit] gebė́ti [lit] at-gė́bau [san] गभस्ति [lav] gãbtiês [lit] góbti,*gʰebʰ-,"to give, to take",5,,kaikki,root,
train-df3e64e57de37248-01,[sqi] -të [grc] -τός [lat] -tus [lat] -sus,*-tós,Creates verbal adjectives from verb roots.,6,,kaikki,suffix,
train-7bb9fdd9e165cfdd-01,[xcl] դէզ [gmy] 𐀵𐀒𐀈𐀗 [ell] τοίχος,*dʰóyǵʰos,"something that is kneaded, formed",3,,kaikki,noun,
train-61e37ac87554772d-01,[fra] jouer [ita] giocare [por] jogar [sar] jocare [sar] jocare [spa] jugar [wal] djouwer [fri] zuiâ [cat] jugar [old] joër [ang] juer [old] jogar [ron] a juca [nea] jucà [fra] zhoyi [old] jugar [old] jugar [meg] jucári [por] jogar [mil] giügàa,*i̯ek-,nan,20,916.0,iecor,nan,
train-1351fb9eb68b29fe-01,[grc] γέμω [lat] gemō [grc] γέντο [xto] kāmat [txb] kamāte [grc] γόμος,*gem-,"to press (together), to grasp",6,,kaikki,root,
train-15d91bd176033157-01,[bre] kouezhañ [cym] digwydd [lit] šeirỹs [lav] siẽva [san] शेव [san] शिव [lat] cīvis [lat] cūnae [grc] κοίτη [sqi] cys [sqi] ndërsej [xcl] սէր [chu] посивьнъ [rus] посив [san] शी,*ḱey-,"to be lying down, to settle",15,,kaikki,root,
train-46d22599a606c03b-01,[lav] darīt [lat] dareit [lit] darýti,*dʰer-,nan,3,6329.0,iecor,nan,
train-509b323ded011fde-01,"[ben] bhaẏ [bel] bajcca [ces] bát se [lit] bijóti [sor] bójaś se [sor] bojeć so [mar] bhītī [pol] bać się [rus] boât'sâ [hbs] bojati se [sin] bhayin siṭinavā [slk] báť sa [slk] bati se [chu] bojati sę [san] bhī- [prg] biātwei [ukr] boâtisâ [lav] baidīties [pol] bet [kas] bòjec sã [lat] beitīs [pal] bhíia [old] bać się, bojeć się [old] báti sě [old] bojatisę [rus] bojátɪ s′a [slk] bati se [slk] ſe bati [gaw] biūg [ass] bhôy [gaw] bangarik [pas] ǰaangə butu [kho] buhtiik",*bʰei̯h₂-,nan,33,699.0,iecor,nan,
train-1df7ea32c3c9af9f-01,[san] शर्मन् [lat] cella [lat] color [ell] κολεός [lat] cōleus [lat] cilium [lat] clam [prg] kelmis [lit] šálmas [ell] καλύπτω [ell] καλύβι [ell] καλύβα [ell] κέλυφος [ell] κάλπη [san] शरण [fas] سرمه [lat] cālīgō [lat] cēlō,*ḱel-,to cover,46,,kaikki,root,
train-92aae817379d5f87-01,[isl] fara [far] fara [old] fara,*per-,nan,3,6903.0,iecor,nan,
train-93e594f72c14b347-01,[san] शोषयति,*h₂sowséyeti,"to be drying, be making dry",1,,kaikki,verb,
train-fc72802fa6f82b78-01,[lat] baculum [sar] bácculu,*?*bak-,nan,2,2983.0,iecor,nan,
train-57d82f6bb2ac2683-01,[sqi] qos [lit] kliudýti [lav] kļūdīt [lav] kļūdīties [lat] claudō [lat] clūdō [lat] claustrum [lav] kļũt [lit] kliū́ti [lit] kliáuti [grc] κληΐω [grc] κληΐς [grc] κλήϊθρον [gmy] 𐀏𐀨𐀹𐀡𐀫 [lat] clāvis [lat] clāvus [grc] κλῳός,*kleh₂w-,"a hook, crook, peg, to close something",17,,kaikki,root,
train-9353664805009aa2-01,[ave] 𐬬𐬀𐬟- [fas] بافتن [san] उम्भति [san] उनब्द्धि [san] उभ्नाति [ave] 𐬎𐬟𐬌𐬌𐬀- [xto] wäp- [txb] wāp- [sqi] vej [ell] υφαίνω [grc] ὑφή [ave] 𐬎𐬠𐬛𐬀𐬉𐬥𐬀 [grc] ὕφος [eng] wave [mid] waben [non] váfa [ave] 𐬬𐬀𐬟𐬏𐬱,*webʰ-,"to weave, braid",20,,kaikki,root,
train-f9d42e4aa467fb34-01,"[ben] ek [bul] edin [bel] adzìn [cat] un [ces] jeden [dan] en [nld] een [eng] one [far] ein [fle] een [fra] un [deu] ein [hin] eka [isl] einn [gae] aon [ita] uno [kas] akh [lad] un [lit] víenas [sor] jaden [sor] jedyn [mkd] eden [mar] eka [nep] eka [fas] yek [pol] jeden [por] um [nob] en [rus] odin [sar] unu [sar] unu [hbs] jedan [sin] eka [slk] jeden [slk] en [spa] uno [swe] en [ukr] odin [wak] yiw [wal] on [kur] ēk [mai] ek [urd] ek [san] éka- [chu] jedinŭ [prg] ains [lav] viens [lux] een [lat] ūnus [fri] un [sga] óen [oss] iw [oss] ew [ave] aēuua [old] aiva [gae] un [old] unan, un [fri] ien [old] un [bho] ego [gau] oino- [elf] ien [old] en [pal] eka [mid] un, vn, unan, vnan [pol] jadån [kas] jeden [mid] ēw [par] ēw [yag] ī [lat] vīns [ron] unu [nea] uno [old] un [ang] un [fra] on [old] uno [mag] ek [pal] áak [gae] aon [bre] ûn, unan [bre] inon [cym] un [old] jeden, jaden [mid] un [old] jeden [old] odinŭ [rus] odɪ́n [mkd] idìn [mkd] idìn [slk] en [slk] eden, en [bac] iōgo [deu] eis [ass] ek [pun] ikk [tat] i [sog] ēw [maz] yek [bak] yek [del] jek [lar] yak [bal] yak [kur] yak [old] un [meg] un [khw] ēw [old] un [gaw] yak [pas] yao [haw] yak [kur] yak [raj] i [gaw] äk [kho] i [dal] joi̯n [goh] ein [sar] iw [old] ēn [mid] ein [ang] ān [old] ên [mid] een [old] einn [got] ains [mid] onen [lat] idn [nor] ein [por] um [pas] ii [kam] ′ev [kât] ′ev [kât] ′ev [kal] ev [san] ′âc̣ [kur] yak [mil] vün",*Hoi̯-,nan,137,91.0,iecor,nan,
train-eacef87215e99aa8-01,[lat] micō [bre] dismeg [cym] dirmygu [cym] edmygu [cym] myged [sga] do·meiccethar,*meyk-,"to twinkle, blink",7,,kaikki,root,
train-785406bd7636ff06-01,"[ita] uccidere [sar] occíere [ron] a ucide [old] ocire [ang] ocire [nea] accirere [old] ociure, auciure",*?*kh₂ei̯d-,nan,7,2300.0,iecor,nan,
train-0f743c7ad3f95851-01,[nld] naaien [fle] naijen [deu] nähen [deu] näie [goh] nāen [mid] næhen [mid] naeyen,*(s)neh₁-,nan,7,290.0,iecor,nan,
train-f3124dda972aa8f3-01,"[mid] loar, loàr, loer [old] loyr [bre] loar [bre] luer [cym] lleuad [old] loir, loer [mid] lor [lat] lûr [mid] lloer",*leu̯⁽g̑⁾-,nan,9,4969.0,iecor,nan,
train-46eb267c40f4794c-01,[ben] pacā [pal] pac̣hélu [ass] pôsā,*pekʷ-,nan,3,2878.0,iecor,nan,
train-fe8ad960d306f245-01,[hit] 𒆠𒄿 [lit] šè [chu] се,*ḱe,"Deictic particle, here, Post-positional demonstrative particle, this",3,,kaikki,particle,
train-ce7f38e2e9536155-01,[lit] tem̃pti [xto] cämp- [txb] cämp- [xto] campär [xcl] թամբ [lat] temptō [non] þǫmb [lav] tìept [prg] tēmpran [fas] تاب [fas] تافتن [xto] tampe,*temp-,"to stretch, exert an effort on",13,,kaikki,root,
train-e6fbecca7e31eeb5-01,[ell] ápsimo(n),*h₂ep-,nan,1,6159.0,iecor,nan,
train-8ce2c7353debc0a7-01,[pol] stegnü [chu] stegno [sor] sćogno [slk] stegno [ces] stehno [slk] stehno [ukr] stegno [bel] scâgno [old] stehno [rus] steɣnó [slk] stegno [slk] ſtegnu,*stei̯gʰ-,nan,12,5160.0,iecor,nan,
train-f576c61c9a22a917-01,[fle] sterven [deu] sterben [nld] sterven [lux] stierwen [fri] stjerre [deu] stärbe [goh] sterban [old] sterva [mid] sterben [mid] sterven [old] sterƀan,*(s)dʰerbʰ-,nan,11,2250.0,iecor,nan,
train-687f44c10e1691f2-01,[raj] kamar,*kh₂em-,nan,1,9229.0,iecor,nan,
train-b64f9133e07de264-01,[sor] groniś,*gʷerH-,nan,1,4843.0,iecor,nan,
train-309e1aabe472598b-01,[fra] savoir [ita] sapere [lad] savei [por] saber [spa] saber [wal] saveûr [fri] savê [cat] saber [nea] sapé [old] savoir [ang] saver [fra] savai [old] saber [dal] sapár [old] saber [old] saber [por] saber [mil] savè,*seh₁p-,nan,18,898.0,iecor,nan,
train-148ad7dcb3ac611b-01,[grc] εἷσα [san] असदत्,*sédt,to sit down,2,,kaikki,verb,
train-fd5302672d109755-01,"[fra] chanter [gae] can [ita] cantare [lad] cianté [por] cantar [sar] cantare [sar] kantare [spa] cantar [wal] tchanter [lat] canere [fri] cjantâ [sga] canaid [umb] kanetu [mid] canaff [ron] a cânta [nea] cantà [old] chanter [ang] chanter [fra] shantâ [cat] cantar [old] cantar [bre] kanã, kan- [cym] canu [mid] canu [old] canam [old] cantar [old] cantar [meg] căntári [dal] kantúr [mid] cana [lat] kana [por] cantar [mil] cantàa",*⁽k̑⁾an-,nan,33,565.0,iecor,nan,
train-a2c71c573a2285dd-01,[eng] throw,*?*treh₁-,nan,1,3046.0,iecor,nan,
train-36976dbc3c54f87c-01,[lat] pressī [lat] prēlum [lat] premō,*pres-,to press,3,,kaikki,root,
train-9a3b4f3d1606206e-01,[xcl] գառն [xcl] առն [dan] orne [dan] urne [swe] orne [grc] ἀρνειός [lat] verrēs [lat] verris,*wérsēn,"virile man, male animal",11,,kaikki,noun,
train-881bbd61e871a86b-01,[grc] ἦρι,*h₂éyeri,"early, in the morning",1,,kaikki,adv,
train-a936d36ea7f58b1d-01,[bel] rot [rus] rot [ukr] rot [old] rotŭ [rus] rot,*reu̯H-,nan,5,1233.0,iecor,nan,
train-b43b8eb36135db7a-01,[xcl] ջեր [prg] goro [grc] θέρος,*gʷʰéros,"heat, warm weather",3,,kaikki,noun,
train-266a9188d435f5d1-01,[grc] -ός [san] -अ,*-ós,"Creates adjectives from verb stems; they may have agentive or patientive meaning., Creates agent nouns from verb stems, denoting someone or something that performs that verb's action., Creates adjectives from verb stems; they may have agentive or patientive meaning., Creates patient nouns from verb stems, denoting something affected by the verb's action.",2,,kaikki,suffix,
train-aa16556a05ec2d89-01,[grc] δαίς [grc] δαιτύς [grc] δαιτυμών [grc] δαιτρός [grc] δαιτρόν [grc] δαίμων [grc] δαΐζω [grc] δαίνῡμι [grc] δαίω [san] दय् [san] दया,*deh₂y-,"to share, divide",11,,kaikki,root,
train-98e68b4071463108-01,[xlu] wala/i-,*?*u̯elh₃-,nan,1,5257.0,iecor,nan,
train-d69788a6a2d45744-01,[san] शोष,*h₂sowsós,dry,1,,kaikki,adj,
train-c107383accb0f252-01,[ell] stáchtī [ell] stachtós [ell] stacht [ell] sachtári(n),*steh₂⁽g̑⁾-,nan,4,1448.0,iecor,nan,
train-fc8c5a91691ac904-01,[kur] sing [tat] sine [maz] sine [kur] seng [haw] sīna [kur] sīnıg [raj] sinạ,*k̑eh₃(i̯)-,nan,7,3740.0,iecor,nan,
train-6e331d4c6c0a37b8-01,[ben] jbālāno [hin] jalnā [mar] jalaṇe [nep] jalnu [urd] jalnā [mai] jaranā [bho] jarnā [pun] jalṇā,*g̑u̯elH-,nan,8,758.0,iecor,nan,
train-62e181ba900b2b62-01,[fas] bād kardan [bak] bād kerdak [raj] ʋạd ạkare [kur] bā akāt [bal] dārī gwāta kant,*h₂u̯eh₁-,nan,5,3436.0,iecor,nan,
train-39af95adf101381c-01,[lit] ti̇̀nti [sga] tamnaid [grc] τέμνω [lat] temnō [lat] templum [grc] τομός [grc] τόμος [grc] τομή [grc] τμῆσις [grc] ταμίᾱ [gmy] 𐀲𐀖𐀋𐀄,*temh₁-,to cut,11,,kaikki,root,
train-389e39eb7d374d5e-01,[san] तायते [san] तनिमन् [san] उत्तान [ave] 𐬎𐬯𐬙𐬁𐬥𐬀 [san] उत्तानहस्त [ave] 𐬎𐬯𐬙𐬁𐬥𐬀𐬰𐬀𐬯𐬙𐬀,*tenh₂-,"to stretch, extend",6,,kaikki,root,
train-9111a7958a325650-01,[san] त्यजते [san] त्यजति [san] तत्याज [grc] σοβέω [san] त्याजयति [grc] σέβας,*tyegʷ-,"to leave alone, give up, to retreat",6,,kaikki,root,
train-341a84c1c1fa3adb-01,[lav] dzīt [lav] dzīvot [lit] gyventi [prg] gi(j)wan [bre] beva [gla] bi [cym] byw [lat] vīvō [xto] śo- [txb] śai-,*gʷíh₃weti,"to live, to be alive",10,,kaikki,verb,
train-87c9ff7f327659af-01,[fas] siyāh [wak] ṣ̌ʉw [oss] saw [oss] saw [ave] sāma [mid] syāw [par] syāw [kum] sīya [bak] siyāh [tat] siyā [sog] šāw [maz] siya [del] sijɒ [lar] siyā [bal] syāh [khw] sāw [haw] sīāw [kur] sya [raj] siyạ [pas] šaamok,*k̑i̯eh₁-,nan,20,573.0,iecor,nan,
train-30d0777c534afa54-01,[hit] mīu- [gae] mìn [gae] mín [sga] mín [xlu] mīu-/mīi̯au̯-,*mei̯H-,nan,5,2930.0,iecor,nan,
train-aefde5ad76ff0150-01,[ben] dūre [hin] dūr [kas] duur [mar] dūra [fas] dūr [sin] dura [mai] dur [urd] dūr [san] dūrá- [hit] tuu̯ān [ave] dūire [old] dūrai [wak] ðir [mag] dūr [pal] dūra [kho] durä [kur] dir [bho] dūr [pal] dhúura [kum] dūr [yag] dʉ̄r [sog] δūr [maz] dir [bak] dir [del] dir [lar] dir [bal] dūr [kur] dūr [kho] dudeeri [gaw] duraae [tat] derv [haw] dūr [kur] dür [raj] dür [pas] lare [gaw] dūr [par] dūr [mid] dūr [sar] dhar [pun] dūr [ass] dūr [kam] bâd′üř [kât] badi′uř [kal] südi [san] sad′u [kur] dür [pas] sidiir,*du̯eh₂-,nan,47,771.0,iecor,nan,
train-dac704e5e98ac6d1-01,[aln] mish [hyw] mis [hye] mis [ben] mānsa [bul] meso [bel] mâsa [ces] maso [hin] māṁsa [kas] maaz [lit] mėsà [sor] měso [sor] mjaso [mkd] meso [mar] māṁsa [nep] māsu [pol] mięso [rus] mâso [hbs] meso [sin] mas [slk] mäso [slk] meso [ukr] mâso [txb] mīsa [mai] māṅs [prg] mensā [san] māṃsám [chu] męso [xcl] mis [sqi] mish [mag] maṅs [pal] maŋsa (maṁsaṁ) [pol] mąsi [kas] miãso [pal] mhaás [bho] māṁs [old] mięso [old] maso [old] męso [rus] mn′áso [mkd] m′ä̀su [mkd] m′èsu [slk] meso [slk] meſſú [ass] māngxô [pun] mās [sqi] mishë [gaw] mās [got] mimz,*mē(m)s-,nan,48,437.0,iecor,nan,
train-6b9bd5c24c41b7de-01,[kas] ṭhuul,*steh₂-,nan,1,1803.0,iecor,nan,
train-170031f792d82c4f-01,[sqi] parz [sqi] parzëm,*pérḱus,"chest, rib",2,,kaikki,noun,
train-174b56dd44e6dc3f-01,[mkd] ùm′ḁ [mkd] ùm′ḁ,*h₁eu̯-,nan,2,7766.0,iecor,nan,
train-1bfcb6e56ac1d1b3-01,[hyw] jiwn [hye] jyun [ell] chióni [nep] hium̐ [sin] hima [grc] chiṓn [san] himáḥ [kas] šiin [xcl] jiwn [wak] zəm [pal] hima [ell] chíōn [ell] šiónin [ell] chion [ell] šö́ni(n) [ell] chióni [gaw] him [gaw] him [kho] him [sar] zmun [vâs] zim′â [pas] him [kam] ź′im [kât] z′im [kât] z′im [kal] zim [san] ž′im,"*?*g̑ʰéi̯-om, *g̑ʰ(i)i̯-ém-, *g̑ʰi-m-",nan,27,649.0,iecor,nan,
train-256f7fed57e21433-01,[san] अपस्,*h₃épos,work,1,,kaikki,noun,
train-747ca947e69091ef-01,[hye] դիք,*dʰéh₁s,"god, godhead, deity, sacred place",1,,kaikki,noun,
train-a3034581bc21e668-01,[san] आकुवते [lit] kavoti [hye] ցույց [grc] θυο-σκόος [sqi] qyr [grc] κῦδος [san] आकूत,*(s)kewh₁-,"to perceive, to observe",7,,kaikki,root,
train-9b415cd5d0cb7615-01,[oss] bon [oss] bon,*bʰeh₂-,nan,2,3218.0,iecor,nan,
train-ba189102199d6ff7-01,[kho] uliik,*lei̯kʷ-,nan,1,9512.0,iecor,nan,
train-47d282c866306339-01,[san] सह,*seǵʰós,holding on,1,,kaikki,adj,
train-beea34cf17956464-01,[sqi] lloj [san] अरण [lat] ollus [lat] olle [lat] ōlim [lat] ille [xto] ālak [txb] allek [txb] āläm [txb] ālo,*h₂el-,"beyond, other",10,,kaikki,root,
train-6d66dede0980df18-01,[sqi] betë [san] भ॒द्र [san] भल्ल [ave] 𐬵𐬎𐬠𐬀𐬜𐬭𐬀 [old] *badrah [cym] bodd [sga] buide,*bʰed-,"to improve, make better",7,,kaikki,root,
train-208a06093f9b3204-01,[lat] aceō [grc] ἀκίς [xcl] ասեղն [rus] осело́к [chu] осла [pol] osełka [lat] aciēs [lat] acia [lav] ass [lav] ašs [lat] acuō [txb] akwam [txb] akwatse [grc] ἀκμή [lat] agna [grc] ἀκή [ell] οξύς [lav] aksts [lit] aksti̇̀s [rus] ость [ces] osť [pol] ość [lav] akstins [lit] ãkstinas [sga] aitten [cym] eithin [bre] bezhin [txb] āśce [lat] astūtus [sqi] ath [sqi] eh [sqi] thua [xcl] հասկ [hye] ոսի [ave] 𐬀𐬯𐬏𐬭𐬀 [fas] آچار [pus] اښار,*h₂eḱ-,sharp,70,,kaikki,root,
train-39bb64ff6be34e24-01,[txb] laks,*lok̑s-,nan,1,5294.0,iecor,nan,
train-a16ab8a9dc775868-01,[cat] cua [fra] queue [ita] coda [lad] coda [sar] cóa [sar] cóa [spa] cola [wal] cowe [lat] cauda [fri] code [ron] coadă [nea] cora [old] coe [ang] cowe [fra] kova [old] cola [old] coua [meg] co̯áda [old] coa [dal] ka̯uda [mil] cùa,*keh₂u̯-,nan,21,940.0,iecor,nan,
train-db67f6e2da45c616-01,[osc] nessimas [umb] nesimei [old] nes,*ned⁽ʰ⁾-,nan,3,3318.0,iecor,nan,
train-685935da0b958ad7-01,[dan] sten [nld] steen [eng] stone [far] steinur [fle] steen [fri] stien [deu] Stein [isl] steinn [nob] stein [swe] sten [lux] Steen [elf] stie [old] sten [deu] Stei [goh] stein [old] stēn [mid] stein [ang] stān [old] stên [mid] steen [old] steinn [got] stains [nor] stein,*sti̯eH-,nan,23,311.0,iecor,nan,
train-3f4439fad5db852b-01,[prg] wormyan,*u̯r̥mi-,nan,1,9776.0,iecor,nan,
train-83700d388e911c88-01,[oss] nwazyn [oss] niwazun,*u̯eg̑ʰ-,nan,2,1955.0,iecor,nan,
train-8625013287f736ef-01,[san] हरयन्त [grc] χαίρω [san] हर्यति [grc] χαρτός [san] हृत [grc] χάρις [xcl] ձիր [grc] χαρά [grc] χάρμα [grc] χάρμη [grc] χράω [grc] χρηστός [grc] χρῄζω [san] हर्य्,*gʰer-,to yearn for,14,,kaikki,root,
train-0e55312d420418dc-01,[lit] aulas [lav] aũle [prg] aulis [lat] alvus [lat] alveus [grc] αὐλών,*h₂ewlós,"something hollow, hollowed out",6,,kaikki,noun,
train-9fea505c049555a9-01,[far] ormur [swe] orm [elf] uorm [old] ormber [old] ormr [got] waurms,*u̯r̥mi-,nan,6,1380.0,iecor,nan,
train-982df477b8b14c18-01,[san] ब्रुव [san] ब्रू,*mlewH-,to say,2,,kaikki,root,
train-743e13a4b5b35e56-01,[ass] jui,*dei̯-,nan,1,9763.0,iecor,nan,
train-9c92374713ccc743-01,[grc] érchomai [ell] érchomai,*h₁er-,nan,2,5151.0,iecor,nan,
train-c12593b08bfec007-01,[lat] vespa,*wóbʰseh₂,wasp,1,,kaikki,noun,
train-fb815145076f5147-01,[nld] vleugel [fle] vleugel [deu] Flügel [lux] Flillek [deu] Flügel [mid] vlügel [mid] vlueghel,*?*pleu̯k-,nan,7,343.0,iecor,nan,
train-4ac3de3ae0a5e381-01,[lav] kraut [lit] kráuti,*krewH-,"to pile, stack, place on top, cover",2,,kaikki,root,
train-f36e47dd180354cc-01,[sqi] -h [xcl] -ց- [grc] -σκω [san] -च्छति [san] -श्चति [old] -𐎿𐎠- [lat] -scō [lat] -āscō [lat] -ēscō [lat] -īscō,*-sḱéti,Forms durative or iterative imperfective verbs from roots.,10,,kaikki,suffix,
train-80c5964b8035e3aa-01,[sqi] grind [lit] grę́sti [lat] frendō [nld] grind [deu] Grind [isl] grand [non] grandi,*gʰrendʰ-,"to grind, rub, granule, particle, grain (of sand), lump, mass",10,,kaikki,root,
train-458a035e60b19ac7-01,[san] राष्टि [san] राजति [lit] rę́žti [lav] rìezt [lav] *ren̂zt [san] ऋञ्जते [grc] ὤρεξα [lat] rēxī [lat] rēgula [lat] regimen [sga] díriuch [lav] redzēt [lit] règti [lit] regė́ti [san] राजि,*h₃reǵ-,"to straighten, to righten",21,,kaikki,root,
train-62273714694b822d-01,[san] ब्रवीति [san] ब्रूते [ave] 𐬨𐬭𐬀𐬊𐬌𐬙𐬌 [txb] pälw-,*mléwHti,to say,4,,kaikki,verb,
train-f4f4b5e900c0189b-01,[san] शास्त्र [sqi] them [xcl] սաստ,*ḱeh₁s-,"to teach, to indicate",3,,kaikki,root,
train-f79fdec4b0991ff5-01,"[bul] m″ž [bel] mužčyna [ces] muž [nep] mānche [pol] mężczyzna [rus] mužčina [sin] minisā / minihā [chu] mǫžĭ [slk] muž [kas] mohnyu [hbs] muškarac [sor] muž [sor] muski [mkd] maž [bho] manai [pal] míiš [old] mąż, mężczy(z)na [old] muž [old] mužĭ [mkd] mъ̀nč [mkd] mъ̀nč [slk] moški [slk] moški [slk] moṡh [ass] mānuh [gaw] maanuṣ [kho] mooš [gaw] mīš [kât] mânš′a [kal] muša",*men-,nan,30,76.0,iecor,nan,
train-82320d776d364e62-01,[san] जरते [fas] پراچی جر [san] गृणाति [sqi] grish [lav] dzir̃u [lit] gi̇̀rti [prg] girtwei [xcl] կարդամ [san] गूर्धया [sqi] grah [lit] gẽras [san] गूर्ति [lat] grātuītus [san] गिरि [grc] Βορέᾱς [chu] гранъ [chu] грано [ces] hrany [san] जरिता [ave] 𐬀𐬌𐬠𐬍-𐬘𐬀𐬭𐬆𐬙𐬁 [san] गॄ,*gʷerH-,"to express approval; praise, to elevate",24,,kaikki,root,
train-f8d64fc93cb4c076-01,[san] तृष्य॑ति,*tr̥syéti,to be thirsty,1,,kaikki,verb,
train-cfaa7bb8b80cd452-01,[lav] nàujš [lit] naũjas [san] नव्य,*néwyos,alternative form of *néwos,3,,kaikki,adj,
train-69c6276d465e991e-01,[lat] tueor [xlu] *tāwa/i,*tewH-,"to look on favorably, to protect, to observe",2,,kaikki,root,
train-0f776740cb8ca511-01,[ita] sentire [cat] sentir [fri] sintî [dal] sentér [nea] sentì [old] sentir [mil] séntìi,*sent-,nan,7,8244.0,iecor,nan,
train-3a0a290574eea4da-01,[hin] -ता [ave] -𐬚𐬁,*-teh₂,Used to form nouns representing state of being,2,,kaikki,suffix,
train-0ba683dd4ef82775-01,[nea] stà all'erta,*h₃reg̑-,nan,1,9662.0,iecor,nan,
train-c3bb2ea6479ed819-01,"[gae] duilleog [gae] duilleag [sga] duille [gau] dula [gae] duillag [old] dol [mid] delyenn, delyen [bre] delienn [bre] del, delenn [cym] deilan [mid] deilen [mid] delyow [lat] delk",*dʰalh₁-,nan,13,1025.0,iecor,nan,
train-b9c7a941bc7a6801-01,[khw] wazeda [sar] wozd,*u̯eg̑ʰ-,nan,2,7464.0,iecor,nan,
train-c51fa3ffe5437596-01,[bul] planina [mkd] planina [hbs] planina,*pleh₂-,nan,3,2804.0,iecor,nan,
train-3c541ffc6456bea8-01,"[bul] kr″v [bel] kroŭ [ces] krev [lit] kraũjas [sor] kšej [sor] krej [mkd] krv [pol] krew [rus] krov' [hbs] krv [slk] krv [slk] kri [ukr] krov [prg] krawia [chu] krŭvĭ [pol] kåråi, kråi [kas] krew [old] kry, krew [old] krev [rus] krọw [mkd] kər̥̀əf [mkd] kər̥̀əf [slk] krv [slk] kry",*kreu̯h₂-,nan,24,1112.0,iecor,nan,
train-1d58301c150c47cc-01,[lit] kaũpas [lit] kupra,*keh₂wp-,"heap, pile, accumulation",2,,kaikki,root,
train-579f8850029a744a-01,[sar] abba,*h₂ekʷ-,nan,1,8071.0,iecor,nan,
train-65b51833eec7afb9-01,[grc] thēreúō [ell] thereúō,*g̑ʰu̯eh₁r-,nan,2,4900.0,iecor,nan,
train-f0dee60b5d9fcd5b-01,[lat] cēveō,*keh₁w-,"to wobble, swing",1,,kaikki,root,
train-faaa1a5cd18ab655-01,[gae] meas [gae] mess,*med-,nan,2,6538.0,iecor,nan,
train-7f5477840411f7d6-01,[fas] gūšt [kur] gušt [kho] ggūśta [kum] gōšt [tat] gušt [maz] gušt [bak] gušt [del] guʃt [lar] gušt [bal] gōšt [kur] gošt [haw] gošt [kur] gūšt [raj] guš [pas] ghwakha [sar] geekht [kur] gūšt,*gʷou̯-,nan,17,78.0,iecor,nan,
train-b934f69d99975b87-01,[grc] χρόμος [pus] غړوم [fas] غرم,*gʰrómos,"a roar, rumble, thunder",3,,kaikki,noun,
train-0818ee8184950d23-01,[san] लुञ्चति [lat] runcō [grc] ὀρύσσω [grc] ὀρύττω,*h₃rewk-,"to dig, to till (soil)",5,,kaikki,root,
train-409cf4c35c42cabf-01,[bel] drenny,*der-,nan,1,4814.0,iecor,nan,
train-731acc31fde5dd69-01,[kho] haryāsa,*?*ser-,nan,1,6789.0,iecor,nan,
train-47c5597b1f6df97a-01,[old] rautah [fas] rūdxāneh [mid] rōd [kur] ribar [par] rōd [pal] sooṇíi [tat] roxone [sog] rōt [bak] rud [lar] ruxuna [bal] rod [kur] rūbār [raj] rạxunạ,*sreu̯-,nan,13,2647.0,iecor,nan,
train-76e357a454912e6a-01,[ell] chṓnnō,*g̑ʰeu̯-,nan,1,6212.0,iecor,nan,
train-6ba5726450680797-01,[old] plain [ang] plain,*pleh₂-,nan,2,6801.0,iecor,nan,
train-55a103584c53f460-01,[cat] venir [dan] komme [nld] komen [eng] come [far] koma [fle] komen [fra] venir [fri] komme [deu] kommen [isl] koma [ita] venire [lad] vegnì [por] vir [nob] komme [sar] bénnere [sar] bénnere [spa] venir [swe] komma [wal] v'ni [lat] uenīre [lux] kommen [xto] kumnäṣ [txb] känmaṣṣäṃ [san] gam- [fri] vignî [ave] jasaiti [elf] kumå [old] koma [pal] āgacchati [umb] benust [hin] ānā [nep] āunu [urd] ānā [mai] ānā [mag] ānā [bho] ā [osc] kúmbened [ron] veni [nea] venì [old] venir [ang] venir [fra] vni [old] venir [deu] cho [pun] āuṇā [old] venir [old] venir [meg] viníri [bak] oveydak [dal] venár [goh] kuueman [old] kuma [mid] komen [ang] cuman [old] kuman [mid] comen [old] koma [got] qiman [kho] gik [nor] kome [por] vir [vâs] -âć- [kam] ′âća- [kât] ′âća- [kât] ′âće- [mil] vignì,*gʷem-,nan,66,7319.0,iecor,nan,
train-928746b99ce8cddd-01,[fra] laver [ita] lavare [lad] lavé [por] lavar [spa] lavar [wal] laver [lat] lauāre [fri] lavâ [aln] laj [xlu] lāḫun(a)i- [umb] vutu [sqi] laj [nea] lavà [old] laver [ang] laver [fra] lavâ [old] lavar [ron] spăla [old] levar [old] llavar [meg] spilári [dal] lavúr [sqi] ljanj [por] lavar [mil] lavàa,*leh₃u̯-,nan,25,8364.0,iecor,nan,
train-1bd6dab839647279-01,[hye] այգ [grc] ἠώς [lat] aurōra,*h₂éwsōs,"dawn, goddess of dawn, bringer of light",3,,kaikki,noun,
train-c6d8010623582ba8-01,[grc] πυνθάνομαι [san] बुध्यते [ave] 𐬠𐬏𐬌𐬜𐬌𐬌𐬀𐬉𐬙𐬀 [cym] rhybudd [sga] robud [san] बोध [xto] pot- [txb] paut- [lav] bust [lit] bùsti [grc] πῠ́στῐς [san] बुद्धि [ave] 𐬠𐬎𐬯𐬙𐬌 [cym] bodd [san] बुध,*bʰewdʰ-,"to be awake, be aware",15,,kaikki,root,
train-0d99d8a66168fa60-01,"[gae] nathair [gae] nathair [sga] nathair [mid] azr, aezr [gae] ardnieu [bre] aër, aër-wiber [bre] aër [cym] neidr [mid] neidr [old] natrolion [goh] nātara [ang] næddre [old] nâdra",*(s)neh₁-,nan,13,1062.0,iecor,nan,
train-a36b4a4ea94de17e-01,[xcl] ան- [sqi] anë [sqi] -aj,*h₂en-,"on, onto",3,,kaikki,adv,
train-b86583dfb88073b8-01,[lav] ar̂t [lit] árti [grc] ἀρόω [lat] arō,*h₂éryeti,to be ploughing,4,,kaikki,verb,
train-23e4129718083377-01,[grc] φώγω [hye] բոկ,*bʰeh₃g-,"to bake, to roast, to fry",2,,kaikki,root,
train-a3d786049d0bfe65-01,[gaw] ɬaka,*tenk-,nan,1,8779.0,iecor,nan,
train-63cbb5899fa59861-01,[grc] ἔφθιτο [san] क्षिधी [san] क्षिणाति [ave] 𐬘𐬌𐬥𐬁𐬌𐬙𐬌 [grc] φθίνω [grc] φθινύθω [san] क्षिणोति [san] क्षीयते [hin] झीझना [ave] 𐬀𐬘𐬌𐬌𐬀𐬨𐬥𐬀 [ave] 𐬀𐬟𐬭𐬀𐬘𐬌𐬌𐬀𐬨𐬥𐬀 [old] 𐎪𐎡𐎹𐎶𐎴 [gmy] 𐀁𐀥𐀴𐀺𐀁 [lat] situs [grc] φθῐτός [san] क्षित [san] क्षि,*dʰgʷʰey-,"to decline, to perish",17,,kaikki,root,
train-363a4bf8eafa8731-01,[lit] piẽtūs [sga] íath,*péyh₂tu,"something fattening, nourishing",2,,kaikki,noun,
train-e4197297271f435c-01,[non] þund [non] þind [grc] τᾰ́σις [san] तति [san] तन्ति [txb] tant,*téntis,extension,8,,kaikki,noun,
train-2e28099b47079b80-01,[kho] bäsa [grc] oikía [ell] oĩkos [ell] wo-i-ko-de [pas] we [old] viϑ [bal] ges,*u̯ei̯k̑-,nan,7,5022.0,iecor,nan,
train-61ff10c0f9ad8f29-01,[san] मारयति,*moréyeti,to kill,1,,kaikki,verb,
train-3e5791a483f880a0-01,[isl] ið [isl] íð [swe] id [dan] id [san] समिति [san] प्रेति,*h₁éytis,going,8,,kaikki,noun,
train-9bc3ede54e8f3a17-01,[sqi] i likë,*h₃lei̯g̑-,nan,1,8340.0,iecor,nan,
train-344b945a2979b05d-01,[lat] tetulī [lat] tulī,*tetólh₂e,to be holding up,2,,kaikki,verb,
train-000ad5195f87ac0a-01,[xcl] ուստր [xto] se [txb] soy,*suHyús,alternative form of *suHnús,3,,kaikki,noun,
train-6df6e3162b745f6f-01,[sqi] kërth [sqi] kërthizë [hit] 𒆠𒅕 [lyc] 𐊋𐊕𐊆𐊅𐊁 [pal] 𒅗𒀀𒅈𒋾 [hye] սիրտ [ell] καρδιά [xto] kri [txb] *käryā-,*ḱḗr,heart,12,,kaikki,noun,
train-2eee836d05d47c35-01,[rus] čórnωj pọ́trux [rus] čórna pẹčḯŋka [mkd] crn drob [bul] čeren drob,*k⁽ʷ⁾ers-,nan,4,7789.0,iecor,nan,
train-14a72857b679c267-01,[grc] ἕδνον,*h₁wed-,dowry,1,,kaikki,root,
train-cbe6fdea4b40c4f0-01,[prg] aglo,*h₂egʰl-,nan,1,7110.0,iecor,nan,
train-dded63f57a4050e0-01,[san] प्रथान [lit] plė̃sti [san] प्रथते [ave] 𐬟𐬭𐬀𐬚𐬀𐬯𐬀𐬎𐬎𐬀𐬵 [san] प्रथयति [grc] πλᾰτᾰμών [san] प्रथिमन् [grc] πλᾰ́τᾱ [san] पृथ [lit] plokščia,*pleth₂-,"to spread, extend, flat",10,,kaikki,root,
train-db770206fead7f5d-01,[grc] -ς [lat] -s,*-s,Derives masculine acrostatic root nouns with lengthened o-grade nominative singular from roots.,3,,kaikki,suffix,
train-5857bd6d9c2eb151-01,[pal] sambādha,*bʰeh₁dʰ-,nan,1,7799.0,iecor,nan,
train-3150bd85f7b9550e-01,[kho] nätā [txb] cake [bac] tago,*tekʷ-,nan,3,5249.0,iecor,nan,
train-a390a515585b5abe-01,[sga] imm·rádi,*reh₁dʰ-,nan,1,6728.0,iecor,nan,
train-cea7eaf409b0fb3b-01,[san] पच्यते [grc] πέμμᾰ [grc] πέψῐς [san] पक्ति [lat] coctiō [grc] ἀρτοκόπος [gmy] 𐀀𐀵𐀡𐀦 [lat] coquus [grc] πεπτός [lat] coctus [hit] 𒉺𒀝𒆪𒍑𒃷𒍣 [hit] 𒉺𒀝𒋗𒉿𒀭 [hit] 𒉺𒀝𒆪𒍑𒋗𒅈 [san] पक्व [ave] 𐬞𐬁𐬐𐬀,*pekʷ-,"to cook, to ripen",18,,kaikki,root,
train-3db09497be625354-01,[grc] θωμός,*dʰóh₁mos,"that which is put, placed",1,,kaikki,noun,
train-5754bce18d689b5c-01,[sga] ad·claid,*kelh₂-,nan,1,5122.0,iecor,nan,
train-b3a80a3554128af7-01,[lit] plùnksna,*?*pleu̯k-,nan,1,2263.0,iecor,nan,
train-b3da01b6d2347ad4-01,[lav] lidot,*lei̯d-,nan,1,5120.0,iecor,nan,
train-cacd6a68ab640672-01,"[cat] sang [fra] sang [ita] sangue [lad] sanch [por] sangue [sar] sambine [spa] sangre [wal] song' [lat] sanguīs [xto] ysār [txb] yasar [hit] ēšḫar / išḫan- [fri] sanc [xlu] āšḫar- / *āšḫan- [lav] asinis [san] ásr̥k [hye] aryown [hyw] ariwn [xcl] ariwn [lat] asnis [ron] sânge [nea] sango [sar] sammene [old] sanc [ang] sanc [fra] san [old] sangre [old] sang, sanc [meg] sắnḑi [old] sang [dal] su̯aṅg [por] sangue [vâs] us′ü [pas] wor [mil] sanch","*h₁ésh₂-r̥, *h₁sh₂-én-",nan,35,859.0,iecor,nan,
train-76b59d5cda115412-01,[sqi] nuk,*né,not,1,,kaikki,particle,
train-7e3fe7a0a55d2206-01,[bul] čeren [bel] čorny [ces] černý [kas] krihon [sor] carny [sor] čorny [mkd] crn [pol] czarny [rus] čërnyj [hbs] crn [slk] čierny [slk] črn [ukr] čornij [san] kr̥ṣṇá- [chu] črĭnŭ [prg] kirsnan [pal] kanha [pol] cornĕ [kas] czôrny [pal] kriṣíṇu [old] czarny [old] črný [old] černyi [rus] čórnωj [mkd] čèrna [mkd] čàrna [slk] črn [slk] zhirn [gaw] kiṣän,*k⁽ʷ⁾ers-,nan,29,1111.0,iecor,nan,
train-520ee1bd9e352961-01,[san] जगाम [lat] vēnī [txb] kekamu,*gʷegʷóme,"to have the feet planted, to stand steady",3,,kaikki,verb,
train-fca0fd5c979af16f-01,[ell] makriá [ell] makrá [ell] makrá [ell] makrá,*meh₂k̑-,nan,4,1477.0,iecor,nan,
train-4f0c29a9e4b7e249-01,[bel] парсю́к [bel] паршу́к [pol] parsiuk [pol] porszuk [rus] парcу́к [ukr] паршу́к [ukr] порсю́к [prg] prastian,*pórḱos,piglet,8,,kaikki,noun,
train-7cb4647a078cf4e6-01,[ben] niẏe yāoẏā,*(H)i̯eh₂-,nan,1,7468.0,iecor,nan,
train-10fdd21153945085-01,"[far] vita [isl] vita [nob] vite [dan] vide [swe] veta [fri] witte [fle] weten [nld] weten [lux] wëssen [deu] wissen [gae] tha fhios [san] vid- [chu] věděti [prg] waist [hyw] gitnal [hye] gitenal [ces] vědět [bel] vedac′ [slk] vedieť [gae] bí a fhios ag [pol] wiedzieć [sga] ro·fitir [ave] vaēδa [xcl] gitem [grc] oĩda [gae] fys [old] gudbut [gau] uid- [elf] witå [old] vita [sor] wědźeć [sor] wěźeś [slk] vedeti [mid] gouzout, gouzuout [ell] oĩda [pol] vedącĕ [kas] wiedzec [bre] goûd (goużoud) [cym] gw(y)bod [old] wiedzieć [mid] gwybod [old] věděti [old] věděti, vědati [slk] vedeti [slk] veiditi [mid] gothfos [lat] gothaz, guthvas [bre] gouied, goui- [deu] wüsse [goh] wizzan [old] weta [mid] wizzen [ang] witan [old] uuitan [mid] weten [old] vita [got] witan [nor] vite",*u̯ei̯d-,nan,58,2307.0,iecor,nan,
train-c480f8b07f360aa1-01,[cat] comptar [fra] compter [ita] contare [por] contar [sar] contare [sar] contare [spa] contar [fri] contâ [nea] cuntà [lad] cumpedé [ang] conter [wal] compter [fra] kantâ [old] contar [old] comptar [old] comptar [por] contar [mil] cuntàa,*pi̯eh₂-,nan,18,864.0,iecor,nan,
train-c9a1e22f454fa2ad-01,[oss] zmis [oss] æzmensæ,*mei̯k̑-,nan,2,3233.0,iecor,nan,
train-bc9196cb747f770d-01,[grc] φθείρω [ave] 𐬖𐬲𐬀𐬭𐬀𐬌𐬙𐬌 [san] क्षर् [hin] झड़ना [hin] झाड़ना [hin] झड़कना,*dʰgʷʰer-,to flow (away),6,,kaikki,root,
train-3a1a6be7b089e28f-01,[san] छन्दयति [lat] candeō [san] छन्दस् [lat] candor [sqi] hënë [san] श्चन्द्र [san] चन्द्र [xcl] խանդ [xcl] շանթ [grc] κάνδαρος [grc] καίνυμαι,*(s)kend-,"to shine, appear",11,,kaikki,root,
train-197cd777f98e4b91-01,[grc] ἑσπόμην [san] सचान [san] सचीमहि [ave] 𐬵𐬇𐬗𐬁 [ave] 𐬯𐬗𐬀𐬧𐬙𐬏 [san] सश्चुर् [san] सचा [lat] secus [lat] (pedi)sequus [grc] ὀπάων [san] सक्त [ave] 𐬵𐬀𐬑𐬙𐬀 [mid] hʾht [lat] secūtus [lat] sector [sqi] shoh [grc] ἑπέτης [gmy] 𐀁𐀤𐀲 [fas] هخامنش [grc] Ἀχαιμένης,*sekʷ-,to follow,20,,kaikki,root,
train-dccf6b5431e78e40-01,[grc] νεότης [san] नवता [lat] novitās [got] 𐌽𐌹𐌿𐌾𐌹𐌸𐌰,*néwoteh₂ts,newness,4,,kaikki,noun,
train-442e4300368654eb-01,[ben] dauṛāno [mai] dauṛanā [bho] dauṛnā [hin] dauṛanā [urd] dauṛnā [kas] drɔṛon [mag] dauranā [nep] dauḍanu [pun] dauṛnā [ass] dôurā,*dreu̯-,nan,10,6654.0,iecor,nan,
train-6a9285169903f931-01,[grc] σῠννέφει [grc] σῠννέφω [grc] σῠννένοφᾰ [grc] νεφέλη [lat] nebula [ave] 𐬥𐬀𐬞𐬙𐬀 [pus] nūnd [pus] nūmd [old] *naftah [lat] Neptūnus,*nebʰ-,"to become damp, cloudy",10,,kaikki,root,
train-848c1915a75f2c15-01,[sin] akmāva,*mē(m)s-,nan,1,4583.0,iecor,nan,
train-d48a60b3d3106878-01,[aln] borë [sqi] borë [sqi] zbora,*bʰerH-,nan,3,480.0,iecor,nan,
train-092d51fa39137b48-01,[hye] ութսուն [hye] ութանասուն [gle] ochtó [grc] ὀγδοήκοντα [hin] अस्सी [fas] هشتاد [lat] octōgintā [xto] oktuk [txb] oktaṅka [txb] oktamka [txb] oktaṁka,*oḱtódḱomt,eighty,11,,kaikki,num,
train-eef1dd09c91048e5-01,[san] अमोषीत् [xto] musāt [san] मु॒ष्णाति॑ [xto] musnātär [san] मु॒षा॒यति॑ [san] मुष् [san] मूष्,*mewsH-,"to lift, pick up, take away",8,,kaikki,root,
train-9a4497372a0cd50b-01,"[sor] mazany [slk] umazan [rus] zamaščénωj, vώmaščenωj [slk] vmaṡan",*mag̑-,nan,4,1932.0,iecor,nan,
train-4e92a94d8d611648-01,[hit] ḫatku- / ḫatgau-,*h₂edʰ⁽g̑⁾ʰ-,nan,1,5400.0,iecor,nan,
train-854ae4f72914d322-01,[grc] ἐπίκουρος [lat] currus,*ḱr̥sós,"vehicle, literally runner",2,,kaikki,noun,
train-35e43848e5185bbd-01,[pal] ǰhanduraa [gaw] zent,*g̑enh₁-,nan,2,7444.0,iecor,nan,
train-6a5953811fa5dce0-01,[hit] 𒄿𒌑𒃷 [hye] լուծ [grc] ζυγόν [ell] ζυγός [grc] δυγός [xto] yokäm,*yugóm,yoke,6,,kaikki,noun,
train-f6839bb50789f04f-01,[grc] κάπρος,*kápros,"he-goat, billy goat",1,,kaikki,noun,
train-61c488ef4a4bc4ac-01,[grc] ἔφαγον [ave] 𐬠𐬀𐬑𐬱 [fas] بخشیدن [fas] بخش [xcl] բաշխեմ [xcl] բաշխ [san] भजति [ave] 𐬠𐬀𐬲 [xcl] բաժանեմ [xcl] բաժին [xcl] բաժակ [fas] باج [fas] باژ [xcl] բաժ [xcl] բակ [san] भक्ति [xto] pāk [txb] pāke,*bʰeh₂g-,"to divide, distribute, allot",23,,kaikki,root,
train-9e1cf69b02374844-01,[mar] paḷaṇe [sqi] iknja,*h₁ei̯-,nan,2,9904.0,iecor,nan,
train-c2e6eed2c4f618c4-01,[sqi] shterrë [grc] στεῖρα [lat] sterilis,*steríh₂s,"sterile cow, heifer, barren woman",3,,kaikki,noun,
train-8ae93beffb19d06e-01,[grc] ἄγος [san] आगस्,*h₂eg-,"to sin, violate, commit a crime",2,,kaikki,root,
train-6d1608c9f43db7e8-01,[hin] sidhā [kas] syod [urd] sidhā [mag] sīdhā [bho] sidhā [nep] sidhā [pun] siddʰā [pas] seeda [lar] siza,*seh₁dʰ-,nan,9,1617.0,iecor,nan,
train-8736fbac7fbbe75a-01,[grc] -νῡμι [grc] -νεω [san] -नोति [san] -णोति [ave] -𐬥𐬀𐬊𐬌𐬙𐬌 [ave] -𐬥𐬎𐬎𐬀𐬌𐬧𐬙𐬌,*-néwti,Forms transitive imperfective verbs from roots.,6,,kaikki,suffix,
train-d9c3e066475608ef-01,[grc] γέγηθᾰ [xto] kātk- [txb] kātk- [grc] γηθέω,*geh₂dʰ-,"to rejoice, be glad",4,,kaikki,root,
train-d1ca5f58abd43751-01,[ron] rece [meg] răț,*ken-,nan,2,6541.0,iecor,nan,
train-7c516078f5cdde79-01,[kho] krui,*kreu̯h₂-,nan,1,5668.0,iecor,nan,
train-fdaf1cc08affb1b7-01,[san] उनत्ति [lat] unda [lat] uter [lat] vitrum [xcl] գետ [ave] 𐬬𐬀𐬌𐬜𐬌 [ave] 𐬎𐬯𐬀,*wed-,"to well, water",7,,kaikki,root,
train-df16bb1ba5f00e49-01,[san] निन्दति [xcl] անէծ [lit] ni̇́edėti [lav] nîdêt [grc] ὄνειδος,*h₃neyd-,"to revile, insult",5,,kaikki,root,
train-0cc2552afa221b8b-01,[deu] überlege,*legʰ-,nan,1,8119.0,iecor,nan,
train-e4417bf1bd3c8304-01,"[bre] c'hwessa, c'hwess",*su̯ei̯d-,nan,1,7335.0,iecor,nan,
train-1d1469ea91ebb13e-01,[lit] móteris,*meh₂ter-,nan,1,7534.0,iecor,nan,
train-cb0c37e2add09296-01,[lat] aveō [san] अवति [sga] con·ói [grc] ἐν-ηής [bre] youl [cym] ewyllys [san] आवयत् [san] अवस [lat] avārus,*h₂ew-,"to enjoy, to consume",10,,kaikki,root,
train-871bc4b32965dd23-01,[sin] adinavā,*h₃reg̑-,nan,1,7428.0,iecor,nan,
train-bd882407eb975a59-01,[ben] āsā [ass] āhā,*sed-,nan,2,2486.0,iecor,nan,
train-7142ef06180ce5ab-01,[hit] 𒈬𒍝 [lat] vetustus [lyc] uhe/i- [grc] ἔταλον [grc] ἔτελον [lat] vitulus,*wet-,"year, year-old",6,,kaikki,root,
train-9af79efa4035aafe-01,[ces] had [slk] had [sor] had [pol] god [old] had [rus] ɣad,*gʷeh₁dʰ-,nan,6,1290.0,iecor,nan,
train-23c56a33619cbb2c-01,"[old] -ret* [mid] redec [gae] rith [gae] roie [gae] ruith [sga] reithid [cym] rhedeg [bre] redeg, red- [bre] hrideg [mid] r(h)edeg [old] retec",*ret-,nan,11,5094.0,iecor,nan,
train-206290ae8a725a2b-01,[prg] buttan,*bʰu̯eh₂-,nan,1,6352.0,iecor,nan,
train-91d4d0ba66b88970-01,[grc] plḗrēs [san] pūrṇá- [chu] plŭnŭ [prg] pilnan [lav] pilns [lat] plēnus [gae] làn [urd] pūrā [ita] pieno [nep] pūrā [hye] li(kʿə) [fra] plein [lux] voll [spa] lleno [lit] pìlnas [pol] pełny [ces] plny [rus] polnyj [aln] plotë [deu] voll [fri] plen [gae] lán [nob] full [swe] full [hin] pūrā [hbs] pun [ave] pərəna [sga] lán [umb] plener [xcl] li [eng] full [nld] vol [gau] lano- [sqi] plot [gae] lane [old] lon [old] laun [far] fullur [dan] fuld [isl] fullur [old] fulder [elf] full [pal] puṇṇa [ukr] novnij [bel] poŭny [sor] połny [sor] połny [slk] poln [slk] plný [mid] leun [mkd] poln [bul] p″len [kho] uspurrä [ell] plḗrēs [pol] påunĕ [mid] purr [par] purr [yag] pun(n) [hyw] lecʿown [lat] pylnys [fle] vol [ron] plin [lad] plen [sar] piénu [old] plein [ang] plein [wal] plin [fra] plë [cat] ple [old] lleno [nea] chino [por] cheio [bre] lan [bre] leun [cym] llawn [pal] purá [fas] por [sar] prenu [old] pełny [mid] llawn [sin] piruṇu [old] plný [old] polnyi [rus] pọ́wnωj [kum] palla [mkd] pъ̀lin [mkd] pъ̀lin [slk] poln [slk] puln [bak] por [fri] fol [deu] voll [tat] pör [sog] purni [maz] per [del] por [lar] por [bal] por [kur] par [old] plen [meg] pľin [sqi] pljotë [old] ple [gaw] por [haw] pař [kur] pıṛ [raj] pör [gaw] pūra [bac] poro [dal] plai̯n [goh] fol [old] ful [mid] vol [ang] full [old] full [mid] vol [old] fullr [got] fulls [mid] luen [lat] lên [nor] full [por] cheio [vâs] â-ri- [kam] pâr′ea [kât] pur′a [kal] pâra- [kur] pɨṛ [mil] pién,*pleh₁-,nan,128,2235.0,iecor,nan,
train-30cdec3a39f93581-01,[kam] âš′aã ŋâ-,*h₃eh₁-,nan,1,9859.0,iecor,nan,
train-b1027c9b38299a0e-01,"[hye] atam [ben] dām̐t [cat] dent [dan] tand [nld] tand [eng] tooth [far] tonn [fle] tand [fra] dent [deu] Zahn [ell] dónti [hin] dām̐ta [isl] tönn [ita] dente [kas] dand [lad] dent [lit] dantìs [mar] dāta [nep] dām̐ta [fas] dandān [por] dente [nob] tann [sar] dente [sar] (d)ente [sin] data [spa] diente [swe] tand [wak] dundʉk [wal] dint [lat] dens [prg] dantis [grc] odoús [san] dán [mai] daṅt [urd] dānt [lux] Zant [fri] tosk [kur] dɨdan [fri] dint [sga] dét [oss] dændag [oss] dændag [xcl] atamn [ave] daṇtan [old] dant [elf] tann [old] tan [pal] danta [mid] dant [ell] o-da-twe-we-ta [kho] daṃdai [ell] odoús [mid] dandān [par] dandān [osc] dunte(d) [ell] dóntin [ell] don(t) [ell] odónti(n) [ell] dónti [mag] dāṅt [bho] dām̐t [pal] dáand [ron] dinte [dal] di̯ant [nea] rente [old] dent [ang] dent [fra] dë [old] diente [yag] díndak [bre] dant [bre] dant [cym] daint, dant [mid] danned [kum] dnān [deu] Zang [tat] dandon [sog] δantā [maz] dandun [bak] dendun [del] dændu [lar] dezu [bal] dantan [kur] diyan [old] dent [meg] dínti [old] dent [kho] don [gaw] dant [ass] dām̐t [pun] daⁿd [gaw] dan [pas] daandə [raj] dandun [kur] dınān [haw] diḏān [goh] zan [sar] dhandun [old] tōth [mid] zan [ang] tōþ [old] tand [mid] tant [old] tǫnn [got] tunþus [mid] dans [lat] danz [nor] tann [por] dente [vâs] lat′am [kam] d′ut [kât] d′ut [kât] d′ut [kal] dũt [san] d′õt [kur] diyān [mil] dén",*Hd-ónt-,nan,117,328.0,iecor,nan,
train-3bc65885fe16ffa0-01,"[fle] werpen [deu] werfen [chu] vrěšti [pol] virgnǫt, virgnĕt [slk] vreči [old] vrci [rus] veréčɪ [slk] vreči [slk] vrézhi [goh] uuerfan [old] werpa [mid] werfen [ang] weorpan [old] uuerpan [mid] werpen [old] verpa [got] wairpan",*u̯ergʷ-,nan,17,325.0,iecor,nan,
train-f4ba4789d852461c-01,[grc] apokteínō [ell] apokteínō [wak] šit,*t⁽k̑⁾en-,nan,3,4902.0,iecor,nan,
train-eeb9a556ca0217ab-01,[lit] krūtìnė [lat] kryuts,*kreu̯H-,nan,2,2215.0,iecor,nan,
train-8b3182c855f6a065-01,[grc] ἐπέρᾰσᾰ [grc] ἐπέρᾰσσᾰ [sga] renaid [grc] πέρνημι [grc] πόρνη [grc] πιπράσκω [lat] pars [lat] portiō [lat] pār,*perh₂-,to sell,9,,kaikki,root,
train-f32ec8253aaad8e9-01,[mid] mese [mid] meise [nor] meis,*moysós,"ram, sheep (= *h₂ówis), sheepskin, fleece, wool",14,,kaikki,noun,
train-65200f3fcf131ff5-01,[sqi] vjell [aln] vjell,*u̯elH-,nan,2,6078.0,iecor,nan,
train-5ea9c2a9e03fe336-01,[xcl] -այն [lit] -ti̇̀nis [lit] -tinas [san] -तन [san] -त्न [lat] -tinus,*-tn̥nós,Used to form adjectives related to time,6,,kaikki,suffix,
train-0adad620371102a0-01,[aln] gur [wak] ɣ̌ar [sqi] gur [sqi] gurë [sar] zher [sin] gala [vâs] ′ir,*gʷerH-,nan,7,488.0,iecor,nan,
train-de00fc6bc1d8d2e8-01,[kas] aab [fas] āb [kur] av [ave] ap [old] ap [pal] āpa [kho] ūtca [wak] yupk [mid] āb [par] āb [san] ā́p* [kum] 'āw [yag] ōp [bak] aw [bac] abbo [sog] āp [maz] u [del] ow [lar] ow [bal] āp [kur] āw [tat] viye [gaw] aau [gaw] ū [pas] oba [raj] u [kur] āw [haw] āwī [kho] uɣ [vâs] ′âv [kam] ′oa [kât] ′ov [kât] âv′a [kal] âv [san] âb′o [kur] āw,*h₂ep-,nan,36,157.0,iecor,nan,
train-54755896828d251e-01,[mid] kahwan [par] kafwan [kur] kevn [kum] ka'naġ [bac] kaboggo [bak] kohne [del] kone [maz] kone [bal] konag [kur] kone [kur] kwāna [haw] kona [raj] konạ [tat] köne [kur] kūna,*(s)kep-,nan,15,5064.0,iecor,nan,
train-697914cc420c1b46-01,[ell] δομή [mid] deint [ell] δάπεδο [grc] δέμας [sqi] dhomë [xlu] ta+mi-ha,*dem-,"to build (up), to arrange, to put together",7,,kaikki,root,
train-cce7a33b7d47591f-01,[ben] śbās-praśbās neoẏā [hin] sām̐sa lenā [kas] šah hyon [mar] śwās gheṇe [nep] sāsa phernu [urd] sāns lenā [mai] sāṅs pheranā [elf] węsa [sin] husma gannavā [pal] sasati [mag] saṁs lenā [pal] šiíš ghína [bho] sām̐s lenā [pun] sāh laiṇā [gaw] saa goik [gaw] šī~š ginūg [ass] uxāh nixāh lûwā,*k̑u̯es-,nan,17,8502.0,iecor,nan,
train-7c7eb26e93b42d78-01,[san] स्खलति [xcl] սխալեմ [grc] σφᾰ́λλω [lat] fallō [fas] سکرفیدن [cym] sâl,*(s)gʷʰh₂el-,"to stumble, misstep",6,,kaikki,root,
train-60ccd0fd5fceadff-01,[deu] machen [lux] maachen [deu] mache,*mag̑-,nan,3,5438.0,iecor,nan,
train-836335290b79fa1c-01,[ell] omalós [ell] amaló [ell] omáli(n),*sem-,nan,3,1584.0,iecor,nan,
train-d73dd85ac6b0b2c2-01,"[old] lagat [old] licat, etc. [mid] lagat, laguat [bre] lagad, deulagad [bre] lagad [cym] llygad [mid] llygad [mid] lagas [lat] lagaz",*leu̯k-,nan,9,994.0,iecor,nan,
train-44d22fc6a7766e82-01,[gae] salach [gae] salach [sga] salach [goh] salo [mid] sal [mid] salu [old] solag,*selH-,nan,7,9424.0,iecor,nan,
train-d030e976a69bc62b-01,[ave] vāra [kho] beḍä [wak] wʉr [kur] baran [fas] bārān [mid] wārān [par] wārān [kum] bārām [khw] wār [tat] vāron [sog] wār [bak] bārun [del] bɒru [lar] baru [kur] bārān [kur] wārān [haw] wārān [maz] vāreš [pas] baraan [raj] ʋạrun [sar] wareyj [kur] bārān,*u̯eh₁-,nan,22,5084.0,iecor,nan,
train-36fd43e0e1d896e0-01,[slk] bojovať [ces] bojovat [old] bojovati,*bʰei̯H-,nan,3,1130.0,iecor,nan,
train-6608f038f7185ec0-01,[lux] Ham,*konh₂m-,nan,1,7184.0,iecor,nan,
train-46be114066fd71d0-01,[hyw] zarnel,*per-,nan,1,600.0,iecor,nan,
train-e086174c9c727ffe-01,[xlu] tiu̯at-,*dei̯-,nan,1,5427.0,iecor,nan,
train-09da6c549ffd8136-01,[gae] súil [gae] sùil [sga] súil [gae] sooill,*seh₂-u̯l̥-,nan,4,1700.0,iecor,nan,
train-c78ae1f4fa4e3700-01,[lav] apaļš [lit] apvalùs [lat] opols,*u̯elH-,nan,3,2448.0,iecor,nan,
train-265a0ed4405f9359-01,[ell] paírō [ell] paírrō [ell] epaírō [ell] paírnō,*h₂u̯er-,nan,4,5916.0,iecor,nan,
train-dea5c304c0c326f1-01,[lit] brìnkti,*bʰrenk-,nan,1,6019.0,iecor,nan,
train-7cad324e528d28bd-01,[grc] ἆλτο [san] असरत् [san] सरति [san] सिसर्ति [grc] ἱάλλω [grc] ἰάλλω [san] ससार [txb] salamo [xto] salat [san] सारयति [san] सृत [lat] saltus [san] सृ,*sel-,"jump, spring",13,,kaikki,root,
train-6a97a9b719d8a17f-01,[ell] -τερος [lat] -ter [lat] -iter [san] -तर [ave] -𐬙𐬀𐬭𐬀 [fas] ـتر,*-teros,Contrastive or oppositional adjectival suffix.,7,,kaikki,suffix,
train-0a08f64926f7e1ae-01,[hye] ծին [lat] -genus [lat] -gena,*ǵenh₁ós,born,3,,kaikki,adj,
train-6823c417439d5654-01,[ita] prendere [old] prendre [ang] prendre [fra] prendre [wal] prinde [fra] prëdré [old] prender [old] prendre [dal] prendár,*gʰed-,nan,9,6460.0,iecor,nan,
train-558995b2ef3c8527-01,[hit] šar-,*ser-,nan,1,6294.0,iecor,nan,
train-03ea87a2bb50336b-01,[khw] pāceda,*kʷei̯-,nan,1,9266.0,iecor,nan,
train-37440a4a58f57027-01,[hit] 𒄩𒀊𒍣 [grc] ἅμμα [hit] 𒄩𒀊𒁉𒌍𒊬 [xlu] 𒄩𒀊𒁉𒅖𒊭 [hye] ափ [grc] ἄψος [grc] ἅψος [san] अप्सस् [xto] āpsā [grc] ἄ-απτος [lat] aptus [hye] հափափել [ave] 𐬁𐬟𐬆𐬥𐬙𐬈 [lat] apex,*h₂ep-,"to join, attach, fasten, fit",21,,kaikki,root,
train-139f5f4edccb0443-01,[hye] գարուն [ell] έαρ,*wósr̥,spring (season),2,,kaikki,noun,
train-81a50532cba31447-01,[hit] 𒋼𒀀𒀊𒍣 [lav] cìrpt [lit] kir̃pti [lat] carpō [hit] 𒋼𒀀𒁉𒄿𒄑𒍣 [hit] 𒋼𒀀𒀊𒁉𒄑𒍣 [grc] καρπός [gmy] 𐀏𐀡 [sqi] kërpudhë [lit] šķērpêt [chu] почрѣти [san] कृपाणी [san] कृपाण,*kerp-,"to cut off, raze, to pick up, lift; to take and carry away, to pluck, pick (e.g. fruit), to reap, harvest",24,,kaikki,root,
train-5dfe77b0d871e4c0-01,[sqi] Zojz [hit] 𒅆𒄿𒌑𒍑 [xcl] տիւ [lat] Reo [eng] Dyeus,*dyḗws,"sky, heaven, sky god, Dyeus",5,,kaikki,noun,
train-46ad3dbfbfc95609-01,[kur] reš [kur] raš [kur] ṛaš,*(s)re⁽g̑⁾-,nan,3,3752.0,iecor,nan,
train-d1891a217f5538fd-01,[ron] rău [dal] ri,*(H)reh₁-,nan,2,6686.0,iecor,nan,
train-7ea204ba361e93e0-01,[dan] lige,*lei̯g-,nan,1,4201.0,iecor,nan,
train-66813c0332c24b58-01,[gau] aidu-,*h₂ei̯dʰ-,nan,1,6529.0,iecor,nan,
train-71eb1f04259b45e6-01,[grc] κῶμος,*kóh₂mos,desire,1,,kaikki,noun,
train-cc7130e5d5ea8267-01,[hit] 𒋻𒄴𒈪 [txb] tär-,*térh₂t,"to get through, cross over",2,,kaikki,verb,
train-cd1fb3605c195c33-01,[lav] (sa)siet [hit] išḫai- / išḫi- [xlu] ḫišḫi(i̯a)- [lat] sasīt,*seh₂(i̯)-,nan,4,3055.0,iecor,nan,
train-f8b1034ddf4237d3-01,[hye] ənknel [xcl] ankanim,*sengʷ- ‎,nan,2,3348.0,iecor,nan,
train-11bbe5d06dee2287-01,[ben] jānā [bul] znaâ [eng] know [hin] jānanā [kas] zaanon [lit] žinóti [mkd] znae [nep] jānnu [rus] znat' [hbs] znati [sin] dannavā [ukr] znati [xto] knānaṣ [urd] jānnā [mai] jānanā [kur] dɨzanit [lav] zināt [oss] zonyn [oss] zonun [old] adānā [pal] jānāti [mag] jānanā [kho] paysendä [mid] dānēd [par] zānēd [lat] zynuot [fas] dānestan [bho] jānanā [pal] ǰhóona [rus] znátɪ [mkd] znàm [mkd] znàm [bak] dunestak [bac] zanēio [ass] jānā [pun] jāṇnā [kum] dāna [lar] adone [kur] azāna [tat] mözöne [haw] mazāno [kur] zānē [raj] zune [gaw] ǰānūg [bal] zant [sar] wazond [gaw] piaanik [vâs] a-zn- [kam] źâň′a- [kât] zâň′e- [kât] zâř′e- [kur] azānē,*g̑neh₃-,nan,52,249.0,iecor,nan,
train-ba45ad5a928f44d4-01,[grc] φίλος [sga] bil,*bʰil-,"harmonious, friendly",2,,kaikki,root,
train-0d9189543dc767da-01,[gae] codail [gae] cadley [sga] con-tuili [gae] cadal,*telH-,nan,4,1746.0,iecor,nan,
train-36486468419b39b1-01,[hbs] raditi,*reh₁dʰ-,nan,1,5233.0,iecor,nan,
train-422b240152d406dc-01,[san] अशकत् [san] शशाक [san] शेकुर् [lat] Cancilus [sga] cécht [san] शची [san] शक्मन् [sga] cíchurda [lat] Peccia [san] शक्र [san] शाक [san] शक्,*ḱek-,"to be able, capable",18,,kaikki,root,
train-f4a7f835727dc409-01,[dan] fryse [eng] freeze [far] frysta [fle] bevriezen [fri] frieze [deu] gefrieren [isl] frjósa [nob] fryse [swe] frysa [lux] fréieren [gae] reòth [old] frysa [cym] rhewi [gae] rio [nld] bevriezen [mid] rhewi [mid] rewy [lat] reu [deu] gfrüüre [goh] friozan [ang] frēosan [mid] vriesen [mid] vriesen [old] frjósa [nor] fryse,*preu̯s-,nan,25,226.0,iecor,nan,
train-a1fc94fc8fa49cc0-01,[hbs] štap [mkd] stap,*(s)kep-,nan,2,6869.0,iecor,nan,
train-94afe52774d64757-01,[cat] carn [ita] carne [lad] cern [por] carne [spa] carne [wal] tchår [lat] carō [fri] cjar [ron] carne [nea] carne [old] char [ang] char [old] carne [meg] cárni [old] carn [dal] kuọrno [por] carne [mil] càrna,*(s)kerH-,nan,18,909.0,iecor,nan,
train-0236039015139245-01,[bul] lovuvam [ces] lovit [mkd] lovi [hbs] loviti [slk] loviti [chu] loviti [old] łowić [old] loviti [mkd] lòf [mkd] lòf [slk] loviti [slk] loviti,*leh₂u̯-,nan,12,1145.0,iecor,nan,
train-d5fa8291fc19f294-01,[grc] σκέψατο [san] अस्पष्ट [lat] spexī [grc] σκοπέω [san] स्पाशयति [lat] specus [lat] speciēs [grc] σκοπός [nld] spie [nld] spee [nld] spij [deu] Spähe [isl] spá [grc] σκοπή [lat] specimen [grc] σκέψις [san] स्पष्ट [ave] 𐬀𐬎𐬎𐬌𐬯𐬞𐬀𐬱𐬙𐬀 [lat] spectus [lat] spectrum [lat] speculum [lat] specula [ave] 𐬯𐬞𐬀𐬴𐬌𐬙𐬌 [xcl] սպաս [fas] سپاس [san] स्पश्,*speḱ-,"to see, to look, to observe",33,,kaikki,root,
train-d0c7eda5c5c2ba9e-01,[hyw] erkar [hye] erkar [xcl] erkar,*du̯eh₂-,nan,3,613.0,iecor,nan,
train-052fd6f6e7894861-01,[sqi] nu [sqi] tani [sqi] ani [sqi] -ni [hit] 𒉡 [pal] 𒉡 [pal] 𒉡𒌑 [lit] nū [lit] nù [sga] nu [sga] no- [cel] nu [grc] νυ [san] नु [san] नू [ave] 𐬥𐬏 [san] -आनि [lat] nūper [lat] nudius [xto] nu [txb] no,*nu,"now, well (as an interjection), and",30,,kaikki,adv,
train-16b2cade3f114f2c-01,[san] त्वरयति [san] त्वरा [lat] amptruō [lat] trua [grc] ὀτρύνω [non] þyrja [grc] τύρβη [grc] σύρβη [lat] turba [lat] turma,*(s)twerH-,"to stir up, agitate, to urge on, propel",11,,kaikki,root,
train-a2bbd8dd5a1884db-01,[aln] bie [sqi] bie [sqi] bie,*bʰerH-,nan,3,388.0,iecor,nan,
train-e351fb497915a32d-01,[lav] jāt [lit] jóti [san] याति,*yéh₂ti,to be going,3,,kaikki,verb,
train-31a7ebde9b9407d3-01,[sor] ryć [sor] ryś [pol] voirĕt,*reu̯H-,nan,3,2588.0,iecor,nan,
train-cbb521ca635bfe30-01,[pas] weeshtal [yag] wid-,*u̯i̯edʰ-,nan,2,9264.0,iecor,nan,
train-d4933cd197e74047-01,[lit] -us [grc] -ώς [san] -वांस् [ave] -𐬎𐬱 [txb] -u,*-wṓs,Forms perfect participles from verbs.,5,,kaikki,suffix,
train-4e7f02e241d1a9cf-01,[kho] daiyä [ave] diδāiti,*dʰei̯H-,nan,2,2012.0,iecor,nan,
train-f4f2f0944ab0a12c-01,[grc] ἕηκα [grc] ἧκα [grc] εἷμεν [lat] iēcī [lat] iaciō [lat] iaceō,*(H)yéh₁kt,to throw,6,,kaikki,verb,
train-48e61c240a564236-01,"[gae] snámh [ita] nuotare [lad] nodé [fas] šenā kardan [por] nadar [sar] nadare [sar] natare [spa] nadar [fra] nager [wal] noyî [lat] nāre [grc] néō [txb] nāṣṣäṃ [fri] nadâ [cat] nedar [gae] snaue [sga] snaïd [oss] nakæ kænun [mid] neuff, neuf, neu [mid] išnāzēd [par] snāčēd [ron] a înota [nea] natà [old] noër [ang] noer [fra] nazhi [old] nadar [gae] snàmh [bre] neuñviñ, neuñv- [bre] nañwal, nañw- [cym] nofio [mid] nofy- [old] nadar [wak] (a)ṣ̌nowariɣ̌ x̌ak [old] nedar [maz] šeno konde [del] ʃenow miko [lar] ešnow aku [kum] šnāw tka [bal] āšnāha kant [tat] šenā miyare [kur] šınā kaē [kho] usneek [mid] nyge [lat] nyidzha, nijah [por] nadar [gaw] sāneṭä dǟg [mil] nadàa",*(s)neh₂-,nan,48,535.0,iecor,nan,
train-c8a36d3a783f80b3-01,[xcl] առոգեմ [san] स्रवति [lit] sravė́ti,*sréweti,to flow,3,,kaikki,verb,
train-3cf99be43f8fcb10-01,[lat] uēnāri [ron] a vâna,*u̯enH-,nan,2,2722.0,iecor,nan,
train-9a9d422b19cf34dd-01,[grc] τετρα- [lat] quadri- [lat] quadru- [san] चतुर्- [ave] 𐬗𐬀𐬚𐬭𐬎-,*kʷetwr̥-,"four, fourfold",5,,kaikki,prefix,
train-3c39cf62984c7a17-01,[lav] klāt [lit] klóti,*kleh₂-,"to put, to lay out",2,,kaikki,root,
train-165c6ef40e7fcfda-01,[lav] velt [lit] vélti [lat] volvō [sqi] valle [sqi] valë [xcl] գելում [xcl] գիլ [xcl] գալար [xcl] գաղձն [xcl] գեղձ [lav] vēl [lit] vėl [rus] вал [bre] gwalenn [gle] fill [gle] pill [gla] fill [gle] till [gla] till [grc] ᾱ̔λής [grc] ᾱ̔λίᾱ [grc] ᾱ̔λίζω [grc] ἀολλέες [grc] εἰλεός [grc] εἰλύω [grc] εἴλω [grc] ἕλιξ [grc] ἑλίσσω [grc] ἐλύω [grc] ἡλιαίᾱ [grc] ἴλη [grc] ὅλμος [san] उल्ब [san] उल्व [san] वलय [san] वलयति [san] वल्लि [lat] valgus [lat] vallis [lat] vallum [lat] valva [lat] volumen [lat] vulgus [lat] vulva,*welH-,"to roll, to undulate",58,,kaikki,root,
train-3418ee9c1244f6ee-01,[cym] cynffon [mid] cynffon,*sph₂en-,nan,2,2169.0,iecor,nan,
train-0ffb96622725cb4c-01,[grc] νέμος [lat] nemus,*némos,"bowing, bending, sacrifice, worship, place of sacrifice, clearing",2,,kaikki,noun,
train-a8bdaeb7b5e43edd-01,[ben] basā [nep] basnu [ass] bôhā,*h₂u̯es-,nan,3,7443.0,iecor,nan,
train-ad9c4e906554baf8-01,[slk] gozd,*gu̯osd-,nan,1,4918.0,iecor,nan,
train-c3ac9ff3ab34dc68-01,[oss] kalm [sog] kirm [lat] hagar-breeve,*kʷr̥mi-,nan,3,3214.0,iecor,nan,
train-b78c9a5aec681559-01,[old] criembre [ang] criendre [fra] krëdré [sqi] trambë [old] cregner,*trem-,nan,5,8513.0,iecor,nan,
train-725e2337a585ec42-01,[kho] sātä [bac] sadgo [sar] sleG,*k̑eh₃(i̯)-,nan,3,8231.0,iecor,nan,
train-7b0e3b67bafa0fcb-01,[hin] saṛā-galā [mai] sārāb [mar] saḍakā [mag] saḍal [bho] saḍal [urd] galā-saṛā,*k̑ad-,'fall',6,1672.0,iecor,nan,
train-819c4923e9cc097e-01,[kur] hasē ≠ büẅē,*h₁es-,nan,1,9191.0,iecor,nan,
train-01eeaf60f5d8c279-01,[bul] krilo [bel] krylo [ces] křídlo [sor] kšidło [sor] křidło [mkd] krilo [pol] skrzydło [rus] krylo [hbs] krilo [slk] krídlo [ukr] krilo [chu] krilo [pol] kraidlĕ [kas] skrzidło [old] (s)krzydło [old] křídlo [old] šestokrilĭnyi [rus] krωló [mkd] krìlu [mkd] krìlu,*?*(s)k⁽ʷ⁾rei̯-,nan,20,1192.0,iecor,nan,
train-67cddc1ebecf4b4f-01,[grc] -ός,*-ós,Forms possessive adjectives from nouns.,1,,kaikki,suffix,
train-28da6c66f7ddaa93-01,[kur] dɨfn,*dʰmeH-,nan,1,9218.0,iecor,nan,
train-6b66a1d716782e65-01,[aln] digjem [kas] dazon [lit] dègti [lav] degt [xto] tsäknäṣtär [txb] tsakṣtär [san] dah- [sqi] digjem [pal] dahati [lat] degt [pal] daáǰa [sin] dævenavā [sqi] djeg [gaw] däǰūg,*dʰegʷʰ-,nan,14,368.0,iecor,nan,
train-94be6b9226349ce8-01,[lav] strangs [grc] στραγγός [lav] stringt [lit] stri̇̀gti [pol] zastrąc [lat] stringō,*strengʰ-,"to twist, rope, cord",6,,kaikki,root,
train-efd292cb1ba411da-01,[prg] wackis [lav] vāci [lit] vokietis [grc] ὄψ,*wṓkʷs,"voice, speech",4,,kaikki,noun,
train-229fc663fae96637-01,[hyw] tʿacʿ [hye] tʿacʿ,*teh₂-,nan,2,3341.0,iecor,nan,
train-c8021727627eb5df-01,[ell] tréchō,*dʰre⁽g̑⁾ʰ-,nan,1,5909.0,iecor,nan,
train-e857798c68a5187d-01,"[aln] krym(b) [kas] kyom [fas] kerm [lit] kirmėlė̃ [gae] cnuimh [sga] cruim [sqi] krimb [pal] kimi [mid] preff, pref, preu [mid] kirm [kur] k'ɨrɨm [yag] kirm [bre] preñv [bre] preñv [prg] girmis [cym] pry genwair [mid] pryf [san] kŕ̥miḥ [kum] kurm [tat] kelme [sog] kirmi [bak] kerm [del] kerm [lar] kerm [bal] kerm [kur] kırm [sqi] krimp [khw] kirm [kur] kırm [haw] kirm [chu] črĭvĭ [bul] červej [mkd] crv [mkd] čèrv′ḁ [mkd] čèrv′ḁ [hbs] crv [slk] zherv [slk] črv [slk] črv [rus] červâk [bel] čarvâk [ukr] červâk [rus] červák [old] czerw, czyrw, czyrzw [slk] červ [old] črv [ces] červ [sor] čerw [sor] cerw [pas] kaṛaawak [gaw] ɬim [mid] pryf, pref [lat] prêv [kur] kɨrɨm",*kʷr̥mi-,nan,54,172.0,iecor,nan,
train-d1612a2d7bbf3906-01,[lux] Méck [fri] mich [old] muggia,*?*muH-,nan,3,7032.0,iecor,nan,
train-925b784dfa634a81-01,[lat] lūbricus,*slewbʰ-,"to slip, slide, glide",1,,kaikki,root,
train-03727c78f67dffe3-01,[hit] au- / u-,*h₁eu̯-,nan,1,5268.0,iecor,nan,
train-d27b13766f4af9ab-01,[lat] signum [sqi] shat [lat] secula [lat] secūris [non] sigg [bre] hesq [mid] hescenn [lat] sexus [lat] saxum [lat] sacēna,*sek-,"to cut, cut off, sever",12,,kaikki,root,
train-324daa9511e45286-01,[kas] naar [pal] angóor [kho] angaar [gaw] hangar [gaw] äŋār [pas] angor [vâs] ân′eg [kam] âŋ′o [kât] âŋ′o [kât] âŋ′o [kal] ẫi [san] âŋ′â,*Hengl-,nan,12,6119.0,iecor,nan,
train-09e1d91aacd62c7c-01,[gau] banno-,*bend-,nan,1,4368.0,iecor,nan,
train-9a62cde10052a78a-01,[lit] lė́nas [lav] lȩ̄̀ns [lat] lēnis [lit] lė̃tas [lav] lȩ̃ts [sga] ·lá [gle] tarlaigh [gla] thàrladh [gla] tàrlaidh,*leh₁-,"soft, calm, lazy, slow",12,,kaikki,root,
train-bd3582454cc1714c-01,[ave] 𐬬𐬍𐬳𐬌𐬌𐬁𐬙𐬁 [san] चिनोति [ave] 𐬗𐬌𐬥𐬎𐬎𐬀𐬧𐬙- [grc] ποιϝέω [grc] ποιέω [san] काय [san] चिति,*kʷey-,"to gather, layer",9,,kaikki,root,
train-4e370090f7db99bc-01,[eng] Ogham [grc] ὄγμος [san] अज्म,*h₂óǵmos,"path, way, trajectory, furrow",3,,kaikki,noun,
train-72d9acbdab836ff5-01,[ave] 𐬯𐬭𐬀𐬊𐬨𐬀𐬥 [san] श्रोमत,*ḱléwmn̥,hearing,2,,kaikki,noun,
train-814361625c9d5143-01,[sqi] ngah [grc] βάσκω,*gʷm̥sḱéti,"to be walking, to come, to be coming",2,,kaikki,verb,
train-2c439297dfd49b60-01,[grc] τρι- [lat] tri- [san] त्रि-,*tri-,"three, threefold",3,,kaikki,prefix,
train-cc2339af7f568a0f-01,[bul] studen [slk] studený [ces] studený [chu] studenŭ [mkd] studen [old] studený [rus] studénωj,*?*steu̯d-,nan,7,2485.0,iecor,nan,
train-55dc24c6e5996d89-01,"[gae] fliuch [gae] fliuch [sga] fliuch [mid] glueb, gleb, gloeb [gae] fliugh [bre] gleb [bre] glëb [cym] g(w)lyb [mid] gwlyp [old] gulip [old] gulip [lat] glêb",*u̯elg-,nan,12,1080.0,iecor,nan,
train-d14979eed82136c0-01,[xto] swase [txb] swese [grc] hýetos [aln] shi [sqi] shi [ell] hyetós [sqi] shi,*sh₂eu̯-,nan,7,2236.0,iecor,nan,
train-452b4338463ecf93-01,[nld] dij [fle] dij [eng] thigh [ang] þēoh [mid] die [old] thiāch,*teu̯(h₂)k-,nan,6,6956.0,iecor,nan,
train-f93eabb1f0e777da-01,"[bul] peâ [bel] spâvac′ [ces] zpívat [sor] spiwaś [sor] spěwać [mkd] pee [pol] śpiewać [rus] pet' [hbs] pjevati [slk] spievať [slk] peti [ukr] spìvati [chu] pěti [txb] piyaṃ [pol] ṕot [kas] spiewac [old] śpiewać, śpiwać [old] zpievati [old] pěti [rus] s′p′ivátɪ [mkd] p′ä̀jat [mkd] p′ä̀jat [slk] popevati [slk] péti",*?*pei̯H-,nan,24,1170.0,iecor,nan,
train-22f9d2197c411aa1-01,[ell] méra [grc] hēméra [hyw] ōr [hye] ōr [ell] -a-ma* [ell] hēméra [ell] méra [ell] (e)méra [ell] īméra [ell] (ī)méra,*Heh₂m-,nan,10,1467.0,iecor,nan,
train-77adac60a5c9dd41-01,[grc] -τήρ [san] -तृ [san] -ता,*-tḗr,"Derives agent nouns from verb roots, denoting someone or something whose role or purpose it is to perform the root's action.",3,,kaikki,suffix,
train-47cd0df46d8bf8dd-01,[sqi] madh [sqi] më [hit] 𒈨𒂊𒅅𒆠𒅖 [hye] մեծ [grc] μέγας [grc] ἀγα- [grc] ἄγᾱν,*méǵh₂s,"big, great",13,,kaikki,adj,
train-07972c307739180d-01,[ave] 𐬭𐬁𐬰𐬀𐬌𐬌𐬈𐬌𐬙𐬈,*h₃roǵéyeti,"to straighten, to make straight, to cause to be straight",1,,kaikki,verb,
train-cde02016d51d7fe3-01,[grc] ἀρέσκω [grc] ἀρετή [lat] rator [lat] ratus [lat] ratiō [sqi] rroj,*h₂reh₁-,"to think, reason, to arrange",6,,kaikki,root,
train-e5777460d740b517-01,[fra] réstâ,*steh₂-,nan,1,8032.0,iecor,nan,
train-39144bccd5bd7c7e-01,[sqi] shteg [lav] staĩga [grc] στοῖχος,*stóygʰos,"path, way",3,,kaikki,noun,
train-2b3bed6a337b1077-01,[ell] metrṓ [oss] nymajyn [oss] nimajun [mar] mojaṇe [ell] metrṓ [ell] metráō [ell] metrṓ [ell] metrṓ,*meh₁-,nan,8,7321.0,iecor,nan,
train-62e1a2916a6980e1-01,[sar] astru,*h₂ster-,nan,1,7954.0,iecor,nan,
train-909ceeb1cbb7d03e-01,[bre] klun [cym] clun [nor] laun [grc] κλόνις,*ḱlównis,"buttocks, hip",4,,kaikki,noun,
train-e5e5f92a36347ab8-01,[san] कालयति [san] कलयति [lit] kelti [grc] κέλομαι [grc] κέλλω [lat] celer [txb] käl-,*kel-,"to drive, particularly of animals",9,,kaikki,root,
train-eeb6cd43d65a6c65-01,[lav] gal̂va [lit] galvà [prg] gallū [prg] galwo [sqi] guall [sqi] gollomësh,*gelH-,"naked, head",6,,kaikki,root,
train-c7f3706027dad1d4-01,[san] varṣám [mar] pāūsa [sin] vahinavā [pal] vassa [pal] báaṣ [gaw] waaṣ [kho] boṣik [kal] oṣit,*h₂u̯ers-,nan,8,7433.0,iecor,nan,
train-2ceda7e8a2cb41f5-01,[grc] Σκουάνες [lav] skuja [lit] skujà [sqi] hu [sqi] hû [sqi] hundë,*skwey-,"thorn, needle, prickle, thorny, prickly plant",8,,kaikki,root,
train-aecb9053ecb9ae28-01,[kas] zang [san] jáṅghā [pal] janghā [gaw] ǰeŋ,*g̑ʰengʰ-,nan,4,1649.0,iecor,nan,
train-a8b03af747bfafd6-01,[ben] moẏlā [mar] maḷalelā [pal] malina [nep] mailo [gaw] malota [kam] m′ul [kât] m′ul [kât] m′ul [san] m′ol,*melh₂-,nan,9,692.0,iecor,nan,
train-609cb315786dfd56-01,[san] दधर्ष,*dʰedʰórse,to dare,1,,kaikki,verb,
train-a729210370606684-01,[ell] ωρύομαι [lav] rûkt [lit] rū́kti [mid] ruohen [lit] riaumóti [lit] riáumoti [lat] rūmor [lat] rāvis [san] रव,*h₃rewH-,"to roar, to howl, to shout",13,,kaikki,root,
train-84dda2ee4bd50924-01,[hit] 𒋻𒊏𒀜𒋫 [san] अतारीत् [san] तारिषत् [san] तुरयन्ते [old] 𐎻𐎡𐎹𐎫𐎼/𐎹𐎶 [lat] intrō [hit] 𒋻𒈾𒄿 [san] ततार [san] तितिरुर् [san] तूतूर्षति [san] तितीर्षति [grc] νέκταρ [san] तरी [grc] ἀτέραμνος [san] दुष्तरीतु [san] तीर्ण [san] तीर्थ [san] तार [sqi] tras [san] तॄ,*terh₂-,"to cross over, pass through, overcome",26,,kaikki,root,
train-11c3ff9f705a4175-01,[ell] nerá [ell] neró,*neu̯-,nan,2,5912.0,iecor,nan,
train-0b15c633ce963773-01,"[pol] bezăt [kas] biegnąc [chu] běžati [pol] biec [sor] běžeć [slk] bežať [ces] běžet [ukr] bìgti [bel] begac′ [rus] bežat' [lit] bė́gti [prg] begeyte [old] bieżeć [old] běžěti [old] běžati, -běči [rus] b′íčɪ",*bʰegʷ-,nan,16,5148.0,iecor,nan,
train-a43c8f12e3f5fcad-01,[grc] πέπτρια [grc] *pékʷ-trih₂ [san] पक्तृ [lat] coctor,*pékʷtōr,"one who cooks, cook",4,,kaikki,noun,
train-85f451acd57ac43a-01,[lat] vigeō [lat] vigil [san] वाज,*weǵ-,"to be lively, awake, to be strong",4,,kaikki,root,
train-b1c614c106f33bea-01,[sqi] vjehrrë [xcl] սկեսուր [cym] chwegr [grc] ἑκυρά [lat] socrus,*sweḱrúh₂,mother-in-law,5,,kaikki,noun,
train-9a57a505c5e428d4-01,[gaw] peik,*pet-,nan,1,8796.0,iecor,nan,
train-24503856d5232fe5-01,[por] perna [spa] pierna [old] pierna [por] perna,*persneh₂-,nan,4,903.0,iecor,nan,
train-4a7707cf93bc4046-01,[got] 𐌲𐌹𐍃𐍄𐍂𐌰𐌳𐌰𐌲𐌹𐍃,*dʰǵʰyésteros,yesterday,1,,kaikki,adj,
train-b954ae958c8160ef-01,[lav] rats [lit] rãtas,*Hroth₂ós,"running, something that runs (including wheels and chariots).",2,,kaikki,adj,
train-d7604f5216c19bbf-01,[grc] φυίω [grc] φύω [lat] fīō,*bʰuHyéti,"to be becoming, to be growing, to be appearing",3,,kaikki,verb,
train-65d82545686ef054-01,[old] tṛsati [fas] tarsīdan [oss] tærsyn [oss] tærsun [ave] tərəsaiti [mid] tirsēd [kur] dɨtɨrsit [par] tirsēd [bak] tarsestak [kum] tursa [lar] ters aku [maz] tarsene [kur] atırsa [bal] trosīt [tat] metarse [haw] matarso [raj] ạtạrse [khw] mǝnčeda [sar] khuj dhewg [wak] wiṣ̌it [kur] a-tɨrs-ē,*tres-,nan,21,5059.0,iecor,nan,
train-9d7d5d76762cf3ea-01,[san] मृति [ave] 𐬨𐬆𐬭𐬆𐬌𐬙𐬌,*mértis,death,2,,kaikki,noun,
train-ab19a1aecb736925-01,[sqi] si [san] कियत् [lat] quī,*kʷíh₁,how?,3,,kaikki,adv,
train-20e873d29b4d8a18-01,[lav] ods [lit] úodas,*h₃ed-,to bite,2,,kaikki,root,
train-346c598dea5a4db3-01,[old] brouma,*mreg̑ʰ-,nan,1,8489.0,iecor,nan,
train-e6cf9c04e5a41d47-01,[eng] hard [deu] hart [old] hardher [isl] harður [far] harður [nob] hard [dan] hård [nld] hard [lux] haart [fle] hard [swe] hård [fri] hurd [deu] hert [goh] herti [mid] herte [ang] heard [old] hard [mid] hart [old] harðr [got] hardus [nor] hard,*(s)kert-,nan,21,5449.0,iecor,nan,
train-7690b7493c46bd9c-01,[grc] ἄστυ [san] वस्तु [xto] waṣt [txb] ost,*h₂wóstu,"home, dwelling",4,,kaikki,noun,
train-9ebd1347987ad8e5-01,[grc] ἔρθει [hit] 𒌑𒂊𒊑𒋾𒄑𒍣 [hit] 𒌑𒂊𒊑𒀜 [hit] 𒌑𒂊𒊑𒀉 [pal] 𒌑𒂊𒅕𒋾 [grc] ἐρρήθην [grc] εἴρη [grc] ῥητός [xcl] յորջորջեմ [xcl] առաւիր [xcl] վեռ [rus] врать [san] व्रत,*werh₁-,"to speak, say",13,,kaikki,root,
train-7f5eedf61f347aae-01,[grc] eurýs [san] urú- [pal] uru [oss] wæræx [oss] urux [osc] uruvú,*h₁u̯erH-,nan,6,3090.0,iecor,nan,
train-39a22fa671abd2ca-01,[sqi] dash [lit] daũsos [lit] daũsios [cel] dusios [lit] dvė̃sti [lav] dvèst [chu] из-дъшє [lav] dust [lav] dusêt [lit] dūsė́ti [lit] dusė́ti [lat] bēstia [lat] fuscus [lat] furvus [rus] дво́хать [lit] dùsti [lit] dūsúoti [lit] dū́sauti [lav] dvẽsele [lit] dvėselė [lit] dvasia [hin] धँसना,*dʰwes-,"to breathe (in or out), breath, spirit, soul > creature, dust > dusty, murky color",24,,kaikki,root,
train-f8152e29b12798ca-01,[san] युध्यति [san] युध्यते [ave] 𐬫𐬏𐬌𐬜𐬌𐬌𐬈𐬌𐬙𐬌 [xto] yutkatār [cym] udd [lat] iussus [grc] ὑσμίνη [san] युध्म [san] योद्धृ [grc] εὐθύς [grc] ῑ̓θῠ́ς [grc] *εὖθαρ [grc] εἶθαρ [lat] iubar,*Hyewdʰ-,"moving erect, to be agitated or push forward in such a fashion that one is straight or upright (for example as walking into battle)",17,,kaikki,root,
train-f1e8e9564242856a-01,[hit] 𒊭𒀀𒆠𒄑𒍣 [lat] sāgiō,*séh₂gyeti,"to seek out, give a sign, track",2,,kaikki,verb,
train-3f7abd30aa7d4b4e-01,[got] *𐌾𐌿𐌽𐌳𐌰 [got] 𐌾𐌿𐌽𐌳𐌰𐌹 [lat] iuventa,*h₂yuHn̥téh₂,youth,5,,kaikki,noun,
train-a4d1cc0ab89fac4b-01,[san] अप्राट् [ave] 𐬟𐬭𐬀𐬱𐬍 [xto] prakäs [txb] preksa [cym] rheg [san] प्राश् [ave] 𐬟𐬭𐬀𐬯𐬁 [ave] 𐬟𐬆𐬭𐬀𐬯𐬁 [ita] prece [por] prece [lat] precor [ita] proco [por] proco [lat] procō [xcl] հարսն [lit] pir̃šti [lat] percontor [xto] pärk- [txb] pärk-,*preḱ-,to ask,19,,kaikki,root,
train-beff39cee90429ec-01,[hit] 𒄀𒂊𒉡 [xcl] ծունր [ell] γόνατο [lat] genū [xto] kanweṃ [txb] keni [xcl] ծունգք [xcl] ծունկք [grc] γωνία [grc] γνύξ [grc] Γενουσία [ita] Ginosa [ita] Genòse [grc] Γενούσιος [lat] Genusus [lat] Genōsus,*ǵónu,knee,16,,kaikki,noun,
train-747e146ecf08c7b9-01,[txb] wästarye,*(H)u̯ed-,nan,1,5530.0,iecor,nan,
train-45599446fed1df48-01,[hit] suhhai [txb] suwaṃ [grc] ῡ̔́ω,*sh₂ew-,"to pour, to rain",3,,kaikki,root,
train-1503ae9c018e0088-01,[hye] երկար [grc] δηρός [lat] dūrō,*dweh₂rós,"long, far away",3,,kaikki,adj,
train-980b78910fe80d41-01,"[bul] d″l″g [bel] doǔgì [ces] dlouhý [dan] lang [nld] lang [eng] long [far] langur [fle] lang [fra] long [fri] lang [deu] lang [isl] langur [ita] lungo [lad] lonch [lit] ìlgas [sor] dłujki [sor] dołhi [mkd] dolg [fas] derāz [pol] długi [nob] lang [rus] dlinnyj [sar] longu [sar] longu [hbs] dug [sin] diga [slk] dlhý [slk] dolg [swe] lång [ukr] dovgij [wal] long [hit] taluki- / talugai- [lat] longus [chu] dlŭgŭ [prg] ilga [lux] laang [san] dīrghá- [fri] lunc [ave] darəγa [oss] darǧ [oss] darǧ [old] darga [aln] gjatë [sqi] gjatë [elf] laungg [old] langer [pal] dīgha [kho] dāru [pol] dåuďĕ, duďĕ [kas] dłudżi [mid] dēr [kur] dɨrēž [par] darγ [ron] lung [nea] luongo [old] lonc [ang] lung [fra] lan [old] luengo [pal] dhrígu [old] długi [old] dlúhý [rus] dọ́wɣωj [kum] drāẓ [mkd] dlъ̀nuk [mkd] dlъ̀nuk [slk] dolg [slk] dolg [deu] läng [ass] dīghôl [bak] derāz [lar] derāz [bal] drāǰ [kur] drež [old] long [meg] lúng [sqi] i gjatë [old] llong [haw] drēž [kur] dırīž [gaw] līg [gaw] ligaala [kho] drung [dal] lu̯aṅg [goh] lang [old] long [mid] lanc [ang] lang [old] lang [mid] lanc [old] langr [nor] lang [vâs] ǰign′i [mil] lùnch [kam] draŋ′aň [kât] drig′aň [kât] drag′ař [kal] drigala [kur] dɨrīž",*?*delh₁-,nan,99,257.0,iecor,nan,
train-69b551d8813f70f5-01,[san] अस्मान्,*n̥smé,accusative of *wéy,1,,kaikki,pron,
train-1666c7f257d41f00-01,[grc] ψήρ [grc] ψάρ,*spḗr,sparrow,2,,kaikki,noun,
train-5c1b3a028baf073f-01,"[bul] daleče [bel] dalëka [ces] daleko [sor] daloko [sor] daloko [mkd] daleku [pol] daleko [rus] daleko [hbs] daleko [slk] ďaleko [slk] daleč [ukr] daleko [chu] daleče [isl] langt [nob] langt [cat] lluny [sar] lontanu [ita] lontano [wal] lon [fra] loin [por] longe [fri] lontan [swe] långt borta [dan] langt væk [old] langt [elf] launggt brotte [pol] dolĕk [kas] dalek [nea] luntano [old] loing [ang] luin [old] luenne [fra] louë [lad] dalonc [old] daleko [old] daleko, dalecě [rus] daléko [mkd] dalèku [mkd] dalèku [slk] daleč [slk] dalezh [old] luenh [old] lluny [nor] langt [por] longe [mil] luntàn",*?*delh₁-,nan,46,6505.0,iecor,nan,
train-75fb6d4eb866db30-01,[grc] τέρπω [san] तृप्यति [lit] tar̃pti [grc] τέρψις [san] तृप्ति [san] तृप्त,*terp-,to satisfy,6,,kaikki,root,
train-3e2eec74067a4c0c-01,[san] क्रूर [ave] 𐬑𐬭𐬏𐬛𐬀 [lat] crūdus,*kruh₂rós,bloody,3,,kaikki,adj,
train-aad8ec7074dc02fa-01,[hye] երգ [san] अर्क [xto] yärk [txb] yarke,*h₁erkʷós,"something that does or is subject to:, singing, something that does or is subject to:, praise, something that does or is subject to:, shining",4,,kaikki,noun,
train-ad9a023c3ddcd7ed-01,"[xcl] գերեմ [lav] vest [lit] vèsti [sga] feidid [cym] arweddu [cym] arwain [cym] *ɸare-wedeti, ɸare-wedn- [goh] wetan [chu] вѣсъ [hit] u-watemi [xcl] վարեմ [lat] vas [san] वधू [ave] 𐬬𐬀𐬜𐬏 [lit] vādas [lit] vadúoti [cym] gwedd [sga] fedan [sga] feidm",*wedʰ-,"to lead, to bind, to secure, to pledge, to guarantee",21,,kaikki,root,
train-514d459b77da3645-01,[far] skúgva [old] skiuva [deu] schieben [goh] skioban [mid] schieben [ang] scūfan [mid] schuven [old] skýfa,*?*skeu̯bʰ-,nan,8,1339.0,iecor,nan,
train-3c67a39e31c29ebc-01,[lit] šaipýtis [lit] šai̇̃pas,*ḱeyp-,"to ridicule, mock, anger",2,,kaikki,root,
train-4ed7612e4e8c7023-01,[lit] bà [lit] bè [prg] bhe [prg] bha,*bʰo,"emphatic particle: surely, indeed",4,,kaikki,particle,
train-dc7a2cc199a9c676-01,[ell] fōtiá [ell] fōthkiá,*bʰeh₂-,nan,2,1482.0,iecor,nan,
train-e30fea81ab99f6ed-01,"[pol] ceră [kas] wczora [chu] vĭčera [pol] wczoraj [sor] cora [sor] wčera [slk] včeraj [ces] včera [slk] včera [ukr] včora, učora [bel] učora [rus] včera [bul] včera [mkd] včera [hbs] jučer [lav] vakar [lat] vakar [lit] vãkar [old] wczora [old] včera [old] včerašnii [rus] u̯čóra [mkd] uxčàr′ḁ [mkd] fčàra [slk] včeraj [slk] v'zherai",*?*u̯e-k⁽ʷ⁾sp-ero-,nan,26,5163.0,iecor,nan,
train-52052a4c81802cc7-01,[eng] fly [deu] Fliege [fle] vlieg [nld] vlieg [isl] fluga [far] fluga [nob] flue [dan] flue [elf] flugu [swe] fluga [deu] Flöige [goh] flioga [mid] vliege [ang] flēoge [mid] vlieghe [old] fluga [nor] flue,*?*pleu̯k-,nan,17,5414.0,iecor,nan,
train-f490bfd1ced635fb-01,[xcl] ատեամ [xcl] ատեմ [lat] ōdī [grc] ὠδυσάμην [grc] ὀδύσσομαι,*h₃ed-,to hate,5,,kaikki,root,
train-e77225ba04a261a1-01,[gle] áit [gla] àite,*pent-,"to pass, path",2,,kaikki,root,
train-525f9439aba81852-01,[fri] lûke,*leu̯g-,nan,1,8516.0,iecor,nan,
train-e47efe73073f88ae-01,[grc] -τωρ [san] -तृ [san] -ता [lat] -tor,*-tōr,"Derives agent nouns from verb roots, denoting someone or something who has performed the root's action.",4,,kaikki,suffix,
train-0dfbad64f56fb318-01,[ces] počítat [rus] sčitat' [slk] počítať [slk] šteti [chu] čisti [lav] skaitīt [lit] (su)skaičiúoti [pol] catĕ [lat] saskaiteit [old] čísti [slk] šteti [slk] ſhteti [old] čisti,*(s)kʷei̯t-,nan,13,1199.0,iecor,nan,
train-b118576f0f6d0a5c-01,[mar] junā [oss] zærond [oss] zærond [xcl] cer [kho] ysaṃgarä [pas] zorr,*g̑erh₂-,nan,6,2825.0,iecor,nan,
train-e39737591b6808bb-01,[sar] fríere,*srei̯Hg̑-,nan,1,8381.0,iecor,nan,
train-c745511efcc55e1b-01,"[cat] ocell [fra] oiseau [ita] uccello [lad] ucel [por] ave [spa] ave [wal] oûhê [lat] auis [san] véḥ, víḥ [fri] uciel [ave] vi [umb] avif [nea] auciello [old] oisel [ang] oisel [fra] ouaizè [old] aucel, auceou [old] aucell [kho] boik [mil] üSèl",*h₂eu̯-i-,nan,20,856.0,iecor,nan,
train-04f04c8feea34b1c-01,[grc] saprós [ell] sápios [ell] saprós [ell] sapīménos [ell] sapeménos [ell] sapīmeno [ell] sapiméno,*?*Ki̯eh₂p-,nan,7,3819.0,iecor,nan,
train-b500290ae33751df-01,[hit] ārr- / arr-,*h₁erH-,nan,1,5408.0,iecor,nan,
train-52c8da908b2c39f3-01,[lit] -ti [grc] τοι [san] ते,*toy,"enclitic genitive/dative of *tú(h₂) (“you (sg.), thou”)",3,,kaikki,pron,
train-2667f74cadfa73d8-01,[ave] 𐬑𐬱𐬁𐬎𐬎𐬀𐬌𐬌𐬈𐬌𐬙𐬌 [ave] 𐬑𐬱𐬁𐬏𐬱 [lat] novācula [san] क्ष्णोत्र [san] क्ष्णुत [ave] 𐬑𐬱𐬥𐬎𐬙𐬀 [old] 𐎧𐏁𐎵𐎢𐎫,*ksnew-,"to scrape, sharpen",7,,kaikki,root,
train-54fd56266b3570f2-01,[grc] ζέω [xto] yäs [san] येषति [ave] 𐬫𐬀𐬉𐬱𐬌𐬌𐬈𐬌𐬙𐬌 [isl] asa [nor] ase [san] यासयति,*yes-,"to foam, to boil",7,,kaikki,root,
train-0c14f526dca5c5b5-01,[sqi] parë [xcl] հարաւ [ang] forwost [ang] forwest [xto] pärwat [txb] parwe,*pr̥h₂wós,first,8,,kaikki,adj,
train-00537bfa24db8c56-01,[grc] ἕηκα [grc] ἧκα [grc] εἷμεν [lat] iēcī [lat] iaciō [lat] iaceō [grc] ἵημι [grc] ἥσω,*(H)yeh₁-,to throw,8,,kaikki,root,
train-ad61d768c239e554-01,[txb] aiśtär,*Hei̯k̑-,nan,1,5527.0,iecor,nan,
train-f239e7ff017931e2-01,[lav] prie- [lav] pie- [lav] pie [lit] priẽ [lit] pri̇́e- [prg] prei [lat] prīvus,*préy,"before, in front",7,,kaikki,adv,
train-b702b056481bfec6-01,[lit] -muo [sga] -em [grc] -μων [san] -मन् [ave] -𐬨𐬀 [ave] -𐬨𐬀𐬥 [lat] -mōnium [lat] -mōnia,*-mṓ,Creates agent nouns from verbs.,8,,kaikki,suffix,
train-ae16d7a5bee52e57-01,[lav] -tus [lit] -tus [grc] -τύς [lat] -tum [lat] -tus [san] -तु [san] -तुम् [san] -तवे [san] -तोस्,*-tus,Derives action nouns from verb roots.,9,,kaikki,suffix,
train-091c7fbcb4076e19-01,[nep] narāmrō,*h₁rem-,nan,1,3860.0,iecor,nan,
train-f7cd4a3b74089903-01,[fas] وروره [lav] vāvere [lit] vaiveri̇̀s [lit] voverė [lit] vaiverė [lit] voveri̇̀s [lit] vėveri̇̀s [prg] weware [lat] viverra,*wer-,squirrel or marten,23,,kaikki,root,
train-e61f7a8b408e3a38-01,[lav] ieskāt [lit] ieškóti,*h₂isḱéti,"to be seeking, searching",2,,kaikki,verb,
train-b5e72c49d65c9f57-01,[vâs] -pč-,*kʷi̯eu̯-,nan,1,9848.0,iecor,nan,
train-7b3d8b1ca5f9435c-01,[osc] nertrak [umb] nertru,*(h₁)ner-,nan,2,3315.0,iecor,nan,
train-784ed0e7f4aa7c03-01,[lit] dùrti [lav] dur̃t [grc] ἔθορον [grc] θρῴσκω [gle] doir [san] धारा [ave] 𐬛𐬁𐬭𐬁 [xcl] դար,*dʰerh₃-,"to leap, spring",8,,kaikki,root,
train-37bd71e091a39fa0-01,[sor] kij [pol] kij [sor] kij [kas] czij [old] kij,*keh₂u̯-,nan,5,1244.0,iecor,nan,
train-1ae948e0c33c9bf6-01,[grc] δάπτω [lat] daps [non] tapa [xcl] տաւն [non] tafn [lat] damnum [gle] duan [gla] duan [grc] δαπάνη [hit] ᴸᵁtappala- [xto] tāpal,*deh₂p-,"to sacrifice, to lose",11,,kaikki,root,
train-9d78112834a0fcab-01,[ave] 𐬀𐬝 [lav] at- [lit] ati- [prg] et- [prg] at- [lat] at [txb] at [lit] ato- [txb] ate [lat] ast [san] अथ [txb] ot [grc] ἀτ(άρ) [got] 𐌰𐌸(𐌸𐌰𐌽),*h₂et-,"but, yet",15,,kaikki,root,
train-1c3f39a3c352cfaa-01,[grc] γνωτός [grc] γνωστός [san] ज्ञात [mid] zand [ita] noto,*ǵn̥h₃tós,"known, recognisable",6,,kaikki,adj,
train-fb86029d7656d337-01,[ang] hlosnian [eng] listen [mid] lüsenen [san] श्रोषति,*ḱléwseti,to be listening,7,,kaikki,verb,
train-c6c8e6eb3ea65d41-01,[grc] πνεῦμα [grc] πνεύμων,*pnéwmn̥,breath,2,,kaikki,noun,
train-dc6e1ecfb4282980-01,[far] sláa [isl] slá [nob] slå [swe] slå [fri] slaan [deu] schlagen [dan] slå [old] sla [elf] slå [nld] slaan [deu] schlah [goh] slahan [old] slā [mid] slahen [ang] slēan [old] slahan [mid] slaen [got] slahan [old] slá [nor] slå,*?*slak-,nan,20,2707.0,iecor,nan,
train-bdc7a7fe1f639c58-01,[sga] -thar [cel] -tron [grc] -τρον [gmy] -𐀵𐀫 [san] -त्र [ave] -𐬙𐬭𐬀 [ave] -𐬛𐬭𐬀 [ave] -𐬚𐬭𐬀 [lat] -trum,*-trom,Forms nouns denoting a tool or instrument.,9,,kaikki,suffix,
train-8de8e87b4e2289d8-01,[lat] nīvit [grc] νείφω [ave] 𐬯𐬥𐬀𐬉𐬲𐬀𐬌𐬙𐬌,*snéygʷʰeti,to snow,3,,kaikki,verb,
train-1f8f025bb273699a-01,[cym] byta [mid] bwyta,*gʷi̯eh₃-,nan,2,2144.0,iecor,nan,
train-4e990fbc15ac390d-01,[grc] ōthéō [ell] sprṓchnō [ell] ampṓnnō [ell] apōthéō,*u̯edʰ(h₁)-,nan,4,2843.0,iecor,nan,
train-42103cbc4999ff83-01,[fas] sangīn [kum] sangī [maz] sangin [bak] sangin [del] sængi [lar] sangin [kur] saŋīn [raj] sangin [kur] saŋin,*h₂ek̑-,nan,9,3580.0,iecor,nan,
train-634d8dc051cff3d0-01,[xcl] kam,*gʷeh₂-,nan,1,5898.0,iecor,nan,
train-bc2d8aa07b701af2-01,[sqi] jap [aln] jap,*h₁ep-,nan,2,3824.0,iecor,nan,
train-d8bb417dd6ab8ec1-01,[ell] έλκος [lat] ulcus,*h₁élḱos,"sore, ulcer",2,,kaikki,noun,
train-b868da64016df60f-01,[sga] -iu [grc] -ων [san] -यस् [san] -ईयस् [san] -यान् [san] -ईयान् [ave] -𐬌𐬌𐬀𐬵 [lat] -ior,*-yōs,"Forms adjectives from roots, meaning ""very"" or ""rather"".",8,,kaikki,suffix,
train-2dfc444c054e503d-01,[ang] scanca,*(s)ken⁽g̑⁾-,nan,1,2788.0,iecor,nan,
train-d9f56c2aaa951c0a-01,[grc] ὅρμικας [san] वल्मीक [san] वल्मिक [lat] formīca [lit] var̃mas [prg] warmun [grc] βόρμαξ [grc] βύρμαξ [grc] ῥόμος [txb] warme,*werm-,"insect larva, worm, ant or other small insect",13,,kaikki,root,
train-49cb029521dcff03-01,[sga] at·bobuid [grc] πέπυσμαι [san] बुबोधति [san] बुबुधान,*bʰebʰówdʰe,"to have awareness, to be alert",4,,kaikki,verb,
train-175b64f4cc7d4e5f-01,[sin] mudavanavā [sin] midenavā,*merH-,nan,2,7652.0,iecor,nan,
train-38db8f103415eb98-01,[hit] 𒆠𒀉𒋫 [hit] 𒆠𒀉𒋫𒊑 [hit] 𒆠𒀉𒁕𒊑 [lyc] 𐊖𐊆𐊊𐊚𐊏𐊆 [lyc] 𐊖𐊆𐊊𐊁𐊏𐊆 [pal] 𒆠𒄿𒋫𒅈 [grc] κεῖμαι [ave] 𐬯𐬀𐬉𐬙𐬉 [ave] 𐬯𐬋𐬌𐬭𐬈,*ḱéytor,to be lying flat,9,,kaikki,verb,
train-8a4222464bcf7b9a-01,[bre] leizh [cym] llaith [hye] լիճ,*leg-,to leak,3,,kaikki,root,
train-be3e67f1bad2a250-01,[nor] fere [san] पर्शान [lat] porca [lit] prapar̃šas,*perḱ-,"to open, rip up, to dig",4,,kaikki,root,
train-32f0e2b361c502ed-01,[sqi] -e [san] -ई [ave] -𐬍 [ave] 𐬀𐬤𐬵𐬍 [ave] 𐬀𐬵𐬎 [xto] -ā [txb] -ā [txb] -a [grc] -ιᾰ [grc] -σσᾰ [grc] -ττᾰ [grc] -V̄ρᾰ [grc] -ινᾰ [grc] -ιρᾰ [grc] -ζᾰ,*-ih₂,Feminizes athematic nominal stems.,15,,kaikki,suffix,
train-b5640e3743124ea2-01,[grc] βρέχμα [grc] βρεχμός [san] मस्तृहन्,*mregʰ-,brain,3,,kaikki,root,
train-3ea17e35da9a8559-01,[hit] 𒇷𒅁𒍣 [hit] 𒇷𒉺𒀀𒄑𒍣 [isl] lafa [grc] λοβός [fas] لب [lat] labium [lat] labrum [goh] laffan [lat] lambō [nld] lepel [goh] leffil [sqi] lap [xcl] լափեմ [lit] lapènti [rus] ло́пать [rus] лобзать [bul] лапам [grc] λάπτω [grc] λαφύσσω,*leb-,"to hang down loosely, lip, to lick",25,,kaikki,root,
train-f247cd571664dcd3-01,[mid] ricken [lat] rigeō,*Hreyǵ-,to bind,2,,kaikki,root,
train-23eb12f9541bf189-01,[xcl] արտի [grc] ἄγριος [san] अज्र्य,*h₂éǵr̥yos,"campestral, field (attributive), of or relating to fields",3,,kaikki,adj,
train-982d7a887ab1c9f9-01,[lav] pa [lit] pa- [prg] pa- [prg] po- [lat] po-,*h₂pó,"Zero-grade form of *h₂epó (“off, away”)",5,,kaikki,adv,
train-835288c7f22ba39e-01,[lat] rāvus [lat] grāvastellus [lat] *ǵerh₂- [lat] grāmen [ang] grǣd [hit] kariyant- [fas] روییدن [mid] groese [mid] gruose [lat] herba,*gʰreh₁-,to grow (of plants?),13,,kaikki,root,
train-6ffe3ae8e4730927-01,"[gau] dubron [old] dubr, duuir [mid] dour [bre] dour [bre] deur [cym] dŵr [mid] dufyr, dwr [mid] dowr [lat] dour, dowr",*dʰeu̯b-,nan,9,1079.0,iecor,nan,
train-708d40778e117266-01,[ell] fovámai [grc] phobéomai [ell] phobéomai [ell] fooýmai [ell] fo(v)oúmai [ell] fovoúmai,*bʰegʷ-,nan,6,1479.0,iecor,nan,
train-32a5152678439a10-01,[ell] πεύκο [prg] peuse [lit] puši̇̀s [gle] ochtach,*pewḱ-,pine,4,,kaikki,root,
train-a3d1e2ab38a265d9-01,[ell] άκμων [ell] άκμονας [ell] αμόνι,*h₂éḱmō,"stone, heaven, the heavenly vault",3,,kaikki,noun,
train-af9525141b9edde7-01,[non] kjá [grc] γοάω [lit] gaũsti [lit] gaudžiù [lav] gaũst [lav] gaūžu [lit] gaudùs [lav] gàuds [lav] gaura [grc] γόος [goh] kūmo [ang] cyme [san] जोगुवे,*gewH-,"to call, name, to invoke, call on, to cry, cry out",13,,kaikki,root,
train-8ba9f0257b06640a-01,[kho] dur,*dʰu̯er-,nan,1,8763.0,iecor,nan,
train-3a7515359cb19a7a-01,[cat] mullat [fra] mouillé [por] molhado [spa] mojado [wal] mouyî [old] moillié [ang] moillé [fra] molyâ [old] mojado [lad] mol [old] mullat [por] molhado,*meld-,nan,12,954.0,iecor,nan,
train-b4e16e20e32cec28-01,[cat] any [fra] an [ita] anno [lad] an [por] ano [sar] annu [sar] annu [spa] año [wal] an [lat] annus [fri] an [osc] akeneí [umb] acnu [ron] an [nea] anno [old] an [ang] an [fra] an [old] anno [old] an [meg] an [old] any [dal] jai̯n [por] ano [mil] an,*h₂et-no-,nan,25,963.0,iecor,nan,
train-54e5cc6ad7a89fcd-01,[lav] gans [lit] gãnas,*gʷʰonós,striker,2,,kaikki,noun,
train-c08108a8d8cffd99-01,[lat] pigeō [lat] piger [lit] pigùs [lat] piguus,*peyǵ-,"inactive, reluctant",4,,kaikki,root,
train-fea927dbabe8b9c1-01,[hit] 𒆷𒀀𒆠,*logʰéyeti,"to lay, make lie",1,,kaikki,verb,
train-c044e349bf1b4062-01,[grc] σπείρω [hit] 𒅖𒉺𒀀𒊑 [hit] 𒅖𒉺𒊏𒀭𒈾𒄿 [grc] σπέρμα [sqi] farë [grc] σπορᾱ́ [lat] spargō,*sper-,"to scatter, strew",7,,kaikki,root,
train-f13b1c5b7846f0f3-01,"[sor] wopuš [pol] våpaus, våpois",*peu̯s-,nan,2,6563.0,iecor,nan,
train-9410e8a9af64552e-01,[por] sujo [spa] sucio [old] suzio [old] sutze [por] sujo,*sū̆-,nan,5,2601.0,iecor,nan,
train-184ba4212e903b70-01,[oss] zaryn [oss] zarun,*g̑ar-,nan,2,2898.0,iecor,nan,
train-1d64bc3a3d146b86-01,[dan] venstre [far] vinstri [isl] vinstri [nob] venstre [swe] vänster [elf] wįster [old] vinstre [old] winster [ang] winestra [old] uuinistar [old] vinstri [nor] venstre,*u̯enH-,nan,12,1318.0,iecor,nan,
train-018a8a94481896ae-01,[san] तवीति [san] तूतोत् [san] तूतो [old] 𐎫𐎠𐎺𐎹𐎫𐎹 [old] 𐎠𐎫𐎠𐎺𐎹𐎶 [grc] ἐτάζω [lat] tueor [lat] tōmentum [old] 𐎫𐎢𐎶𐎠 [old] 𐎫𐎢𐎶𐎴𐎡𐏁𐎡𐎹 [grc] ἐτεός [ave] tauuah [gle] túaim [san] तवीयस् [old] 𐎫𐎢𐎻𐎡𐎹𐎠 [san] तवस्वान् [san] तवस्य [lat] tōtus [grc] σάθη [grc] σάλος [non] þúfa [grc] τῡ́φη [lat] prōtūberō [lat] extūberō [grc] σάμος [lat] tama [lav] tūte [san] तुर [lat] obtūrō [lat] rētūrō [lat] turgeō [lat] tūtus [old] 𐎬𐎵𐎢𐎺𐎫𐎶 [grc] σάος [grc] σῶς [grc] ἐτήτυμος [san] तूतुम [sqi] tërë [sqi] tanë [xcl] թոյն [lit] tvi̇̀nti [lit] čiūtys [lit] tvãnas,*tewh₂-,"to swell, grow fat, to become strong",45,,kaikki,root,
train-af5a1588a2f38864-01,[sqi] dhashë [sqi] dhunti [sqi] dhuroj [hye] տալ [san] दामन्,*deh₃-,to give,5,,kaikki,root,
train-7bffb452454b0a3d-01,[sog] āst [wak] yund,*?*i̯em-,nan,2,9047.0,iecor,nan,
train-94b94371e089e4f7-01,[sga] soïd [gae] tionndaidh [gae] chyndaa,*seu̯h₁-,nan,3,4353.0,iecor,nan,
train-9a50a64bc16cd3e6-01,[ell] gemátos [ell] gemátos [ell] giomáto [ell] gemátos [ell] giomōméno,*gem-,nan,5,4123.0,iecor,nan,
train-de2b59c8b0327bca-01,[mkd] jàk [mkd] jàk,*i̯o-,nan,2,7770.0,iecor,nan,
train-ea0abcfd0e140a31-01,[hyw] hov,*?*p⁽ʰ⁾eu̯H-,nan,1,5890.0,iecor,nan,
train-6d1704bf4f19a817-01,"[old] se tener drech, dreit",*h₃reg̑-,nan,1,9777.0,iecor,nan,
train-4c6b0c47d8dc0fb2-01,[lit] šliti̇̀s,*ḱley-,"to shelter, cover",1,,kaikki,root,
train-35c08efe1a620a0d-01,[sog] patštān,*steh₂-,nan,1,9087.0,iecor,nan,
train-5c2583efb177dcae-01,[lav] pũt [lit] pū́ti [san] पूयति [ave] 𐬞𐬎𐬌𐬌𐬈𐬙𐬌 [grc] πῡ́θομαι [lav] praûls [lit] piaũlas [lit] piaulai̇̃ [lav] pūlis [lit] pū́liai [ell] πύον [ell] πύο [lav] puvesis [lit] puvė̃sis [grc] πῡ́ος [san] पुवस् [lat] pūs [non] fúinn [san] पूत [mid] pwtk [lat] pūteō [san] पूति [ave] 𐬞𐬏𐬌𐬙𐬌 [fas] پود [fas] پوده [xcl] փուտ [sqi] puçërr [sqi] fëlliq,*puH-,"rotten, foul",30,,kaikki,root,
train-274ce7a45ccfd777-01,[gmy] 𐀏𐀨𐀀𐀠,*ḱérh₂sō,"head, skull",3,,kaikki,noun,
train-963377844a4c728d-01,[grc] ἔοικα [grc] ἴσκω [grc] εἰκών,*weyk-,"to be fitting, to equal",3,,kaikki,root,
train-e3171b715e87fe6f-01,[kho] tcārma [oss] carm [oss] car [kas] tsam [pal] camma [ben] cāmṛā [mai] camarā [hin] camaṛī [mag] camaḍā [par] čarm [pol] skóra [kas] skóra [sin] hama [bho] cām [old] skóra [sog] čarm [pun] camṛī [gaw] čam [khw] carm [kam] č′om [kât] č′om [kât] č′um [kal] čâm [san] ć′âm,*(s)ker-,nan,24,5086.0,iecor,nan,
train-b3a9f6af5f7977d6-01,[ave] 𐬭𐬁𐬛𐬀𐬝 [san] राध्यति [lav] rādīt(i) [lit] rodyti [sga] rádaid [sga] radid [cym] amrawdd [sga] imm-rádi [san] राधयति [san] राध्नोति [san] राधस् [ave] 𐬭𐬁𐬛𐬀 [sqi] radhë,*Hreh₁dʰ-,"to think, to arrange, to succeed, accomplish",13,,kaikki,root,
train-7f723f90ca8101f5-01,[sqi] gjë [sqi] senë [lit] sañt [grc] ἐών [grc] ὤν [lat] sōns [lat] ab-sēns [lat] prae-sēns,*h₁sónts,active participle of *h₁ésti,8,,kaikki,verb,
train-cdaf030116ba4fb3-01,[nep] bhārī [ben] bhāri [mai] bhārī [mag] bhārī [hin] bhārī [urd] bhārī [sin] bara [bho] bhārī [pun] bʰārā,*bʰer-,nan,9,4519.0,iecor,nan,
train-00354c52e70aa98e-01,[lit] kartùs [prg] kārtai,*(s)kert-,nan,2,6293.0,iecor,nan,
train-e3178c8e1d5ef9bc-01,[xcl] յառնեմ [hit] 𒀀𒊏𒀀𒄿 [hit] 𒀀𒊏𒄿 [hit] 𒀀𒊏𒀀𒄑𒍣 [hit] 𒀀𒊏𒄑𒍣 [hit] 𒀀𒊑𒅀𒀭𒍣 [xlu] 𒀀𒊑𒀉𒋾,*h₁rey-,"to rise, arise",7,,kaikki,root,
train-716ee7b01daf747a-01,"[gae] trom [sga] tromm [gae] trom [old] trom, trum [gae] trome [cym] trwm [mid] trwm [old] trum",*treu̯d-,nan,8,1713.0,iecor,nan,
train-fc31b50493c55508-01,[san] स्व- [ave] 𐬓𐬀- [lat] sē-,*swe-,self,3,,kaikki,prefix,
train-de19a7fb5e809d53-01,[gmy] 𐀲𐀨𐀐𐀹(𐀊) [san] द्राघते,*dʰreh₂gʰ-,"to irritate, rough",2,,kaikki,root,
train-126e620dc9d14c87-01,[hit] 𒇷𒅖𒊭𒀭𒍣 [lav] lest [lit] lèsti [lav] lasīt [lit] lasýti,*les-,"to gather, to collect",8,,kaikki,root,
train-075934ef554f5e6c-01,[grc] σπέρχω,*sperǵʰ-,"to move rapidly, hurry",1,,kaikki,root,
train-7d58b863a030306c-01,[slk] otočiť [ces] otočit,*tekʷ-,nan,2,3066.0,iecor,nan,
train-1473b89a95ce8475-01,[sga] do·dímen [san] मिनोति [grc] μίτρα,*mey-,to bind,3,,kaikki,root,
train-b8d84939567cfac9-01,[sor] kur [ces] kouř,*kerH-,nan,2,4833.0,iecor,nan,
train-0d7e7b1fa2a33d7d-01,[fas] بها [fas] بازار,*wes-,to sell,2,,kaikki,root,
train-ae179443f3231a4c-01,[fra] viande [fra] vÿanda [old] vianda,*gʷi̯eh₃-,nan,3,2198.0,iecor,nan,
train-8c5186866917821d-01,[san] ईजते [lat] (co)āgulum [san] अज्मन् [lat] exāmen [lit] agnùs [grc] ᾰ̓γός [san] अज [ell] άγρα [ave] 𐬀𐬰𐬭𐬋𐬛𐬀𐬌𐬜𐬍 [lat] gestō [cym] amaeth [gle] amhas [lat] ambactus [lat] ambaxtus [grc] ἐπᾰκτός [lat] āctus [grc] ᾰ̓́κτωρ [lat] actor [san] आजि [xto] akäṃtsune [txb] ekaññe [xto] āk- [txb] āk- [san] अज्,*h₂eǵ-,to drive,26,,kaikki,root,
train-dded3e5f4b442b52-01,[dan] hav [swe] hav [gae] cuan [elf] av [gae] keayn,*keh₂p-,nan,5,2774.0,iecor,nan,
train-1e9c30267e2a85bb-01,[lat] lābrum,*lówh₃trom,"that which is used for washing:, washbasin, bathtub, that which is used for washing:, bathwater; soap suds",1,,kaikki,noun,
train-c23e7e6b3c098098-01,[lav] osis [lit] uosis [sqi] ah [hye] հացի [gle] fuinseog [gla] uinnseann [cym] onn [lat] ornus,*Heh₃s-,ash tree,8,,kaikki,root,
train-f7de3767bfe52a9c-01,[dan] sort [nld] zwart [far] svartur [fle] zwart [deu] schwarz [isl] svartur [nob] svart [swe] svart [lux] schwaarz [fri] swart [elf] swart [old] svarter [deu] schwarz [goh] suuarz [old] swart [mid] swarz [old] suuart [mid] swart [old] svartr [got] swarts [nor] svart,*su̯ord-o-,nan,21,188.0,iecor,nan,
train-8c74b75fb7563cc5-01,[grc] ἵεμαι [lit] vajóti [xto] wā- [xto] wāw- [txb] wāyā- [lav] vaina [lit] vaina [san] वयस् [cel] ueia [grc] ἴς [grc] ἱέρᾱξ [grc] ἱάρᾱξ [grc] ῑ̓́ρηξ [lat] violō [lat] (in)vītus [lat] (in)vītō [grc] οἴμη [grc] οἶμα [grc] οἶμος,*weyh₁-,"to chase, pursue, to suppress, persecute",19,,kaikki,root,
train-55b2dcbbbbfff7c3-01,[sar] niwd [wak] nʉw,*neu̯(H)-,nan,2,9363.0,iecor,nan,
train-8f06f091e68c55d0-01,[lit] *-kla [grc] -τλον [lat] -clum [lat] -culum [lat] -crum [lat] -ulum,*-tlom,alternative form of *-trom,6,,kaikki,suffix,
train-cd39bff1bd8d93e3-01,[bul] cvete [bel] kvetka [ces] květ [sor] kwětk [sor] kwětka [mkd] cveḱe [pol] kwiat [rus] cvet [hbs] cvijet [slk] kvet [slk] cvet [ukr] kvìtka [chu] cvětŭ [pol] kjot [kas] kwiat [old] kwiat [old] květ [rus] kv′ítka [slk] cvet [slk] zveit,*k̑u̯ei̯t-,nan,20,1133.0,iecor,nan,
train-20a5e6cf5442d678-01,[ces] obloha [slk] obloha,*legʰ-,nan,2,4848.0,iecor,nan,
train-a1e2faa03602c6af-01,[lad] audì [por] ouvir [spa] oír [wal] oyî [lat] audīre [old] oír [old] oïr [ang] oir [ron] a auzi [old] ausir [meg] uzắri [por] ouvir,*?*h₂u̯ei̯s-,nan,12,890.0,iecor,nan,
train-150916431bd6b5a2-01,[sqi] çukë [got] 𐌷𐌹𐌿𐌷𐌼𐌰 [lit] kaũkas [san] कुच [san] कुचति [grc] Καύκᾰσος,*kewk-,"to bend, crooked",7,,kaikki,root,
train-3ab260611e9d94a5-01,[sog] kātē wǝn,*keh₂-,nan,1,9061.0,iecor,nan,
train-91be84ed17dcaa5a-01,[lav] šķist [san] चेतति [lav] skaitīt [lit] skaityti [san] चेतयति [san] चिकेत [san] चेतस्,*kʷeyt-,to notice,7,,kaikki,root,
train-331facdb74089f28-01,[dal] dramuọr,*?*u̯reh₂d-,nan,1,9337.0,iecor,nan,
train-7a39a00f42680b0d-01,[hin] rākha [mar] rākha [urd] rākh [bho] rākhi [pun] rākʰ,*h₂leks-,nan,5,1592.0,iecor,nan,
train-42ed6fad8195da33-01,"[mid] huerzin, huerzyn [bre] c'hwerzhin, c'hwerzh- [bre] c'hwarzhed, c'hwarzh- [cym] chwerthin [mid] chwerthin [old] guardam [mid] wherthyn [lat] huerhin",*su̯er-,nan,8,1024.0,iecor,nan,
train-8fd9115f39d6ae02-01,[grc] kýklios [ell] kýklios*,*kʷelh₁-,nan,2,4906.0,iecor,nan,
train-ffefc99f02002442-01,[xcl] ակն [xcl] յաւն [lav] acs [lit] aki̇̀s [prg] ackis [grc] ὄψ [grc] ὤψ [san] अनक्ष् [xto] ak [txb] ek [sqi] sy [xcl] աչք [grc] ὄσσε,*h₃ókʷs,eye,14,,kaikki,noun,
train-54f45ddcf73ce47b-01,[fas] bīnī [mid] wēnīg,*u̯ei̯h₁-,nan,2,5093.0,iecor,nan,
train-39d40fbd2c13e027-01,"[bre] garmad, garm- [mid] garm",*g̑eh₂r-,nan,2,6421.0,iecor,nan,
train-b19dd870eafa33fe-01,[pal] bhasma(n),*bʰes-,nan,1,2189.0,iecor,nan,
train-ffb9b697519c667d-01,[hin] lenā [mai] lenā [bho] lenā [urd] lenā [mag] lenā [nep] linu [pun] laiṇā [ass] lôi jûwā,*lembʰ-,nan,8,6587.0,iecor,nan,
train-4e322ae1ea376a37-01,[lat] fleō,*bʰleh₁-,"to bleat, to cry",1,,kaikki,root,
train-f38bebb43f444dd6-01,[fas] āsmān [old] asman [ave] asman [mid] āsmān [kur] ʕesman [par] āsmān [kum] 'āsmēnō [khw] āsm [pas] asmaan [maz] asemun [bak] āsemun [raj] ạsemun [del] ɒsemu [lar] āsemu [bal] āsmān [tat] āsbon [kur] āsmān [kur] āsımān [haw] āsmān [sar] ismun [kur] āsmāŋ,*h₂ek̑-,nan,21,7058.0,iecor,nan,
train-1fde1bab5b333cd3-01,[lat] auscultō [lav] salis [lit] šali̇̀s,*ḱel-,to incline,3,,kaikki,root,
train-9390a24e160d2e74-01,[xcl] lam [hye] lacʿ linel [hyw] lal [sog] rāyt [yag] rōy-,*leh₂-,nan,5,5946.0,iecor,nan,
train-9dec38bf2f8d57dc-01,[prg] grīmons,*gʰrem-,nan,1,7131.0,iecor,nan,
train-a20838de9f01ee14-01,[grc] ζέω [xto] yäs [txb] yäs,*yéseti,to be boiling,3,,kaikki,verb,
train-2e5a05c271a77483-01,[sqi] plotë [xcl] լի [san] प्रात [lat] plētus,*pleh₁tós,"filled, full",4,,kaikki,adj,
train-40305a88cff232a2-01,[san] sthirá- [pal] thira,*steh₂-,nan,2,6061.0,iecor,nan,
train-e44544884370b059-01,[lav] vàrît [lav] vir̂t [lit] vi̇̀rti [hit] 𒉿𒅈𒉡𒊻𒍣 [hit] urāni [xcl] վառեմ [lit] vi̇́rti [lit] vérdu,*wer-,to burn,10,,kaikki,root,
train-037499339de23d7e-01,[san] sám cakṣ-,*kʷek̑-,nan,1,4006.0,iecor,nan,
train-a4ccdbadd197bf82-01,[bel] pravy [ces] pravý [pol] prawy [rus] pravyj [slk] pravý [ukr] pravij [sor] prawy [sor] pšawy [pol] provă [kas] prawi [old] prawy [old] pravý [rus] právωj [mkd] pràf [mkd] pràf,"*pr̥-, *pró, *prí",nan,15,1238.0,iecor,nan,
train-3f7074a1ba674001-01,[hye] դոն [san] धानक [san] धन्याक [san] धानेय [fas] دانه [txb] tāno,*dʰoHnéh₂,grain,6,,kaikki,noun,
train-07686a19905bcd8c-01,[xto] āti [txb] atiyo [lav] atãls [lit] atolas [prg] attolis,*h₂et-,grass,5,,kaikki,root,
train-337b3e7d9547930d-01,[lit] naujèsnis [lat] novior,*new-,new,3,,kaikki,root,
train-441fe260bebed40e-01,[kam] ǰ′ukuř [kât] ǰ′ukur [kât] ǰ′uk,*dʰugh₂tér-,nan,3,3843.0,iecor,nan,
train-6b565e172a8af491-01,[tat] xole [bak] xol [kur] xuɫakawa [raj] xole [kur] xwıḷ [kur] xwalakū,*su̯er-,nan,6,3414.0,iecor,nan,
train-1d3794bbe90b8fd4-01,[grc] χόνδρος [xcl] կորկոտ [lit] graudi̇̀nti [lav] grūst [lit] grūsti [lav] gruds [lav] grauds [lit] grūdas [lit] graûds [lit] grúodas [eng] grout [mid] grūz [isl] grautur [swe] gröt [lav] gruži [lit] gráužas [lit] graũžas [grc] χρῶμα [grc] χρώς [gmy] 𐀀𐀒𐀫𐀸𐀁 [lav] gŗaût [lit] griáuti [grc] ἔχραον [lat] ingruō [lat] grandis [san] घर्षति [grc] χεράς [grc] κέγχρος [grc] κάχρυς [grc] χέρμα [grc] χερμάς,*gʰer-,"to rub, to stroke, to grind, to remove",53,,kaikki,root,
train-1cbf18f4bd8f00fc-01,[san] बन्धति [san] बन्धयति [ave] 𐬠𐬀𐬥𐬛𐬀𐬌𐬌𐬀𐬌𐬙𐬌 [lat] funda [spa] boina [gla] bonaid [ita] bonet [spa] bonete [por] boné [gle] buinne [eng] bandana [ave] 𐬠𐬀𐬥𐬛𐬀 [pus] وندی [fas] بستن [hye] բանտ [xcl] -աւանդ [xcl] -աւանդակ [xcl] մեհեւանդ [xcl] կարաւանդք [xcl] պախճաւանդ [xcl] պարաւանդ [xcl] դանդանաւանդ [xcl] շարաւանդ [lat] offendīx [grc] Βενδῖς [san] बन्ध्,*bʰendʰ-,"to bind, bond",29,,kaikki,root,
train-50f88a450948b720-01,[grc] τεύχω,*dʰéwgʰti,to be productive,1,,kaikki,verb,
train-e5913c17b481c237-01,[grc] πάλη [grc] πόλτος [lat] puls [lat] pulvis [lat] pollen [pol] pył [pol] pyłek [pol] pylić [pol] pylenie [pol] pylnik,*pel-,"flour, dust",10,,kaikki,root,
train-873a2ef6dc6a786e-01,[grc] ἀλάομαι [lat] *alō [lat] ambulō [grc] ἄλη [xcl] աղամող [lav] alot [lav] aloties [lav] āļa [lav] āļoties [grc] ἀλύω [lat] alucinor [san] अट् [xto] āl- [txb] āl-,*h₂elh₂-,"to wander, roam",14,,kaikki,root,
train-9b23a15473ea1a9e-01,[lat] ulmus,*h₁élem,mountain elm,1,,kaikki,noun,
train-5662c438e301a79d-01,[swe] döda [fri] deadzje [fle] dooden [nld] doden [deu] töten [old] dödha [deu] töde [mid] tœten [mid] doden [old] deyða [got] dauþjan [goh] tōten,*dʰeu̯-,nan,12,2305.0,iecor,nan,
train-061f57dee29da89b-01,[hit] 𒌑𒂊𒊑𒄿𒊍𒍣 [grc] εἴρω,*wéryeti,to be saying,2,,kaikki,verb,
train-8dc5614dce7f4b3e-01,[san] सुतम् [san] सोतन [sga] soa [san] असाविषुर् [san] सुनोति [hit] 𒋗𒌑𒄑𒍣 [san] सुवति [xto] sin- [txb] sin- [san] सोम,*sewh₁-,"to press, push (forth)",10,,kaikki,root,
train-ce319ffd884fcdae-01,[cat] portar [old] portar,*per-,nan,2,6713.0,iecor,nan,
train-74d251ce703b7711-01,[lat] ningit [lat] ninguit [san] स्निह्यति [lav] snigt [lit] sni̇̀gti [txb] śiñcatstse* [san] स्निह्,*sneygʷʰ-,to snow,7,,kaikki,root,
train-16e31f686311d3fe-01,[san] मा॒नय॑ति [ave] 𐬨𐬁𐬥𐬀𐬌𐬌𐬈𐬌𐬙𐬍,*monéyeti,"to cause to think, make think",2,,kaikki,verb,
train-32c0473d8677cb1a-01,[grc] μέμνηκα [grc] ἔμνησα [san] समाम्नासिषुर् [xlu] manāti [san] मनति [san] म्नायते [grc] μνάομαι [grc] μιμνήσκω [san] म्ना,*mneh₂-,to remind,9,,kaikki,root,
train-d453d68e0fe0ab6d-01,[grc] γάνῠμαι [grc] γαίω [grc] γαῦρος [lat] gaudeō [lit] džiaugiúos,*geh₂w-,"to rejoice, be glad, be bright",6,,kaikki,root,
train-9efea10d31ac1727-01,[cat] empènyer [old] empènyer,*pei̯g-,nan,2,1268.0,iecor,nan,
train-563623a9d538bf89-01,[grc] ἔτλην,*télh₂t,to lift,1,,kaikki,verb,
train-e0eb7397742bb48d-01,[gae] imir [sga] imm·beir,*bʰer-,nan,2,1730.0,iecor,nan,
train-586a736c08fff554-01,[xlu] 𒅅𒆪𒉿𒅈 [xcl] լեարդ [gle] eochraí [gle] eochair [grc] ἧπαρ [lat] iecur [lat] iocur [xto] ykär [txb] yakär,*yókʷr̥,liver,9,,kaikki,noun,
train-f20b41bb72e0730d-01,[san] dyáuḥ [kam] d′i [kât] d′i [kât] d′ik [kal] dilu [san] diːkâṭ′a,*dei̯-,nan,6,5975.0,iecor,nan,
train-ed51ab375d2d3521-01,[cat] peix [dan] fisk [nld] vis [eng] fish [far] fiskur [fle] visch [fra] poisson [fri] fisk [deu] Fisch [isl] fiskur [gae] iasc [ita] pesce [lad] pesc [por] peixe [nob] fisk [sar] piske [sar] pisce [spa] pez [swe] fisk [wal] pèhon [gae] iasg [lat] piscis [lux] Fësch [fri] pes [sga] íasc [gae] eeast [elf] fisk [old] fisker [ron] pește [dal] pask [nea] pesce [old] poisson [ang] pessun [fra] peusson [old] pez [deu] Fisch [old] peissoun [meg] peaști [old] peix [goh] fisk [old] fisk [mid] visch [ang] fisc [old] fisk [mid] visch [old] fiskr [got] fisks [nor] fisk [por] peixe [mil] pès,*pisk-,nan,50,220.0,iecor,nan,
train-4b3cca18c7f8d116-01,[hit] 𒄩𒀀𒅆 [hit] 𒄩𒀸𒊭𒀭𒍣 [hit] 𒄩𒀸𒊭𒀸 [hit] 𒄩𒀭𒍝𒀸𒊭𒀸 [hit] 𒈗𒍑,*h₂ems-,"to give birth, beget",5,,kaikki,root,
train-5b9033bf3544d5d1-01,[sqi] gjegj,*seh₂⁽g̑⁾-,nan,1,8546.0,iecor,nan,
train-53ee404958035ce1-01,[lit] tavè [lit] tavęs [san] तव [xto] cu [txb] ci,*téwe,genitive singular of *tú(h₂),5,,kaikki,pron,
train-065e139a9702c239-01,[lav] dibȩns [lav] dubȩns [lit] dùgnas [prg] dubnas,*dʰubʰnós,deep,8,,kaikki,adj,
train-19db2c119d4256b3-01,[lit] ãpskritas,*?*(s)k⁽ʷ⁾rei̯-,nan,1,7095.0,iecor,nan,
train-0f737be100f1d407-01,[mkd] trkalezen,*terkʷ-,nan,1,4966.0,iecor,nan,
train-a1dacc94185ef029-01,[oss] tæxyn [oss] tæxun,*tekʷ-,nan,2,3259.0,iecor,nan,
train-9b2426e464975fa7-01,[san] अर्चति [san] अर्च् [san] ऋच्,*h₁erkʷ-,"to praise, to shine, to sound bright",3,,kaikki,root,
train-abe41656a2b2500e-01,[bac] šouo [ave] srū,*k̑er-,nan,2,3385.0,iecor,nan,
train-3b2194b6f77d0f8c-01,[gaw] bai,*bʰag-,nan,1,8747.0,iecor,nan,
train-46ba85d9a6af90a9-01,[gae] lá [gae] là [sga] lae [gae] laa,*leh₁t-,nan,4,1694.0,iecor,nan,
train-be01f8827aae68de-01,[lit] grindis [lat] grunda,*gʰrendʰ-,"beam, plank (wooden board)",2,,kaikki,root,
train-6013d72b305b1d67-01,[far] fjall [isl] fjall [nob] fjell [old] fjall [nor] fjell,*pel-,nan,5,2805.0,iecor,nan,
train-cc892baa74e2e5e4-01,[par] damēd [mid] damēd [sog] fϑam,*dʰmeH-,nan,3,3738.0,iecor,nan,
train-0cf271bca501d8d2-01,[grc] χήρ [lat] ēr,*ǵʰḗr,hedgehog,2,,kaikki,noun,
train-3ef1d63f08d8093c-01,[hit] 𒋗𒌒𒉺𒊑 [san] स्वपिति [san] स्वपति [san] स्वापयति [non] sǿfa [lat] sōpiō [san] सुष्वाप [hit] 𒋗𒌒𒈦𒉿𒀭𒍝 [hit] 𒋗𒌒𒉺𒊑𒅀𒉡𒌦 [grc] ὕπᾰρ [chu] съниѥ [txb] sänmetse [lit] sapnỹs [san] स्वप्न्यम् [lat] somnium [xcl] քուն [lat] somnus [lat] sopor [san] सुप्त [ave] 𐬓𐬀𐬠𐬛𐬀- [san] स्वप्,*swep-,to sleep,41,,kaikki,root,
train-d9a616f444139c44-01,[lit] lygiuoti [lit] lýgus [lav] līdz [lav] līdzīgs [lav] līgt [lit] lygti [prg] līgint [prg] līginton,*leyg-,"similar, like, even, level (e.g. of a surface)",8,,kaikki,root,
train-b594776d957820a0-01,[xcl] erēk [hye] erek [hyw] erēk,*h₁regʷ-,nan,3,5337.0,iecor,nan,
train-533119e1b0343118-01,[xto] was [txb] wes,*wéy,we (more than two),2,,kaikki,pron,
train-4925dbf5a43ca678-01,[gae] míol [gae] mial [sga] míl [gae] meeyl,*meh₁-,nan,4,1721.0,iecor,nan,
train-8f02661a400e66f9-01,[xcl] գառն [grc] ἀρήν,*wr̥h₁ḗn,"lamb in general, or more probably only the male, ram.",2,,kaikki,noun,
train-666d3992002b2b06-01,[sqi] thëri [xcl] անիծ [grc] κονίς,*-níd-,"nit, louse egg",3,,kaikki,noun,
train-f901f270c151bee9-01,[hyw] dełin [hye] dełin [xcl] dełin,*dʰalh₁-,nan,3,3378.0,iecor,nan,
train-4abe65603b779fb1-01,[kho] ganīhāña,*nei̯do-,nan,1,9104.0,iecor,nan,
train-8fbcdf73ab1d53f9-01,[kas] lamon,*lembH-,nan,1,2836.0,iecor,nan,
train-288ad02f9cb37348-01,[san] व्रज॑ति [san] व्राजयति [lat] urgeō [xto] wark [txb] werke [hit] 𒌑𒌨𒆠𒂊𒊭 [hit] 𒌑𒌨𒆠𒄿𒊭 [sqi] urtë,*wreg-,"to track, hunt, follow",8,,kaikki,root,
train-2f5237df39ce570c-01,[san] पाजस्य [lav] paksis [bul] пах [ces] pach [pol] pacha [rus] пах [ukr] паха́ [san] पक्ष [lat] pectus [gle] ucht [gla] uchd [lit] pažasti̇̀s [ces] paže [xcl] հակ [rus] пахва [ukr] пахва,*peg-,"The meaning of this term is uncertain. Possibilities include:, side, flank (of the abdomen), hip, The meaning of this term is uncertain. Possibilities include:, shoulder, armpit; (by extension?) corner, crevice, The meaning of this term is uncertain. Possibilities include:, abdomen, The meaning of this term is uncertain. Possibilities include:, loins",42,,kaikki,root,
train-bccad907842a77ec-01,[lux] haen,*keh₂u̯-,nan,1,7036.0,iecor,nan,
train-ad50549c6d0d3ca1-01,[bel] zmagacca,*magʰ-,nan,1,4995.0,iecor,nan,
train-a62fce262a732543-01,[grc] θέσσασθαι [grc] ποθέω [lit] pasigèsti [lit] pasigendù [cym] gweddi [gle] geis [gle] guí [gla] guidhe [san] गाध [grc] πόθος [xcl] գոթի [lit] gedė́ti [lit] gedžiù [lit] gedáuti [grc] ποθή,*gʷʰedʰ-,"to request, pray, ask for",15,,kaikki,root,
train-2ae5e49a77cfc171-01,[hit] ḫuiš- / ḫuš-,*h₂u̯es-,nan,1,2793.0,iecor,nan,
