input,output,meaning,num_cognates,cognate_set_id
[French] chien [Norman] tchian,*ḱwn-i-,,2,0
[Cornish] pies [English] pie [English] pie [English] magpie [Latin] picus [English] pique [English] pica [Latin] pica [Galician] peto [German] Specht [Dutch] specht [Galician] pega [Portuguese] pega [English] speight [Translingual] Picumnus [Latin] Picumnus [Latin] Iguvium,*(s)peyk-,,17,1
[English] pound [Irish] punt,*pend-,,2,2
[Old Spanish] pie [Spanish] pie [Norman] pi [English] foot [Scots] fit [Zazaki] pa [Romansch] pe [Tocharian A] pe [French] pied [Old Portuguese] pee [Tajik] по [Middle English] fot [Norwegian Bokmål] fot [Norwegian Nynorsk] fot [Old Saxon] fot [Swedish] fot [Catalan] peu [Latin] pes [Baluchi] پاد [Italian] piede [Central Franconian] Fuß [German] Fuß [English] teapoy [Faroese] fótur [Icelandic] fótur [Afrikaans] voet [Dutch] voet [Middle Dutch] voet [Persian] پا [Southern Kurdish] پا [Romansch] pei [Ancient Greek] πούς [Old Norse] fótr [Pashto] پل [Latgalian] pods [Portuguese] pé [Tocharian B] paiyye [Hittite] 𒄊𒀸 [Danish] fod [Gothic] 𐍆𐍉𐍄𐌿𐍃 [Sanskrit] पद् [Romansch] pè [Polish] pieszo [Persian] پای [Romanian] piez [West Frisian] foet [Ancient Greek] πεζός [Northern Kurdish] pî [Umbrian] 𐌐𐌄𐌛𐌉 [Old Dutch] fuot [Russian] пеший [Urdu] پاؤں [Norman] pid [Yiddish] פֿוס [Marathi] पाय [Hindi] पाँव [Albanian] putër [Albanian] poshtë [Ligurian] pê [Parthian] 𐫛𐫀𐫅 [Latvian] pēda [Central Franconian] Foß [Lithuanian] pėda [Polish] spód [Latgalian] pāds [Pali] pāda [Low German] Faut [Celtiberian] ozas [Ancient Greek] πέδη [Ancient Greek] ποδήρης [Ukrainian] піший [Jamtish] fót [Avestan] 𐬞𐬁𐬜𐬀,*pṓds,,73,3
[English] free [Latin] proprius [English] frith [Sanskrit] प्रिय [Indonesian] pria [Welsh] rhydd [Scots] fre [Yiddish] פֿרײַ [Gothic] 𐍆𐍂𐌴𐌹𐍃 [Indonesian] priayi,*priHós,,10,4
[English] free [Dutch] vrij [English] friend [English] fray [German] Freund [Old English] friþ [Old English] freogan [Faroese] fríur [Czech] přítel [Persian] نفرین [West Frisian] frij [Yola] vriene [Vilamovian] fraj [Old Armenian] օրհնեմ [Indonesian] perai,*preyH-,,15,5
[Low German] free [Old Prussian] prei,*prey,,2,6
[English] raven [Old Spanish] cuerpo [Spanish] cuerpo [Catalan] cos [Italian] corpo [Portuguese] corpo,*ḱrep-,,6,7
[English] raven [Lower Sorbian] krowa [Polish] krowa [French] cor [Danish] horn [Faroese] horn [Icelandic] horn [Norwegian Bokmål] horn [Norwegian Nynorsk] horn [Old English] horn [Old High German] horn [Old Norse] horn [Old Saxon] horn [English] crescent [Serbo-Croatian] krava [Slovak] krava [Slovene] krava [English] cereal [Ancient Greek] κόρος [Ancient Greek] κόρος [Italian] crescere [Latin] creo [English] Herne [German] Horn [English] Ceres [Cebuano] Ceres [Spanish] crecer [French] croître [Old Irish] cerc [German] Hirse [Old High German] hirso [Portuguese] rena [Czech] kráva [Old Czech] kráva [Dutch] hoorn [Latin] cresco [Catalan] créixer [Belarusian] карова [Gothic] 𐌷𐌰𐌿𐍂𐌽 [Latin] creber [Afrikaans] horing [Portuguese] cério [Romanian] crește [Portuguese] crescer [Mycenaean Greek] 𐀒𐀺 [Old English] horu [Yiddish] הירזש [Sanskrit] शृङ्खल [Konkani] साकळी [Kalasha] ṣiŋ [Ancient Greek] καῖρος [Old Frisian] hrither [Ancient Greek] κέλωρ [Indonesian] sereal,*ḱer-,,54,8
[English] word [Middle English] word [Latin] verbum [French] verve [Danish] ord [Middle English] verbe [Scots] wird [Afrikaans] woord [Dutch] woord [Norwegian Bokmål] verbo [North Frisian] wurd [Galician] verba [Indonesian] verba [Yiddish] וואָרט [Gothic] 𐍅𐌰𐌿𐍂𐌳 [Limburgish] waord [Latvian] vārds [Umbrian] 𐌖𐌄𐌓𐌚𐌀𐌋𐌄 [Central Franconian] Woot [Norwegian Bokmål] a verbo,*werdʰh₁om,,20,9
[Old English] word [Volapük] lol [English] rose [Latin] rosa [Arabic] ورد,*wr̥dʰos,,5,10
[English] crow [Old English] crawan,*gerH-,,2,11
[English] February [English] dye [English] down [English] dust [English] dew [Swedish] dy [English] steam [English] duvet [French] duvet [Swedish] tun [English] dun [Old English] dun [English] dusk [Scots] Februar [German] Tau [Portuguese] feder [Irish] dé [Old Irish] dé [Spanish] heder [Latin] fimum [English] Davenport [Latin] favilla [Icelandic] dögg [Faroese] tún [Icelandic] tún [Old Norse] tún [Ancient Greek] θεῖον [Faroese] døgg [Scottish Gaelic] dùil [English] furibund [Russian] тимьян [Ancient Greek] Τυφῶν [Swedish] dagg [English] dweomer [Old English] -tun [Latin] fuscus [Latin] suffio [Ancient Greek] θύω [Middle English] toun [Latin] furo [Dutch] dauw [Latin] feteo [Old English] deaw [Old English] dox [Old English] dwimor [Ancient Greek] θύμος [Albanian] duf [Icelandic] dý [Albanian] ndyj [Irish] dúil [Hindi] धूसर [Norwegian Bokmål] dugg [Urdu] دھوسر [Old Norse] dyja [Old Norse] dǫgg [Ancient Greek] θύος [Ancient Greek] τύφω [Lithuanian] dujos,*dʰewh₂-,,58,12
[English] February [Italian] febbre [Scots] Februar [Catalan] febre [French] fièvre [Latin] febris [Romanian] fior [Spanish] fiebre,*dʰegʷʰris,,8,13
[English] January [Portuguese] ir [Romansch] ir [Spanish] ir [Sanskrit] इ [Czech] jet [Swedish] ed [English] yode [Swedish] id [Spanish] enero [English] ambit [English] errant [English] arrant [Scots] Januar [English] eid [Norwegian Bokmål] eid [Norwegian Nynorsk] eid [Albanian] iki [French] Ain [Persian] آمدن [Tocharian A] i- [Tocharian B] i- [English] introit [Romansch] eir [Sicilian] jiri [Albanian] eja [Neapolitan] jí [German] eilen [Portuguese] janela [Albanian] jakë [Serbo-Croatian] ići [Luwian] 𒄿𒋾 [Polish] iść [Albanian] erë [Mycenaean Greek] 𐀂𐀍𐀳 [Hittite] 𒄿𒅀𒀜𒋫 [Old English] eode [Phrygian] ειτου [Italian] gire [Persian] جن [Persian] آی [Serbo-Croatian] ићи [Portuguese] íon [Slovak] ísť [Indonesian] jendela [Gothic] 𐌹𐌳𐌳𐌾𐌰 [Indonesian] Januari [Belarusian] ісці [Old Portuguese] janella [English] itive [Latin] ianiculum [Avestan] 𐬀𐬉𐬙𐬍 [Tocharian B] mäs- [Ancient Greek] ἰταμός,*h₁ey-,,54,14
[English] march [English] march [Icelandic] mars [Indonesian] mars [Catalan] marge [French] marge [Old French] marche [Galician] marco [Portuguese] marco [Galician] marcar [Galician] marca [Romanian] margine [Persian] مرز [Spanish] marqués [Polish] marchia [Galician] comarca [Galician] marxa [Dutch] marginaal [Latin] margo [Galician] demarcar [Portuguese] marquês [Latin] Morgantia [Galician] marxe [Ancient Greek] Μοργαντίνη [Irish] meirg [Scottish Gaelic] meirg [Walloon] måtche,*merǵ-,,27,15
[English] march [French] mare [Italian] mare [Latin] mare [Romanian] mare [Afrikaans] meer [Dutch] meer [French] mer [Middle French] mer [Old French] mer [Romansch] mer [Walloon] mer [Finnish] meri [Ingrian] meri [Serbo-Croatian] more [Slovak] more [English] marine [English] moor [Catalan] mar [Old Portuguese] mar [Portuguese] mar [Romansch] mar [Spanish] mar [Venetian] mar [English] cormorant [English] mere [Breton] mor [Cornish] mor [Cebuano] marins [Norman] mé [Russian] морской [Bulgarian] море [Russian] море [Serbo-Croatian] море [Ukrainian] море [Russian] моряк [Ukrainian] моряк [Aromanian] amari [Cebuano] marino [Spanish] marino [Irish] muir [Scottish Gaelic] muir [Dalmatian] mur [Spanish] marinar [Polish] morze [Czech] moře [Old Czech] moře [English] Muriel [French] Muriel [English] Morava [Old Church Slavonic] морѥ [Romagnol] mêr [Belarusian] мора [Lower Sorbian] mórjo [Slovene] morje [Old Norse] marr [Manx] mooir [Welsh] môr [Upper Sorbian] morjo [Kashubian] mòrzé [Istro-Romanian] måre [Lithuanian] marios [Ligurian] mâ [Latin] Marica [Gothic] 𐌼𐌰𐍂𐌴𐌹 [Sanskrit] मर्यादा [Sanskrit] मीर [Latin] Marus,*móri,,68,16
[English] month [English] moon [Polish] miesiąc [Norwegian Bokmål] mm [Middle Dutch] mane [Slovak] mesiac [Old English] mona [Old Frisian] mona [Catalan] mes [Spanish] mes [Italian] mese [Czech] měsíc [Norwegian Nynorsk] månad [Swedish] månad [Northern Kurdish] meh [Welsh] mis [Central Franconian] Mond [Luxembourgish] Mount [English] Moon [Icelandic] mánuður [Danish] måned [Norwegian Bokmål] måned [Danish] måne [Norwegian Bokmål] måne [Norwegian Nynorsk] måne [Swedish] måne [Latin] mensis [French] mois [Irish] mí [Old Irish] mí [Afrikaans] maand [Dutch] maand [Afrikaans] maan [Dutch] maan [Belarusian] месяц [Russian] месяц [Serbo-Croatian] mesec [Slovene] mesec [Serbo-Croatian] мјесец [Serbo-Croatian] mjesec [Bulgarian] месец [Macedonian] месец [Serbo-Croatian] месец [Portuguese] mês [Faroese] máni [Icelandic] máni [Old Norse] máni [Old Armenian] ամիս [Bengali] মাস [Lithuanian] mėnuo [Manx] mee [Scottish Gaelic] mìos [Ancient Greek] μήν [Faroese] mánaður [Persian] ماه [Macedonian] месечина [Ancient Greek] Μήνη [Scots] muin [Old Church Slavonic] мѣсѧць [Old East Slavic] мѣсѧць [Tocharian A] mañ [Tocharian B] meñe [Lower Sorbian] mjasec [Upper Sorbian] měsac [Ukrainian] місяць [Kashubian] miesądz [Greek] μήνας [Sanskrit] मास [English] manilla [Northern Sami] mánnu [West Frisian] moanne [West Frisian] moanne [Norman] meis [Walloon] moes [Latvian] mēnesis [Luxembourgish] Mound [Latvian] mēness [Middle Persian] 𐭡𐭩𐭥𐭧 [Gothic] 𐌼𐌴𐌽𐌰 [Limburgish] maon [Hindi] माह [Avestan] 𐬨𐬁𐬵 [Ancient Greek] μείς [Norwegian Bokmål] amenoré [Norwegian Bokmål] amenore [Ligurian] méize [Sanskrit] मास् [Mòcheno] mu' [Norn] måni [Ukrainian] Місяць [Belarusian] Месяц [Norwegian Bokmål] ddmmåå [Norwegian Bokmål] ddmmåååå [Norwegian Bokmål] dd/mm/åå [Norwegian Bokmål] DDMMÅÅÅÅ [Norwegian Bokmål] DD/MM/ÅÅ [Norwegian Bokmål] DD/MM/ÅÅÅÅ [Norwegian Bokmål] dd/mm/åååå [Norwegian Bokmål] DDMMÅÅ [Old Frisian] monath,*mḗh₁n̥s,,100,17
[English] month [Indonesian] meter [Manx] moo [English] meal [Irish] mó [Old Irish] mó [Latin] meta [Albanian] mas [Latin] nimis [Old English] mæl [Ancient Greek] μέτρον [Dutch] maal [Sanskrit] मान [Hungarian] mér [Scottish Gaelic] mò [Portuguese] medir [Spanish] medir [Welsh] mwy [Persian] مات [Polish] miara [Serbo-Croatian] мјера [Latin] metior [Italian] meda [Latvian] mēness [Polish] śmieć [Sanskrit] मात्रा [Sanskrit] मा [Konkani] मेज्चे [Marathi] मोजणे [Old Marathi] मेजणे [Ancient Greek] μῆτις [Old Marathi] 𑘦𑘹𑘕𑘜𑘹,*meh₁-,,32,18
[English] brown [English] bear [English] berry [English] Bern [French] barre [English] berserk [English] berserker [Dutch] boren [Middle Dutch] boren [Old Norse] berja [Albanian] bie [Latin] foro [Lithuanian] burna [Czech] bort [Italian] ferire [Lower Sorbian] broń [Galician] buraco [Latin] ferio [Lithuanian] barnis [Persian] بور [Ancient Greek] φάρος [Old Armenian] բորենի [Scottish Gaelic] beàrn [Portuguese] ferida [Ladino] burako [Albanian] birë [Portuguese] brejo [Lithuanian] biržė [Lithuanian] barti [Albanian] brimë [Welsh] brwydr [Ancient Greek] πέρθω [Alemannic German] Bärn [Old Irish] bríathar [English] braird [Latin] ferentarius [Irish] bearna [Old Armenian] բիր [Ancient Greek] φρύνη [Latvian] bȩ̃rs [Marshallese] būrawūn,*bʰerH-,,41,19
[English] may [English] magic [English] main [Ancient Greek] μηχανή [English] dismay [English] Magi [German] mögen [Russian] мочь [English] amain [Russian] может быть [Russian] помочь [Ancient Greek] Μάγος [Ancient Greek] μῆχος [Old Irish] smacht [Old Church Slavonic] мощи [Old Norse] úmagi [Sanskrit] मघ,*megʰ-,,17,20
[English] June [Latin] iuvenis [Baluchi] جوان [Persian] جوان [Urdu] جوان [Sanskrit] युवन् [Northern Kurdish] ciwan [Zazaki] ciwan [Latvian] jauns [Sicilian] giùvini [Indonesian] yuwana [Sudovian] iaunis,*h₂yéwHō,,12,21
[English] June [Indonesian] Juni [Old Norse] ey [Sanskrit] आयु [Albanian] javë [Italian] evo [Scots] Juin [Persian] جور [Ancient Greek] ἄν [Gothic] 𐌰𐌹𐍅𐍃 [Old Armenian] յաւէժ [Sanskrit] आयुस्,*h₂óyu,,12,22
[English] august [Albanian] ag [Tocharian B] oko [English] eke [English] eke [Latin] augur [Norwegian Bokmål] og [Old English] eacan [Ancient Greek] αὐξάνω [Irish] uasal [Scottish Gaelic] uasal [Swedish] öka [Danish] vokse [Faroese] eyka [Ancient Greek] αὐγή [Persian] اوج [Greek] αυγή [English] ean [Gothic] 𐌰𐌿𐌺 [Latvian] augt [Lithuanian] augti [Pali] ugga [Lithuanian] aukštas [Danish] øge [Arabic] أوج [Tocharian B] auk- [Sanskrit] ओजोदा [Norwegian Bokmål] Troms og Finnmark [Sudovian] augd [Sanskrit] उक्षति,*h₂ewg-,,30,23
[English] September [Indonesian] September [Malay] September [English] seven [Catalan] set [Romansch] set [Walloon] set [Greek] επτά [Latin] septem [French] sept [Norman] sept [Corsican] sette [Italian] sette [Dutch] zeven [Zealandic] zeven [Spanish] siete [Indonesian] hepta- [Slovak] sedem [Slovene] sedem [Norwegian Bokmål] sju [Swedish] sju [Romansch] seat [Yiddish] זיבן [Welsh] saith [Northern Kurdish] heft [Russian] семь [Icelandic] sjö [Serbo-Croatian] sedam [Serbo-Croatian] седам [Aragonese] semana [Cebuano] semana [Chavacano] semana [German] sieben [Danish] syv [Portuguese] sete [Sardinian] sete [Ancient Greek] ἑπτά [Romanian] șapte [West Frisian] sân [Norwegian Nynorsk] sjau [Old Norse] sjau [Breton] seizh [Hindi] सात [Polish] siedem [Czech] sedm [Faroese] sjey [Persian] هفت [Romansch] siat [Istro-Romanian] șåpte [Old Church Slavonic] седмь [Tocharian B] ṣukt [Tocharian A] ṣpät [Urdu] سات [Scottish Gaelic] seachd [Afrikaans] sewe [Kashubian] sétmë [Gothic] 𐍃𐌹𐌱𐌿𐌽 [Sanskrit] सप्तन् [Middle Welsh] seith [Irish] seacht [Occitan] sèt [German Low German] sæben [Old Armenian] եօթն [Lithuanian] septyni [Assamese] সাত [Bengali] সাত [Ido] sep [Manx] shiaght [Middle Irish] secht [Old Irish] secht [Cornish] seyth [Old Swedish] siu [Macedonian] седум [Bulgarian] седем [Belarusian] сем [Gaulish] sextam [Punjabi] ਸੱਤ [Latgalian] septeni [Pali] satta [Ukrainian] сім [Ligurian] sètte [German Low German] sëwe [Pashto] اووه [Telugu] సప్తము [Malay] sapta [Central Kurdish] حەوت [Lower Sorbian] sedym [Upper Sorbian] sydom [Old Polish] siedm [Mansi] са̄т [Aromanian] shapti [Emilian] sêt [Judeo-Tat] хьэфд [Gujarati] સાત [Kachchi] સાત [Central Franconian] sibbe [Sylheti] ꠢꠣꠔ [Avestan] 𐬵𐬀𐬞𐬙𐬀 [Old Prussian] septmas [Kashmiri] سَتھ [Norwegian Nynorsk] sjaug [Indonesian] sapta- [Old Ruthenian] семъ,*septḿ̥,,103,24
[Luxembourgish] A [Old Frisian] age [Norman] u [German] Auge [Norman] yi [Afrikaans] oog [Dutch] oog [Swedish] öga [West Frisian] each [Italian] occhiali [Danish] øje [Bulgarian] око [Macedonian] око [Old Church Slavonic] око [Old East Slavic] око [Russian] око [Rusyn] око [Serbo-Croatian] око [Ukrainian] око [Czech] oko [Old Czech] oko [Polish] oko [Serbo-Croatian] oko [Slovak] oko [Slovene] oko [Pali] akkhi [German] Aug [Gutnish] auga [Icelandic] auga [Norwegian Nynorsk] auga [Old Norse] auga [Esperanto] okulo [Ido] okulo [Norwegian Bokmål] øye [Urdu] آنکھ [Bundeli] आँख [Hindi] आँख [Faroese] eyga [Romansch] îl [Norwegian Bokmål] akt [Gothic] 𐌰𐌿𐌲𐍉 [Belarusian] вока [Lower Sorbian] woko [Upper Sorbian] woko [Lithuanian] akis [Samogitian] akis [Ancient Greek] ὁράω [Kashubian] òkò [Northern Kurdish] enî [Italian] occhiale [Old Armenian] ակն [Old French] ueil [Pennsylvania German] Aag [Romansch] egl [Walloon] ouy [Old Occitan] olh [Latvian] akls [Vilamovian] aojg [Romansch] ögl [Romansch] îgl [Old High German] ouga [Norman] ieil [Gallo] uélh [Slovincian] vʉɵ̯kɵ [Ancient Greek] ὄμμα [Gujarati] આંખ [Ancient Greek] ὄσσομαι [Ancient Greek] ὀπή [Zealandic] oôge [Ancient Greek] ὄπις [Ancient Greek] ὄπεας [Greek] κιάλι [Kashmiri] ॳछ [Tocharian B] ekṣalye [Tocharian A] opṣäly,*h₃ekʷ-,,75,25
[Scots] A [Dutch] ik [German Low German] ik [Middle English] ik [North Frisian] ik [Old Frisian] ik [Old Saxon] ik [West Frisian] ik [Albanian] mi [Sardinian] eo [Leonese] you [Breton] me [Romansch] ia [Danish] jeg [Norwegian Bokmål] jeg [English] ich [Central Franconian] ich [Crimean Gothic] ich [German] ich [Hunsrik] ich [Swedish] jag [Albanian] ne [Old Portuguese] eu [Portuguese] eu [Romanian] eu [Romansch] eu [Sassarese] eu [Latgalian] es [Romansch] jeu [French] je [Lower Sorbian] ja [Polish] ja [Serbo-Croatian] ja [Slovak] ja [Upper Sorbian] ja [Romansch] eau [Faroese] eg [Icelandic] eg [Norn] eg [Norwegian Nynorsk] eg [Belarusian] я [Russian] я [Rusyn] я [Ukrainian] я [Icelandic] ek [Old Norse] ek [Aromanian] io [Istro-Romanian] io [Italian] io [Indonesian] ego [Latin] ego [Greek] εγώ [Pontic Greek] εγώ [Spanish] yo [Indonesian] eke [Sanskrit] अहम् [Catalan] jo [Catalan] jo [Friulian] jo [Silesian] jo [Northern Kurdish] ez [Old Irish] mé [Domari] ama [Sardinian] deo [English] I [Middle English] I [Norwegian Nynorsk] I [Scots] I [Icelandic] ég [German] icke [Old English] ic [Old Saxon] ic [English] utchy [Serbo-Croatian] ја [Old Armenian] ես [Romansch] jou [Dogri] मैं [Hindi] मैं [Kumaoni] मैं [Old Hindi] मैं [Hindi] हम [Romansch] jau [Old High German] ih [Ancient Greek] ἐγώ [Albanian] mua [Bulgarian] аз [Old Novgorodian] ѧ [Manx] mee [Yiddish] איך [Assamese] আমি [Bengali] আমি [Kamta] আমি [Yevanic] אגו [German] ick [Low German] ick [Serbo-Croatian] jaz [Slovene] jaz [Old Church Slavonic] азъ [Lithuanian] aš [Old Persian] 𐎠𐎭𐎶 [Kashubian] jô [Tocharian A] ñuk [Macedonian] јас [Carian] 𐊲𐊼 [Pashto] زه [Old Armenian] իմ [Old Armenian] իմ [Gothic] 𐌹𐌺 [Albanian] në [Elfdalian] ig [Venetic] 𐌌𐌄𐌙𐌏 [Old Swedish] iak [Proto-Norse] ᛖᚲ [Walloon] dji [Ancient Greek] ἐμός [Old East Slavic] ꙗзъ [Assamese] মই [Early Assamese] মই [Jersey Dutch] äk [Ancient Greek] ἐμέ [Old Danish] iegh [Sanskrit] अस्माक [Marathi] आम्ही [Old Novgorodian] ѧꙁо [Punjabi] ਅਸੀਂ [Hittite] 𒌑𒊌 [Konkani] हांव [Faliscan] 𐌄𐌒𐌏 [Bengali] আঁই [Awadhi] मइ [Ashokan Prakrit] 𐨀𐨀𐨎 [Ashokan Prakrit] 𐨀𐨱𐨎 [Bundeli] मै [Avestan] 𐬀𐬰𐬇𐬨 [Bengali] হামি [Tsakonian] εζού [Sanskrit] मया [Dhivehi] މަ [Corsican] eiu [Kholosi] māy [Venetic] 𐌄𐌙𐌏 [Silesian] jŏ [Bengali] মুই [Ossetian] ӕз,*éǵh₂,,144,26
[English] October [English] eight [Latin] octo [French] huit [Norman] huit [Dutch] acht [German] acht [West Frisian] acht [Zealandic] acht [Central Franconian] ach [English] octagon [Cornish] eth [Spanish] ocho [Swedish] åtta [Ido] ok [Yiddish] אַכט [Welsh] wyth [Romanian] opt [Slovak] osem [Slovene] osem [Russian] восемь [Indonesian] Oktober [Old High German] ahto [Old Saxon] ahto [Serbo-Croatian] osam [Serbo-Croatian] осам [Faroese] átta [Icelandic] átta [Old Norse] átta [Old English] eahta [Norwegian Nynorsk] åtte [Danish] otte [Sardinian] oto [Catalan] vuit [Breton] eizh [Old Armenian] ութ [Hindi] आठ [Portuguese] oito [Urdu] آٹھ [Polish] osiem [Malay] asta [Ancient Greek] ὀκτώ [Czech] osm [Aromanian] optu [Old Church Slavonic] осмь [Old Swedish] atta [Tocharian A] okät [Tocharian B] okt [Scottish Gaelic] ochd [Afrikaans] agt [Kashubian] òsmë [Corsican] ottu [Irish] ocht [Old Irish] ocht [Persian] هشت [Tajik] ҳашт [Ossetian] аст [Crimean Gothic] athe [Lithuanian] aštuoni [Bengali] আট [Macedonian] осум [Manx] hoght [Greek] οκτώ [Middle Dutch] achte [Bulgarian] осем [Sinhalese] අට [Belarusian] восем [Ukrainian] вісім [Luxembourgish] aacht [Gothic] 𐌰𐌷𐍄𐌰𐌿 [Pashto] اته [Baluchi] ہشت [Telugu] అష్ట [Aragonese] ueit [Aragonese] ueito [Sanskrit] अष्ट [Central Kurdish] ھەشت [Northern Kurdish] heşt [Zazaki] heşt [Lower Sorbian] wósym [Upper Sorbian] wosom [Upper Sorbian] wósom [Bactrian] αταο [Vilamovian] aocht [Emilian] ôt [Pali] aṭṭha [Gujarati] આઠ [Traveller Norwegian] åkta [Kalasha] aṣṭ [Kashmiri] ٲٹھ [Konkani] आट [Assamese] আঠ [Ligurian] éutto [Scots] aicht [Middle English] eighte [Avestan] 𐬀𐬱𐬙𐬀 [Old Prussian] asmus [Vaghri] અઠ્ઠ [Aragonese] güeito [Khowar] اوݰٹ [Fijian] Okotova [Latgalian] ostoni [Sanskrit] अष्टम [Avestan] 𐬀𐬱𐬙𐬆𐬨𐬀 [Bengali] আষ্ট [Indonesian] asta- [Gaulish] oxtu,*oḱtṓw,,107,27
[English] November [Indonesian] November [Malay] November [English] nine [Scots] nine [Ido] non [Greek] εννέα [Danish] ni [Norwegian Bokmål] ni [Latin] novem [Corsican] nove [Galician] nove [Italian] nove [Portuguese] nove [French] neuf [Norman] neuf [Dutch] negen [Middle Dutch] negen [Aragonese] nou [Catalan] nou [Spanish] nueve [Old Swedish] nio [Swedish] nio [Yiddish] נײַן [Cornish] naw [Welsh] naw [Romansch] nov [Breton] nav [Slovak] deväť [Russian] ноябрь [Tocharian A] ñu [Tocharian B] ñu [Russian] девять [Serbo-Croatian] devet [Slovene] devet [Bulgarian] девет [Serbo-Croatian] девет [English] ennead [Icelandic] níu [Old Norse] níu [German] neun [Old English] nigon [Pashto] نه [Persian] نه [Irish] naoi [Scottish Gaelic] naoi [Romanian] nouă [Northern Kurdish] neh [Hindi] नौ [Polish] dziewięć [West Frisian] njoggen [Faroese] níggju [Ancient Greek] ἐννέα [Baluchi] نو [Urdu] نو [Czech] devět [Latgalian] deveni [Old Church Slavonic] девѧть [Old Ruthenian] девѧть [Kashubian] dzewiãc [Sardinian] noe [Sanskrit] नवन् [Lithuanian] devyni [Bengali] নয় [Afrikaans] nege [Malay] nawa [Gujarati] નવ [Manx] nuy [Old Irish] noí [Greek] εννιά [Umbrian] 𐌍𐌖𐌅𐌉𐌌 [Assamese] ন [Latvian] deviņi [Belarusian] дзевяць [Ukrainian] дев'ять [Gothic] 𐌽𐌹𐌿𐌽 [Romansch] nouv [Aragonese] nueu [Aromanian] noauã [Middle English] nyne [Central Kurdish] نۆ [Lower Sorbian] źewjeś [Upper Sorbian] dźewjeć [Old Persian] 𐎴𐎺𐎶 [Marathi] नऊ [Konkani] णव [Ligurian] nêuve [Cebuano] nuybe [Avestan] 𐬥𐬀𐬎𐬎𐬀 [Old Prussian] newīnts [Kashmiri] نَو [Assamese] নউ [Kashubian] dzewińc [Sanskrit] नवम [Avestan] 𐬥𐬀𐬊𐬨𐬀 [Indonesian] nawa- [Polish] dziewiątka [Old Prussian] newīnjai,*h₁néwn̥,,98,28
[English] verb [Ido] vorto [Norwegian Bokmål] ord [Norwegian Nynorsk] ord [Swedish] ord [Faroese] orð [Icelandic] orð [Old Norse] orð [Ido] verbo [Italian] verbo [Portuguese] verbo [Spanish] verbo [Lithuanian] vardas [Yiddish] ווערב [Persian] ورد [Norman] vèrbe [Gutnish] ård,*werdʰo-,,17,29
[English] hour [German] Uhr [Latin] hora [Portuguese] hora [Old High German] jar [Old Saxon] jar [Faroese] ur [Swedish] ur [Swedish] år [French] heure [Marshallese] awa [Pohnpeian] awa [Afrikaans] jaar [Dutch] jaar [Venetian] óra [Cebuano] oras [Tsakonian] ούρα [Greek] ώρα [Hebrew] ירדן [Irish] uair [Scottish Gaelic] uair [Middle Dutch] jaer [Middle Irish] úar [Old Irish] úar [Sanskrit] यातु [Manx] oyr [West Flemish] joar [Limburgish] jaor,*yeh₁-,,28,30
[English] trade [Sanskrit] द्राति [Middle Armenian] արտորալ,*drā-,,3,31
[Galician] trade [English] throw [English] trout [English] turn [Latin] trio [Breton] tor [English] terse [English] threshold [Latin] tero [Welsh] taro [Dutch] draaien [English] truant [English] dreidel [Latin] tornus [English] derma [Galician] tornar [Middle English] turnen [Spanish] destornillador [Ancient Greek] τρώγω [Icelandic] þráður [English] detritivore [Portuguese] trado [Serbo-Croatian] trti [Ancient Greek] τρίβω [Galician] tranca [Portuguese] tranca [Spanish] tranca [Serbo-Croatian] трти [Russian] тереть [Latin] tribulum [Latin] tarmes [Scots] thrashel [Irish] tairne [Irish] tarr [Yiddish] דרייען [Lower Sorbian] trěś [Ancient Greek] τιτρώσκω [Latin] tructa [Polish] trzeć [Middle Dutch] drayen [Spanish] desatornillar [Galician] trangallo [Ancient Greek] τόρμος [Ancient Greek] τόρνος [Scots] thraw [Swedish] tröska [Middle English] threschald [Ancient Greek] τείρω [Ancient Greek] πολύτρητος [Kashubian] trzéc [Lithuanian] tirti,*terh₁-,,51,32
[English] deal [English] deal [Polish] deal,*dʰail-,,3,33
[English] head [Norwegian Bokmål] cappella [Latin] caput [Latin] cappa [Gothic] 𐌷𐌰𐌿𐌱𐌹𐌸 [North Frisian] Haur,*káput-,,6,34
[English] ab- [Indonesian] ab- [Dutch] van [English] off [Old Portuguese] abrir [Portuguese] abrir [English] apo- [Indonesian] apo- [Norwegian Nynorsk] apo- [Mycenaean Greek] 𐀀𐀢 [Sanskrit] अप- [Old Persian] 𐎠𐎱 [English] apricate [Zazaki] apê [Irish] apa-,*h₂epo,,15,35
[Manx] fa [English] Odin [English] Vatican [Sanskrit] वात [English] vates [Irish] fáth [Old Irish] fáth [Spanish] Odín [Old Norse] óðr [Old Armenian] գութ [Persian] انفست [Gaulish] uatis [Polish] Odyn [Russian] Один,*weh₂t-,,14,36
[Old Irish] fa [Slavomolisano] bit [English] future [English] was [Irish] both [Portuguese] bosque [English] build [Spanish] ir [Latin] -bo [English] physics [French] être [Albanian] bij [Spanish] ser [English] imp [Latin] fio [Serbo-Croatian] biti [Slovene] biti [Old High German] busk [French] bouquet [English] bush [Latin] fui [Latin] fore [Romanian] fi [English] bond [Esperanto] futuro [English] apophysis [English] booth [Old Irish] baile [Welsh] bod [Old Irish] bí [Albanian] bung [Polish] być [Upper Sorbian] być [Old Saxon] wesan [Lithuanian] būti [Old Prussian] buttan [Hindi] होना [Old Hindi] होना [Old Armenian] բայ [Italian] fossi [Faroese] búgva [Serbo-Croatian] бити [Albanian] bimë [English] battue [Bulgarian] бит [Sanskrit] भू [Latin] tribus [Latvian] būt [Lower Sorbian] byś [Breton] bezañ [Polish] bukiet [Latin] futurus [Sanskrit] भूमि [Punjabi] ہونا [Urdu] ہونا [Middle English] bour [Persian] بوم [Lithuanian] butas [English] bosk [Old French] fisicien [Belarusian] быць [Old English] profian [Northern Kurdish] bûn [Baluchi] بوگ [Middle Persian] bwm [Albanian] bisht [Albanian] bushtër [Latin] -bundus [Greek] βυζί [Sanskrit] भव [Pali] bhavati [Punjabi] ਹੋਣਾ [Russian] бокаж [Avestan] 𐬠𐬏𐬨𐬌 [Gujarati] હોવું [Shina] बोनॊ [Ashokan Prakrit] 𑀪𑀯𑀢𑀺 [Assamese] ভূঁই [Old Irish] buith,*bʰuH-,,79,37
[English] name [Middle English] name [Esperanto] nomo [Friulian] non [Old Welsh] anu [Norwegian Nynorsk] namn [Swedish] namn [Afrikaans] naam [Dutch] naam [Baluchi] نام [Persian] نام [Urdu] نام [Latin] nomen [Indonesian] nama [Malay] nama [Old English] nama [Asturian] nome [Galician] nome [Istro-Romanian] nome [Italian] nome [Mirandese] nome [Old Portuguese] nome [Portuguese] nome [Ossetian] ном [Tajik] ном [English] onomastics [Catalan] nom [French] nom [Istriot] nom [Kamkata-viri] nom [Norman] nom [Occitan] nom [Old French] nom [Old Occitan] nom [Irish] ainm [Middle Irish] ainm [Scottish Gaelic] ainm [Bulgarian] име [Macedonian] име [Serbo-Croatian] име [Serbo-Croatian] ime [Slovene] ime [Russian] имя [Romansch] num [Czech] jméno [Ladino] nombre [Icelandic] nafn [Old Norse] nafn [Danish] navn [Faroese] navn [Norwegian Bokmål] navn [Slovak] meno [Sicilian] nomu [Romanian] nume [Greek] όνομα [Polish] imię [Walloon] no [West Frisian] namme [Middle Welsh] enw [Welsh] enw [Pashto] نوم [Albanian] emër [Yiddish] נאָמען [Lower Sorbian] mě [Galician] nomear [Portuguese] nomear [Swedish] nämna [Tocharian B] ñem [Tocharian A] ñom [Sanskrit] नामन् [Old Persian] 𐎴𐎠𐎶𐎠 [Old Persian] 𐎴𐎠𐎶 [Gothic] 𐌽𐌰𐌼𐍉 [Primitive Irish] ᚐᚅᚋ [Hittite] 𒆷𒀀𒈠𒀭 [Umbrian] 𐌍𐌏𐌌𐌄 [Kashubian] miono [Polabian] jaimă [Polabian] jaimą [Upper Sorbian] imje [Upper Sorbian] mje [Umbrian] 𐌍𐌖𐌌𐌄𐌌 [Old Prussian] emmens [Old Prussian] emnen [Upper Sorbian] mjeno [Phrygian] ονομαν [Breton] anv [Serbo-Croatian] jime [Assamese] নাম [Bengali] নাম [Ligurian] nomme [Manx] ennym [Old Irish] ainmm [Kashmiri] ناو [Cornish] hanow [Kashmiri] नाव [Konkani] नाव [Marathi] नाव [Aromanian] numã [Middle Persian] ŠM [Gujarati] નામ [Avestan] 𐬥𐬁𐬨𐬀𐬥 [Burmese] နာမ် [Norwegian Bokmål] nemnd [Assamese] নাও [Punjabi] ਨਾਂ [Kachchi] નાલો [Belarusian] імя [Ashkun] nām [Waigali] nām [Old Swedish] nampn [Sardinian] numene [Norwegian Bokmål] abortnemnd [Sardinian] nomene [Norwegian Nynorsk] nabn,*h₁nómn̥,,115,38
[English] a- [English] oakum [English] ur- [English] or-,*uds-,,4,39
[English] a- [Latin] cum [Irish] go [English] gain [English] community [Fala] con [Italian] con [Old Portuguese] con [Spanish] con [Old Irish] co [Lithuanian] su [Middle English] y- [Gaulish] con- [English] comply [English] galore [English] custom [Afrikaans] ge- [Dutch] ge- [German] ge- [Limburgish] ge- [Old English] ge- [English] costume [French] costume [Galician] costume [Italian] costume [Old French] costume [Portuguese] costume [English] epicene [English] yearning [English] consistent [Portuguese] com [English] Hansard [Romanian] cu [Latin] contra [English] conglomerate [English] conventicle [Middle English] conventicle [Corsican] cù [Scottish Gaelic] cumhang [English] consuetude [Old French] consuetude [Greek] κοινός [Norwegian Bokmål] konto [Leonese] cun [Sardinian] cun [Sassarese] cun [English] Hanse [Faroese] gagn [Icelandic] gagn [Swedish] gagn [Norwegian Bokmål] komparativ [Norwegian Bokmål] kontrakt [French] coutume [Old Armenian] սովոր [Middle French] coustume [Old French] coustume [Latin] consuetudo [Irish] comh- [Old French] custume [Old Irish] cumung [Irish] cúng [Welsh] cyfyng [Latin] consuesco [Old Dutch] gi- [Old High German] gi- [Old Saxon] gi- [Latin] consuetus [Gothic] 𐌲𐌰- [English] kastom [Tok Pisin] kastom [Norwegian Bokmål] koeffisient [Yola] ee- [Norwegian Bokmål] ab-kontrakt [Old Irish] cét- [Norwegian Bokmål] absolutt komparativ [Norwegian Bokmål] absorberingskoeffisient [Norwegian Bokmål] absorpsjonskoeffisient [Tocharian B] kätk-,*ḱóm,,78,40
[Indonesian] a- [Indonesian] a- [Norwegian Bokmål] a- [Polish] a- [Portuguese] a- [Serbo-Croatian] a- [Swedish] o- [Norwegian Bokmål] atom [English] un- [German] un- [Old English] un- [Old High German] un- [Italian] in- [Latin] in- [Irish] an- [Irish] an- [Middle Welsh] an- [Old Irish] an- [Polish] an- [Welsh] an- [Dutch] on- [Middle Dutch] on- [Ancient Greek] ᾍδης [Norwegian Bokmål] abasi [Greek] α- [Ancient Greek] ἀν- [Ancient Greek] ἀ- [Faroese] ó- [Icelandic] ó- [Russian] урод [Serbo-Croatian] а- [English] anuran [Armenian] ան- [Middle Armenian] ան- [Old Armenian] ան- [Norwegian Bokmål] u- [Sanskrit] अन- [Sanskrit] अ- [Old Irish] é- [Irish] éa- [Welsh] agor [Latin] infirmus [Gothic] 𐌿𐌽- [Norwegian Bokmål] a-bombe [Norwegian Bokmål] atom- [Limburgish] ón- [German] Unschuld [Norwegian Bokmål] amenoré [Norwegian Bokmål] amenore [Norwegian Bokmål] uforsonlig [Norwegian Bokmål] uforsonlighet [Irish] anúra [Ancient Greek] νη- [Ancient Greek] νω- [Ancient Greek] να- [Middle Persian] ʾ- [Ancient Greek] ἄκλιτος [Ancient Greek] νωθρός [English] anhypostasia [Tocharian B] e(n)- [Norwegian Bokmål] abiogenese [Old Norse] ú- [Norwegian Bokmål] abiotisk [Norwegian Bokmål] abasi-astasi [Tocharian A] a(n)-,*n̥-,,65,41
[Latin] ab [Norwegian Bokmål] ab [Norwegian Bokmål] ab [Norwegian Bokmål] ab [Norwegian Bokmål] abdominal [Norwegian Bokmål] abdominal [Norwegian Bokmål] abdomen [Norwegian Bokmål] aberrant [Norwegian Bokmål] abnormal [Norwegian Bokmål] abort [Norwegian Bokmål] abscess [Norwegian Bokmål] abrupt [Norwegian Bokmål] absolutist [Norwegian Bokmål] abstinent [Norwegian Bokmål] absorbent [Norwegian Bokmål] absurd [Czech] po [Lithuanian] po [Polish] po [Albanian] pa [Norwegian Bokmål] av [Norwegian Bokmål] absurdist [Latin] aperio [Norwegian Bokmål] absurditet [Norwegian Bokmål] abstrakt [Norwegian Bokmål] abstrakt [Norwegian Bokmål] abstrakt [Norwegian Bokmål] a priori [Norwegian Bokmål] a posteriori [German] von [English] overt [Norwegian Bokmål] a fortiori [Norwegian Nynorsk] a [Middle English] ebbe [Norwegian Bokmål] avance [Norwegian Bokmål] ab ovo [Old Norse] efja [Ancient Greek] ἀπό [Norwegian Bokmål] abstinere [Norwegian Bokmål] ablativ [Norwegian Bokmål] abortiv [Greek] από [Old Saxon] af- [Norwegian Bokmål] absorbere [Norwegian Bokmål] abstraksjon [Norwegian Bokmål] abnorm [Norwegian Bokmål] abstinens [Norwegian Bokmål] aboriginer [Hittite] 𒀀𒀊𒉺 [Luwian] 𒀀𒀊𒉺 [Norwegian Bokmål] abgeschmackt [Norwegian Bokmål] abdisere [Norwegian Bokmål] abdikasjon [Norwegian Bokmål] abnormitet [Norwegian Bokmål] absentere [Norwegian Bokmål] absolusjon [Norwegian Bokmål] absolutistisk [Norwegian Bokmål] absolvere [Norwegian Bokmål] absolutisme [Norwegian Bokmål] absorbering [Norwegian Bokmål] absolutt [Norwegian Bokmål] abominabel [Norwegian Bokmål] abstrahere [Norwegian Bokmål] abolere [Norwegian Bokmål] abscisse [Norwegian Bokmål] a vista [Norwegian Bokmål] abortere [Norwegian Bokmål] abitur [Norwegian Bokmål] aborigin [Norwegian Bokmål] a prima vista [Norwegian Bokmål] a due [Norwegian Bokmål] abjekt [Norwegian Bokmål] abjekt [Latin] Aunios [Galician] Ons [Norwegian Bokmål] abortus provocatus [Norwegian Bokmål] a battuta [Norwegian Bokmål] absorpsjon [Norwegian Bokmål] a viso [Norwegian Bokmål] a verbo [Norwegian Bokmål] ab-kjøp [Norwegian Bokmål] aboriginsk [Norwegian Bokmål] aberrasjon [Norwegian Bokmål] a dato [Norwegian Bokmål] abdisering [Norwegian Bokmål] ablasjon [Norwegian Bokmål] abolisjon [Norwegian Bokmål] abolisjonist [Norwegian Bokmål] abortering [Norwegian Bokmål] abortpille [Norwegian Bokmål] abortsøkende [Norwegian Bokmål] abortsøker [Norwegian Bokmål] abscisseakse [Norwegian Bokmål] absentering [Norwegian Bokmål] absolutt flertall [Norwegian Bokmål] absolutt gehør [Norwegian Bokmål] absolutt superlativ [Norwegian Bokmål] absolutt nullpunkt [Norwegian Bokmål] absolutt komparativ [Norwegian Bokmål] absolutt temperatur [Norwegian Bokmål] absolutt veto [Norwegian Bokmål] absoluttere [Norwegian Bokmål] absoluttering [Norwegian Bokmål] absolvering [Norwegian Bokmål] absorbator [Norwegian Bokmål] absorberingsevne [Norwegian Bokmål] absorberingskoeffisient [Norwegian Bokmål] absorpsjonsevne [Norwegian Bokmål] absorpsjonskoeffisient [Norwegian Bokmål] absorptiv [Norwegian Bokmål] abstinenssymptom [Norwegian Bokmål] abstrahering [Norwegian Bokmål] abstraksjonsevne [Norwegian Bokmål] abstraksjonsplan [Norwegian Bokmål] abstraksjonsnivå [Norwegian Bokmål] abstinering [Norwegian Bokmål] ablusjon [Norwegian Bokmål] abstrakt kunst [Norwegian Bokmål] absurdteater [Norwegian Bokmål] absurdistisk [Norwegian Bokmål] abduksjon [Norwegian Bokmål] abdusere [Norwegian Bokmål] abdusering [Norwegian Bokmål] abgeschmackthet [Norwegian Bokmål] ablativisk [Norwegian Bokmål] ablativform [Norwegian Bokmål] abnormskole [Norwegian Bokmål] abolering [Norwegian Bokmål] abolisjonisme [Norwegian Bokmål] abolisjonistisk [Norwegian Bokmål] avbetale [Norwegian Bokmål] avbetaling,*h₂epó,,132,42
[English] abase [Norwegian Bokmål] abbreviator [Norwegian Bokmål] accent [Latin] ad [Sanskrit] आ [English] at [Middle English] at [Welsh] at [Norwegian Bokmål] a la [French] à [Norwegian Bokmål] à [English] appeal [Norwegian Bokmål] a la carte [English] paramount [Latin] ad- [Old Irish] ad- [Norwegian Bokmål] à la [Norwegian Bokmål] a [Sassarese] a [Norwegian Bokmål] à la carte [Norwegian Bokmål] accent grave [English] animadvert [Norwegian Bokmål] à jour [Norwegian Bokmål] a tempo [Norwegian Bokmål] a vista [English] adret [Norwegian Bokmål] abbreviatur [Norwegian Bokmål] accent circonflexe [Norwegian Bokmål] ajournement [Norwegian Bokmål] a prima vista [Norwegian Bokmål] a due [Norwegian Bokmål] abbreviere [Yola] adh [Gothic] 𐌰𐍄- [Norwegian Bokmål] a battuta [Norwegian Bokmål] a jour [Norwegian Bokmål] à la carte-servering [Norwegian Bokmål] a la carte-servering [Norwegian Bokmål] a viso [Welsh] add- [Norwegian Bokmål] abbreviasjon [Norwegian Bokmål] à poeng med [Norwegian Bokmål] a poeng med [Norwegian Bokmål] a dato [Norwegian Bokmål] abbreviering [Norwegian Bokmål] à la carte-meny [Norwegian Bokmål] a la carte-meny [Norwegian Bokmål] ajourføre [Norwegian Bokmål] ajourføring [Norwegian Bokmål] ajourinnfattet [Norwegian Bokmål] ajourinnfatta [Norwegian Bokmål] aksessoar,*h₂éd,,52,43
[English] abase [English] basis [English] forthcoming [German] kommen [Faroese] koma [Icelandic] koma [Norwegian Nynorsk] koma [Old Norse] koma [Danish] komme [West Frisian] komme [English] conventicle [Middle English] conventicle [Low German] kamen [Jamtish] kuma [Old English] cuman [Dutch] komen [Persian] آمدن [Swedish] komma [English] Ganges [English] queme [Hebrew] בסיס [Gothic] 𐌵𐌹𐌼𐌰𐌽 [Old English] cyme [Persian] انجام [Old Armenian] գամ [Persian] انجامیدن [Old English] cweman [English] metabasis [Old English] cweme [Old Saxon] kuman [Walloon] vni [Norman] v'nir [Sanskrit] गम् [Latvian] ģimene [Yiddish] קומען [Tocharian B] käm- [Tocharian A] kum- [Norman] v'nîn [Old Portuguese] vĩir [Avestan] 𐬘𐬀𐬨𐬀𐬌𐬙𐬌 [Burmese] ဂင်္ဂါ [Ancient Greek] βηλός [Sanskrit] आगत [Sudovian] gimna [Avestan] 𐬔𐬀𐬨,*gʷem-,,45,44
[English] abandon [Norwegian Bokmål] abandon [Limburgish] beer [Catalan] abandonar [Ladino] abandonar [Portuguese] abandonar [English] ben [Latin] focus [Old English] bon [English] favor [English] favor [English] fantastic [English] favourite [English] favourite [English] apophasis [Latin] apophasis [Galician] bando [English] fantasia [English] euphonious [Spanish] hablar [English] euphony [Latin] fateor [Sanskrit] भाषा [Old English] bannan [Old Saxon] bannan [English] confab [Spanish] habla [English] epiphenomenon [Scottish Gaelic] bàn [Scottish Gaelic] binn [Latin] fabula [Portuguese] fala [Faroese] banna [Swedish] böna [Danish] bøn [Faroese] bøn [Swedish] bön [Ancient Greek] βάζω [German] bohnern [French] bannir [Sanskrit] भा [Norwegian Bokmål] banne [Norwegian Nynorsk] banne [Norwegian Bokmål] abandonere [Ancient Greek] φήμη [Old Armenian] բառ [Ossetian] бон [Greek] απόφαση [Old Armenian] բանամ [Latin] facundus [Latin] faveo [English] phantasia [Old Spanish] fablar [English] phonate [Portuguese] banir [Sanskrit] भाषति [Greek] περηφάνια [Albanian] bëzej [Portuguese] apófase [English] homo Aristophaneus [Sanskrit] भाषते [French] apophase [Marathi] म्हणणे [Konkani] म्हण्चे [Hindi] भाना [Icelandic] fenómen [Sanskrit] भान [Ancient Greek] φανή [Ancient Greek] ὑπερηφανία [Ancient Greek] ὑπερήφανος [Ancient Greek] ὑπεράφανος [Ancient Greek] ἀπόφασις [Ancient Greek] ἀπόφασις [Norwegian Bokmål] abandonering [Norwegian Bokmål] abandonfrist [Norwegian Bokmål] abandonrett [Ancient Greek] φῆμις,*bʰeh₂-,,77,45
[Norwegian Bokmål] abattoir [English] abate [Old Saxon] bed [English] battle [Welsh] bedd [Norwegian Bokmål] battuta [Latin] battuo [English] battel [Latin] Bato [Norwegian Bokmål] a battuta,*bʰedʰ-,,10,46
[Norwegian Bokmål] abbreviator [English] brief [English] bra [Portuguese] breve [English] merry [English] brume [English] brumous [Latin] brevis [English] borzoi [Middle English] bref [Old Portuguese] braço [Portuguese] braço [Ancient Greek] βραχύς [Old English] myrge [Norwegian Bokmål] abbreviatur [Middle English] mery [Albanian] murriz [Norwegian Bokmål] abbreviere [Ligurian] brêve [Norwegian Bokmål] abbreviasjon [Norwegian Bokmål] abbreviering [Latin] brumosus [Sanskrit] मुहूर्त,*mréǵʰus,,23,47
[Norwegian Bokmål] abbreviator [Dutch] -en [Latin] -ant [Norwegian Bokmål] ende [Norwegian Bokmål] komparativ [Norwegian Bokmål] abbreviatur [Norwegian Bokmål] endelse [Norwegian Bokmål] abbreviere [Ancient Greek] -άω [Norwegian Bokmål] abbreviasjon [Norwegian Bokmål] abbreviering [Norwegian Bokmål] absolutt komparativ [Norwegian Bokmål] a-endelse,*-eh₂yéti,,13,48
[Sardinian] abba [English] island [Old French] ewe [Old Saxon] aha [English] ea [Old English] ea [Asturian] agua [Ladino] agua [Old Portuguese] agua [Old Spanish] agua [Spanish] agua [English] eau [French] eau [Italian] acqua [Lombard] acqua [Neapolitan] acqua [Sicilian] acqua [Tarantino] acqua [Norman] yo [Danish] å [Swedish] å [Portuguese] água [Faroese] á [Icelandic] á [Old Norse] á [English] ey [Galician] auga [Mirandese] auga [Danish] ø [Papiamentu] awa [Romansch] ova [Romanian] apă [Danish] Aarhus [Old English] ieg [Romansch] ava [English] yeo [Catalan] aigua [Romansch] aua [Aromanian] apã [Istro-Romanian] åpe [Picard] iau [Dutch] Aa [Swedish] ö [Gallo] èv [Gallo] aèv [Russian] Ока [Walloon] aiwe [Norman] ieau [Norman] iaoue [Norman] iâo [Ligurian] ægoa [Emilian] âcua [Old Norse] ǫ́ [Gallo] iaou [Cebuano] agwas [English] Eau [Dalmatian] jacqua [Emilian] àqua [Venetian] àcua,*h₂ekʷeh₂,,59,49
[Norwegian Bokmål] abdominal [Norwegian Bokmål] abdominal [Norwegian Bokmål] abnormal [Latin] -alis [English] familial,*-li-,,5,50
[Norwegian Bokmål] abdominal [Norwegian Bokmål] abdominal [Norwegian Bokmål] abdomen [English] odd [English] feature [Latin] abdo [Romanian] face [English] deem [English] do [English] fact [Italian] fare [English] parenthesis [English] thesis [Spanish] hacer [Portuguese] fazer [English] theme [Finnish] tehdä [Serbo-Croatian] deva [Slovak] deva [Latin] famulus [French] faire [Norman] faire [Catalan] fer [German] tun [Afrikaans] doen [English] recondite [English] epithet [English] semelfactive [Walloon] fé [Latin] facio [Latin] condo [Serbo-Croatian] dete [Bulgarian] дете [Macedonian] дете [Serbo-Croatian] дете [Serbo-Croatian] дјева [Serbo-Croatian] дева [Serbo-Croatian] djeva [Serbo-Croatian] дијете [Old Frisian] dwa [Latin] facies [Russian] дело [Dacian] dava [Old High German] tuon [French] épithète [Middle French] épithète [Norman] faithe [Limburgish] doon [Old Church Slavonic] дѣло [Ancient Greek] Θησεύς [Old Church Slavonic] дѣлати [Old Church Slavonic] дѣти [Danish] faktum [Russian] одеяло [Sanskrit] धातु [Portuguese] fazenda [Latin] tribus [English] sudorific [Phrygian] δακετ [Welsh] rhoi [Latin] addo [Portuguese] fator [Portuguese] fatorial [West Frisian] dwaan [Greek] θεσμός [Slovak] dieťa [Irish] téama [Old Polish] dziewa [Russian] девать [Russian] деть [Old Irish] dín [Lower Sorbian] źiśe [Belarusian] дзіця [Albanian] dhatë [Romagnol] fê [English] fetial [Polish] dziecię [Upper Sorbian] dźěćo [Ancient Greek] θετός [Lithuanian] -idė [Czech] zadák [Faliscan] 𐌚𐌀𐌂𐌄𐌃 [Lithuanian] dėti [Kalasha] dyek [Sanskrit] स्वधा [Avestan] 𐬛𐬁𐬙𐬀𐬭 [Ancient Greek] θέμις [Ancient Greek] θέμερος [Ancient Greek] θωή [Old Norse] dǿma [Kashmiri] दाथ [Kashmiri] داتھ [Russian] -дей [Limburgish] doëne,*dʰeh₁-,,94,51
[Norwegian Bokmål] abdominal [Norwegian Bokmål] abdominal [Norwegian Bokmål] abdomen [Norwegian Bokmål] symptom [English] liminal [French] -ment [Latin] -men [English] chasma [Albanian] -im [Greek] -ωμα [Ancient Greek] -μα [Old Armenian] -օն [Lithuanian] -muo [Ancient Greek] ἆσθμα [Sanskrit] -मन् [Norwegian Bokmål] abstinenssymptom [Albanian] -më,*-mn̥,,17,52
[English] abear [English] semaphore [English] bore [English] baron [Spanish] varón [English] burden [Albanian] bar [English] offer [Faroese] barn [Norwegian Bokmål] barn [Old Norse] barn [Swedish] barn [English] bier [English] fry [Latin] frigo [Scots] bairn [Czech] brát [English] barrel [English] barm [Zazaki] bor [English] proffer [Swedish] boren [English] suffer [Italian] friggere [Old Norse] burr [Swedish] björn [English] bordello [English] burgeon [Spanish] herir [Spanish] freír [Faroese] bera [Icelandic] bera [Norwegian Nynorsk] bera [Westrobothnian] bera [Faroese] byrja [Swedish] bära [Old High German] beran [Old Saxon] beran [Albanian] bie [Swedish] börja [Lithuanian] berti [Greek] φέρω [English] insufferable [Dutch] baren [Latvian] bura [Spanish] tahúr [English] sufferable [Dutch] baar [Irish] abair [Scottish Gaelic] abair [Danish] bjørn [Faroese] bjørn [Faroese] bráður [Icelandic] bráður [Ukrainian] брати [Old Church Slavonic] бьрати [Faroese] barki [Icelandic] barki [Old Norse] barki [Old Norse] bára [Norwegian Bokmål] bære [Sanskrit] भुरति [French] brouette [Middle French] brouette [French] frire [Czech] obrat [Latin] fretum [Phrygian] αββερετ [Old French] baril [Swedish] bår [Latin] ferio [Bulgarian] бера [Danish] ofre [Indonesian] barel [Danish] fertilitet [Middle Irish] beirid [Old Irish] beirid [Ancient Greek] φάρμακον [Old Armenian] բարք [Romanian] frige [Catalan] fregir [Manx] abbyr [Swedish] bråd [Swedish] börd [Old English] byrla [Latvian] bērns [Latin] forda [Albanian] burdhë [Old Armenian] բերրի [Latin] fertus [Tocharian A] pär- [Tocharian B] pär- [Belarusian] браць [Old Norse] Borr [Old Norse] Buri [Lower Sorbian] braś [Middle Persian] bʾlk' [Portuguese] frigir [Sanskrit] भृग् [Czech] dobrat [Sanskrit] भृ [Czech] braní [Latin] frigutio [Sanskrit] भर्तृ [Sanskrit] भर्मन् [Latvian] bērt [Assamese] ভৰি [Sanskrit] बभ्रे [Old Persian] 𐎲𐎼 [Sanskrit] भार्मन् [Ancient Greek] φέρνιον [Marshallese] pāār [Norwegian Bokmål] ABC-barn [Norwegian Bokmål] abc-barn [Sardinian] frighere [Latgalian] bārns [Middle Bengali] ভড়ি [Bengali] ভইড় [Bengali] ভড় [Middle Bengali] ভড় [Old Church Slavonic] избьрати [Sudovian] barnaj [Avestan] 𐬠𐬀𐬭,*bʰer-,,123,53
[Norwegian Bokmål] aberrant [English] err [English] errant [English] arrant [Latin] erro [Ancient Greek] οὐρά [Ido] erorar [Swedish] irra [Sanskrit] ईर्ष्यति [Sanskrit] इरस्यति [Norwegian Bokmål] aberrasjon [Old Ruthenian] ерроръ,*h₁ers-,,12,54
[English] abet [English] bit [Indonesian] bit [Catalan] bot [English] finish [English] bite [Norwegian Bokmål] bite [Norwegian Nynorsk] bite [Old Norse] beit [Old Norse] beit [English] boat [Galician] fender [Portuguese] fender [Old Norse] biti [Norwegian Bokmål] fiber [English] aphid [Danish] bide [English] bait [English] bait [French] bitte [Elfdalian] båt [Norwegian Bokmål] båt [Westrobothnian] båt [Danish] båd [Latin] finis [Faroese] bátur [Swedish] bita [Old High German] bizzo [Galician] fecha [Spanish] hender [Faroese] bíta [Icelandic] bíta [Old Norse] bíta [German] Biss [Old High German] bizan [Scottish Gaelic] biodag [Italian] fendere [Latin] fibra [Catalan] fendre [French] fendre [Norwegian Bokmål] infinitiv [Vilamovian] bajsa [Gothic] 𐌱𐌴𐌹𐍄𐌰𐌽 [Yiddish] ביס [Albanian] bisk [Yiddish] בײַסן [Ido] fendar [Sanskrit] भेद [Hunsrik] beise [Norwegian Bokmål] abelmoskusfiber [Sanskrit] भिद् [Norwegian Bokmål] a-infinitiv,*bʰeyd-,,52,55
[English] abiogenesis [English] quicken [English] victual [Welsh] buan [Ancient Greek] βίος [English] biogenesis [Breton] bevañ [Old Armenian] կեամ [Welsh] byw [Latvian] dzīsla [Tocharian A] śo- [Tocharian B] śai- [Latvian] dzīt [Albanian] nxit [Latin] Vitumnus [Russian] изгой [Sanskrit] जीव् [Tocharian B] śaul [Ancient Greek] Ζευάκος,*gʷeyh₃-,,19,56
[English] abiogenesis [Norwegian Nynorsk] kind [Italian] gente [Portuguese] gente [Spanish] gente [Catalan] gent [English] genesis [Latin] genesis [Norwegian Nynorsk] genesis [English] gens [Latin] gens [Ancient Greek] γένεσις [English] biogenesis [Lithuanian] gentis [Sanskrit] जाति [Norwegian Bokmål] genese [Romanian] gintă [Albanian] dhen [Norwegian Bokmål] abiogenese [Polish] geneza [Indonesian] genesa,*ǵénh₁tis,,21,57
[English] abject [English] trajectory [Latin] iacio [Ancient Greek] ἵημι [Galician] xeito,*(H)yeh₁-,,5,58
[Norwegian Bokmål] abnormal [Norwegian Bokmål] abnorm [Old Irish] -em [Norwegian Bokmål] abnormitet [Ancient Greek] -μων [Norwegian Bokmål] abnormskole,*-mō,,6,59
[Norwegian Bokmål] abnormal [English] chasma [Norwegian Bokmål] abnorm [Norwegian Bokmål] abnormitet [Latin] -sco [Ancient Greek] ἀραρίσκω [Ancient Greek] -σκω [Old Armenian] -ց- [Norwegian Bokmål] abnormskole,*-sḱéti,,9,60
[Norwegian Bokmål] abnormal [English] can [Scots] can [English] know [English] kith [English] con [English] keen [Dutch] kunnen [English] gnomon [Latin] gnomon [Latin] gloria [Faroese] kunna [Icelandic] kunna [Old Norse] kunna [Swedish] kunna [Italian] conoscere [Afrikaans] kan [Finnish] kone [Old English] cunnan [German] können [Dutch] kennen [Middle Dutch] kennen [Ancient Greek] γνῶσις [English] couth [Danish] kunne [Norwegian Bokmål] kunne [Norwegian Nynorsk] kunne [Hindi] ज्ञान [Indonesian] norma [Latin] norma [English] kenning [Old Irish] sona [Latin] narro [Ancient Greek] γνωρίζω [Old Church Slavonic] знати [Old East Slavic] знати [Rusyn] знати [Serbo-Croatian] знати [Ukrainian] знати [Czech] znát [Serbo-Croatian] znati [Slovene] znati [Polish] znać [Upper Sorbian] znać [Norwegian Bokmål] abnorm [Portuguese] nobre [Middle English] kene [Norwegian Bokmål] abnormitet [Scottish Gaelic] gnàth [English] quaintrelle [Central Franconian] kenne [Pennsylvania German] kenne [Sathmar Swabian] kenne [Irish] gnáth [Old English] cnæwe [Gothic] 𐌺𐌿𐌽𐌽𐌰𐌽 [Belarusian] знаць [Portuguese] noção [Sanskrit] ज्ञा [Latgalian] zynuot [Tocharian A] kñā- [Tajik] шинохтан [Old Irish] adgnin [Icelandic] knega [Alemannic German] chöne [Slovak] znať [Middle Dutch] connen [English] inenarrable [Faroese] knáur [Old Norse] kná [Sanskrit] जज्ञौ [Galician] groria [Norwegian Bokmål] abnormskole [Latgalian] znūts,*ǵneh₃-,,74,61
[Norwegian Bokmål] abort [Serbo-Croatian] rat [English] earl [Polish] earl [English] orient [Sanskrit] ऋ [Norwegian Bokmål] ruse [English] random [English] earn [Serbo-Croatian] rasti [Slovene] rasti [English] yearn [Norwegian Bokmål] abortiv [Ancient Greek] οὖρος [Czech] růst [Latin] arista [Old Church Slavonic] расти [Russian] расти [Serbo-Croatian] расти [Norwegian Bokmål] aboriginer [Ancient Greek] ὄρος [Ancient Greek] ὄρνυμι [Old Armenian] որոր [Latin] orior [Albanian] rri [Norwegian Bokmål] abortere [Old Armenian] յառնեմ [Ancient Greek] ἔρις [Czech] zřítit [Norwegian Bokmål] aborigin [Lower Sorbian] rosć [Old Armenian] արմ [Hittite] 𒀀𒊒𒈾𒀸 [Sanskrit] ऋति [Norwegian Bokmål] abortus provocatus [Hittite] 𒅈𒉡𒊻𒍣 [Ancient Greek] ἔρνος [Tocharian A] ār- [Tocharian B] ār- [Ancient Greek] ὀρίνω [Ancient Greek] ὄρμενος [Galician] randón [Ancient Greek] ἄψορρος [Norwegian Bokmål] aboriginsk [Norwegian Bokmål] abortering [Norwegian Bokmål] abortpille [Norwegian Bokmål] abortsøkende [Norwegian Bokmål] abortsøker [Norwegian Bokmål] abborruse [Polish] randomowy [Sanskrit] ऋच्छति,*h₃er-,,51,62
[English] abraid [English] braid,*bʰrēḱ-,,2,63
[Norwegian Bokmål] abrupt [Italian] rompere [Catalan] rompre [French] rompre [Portuguese] romper [Spanish] romper [Romanian] rupe [Latin] rumpo [Old French] rumperie,*Hrunépti,,9,64
[English] odd [English] wear [French] gâteau [Finnish] ostaa [French] vase [Old English] ord [Persian] بان [Catalan] basar [Norwegian Bokmål] basar [Norwegian Nynorsk] basar [Scots] wuss [Old English] wesan [French] bazar [Italian] bazar [Old Norse] vist [Sanskrit] वस्ते [Gothic] 𐍅𐌹𐍃𐌰𐌽 [Ancient Greek] ἕννυμι [English] vilipend [English] gazon [French] gazon [Latin] vescor [Persian] بام [Old English] wese [Persian] بها [Latin] venum [English] wastel [Old French] gastel [Middle Persian] wʾčʾl [Tocharian B] wäs- [Welsh] gwisg [Ancient Greek] εἷμα [Ancient Greek] ἑανός [Ancient Greek] ἐσθής [Gilaki] واجار [Avestan] 𐬬𐬀𐬯𐬙𐬭𐬀 [Gilaki] هین,*wes-,,37,65
[Dutch] herfst [English] harvest [Icelandic] haust [Norwegian Nynorsk] haust [Old Norse] haust [Ancient Greek] καρπός [Latin] carpo [Faroese] heyst [Norwegian Bokmål] høst [Swedish] höst [Turkish] karpuz [Albanian] karpë [Latvian] kurpe [Portuguese] carpir [Polish] czerpać [Afrikaans] herfs [Ligurian] carpî [English] regmacarp [Ancient Greek] κρώπιον [Lithuanian] kirpti,*kerp-,,20,66
[French] été [English] ether [Italian] estate [Latin] aestas [Swedish] id [English] anneal [English] oast [Ancient Greek] αἴθω [Ancient Greek] Αἴτνη [Ancient Greek] αἶθος [English] Etna [Old Norse] eðla [Old English] adl [Latin] aestus [Portuguese] estio [English] adle [Albanian] hith [Persian] هیزم [Breton] oaz [Sanskrit] इध् [Irish] aodh [Latin] Aedui [Sanskrit] एध् [Tocharian B] intsau [Italian] eduo [Ossetian] ирд,*h₂eydʰ-,,26,67
[English] calendar [German] hell [English] low [English] class [Latin] clarus [French] clair [English] claim [English] hale [English] haul [Italian] chiamare [Spanish] llamar [English] reconciliation [Old Norse] skjalla [English] calends [German] Schall [Hunsrik] Schall [Latin] calo [Romanian] chema [Latin] clamo [Latin] classis [French] clamer [Romanian] chiar [Portuguese] chamar [Lithuanian] kalba [Italian] calende [Irish] coileach [Scottish Gaelic] coileach [Estonian] reklaam [Manx] kellagh [Old Irish] cailech [Russian] колдовать [Old English] geholian [Cebuano] yamar [Rhine Franconian] Schell [Dutch] schallen [Icelandic] hjal [Norman] calendriyi [Sanskrit] उषःकल [Old English] calend [Marshallese] kilaj [Marshallese] kilaaj [Indonesian] klaim [Ancient Greek] συγκαλέω,*kelh₁-,,43,68
[English] week [Afrikaans] week [Dutch] week [Swedish] vecka [Faroese] vika [Icelandic] vika [Norwegian Nynorsk] vika [Old Norse] vika [Norwegian Bokmål] uke [German] Woche [Vilamovian] woh [Danish] uge [Norwegian Nynorsk] veke [French] avachi [French] avachir [Limburgish] waek,*weyg-,,16,69
[English] leap [Icelandic] hlaupa [Old Norse] hlaupa [Low German] lopen [Swedish] löpa [Faroese] leypa [Norwegian Bokmål] løpe [Westrobothnian] löup [Norwegian Nynorsk] laupa,*klewb-,,9,70
[Old English] leap [English] love [English] lob [English] leave [English] leave [Dutch] lief [Finnish] lupa [Karelian] lupa [Votic] lupa [Latin] libido [Spanish] lumi [English] lib [Old Norse] leyfa [Old Norse] leyfi [Russian] любить [Albanian] laps [English] lobby [Middle English] leve [English] helluo librorum [Welsh] llys [Old Irish] lus [Afrikaans] lof [Dutch] lof [Old Norse] lof [Romanian] iubi [Serbo-Croatian] ljubiti [Slovene] ljubiti [German] Lübeck [Old Frisian] laf [Serbo-Croatian] љубити [Icelandic] ljúfur [English] love-hate [Old Church Slavonic] любити [Ukrainian] любити [Czech] líbit [Norwegian Nynorsk] ljuv [Polish] lubić [Albanian] lumë [Old English] geliefan [Latin] libet [Old Saxon] luva [Old Church Slavonic] любꙑ [English] lofe [English] lofe [Belarusian] любіць [Yiddish] ליבע [Albanian] labë [Yiddish] ליב [Proto-Norse] ᛚᛖᚢᛒᚨᛉ [Persian] آلفته [Persian] آلفتن [Welsh] llysiau [Sanskrit] लुभ् [Old Norse] ljúfr [Sanskrit] लोभ [Sanskrit] लोभयति [Sanskrit] लुभ्यति [Slovak] ľúbiť,*lewbʰ-,,58,71
[Old English] leap [Breton] lost [Cornish] lost [Latin] laus [English] lib [Albanian] lut [Latin] lues [Latin] lutum [Latin] polluo,*lew-,,9,72
[English] on [Old Frisian] on [Pennsylvania German] aa [Latin] anus [Albanian] ane [Norwegian Bokmål] ane [Old High German] ana [German] von [German] Enkel [Old Church Slavonic] на [Russian] на [English] thereabout [German] Ahn [Persian] نوشتن [Ancient Greek] ἀννίς [Old Armenian] հան [Old Armenian] հան [Old Armenian] ան- [Albanian] anë [Lithuanian] anyta [Yiddish] אָן [Persian] نگاشتن [Proto-Norse] ᚨᚾ [Russian] уда,*h₂en-,,24,73
[Cornish] on [Romanian] miel [Italian] agnello [Latin] agnus [Serbo-Croatian] јагње [Lower Sorbian] jagnje [Serbo-Croatian] jagnje [Slovene] jagnje [Irish] uan [Scottish Gaelic] uan [Breton] oan [Czech] jehně [English] yean [Serbo-Croatian] janje [Old Church Slavonic] агнѧ [Old East Slavic] агнѧ [Welsh] oen [Bulgarian] агне [Russian] ягнёнок [Polish] jagnię [Polish] jagnię [Russian] агнец [Belarusian] ягня [Ukrainian] ягня [Ancient Greek] ἀμνός [Sicilian] agneddu [Portuguese] anho [Cornish] ôn [Old Irish] úan [Italian] agno [Catalan] anyell [Slovak] jahňa [Macedonian] јагне [Upper Sorbian] jehnjo [Albanian] enjë,*h₂egʷnós,,35,74
[Czech] on [Old Czech] on [Polish] on [Serbo-Croatian] on [Slovak] on [Slovene] on [Serbo-Croatian] one [Czech] oni [Polish] oni [Serbo-Croatian] oni [Slovak] oni [Polish] ono [Serbo-Croatian] ono [Slovak] ono [Serbo-Croatian] она [Lithuanian] anas [Serbo-Croatian] оно [Lower Sorbian] wón [Upper Sorbian] wón [Rusyn] він [Ukrainian] він [Kashubian] òn [Belarusian] ён [Kashubian] òno [Kashubian] òni [Silesian] uůn [Silesian] uůna [Silesian] uůno [Silesian] uůne [Silesian] uůńi [Silesian] ôni,*h₁ónos,,31,75
[Slovak] on [Latin] is [Sassarese] vi [Serbo-Croatian] и [Latin] ibi [Ancient Greek] εἰ [Welsh] hwy [Manx] eh [Irish] a [Russian] этот [Welsh] ef [Irish] é [Old Irish] é [Old Irish] é [Sanskrit] इव [Latgalian] jis [Kalasha] ayá [Sanskrit] अयम् [Sanskrit] एतद् [Latin] ec- [Punjabi] ਇਹ [Hittite] 𒄿𒉿𒅈 [Sanskrit] इदम् [Sanskrit] आत् [Sanskrit] इति,*éy,,25,76
[Albanian] nu [Danish] nu [Gaulish] nu [Pali] nu [Latin] nunc [Russian] но [Afrikaans] nog [Dutch] nog [Dutch] noch [Middle Dutch] noch [Russian] ну [Serbo-Croatian] no [Russian] ныне [Old Church Slavonic] нъ [Latin] nudius [Luwian] 𒈾𒀀𒉡𒌦 [Ukrainian] нині [Sanskrit] नु,*nu,,18,77
[Catalan] nu [French] nu [Galician] nu [Portuguese] nu [German] nackt [Serbo-Croatian] nag [Slovene] nag [Danish] nøgen [Icelandic] nakinn [Norwegian Bokmål] naken [Norwegian Nynorsk] naken [Swedish] naken [Lower Sorbian] nagi [Polish] nagi [Czech] nahý [Old Czech] nahý [Slovak] nahý [Upper Sorbian] nahi [Old High German] nackut [Irish] nocht [Old Irish] nocht [Faroese] nakin [Old Church Slavonic] нагъ [Russian] нагой [Dutch] naakt [Greek] γυμνός [Lithuanian] nuogas [Serbo-Croatian] наг,*nogʷós,,28,78
[English] bone [English] bein [English] bonfire [Latin] foedus [Russian] бить [Czech] bít [Sanskrit] भय [Persian] بیم [Old Irish] benaid [Assamese] ভয় [Bengali] ভয় [Marathi] भिणे [Irish] béim [Old Irish] béim [Ancient Greek] φιτρός [Old Irish] imdibe [Old Irish] bíth [Welsh] gofid,*bʰeyh₂-,,18,79
[Aragonese] y [Asturian] y [Tocharian B] ate [Latin] et [Emilian] e [Ligurian] e [Old Portuguese] e [Old Spanish] e [Portuguese] e [Sardinian] e [Sassarese] e [Sicilian] e [Czech] od [Polish] od [Serbo-Croatian] od [Slovak] od [Slovene] od [Corsican] è [Polish] ode [Welsh] ad- [English] ed- [Macedonian] од [Serbo-Croatian] од [Irish] aithis [Old Armenian] -է [Ancient Greek] ἔτι [Ancient Greek] ἀτάρ [Hindi] अति [Sanskrit] अति,*éti,,29,80
[French] y [Catalan] aquí [Occitan] aquí [Spanish] aquí [Romanian] aici,*ǵʰi-ḱe,,5,81
[English] English [English] anger [Albanian] ang [Latin] ango [Old Church Slavonic] ѫзъкъ [Ancient Greek] ἄγχω [Slovene] ozek [Swedish] ånger [Albanian] angësht [Ancient Greek] ἄγχι [Ancient Greek] ἀγχοῦ,*h₂enǵʰ-,,11,82
[Norwegian Bokmål] absolutist [Norwegian Bokmål] absolusjon [Norwegian Bokmål] absolutistisk [Norwegian Bokmål] absolvere [Norwegian Bokmål] absolutisme [Norwegian Bokmål] absolutt [Norwegian Bokmål] absolutt flertall [Norwegian Bokmål] absolutt gehør [Norwegian Bokmål] absolutt superlativ [Norwegian Bokmål] absolutt nullpunkt [Norwegian Bokmål] absolutt komparativ [Norwegian Bokmål] absolutt temperatur [Norwegian Bokmål] absolutt veto [Norwegian Bokmål] absoluttere [Norwegian Bokmål] absoluttering [Norwegian Bokmål] absolvering,*s(w)ēd,,16,83
[Norwegian Bokmål] absolutist [Romanian] la [Italian] Lao [Italian] lavare [English] lye [Old Norse] laug [Portuguese] lavar [Spanish] lavar [French] laver [Swedish] lut [Latin] lavo [English] assoil [Norwegian Bokmål] absolusjon [Norwegian Bokmål] absolutistisk [Norwegian Bokmål] absolvere [Norwegian Bokmål] absolutisme [Norwegian Bokmål] absolutt [Ancient Greek] λούω [Old Armenian] լոգանամ [Old Armenian] լուանամ [Albanian] laj [Catalan] llavar [Latin] lora [Latin] lomentum [Greek] λούζω [Galician] Loentia [Icelandic] lýja [Ancient Greek] λύθρον [Norwegian Bokmål] absolutt flertall [Norwegian Bokmål] absolutt gehør [Norwegian Bokmål] absolutt superlativ [Norwegian Bokmål] absolutt nullpunkt [Norwegian Bokmål] absolutt komparativ [Norwegian Bokmål] absolutt temperatur [Norwegian Bokmål] absolutt veto [Norwegian Bokmål] absoluttere [Norwegian Bokmål] absoluttering [Norwegian Bokmål] absolvering [Norwegian Bokmål] ablusjon [Swedish] löga [Swedish] lödder,*lewh₃-,,41,84
[Norwegian Bokmål] absolutist [Norwegian Bokmål] -ist [Norwegian Bokmål] absurdist [Hindi] -ता [Sanskrit] -ता [Old Norse] -ð [Norwegian Bokmål] abolisjonist [Norwegian Bokmål] abasist [Norwegian Bokmål] abolisjonisme,*-teh₂,,9,85
[English] abstemious [Mongolian] там [Latin] timeo [Latin] tenebra [Serbo-Croatian] тама [Serbo-Croatian] tama [Old Church Slavonic] тьма [Russian] тьма [Ossetian] тар [Persian] تار [Old Church Slavonic] томити [Czech] tma [Slovak] tma [Polabian] ťåmă [Lithuanian] tamsa [Latin] temetum [Pashto] تور [Bashkir] тамуҡ [Welsh] tywyll [Russian] томить [Breton] teñval [Galician] Támoga [Galician] Támega [Galician] Tamuxe [Latin] Tamaris [Bulgarian] тъма [Kazakh] тамұқ,*temH-,,27,86
[English] the [Kalasha] te [Czech] ten [Polish] ten [Slovak] ten [English] this [Polish] to [Old Irish] so [English] they [Latin] sic [Polish] ta [Latin] si [Sassarese] si [Kalasha] se [Latin] sine [Old Irish] sí [Danish] den [Norwegian Nynorsk] den [Swedish] den [North Frisian] di [English] soon [Ancient Greek] ὁ [English] these [Latin] iste [English] thereabout [Latin] talis [Russian] тот [Sanskrit] स [Old English] þonne [Faroese] sá [Icelandic] sá [Faroese] sú [Swedish] deras [Old Church Slavonic] тъ [Belarusian] той [Ukrainian] той [Ancient Greek] τότε [Ancient Greek] τέως [Sanskrit] तावत् [Avestan] 𐬙𐬀 [Ancient Greek] τηλίκος [Avestan] 𐬵𐬀 [Oscan] 𐌔𐌅𐌀𐌝 [Gothic] 𐌸𐌴𐌹,*só,,44,87
[Norwegian Bokmål] abstinent [Latin] antenna [Portuguese] tender [Spanish] tender [Portuguese] ter [Italian] tenere [English] tight [Latin] tener [Spanish] tener [Italian] tendere [Catalan] tenir [French] tenir [English] Titanic [Welsh] tant [Old English] þennan [Norwegian Bokmål] abstinere [Catalan] tendre [French] tendre [Romanian] ține [German] dehnen [Italian] tenero [Persian] تار [Latin] tonsilla [Portuguese] terno [Persian] تنگ [Latin] teneo [Latin] tendo [Icelandic] þenja [Norn] tana [Norwegian Bokmål] abstinens [Latin] tenus [Irish] téad [Latin] toles [Irish] teann [Scottish Gaelic] teann [Old Armenian] ոստայն [Portuguese] tensão [Ancient Greek] ταινία [Old Irish] tét [Old Armenian] թել [Romanian] tinde [Latin] pristinus [Luxembourgish] Dunn [Sanskrit] तन् [Latvian] stingrs [Portuguese] tenro [Polish] cięciwa [Hindi] तंत्र [Latin] tonsillae [Faliscan] 𐌕𐌄𐌍𐌄𐌕 [Welsh] tynnu [Russian] тенёто [Ancient Greek] τένων [Old English] þindan [Norwegian Bokmål] abstinenssymptom [Norwegian Bokmål] abstinering [Lithuanian] tinklas,*ten-,,57,88
[English] abstruse [English] threat [Scottish Gaelic] trod [English] thrust [Icelandic] þrýsta [Russian] труд [Swedish] trött [Latin] trudo [Irish] troid [Scottish Gaelic] troid [Albanian] ndrys [Albanian] tredh [Old Norse] þrjóta [German Low German] âdräötig [Persian] سست,*trewd-,,15,89
[Northern Kurdish] pez [Norwegian Nynorsk] fe [Italian] fio [English] fee [Icelandic] fé [Old Norse] fé [Old High German] fihu [German] Vieh [Sanskrit] पशु [Danish] fæ [Latin] pecu [Ossetian] фыс [Gothic] 𐍆𐌰𐌹𐌷𐌿 [Latin] feudum [Assamese] পশু [Bashkir] мышы [Yiddish] פֿיך [Avestan] 𐬞𐬀𐬯𐬎 [Erzya] пучо [Gujarati] પશુ [Assamese] পহু [Pashto] پسه [Ter Sami] поаʒай [Ter Sami] poaʒaj [Old Prussian] pecku [Bactrian] ποσο,*péḱu,,26,90
[Old Spanish] pez [Spanish] pez [English] fish [Italian] pesce [French] poisson [Latin] piscis [Old Dutch] fisc [Old English] fisc [Galician] peixe [Portuguese] peixe [Danish] fisk [Elfdalian] fisk [Norwegian Bokmål] fisk [Norwegian Nynorsk] fisk [Old High German] fisk [Old Saxon] fisk [Swedish] fisk [West Frisian] fisk [Westrobothnian] fisk [Irish] iasc [Sardinian] pische [Old Norse] fiskr [Romanian] pește [Catalan] peix [Norwegian Bokmål] fisker [Old Irish] íasc [Romansch] pesch [Norman] paîsson [Norman] peissoun [Romansch] pestg [Romansch] pèsch [Norman] païssaon [Old Portuguese] peyxe [Corsican] pesciu [Norwegian Bokmål] abborfisker,*peysḱ-,,35,91
[Portuguese] pez [Spanish] pez [Latin] pix [Serbo-Croatian] пакао [Serbo-Croatian] pakao [French] poix [Czech] peklo [Slovak] peklo [Corsican] pece [Italian] pece [Polish] piekło [Ancient Greek] πίσσα [Sardinian] piche [Macedonian] пекол [Sardinian] pighe,*pik-,,15,92
[English] alien [Portuguese] alien [Welsh] ail [English] else [Latin] alius [Ancient Greek] ἀλλά [Irish] dara [Ancient Greek] ἄλλος [Irish] eile [Scottish Gaelic] eile [Old English] el- [Spanish] ajeno [Galician] alleo [Portuguese] alheio [Old Armenian] այլ [Manx] elley [German] Allotria [Albanian] allosua [Galician] allear [Tocharian B] ālyauce,*h₂élyos,,20,93
[English] season [Breton] had [English] sow [English] seed [Middle English] seed [English] semen [Indonesian] semen [Danish] så [Norwegian Bokmål] så [Swedish] så [English] menhir [Latin] saeculum [Old English] sawan [Old English] sæd [German] säen [Icelandic] sá [Old Norse] sá [Irish] sín [Old Church Slavonic] сѣти [Dutch] zaaien [Latin] serus [Russian] сеять [Middle English] sowen [Latin] setius [Welsh] hil [Luxembourgish] séien [Irish] séasún [Old Irish] síl [Gothic] 𐍃𐌰𐌹𐌰𐌽 [Irish] síol [Faroese] sáa [Middle Irish] sínid [Plautdietsch] Sot [Gothic] 𐍃𐌴𐌹𐌸𐌿𐍃 [Cebuano] sorserer [Sanskrit] सायम्,*seh₁-,,36,94
[English] libre [Albanian] lem [Serbo-Croatian] ljudi [English] lede [German] Leute [Albanian] lej [Persian] رستن [Latin] Liber [Ancient Greek] Λυδός [Ukrainian] людина [Ancient Greek] ἐλεύθερος [Macedonian] луѓе [English] lith [Albanian] lashtë [Belarusian] людзі [Venetian] łìbaro [English] ordoliberalism [Lower Sorbian] luź [Old Norse] loðinn [Yiddish] לײַט [Faroese] lýð- [Leonese] ḷḷibru [German] Leut [Sanskrit] रोधति [German] Loden [Tocharian B] lät- [Konkani] रोव्चे [Old Norse] lýðr,*h₁lewdʰ-,,28,95
[Latin] color [English] hell [Old English] hell [English] cell [Latvian] salt [Italian] colore [French] couleur [Portuguese] cor [English] hall [Swedish] hall [Irish] ceil [Latin] coleus [English] helm [Old English] helm [Dutch] hal [English] hull [English] hulk [Norwegian Bokmål] helvete [Norwegian Nynorsk] helvete [Swedish] helvete [Latin] celo [Dutch] hel [Icelandic] hel [Norwegian Nynorsk] hel [Old Saxon] hel [Middle English] helen [German] Hölle [Latin] cilium [Latin] cella [Latin] cella [Cebuano] kolor [Polish] kolor [Irish] halla [English] hele [English] kilim [Swedish] hålla [Latin] ausculto [Icelandic] höll [Faroese] høll [Old English] helan [Sanskrit] शिशिर [Sanskrit] शरण [Latin] domicilium [English] forhold [English] lith [Russian] поклоняться [English] forehold [English] forehold [Ancient Greek] κολεός [Ancient Greek] καλύπτω [Danish] helvede [Icelandic] helvíti [English] holk [Swedish] holk [Albanian] thelmë [Old Portuguese] coor [Welsh] diogel [Hindi] सुरमा [Persian] سرمه [Icelandic] hólkur [Middle Persian] slt' [Persian] سالوس [Irish] clúdach [Urdu] سرمہ,*ḱel-,,64,96
[Norman] niet [English] night [Romansch] not [Catalan] nit [Venetian] note [French] nuit [English] nocturnal [German] Nacht [Hunsrik] Nacht [Low German] Nacht [Pennsylvania German] Nacht [Dutch] neger [Cornish] nos [Latin] nox [Afrikaans] nag [Italian] notte [Sardinian] notte [English] notturno [Italian] notturno [Norwegian Bokmål] natt [Norwegian Nynorsk] natt [Swedish] natt [Old Spanish] noche [Spanish] noche [Dutch] nacht [Middle Dutch] nacht [Middle Low German] nacht [Old Frisian] nacht [West Frisian] nacht [Danish] nat [Russian] ночь [Czech] noc [Kashubian] noc [Lower Sorbian] noc [Polish] noc [Silesian] noc [Slovak] noc [Icelandic] nótt [Serbo-Croatian] ноћ [Serbo-Croatian] noć [Galician] noite [Old Portuguese] noite [Portuguese] noite [Norman] nyit [Romanian] noapte [Old English] niht [Breton] noz [Istriot] nuoto [Faroese] nátt [Old Norse] nátt [Ancient Greek] νύξ [Albanian] natë [Ukrainian] ніч [Slovene] noč [Bulgarian] нощ [Lithuanian] naktis [Yiddish] נאַכט [Occitan] nuèit [Latgalian] nakts [Latvian] nakts [Old Church Slavonic] нощь [Russian] нощь [Polabian] nüc [Upper Sorbian] nóc [Macedonian] ноќ [Old Prussian] naktin [Sanskrit] नक्ति [Gothic] 𐌽𐌰𐌷𐍄𐍃 [Sanskrit] अक्तु [Sanskrit] नक्त [Occitan] nuèch [Italian] nottola [English] noctule [Middle English] nyght [Franco-Provençal] nuet [Russian] нетопырь [Romansch] notg [Hunsrik] naacht [Luxembourgish] Nuecht [English] pernoctation [Asturian] nueche [Norman] gniet [Walloon] nute [Belarusian] ноч [Telugu] నక్తము [Vilamovian] naocht [Friulian] gnot [Welsh] neithiwr [Aromanian] noapti [Old Norse] nǫ́tt [Avestan] 𐬥𐬀𐬑𐬙𐬎 [North Frisian] nåcht [Mozarabic] نخت [Dalmatian] nuot [Ligurian] néutte [Rusyn] нуч [Sanskrit] नक् [Aromanian] nopti [Sudovian] nakt,*nókʷts,,99,97
[English] die [English] date [Venetian] dar [Spanish] don [Serbo-Croatian] da [Serbo-Croatian] да [English] endow [Catalan] dau [Esperanto] demono [Ido] demono [Old Hindi] देना [Albanian] jap [Portuguese] editar [Albanian] ap [Central Kurdish] دان [Old Persian] 𐎭𐎠𐎫𐎶 [Old Persian] 𐎭𐎭𐎠𐎬𐎢𐎺 [Welsh] rhoi [Tajik] додан [Old Armenian] տամ [Pashto] دوی [Old Portuguese] traiçon [Breton] reiñ [Albanian] dhuroj [Albanian] dhashë [Albanian] dhunti [Faliscan] 𐌃𐌄𐌃𐌄𐌕 [Sanskrit] दा [Sanskrit] ददौ [Assamese] দে [Sanskrit] दामन् [Bengali] দাদ [Kashubian] dôwac [Avestan] 𐬛𐬁,*deh₃-,,34,98
[Danish] die [Polish] dziewczyna [English] fawn [English] doe [Swedish] di [English] felicity [Latin] fetus [English] fellate [Serbo-Croatian] dijete [Old English] delu [Albanian] dele [Latin] felicitas [Breton] died [Swedish] däggdjur [Ancient Greek] Τηθύς [Old Church Slavonic] доити [Northern Kurdish] dayik [Sanskrit] धेनु [Ancient Greek] θῆλυς [French] faon [Bakhtiari] دا [Ancient Greek] θηλή [Latin] fecundus [Latin] fello [Greek] θείος [Romanian] făt [Ancient Greek] θεῖος [Old Irish] deug [Middle Irish] deog [Old Armenian] դայեակ [Icelandic] dilkur [Old English] deon [Latin] faenus [Welsh] diod [Scottish Gaelic] deoghail [Polish] dziewka [Albanian] dosë [Old Armenian] դիեմ [Lower Sorbian] dojś [Sanskrit] धान्य [Old Irish] denaid [Assamese] ধান [Early Assamese] ধান [Old Norse] dilkr [Ancient Greek] τίτθη [Ancient Greek] τιθήνη [Ancient Greek] τήθη [Latgalian] dāls [Ancient Greek] τιτθός,*dʰeh₁(y)-,,49,99
[Italian] die [Irish] dia [Old Irish] día [Old Irish] día [Sardinian] di [English] meridian [English] jovial [Sanskrit] दिव् [English] Tyr [English] jovially [Urdu] دن [Hindi] दिन [Sanskrit] दिन [English] hodiernal [Samogitian] dėina [Ancient Greek] δῆλος [Welsh] Iau [Greek] Ζευς [Telugu] దినము [Cebuano] dayana [Avestan] 𐬛𐬫𐬀𐬊𐬱 [Persian] لیو [Ancient Greek] δηθά [Ancient Greek] ἀρίζηλος [Sanskrit] दीव्यति,*dyew-,,25,100
[Afrikaans] een [Dutch] een [Hunsrik] een [Middle Dutch] een [Alemannic German] en [Danish] en [Norwegian Bokmål] en [Old Swedish] en [Slovene] en [Swedish] en [English] one [Indo-Portuguese] um [Portuguese] um [Scots] an [Latin] unus [Aragonese] uno [Italian] uno [Ladino] uno [Spanish] uno [Breton] un [Catalan] un [Corsican] un [Fala] un [French] un [Ladino] un [Ligurian] un [Manx] un [Middle Welsh] un [Romanian] un [Sassarese] un [Spanish] un [Welsh] un [Norwegian Bokmål] nan [Faroese] ein [Norwegian Nynorsk] ein [Ladino] una [Sassarese] una [Czech] jeden [Kashubian] jeden [Polish] jeden [Slovak] jeden [Istro-Romanian] ur [Gutnish] ajn [Westrobothnian] ajn [Breton] unan [Danish] nul [English] unity [Norwegian Bokmål] a [Portuguese] unir [Serbo-Croatian] један [Serbo-Croatian] jedan [Sanskrit] एक [Aromanian] unu [Asturian] unu [Corsican] unu [Megleno-Romanian] unu [Romanian] unu [Sardinian] unu [Sassarese] unu [Old Norse] einn [Icelandic] núll [Latin] ullus [Irish] aon [Scottish Gaelic] aon [Malay] eka- [Portuguese] uma [Middle English] oon [Albanian] nuk [Slovene] eden [Urdu] ایک [Albanian] një [Cornish] onen [Welsh Romani] jekh [Yiddish] אַ [Yiddish] אַן [Ladino] און [Belarusian] адзін [Old Ruthenian] одинъ [Macedonian] еден [Latgalian] vīns [Latin] nullus [Latin] oinos [Ossetian] иу [Assamese] এক [Bengali] এক [Vilamovian] ǡ [Manx] Anghus [Old Irish] Oíngus [Middle Irish] Aengus [Irish] Aonghas [Scottish Gaelic] Aonghas [Latvian] viņš [Yiddish] איין [Old Portuguese] ũu [Umbrian] 𐌖𐌍𐌔 [Bulgarian] един [Punjabi] ਇੱਕ [Manx] unnane [Cornish] onan [Gothic] 𐌰𐌹𐌽𐍃 [Old Prussian] ains [Middle Irish] óen [Old Irish] óen [Fala] un-a [Oriya] ଏକ [Ladino] אונו [Upper Sorbian] jedyn [Slovincian] jȧděn [Gujarati] એક [Dhivehi] އެކެއް [Norwegian Bokmål] nullpunkt [Oscan] 𐌖𐌉𐌍𐌖𐌔 [Sauraseni Apabhramsa] एक्क [Bhojpuri] एगो [Assamese] এ- [Zealandic] eên [Ancient Greek] οἴνη [Punjabi] اک [Assamese] আক [Kashmiri] اَکھ [Norwegian Bokmål] absolutt nullpunkt [Sanskrit] एन [Norwegian Bokmål] aberdeen angus [Norwegian Nynorsk] eidn [Ukrainian] їден [Dhivehi] އެއް [Ladino] אונה [Middle Persian] 𐫙𐫏𐫇,*óynos,,128,101
[Dutch] zijn [Irish] is [English] was [Danish] er [Old Saxon] sin [Czech] je [German] sein [Faroese] vera [Norwegian Nynorsk] vera [Westrobothnian] vera [Danish] være [Norwegian Bokmål] være [English] soothe [Welsh] bod [Luxembourgish] sinn [Serbo-Croatian] сам [Low German] sien [English] sooth [Old English] wesan [Old English] synn [Lithuanian] būti [Old Norse] synd [Latvian] būt [Limburgish] zeen [English] presentative [German Low German] sön [Sanskrit] अस् [Old Saxon] sundia [Pali] atthi [Ancient Greek] ἐσθλός [Old English] ætwesan,*h₁es-,,31,102
[Dutch] zijn [Jersey Dutch] z'n,*seyno-,,2,103
[Albanian] te [English] though [Latvian] tas [English] tho [English] tho [Albanian] tash [Albanian] tani [Czech] teď [Albanian] kënd [Latvian] tāls [Albanian] tashti [Latgalian] tuols,*to-,,12,104
[Breton] te [English] thou [Scots] thou [West Frisian] do [English] thy [Danish] du [Dutch] du [Elfdalian] du [German] du [Hunsrik] du [Norwegian Bokmål] du [Norwegian Nynorsk] du [Old High German] du [Swedish] du [Norwegian Bokmål] due [Albanian] ti [Ligurian] ti [Serbo-Croatian] ti [Slovene] ti [Welsh] ti [Aromanian] tu [French] tu [Friulian] tu [Gaulish] tu [Ido] tu [Italian] tu [Kalo Finnish Romani] tu [Latgalian] tu [Latin] tu [Latvian] tu [Lithuanian] tu [Northern Kurdish] tu [Old Portuguese] tu [Portuguese] tu [Romani] tu [Romanian] tu [Sassarese] tu [Sinte Romani] tu [Sudovian] tu [Tocharian A] tu [Welsh Romani] tu [Czech] ty [Lower Sorbian] ty [Old Czech] ty [Polish] ty [Silesian] ty [Slovak] ty [Upper Sorbian] ty [Emilian] tè [Manx] oo [Faroese] tú [Irish] tú [Ladino] tú [Old Irish] tú [Spanish] tú [Belarusian] ты [Russian] ты [Rusyn] ты [Belarusian] ваш [Bulgarian] ваш [Macedonian] ваш [Russian] ваш [Serbo-Croatian] ваш [Ukrainian] ваш [Icelandic] þú [Old Norse] þú [Old English] þu [Old Swedish] þu [Hindi] तू [Limburgish] dou [Sardinian] tue [Old Danish] thu [Ancient Greek] σύ [Jamtish] dú [Corsican] tù [Greek] εσύ [Pontic Greek] εσύ [Persian] تو [Faroese] tygum [Ormuri] ته [Pashto] ته [Bengali] তুমি [Old Church Slavonic] тꙑ [Sanskrit] त्वम् [Old Persian] 𐎬𐎺𐎶 [Kashubian] të [Bulgarian] ти [Macedonian] ти [Serbo-Croatian] ти [Ukrainian] ти [Tocharian B] tuwe [Yiddish] דו [Gothic] 𐌸𐌿 [Ladino] טו [Middle English] þou [Crimean Gothic] tzo [English] T-form [Sindhi] تون [Punjabi] ਤੂੰ [Assamese] তই [Avestan] 𐬙𐬏𐬨 [Bundeli] तैं [Tsakonian] εκιού [Sanskrit] युष्माक [Sylheti] ꠔꠥꠝꠤ [Norwegian Bokmål] duing [Bengali] তুঁই [Sassarese] tóiu,*túh₂,,108,105
[Danish] te [Swedish] te [English] toe [English] diction [French] diction [English] teach [Welsh] dull [English] token [Romansch] dir [Faroese] tá [Icelandic] tá [Old Norse] tá [French] tache [English] interdict [German] Zehe [Swedish] tå [Sanskrit] देश [English] syndic [German] Zeichen [Romanian] deget [Fala] idel [Romansch] gir [German] Zeh [English] valedictory [Middle High German] zehe [Spanish] tacha [Middle English] techen [English] tetchy [Old Norse] tign [Ancient Greek] δείκνυμι [Old Norse] teigr [English] anthropodicy [Yiddish] צייכן [English] swadeshi [Hindi] दिशा [Central Franconian] Zieh [Dutch] tijgen [Westrobothnian] tâ [Chinese] 提舍 [Bavarian] Zechn,*deyḱ-,,40,106
[French] te [Latin] te [Portuguese] te [Romanian] te [Spanish] te [Italian] ti [Sassarese] ti,*twé,,7,107
[English] accord [Catalan] cor [Latin] cor [Latin] tertius [Greek] αλεπού [Ancient Greek] τρίτος [Ligurian] cheu [Magahi] 𑂍𑂷𑂀𑂜 [Ancient Greek] -θρον, ~ ,,9,108
[Latin] de [English] to [Old English] to [Old Irish] do [Polish] do [Serbo-Croatian] do [Old Irish] di [Sassarese] di [Welsh] di- [Latin] dum [Bulgarian] до [Russian] до [Serbo-Croatian] до [Ukrainian] до [Ancient Greek] δέ [Ancient Greek] δή [Latin] donec [Manx] jeh [Old Irish] dí- [Ancient Greek] δεῦρο [Ancient Greek] -δε [Galician] devasa [Latin] donique [Latin] donicum,*de,,24,109
[Norwegian Nynorsk] de [Swedish] er [Middle English] ye [Old High German] ir [Dutch] u [Swedish] ni [Sassarese] voi [Westrobothnian] je [Czech] vy [Latin] vos [Sardinian] vos [Dutch] jij [Sardinian] bos [Ido] vu [West Frisian] jo [Russian] вы [Rusyn] вы [Danish] I [Norwegian Nynorsk] I [Swedish] I [Sanskrit] युष्मद् [West Frisian] jim [Old Frisian] ji [German] euch [Dutch] gij [Old Norse] ér [Faroese] tær [Latvian] jūs [Lithuanian] jūs [Old Prussian] jūs [Old Armenian] դուք [West Flemish] gie [Albanian] ju [Icelandic] þér [Old Norse] þér [Yiddish] איר [Icelandic] yður [Gothic] 𐌾𐌿𐍃 [Sanskrit] यूयम् [Faliscan] 𐌖𐌄𐌔 [Ligurian] voî [Avestan] 𐬫𐬏𐬲𐬆𐬨 [Ashkun] iã [Latgalian] jius,*yū́,,44,110
[Serbo-Croatian] de [Serbo-Croatian] де,*kʷu-dʰe,,2,111
[Asturian] en [Catalan] en [Fala] en [French] en [Galician] en [Old Portuguese] en [Spanish] en [Latin] in [Sassarese] in [Old Irish] hi [Lower Sorbian] w [Portuguese] em [English] in- [Italian] in- [German] ein [Norwegian Bokmål] inn [Greek] εν [English] intuit [Danish] ned [Swedish] ned [Russian] в- [Faroese] í [Icelandic] í [Old Norse] í [English] nether [Yiddish] אין [Scottish Gaelic] nighean [Dutch] neder [English] introit [Faroese] niður [Icelandic] niður [German] nieder [Ancient Greek] ἐν [Ancient Greek] εἰς [Persian] نمودن [Tocharian B] ene [Romanian] în [Welsh] yn [Lithuanian] į [Old Armenian] ի [German] ein- [Old English] niþera [Manx] inneen [Old Armenian] նի- [Sanskrit] नि [Scottish Gaelic] inghean [Latin] intestinus [Primitive Irish] ᚔᚅᚔᚌᚓᚅᚐ [Russian] нырнуть [Latin] ingenuus [Persian] نیایش [Luxembourgish] nidder [Cebuano] inin [Albanian] m- [Faroese] íggj [Ancient Greek] ἐντός [Ancient Greek] νέρθεν [Sanskrit] निस्- [Old Church Slavonic] въ- [Norwegian Bokmål] ajourinnfattet [Norwegian Bokmål] ajourinnfatta [Norwegian Bokmål] inn- [Norwegian Bokmål] innfatte [Norwegian Bokmål] innfatning [Tocharian B] eneṃ,*h₁én,,65,112
[Dutch] en [West Frisian] en [Danish] end [Old Dutch] ande [Faroese] enn [Icelandic] enn [Old Norse] enn [Swedish] än [Old Saxon] endi [Westrobothnian] änn,*h₂entí,,10,113
[Dutch] en [Latin] non [Old Portuguese] non [Sanskrit] न [English] ne [Czech] ne [Latin] ne [Latvian] ne [Lithuanian] ne [Middle Dutch] ne [Middle English] ne [Northern Kurdish] ne [Scots] ne [Serbo-Croatian] ne [Slovene] ne [Northern Kurdish] na [Welsh] na [Irish] nach [Polish] nie [English] deny [Faroese] nei [Icelandic] nei [Norwegian Bokmål] nei [Norwegian Nynorsk] nei [Old Norse] nei [Old Norse] né [Danish] nej [Swedish] nej [English] hobnob [Welsh] neb [Welsh] nag [Russian] ноль [Belarusian] не [Bulgarian] не [Macedonian] не [Old Church Slavonic] не [Russian] не [Serbo-Croatian] не [Ukrainian] не [German] Null [Old English] ne- [Persian] نه [Portuguese] não [Welsh] nage [Braj] नहीं [Hindi] नहीं [Albanian] nuk [English] no [Silesian] ńy [Irish] namhaid [Urdu] نہیں [Gothic] 𐌽𐌹 [Middle Irish] náma [Middle Persian] 𐭫𐭠 [Lower Sorbian] ně [Faroese] neiggj [Lithuanian] niekas [Konkani] नू [Assamese] নাই [Bengali] নাই [Old Irish] námae [Middle Persian] 𐭫𐭥𐭩𐭲 [Elfdalian] näj [Scottish Gaelic] nàmhaid [Sanskrit] नहि [Sanskrit] नो,*ne,,66,114
[Ido] en [Norwegian Bokmål] i [Polish] we [Polish] w [Norwegian Bokmål] pling i bollen,*én,,5,115
[English] star [Crimean Gothic] stein [Mòcheno] stern [Corsican] stella [Interlingua] stella [Italian] stella [Latin] stella [Old Occitan] stella [Sardinian] stella [Tarantino] stella [Old English] steorra [English] disaster [French] étoile [Italian] étoile [Icelandic] Stella [German] Stern [Icelandic] stjarna [Old Norse] stjarna [Old Spanish] estrella [Spanish] estrella [Afrikaans] ster [Breton] ster [Cornish] ster [Dutch] ster [Dutch] ster [Scots] ster [Ancient Greek] ἀστήρ [English] Esther [Romanian] stea [Old High German] sterno [Italian] astro [Old Armenian] աստղ [Persian] ستاره [Faroese] stjørna [Middle English] sterne [Persian] تارا [Hindi] तारा [Sanskrit] तारा [Bengali] তারা [Danish] stjerne [Norwegian Bokmål] stjerne [Megleno-Romanian] steau̯ă [Istro-Romanian] ste [Greek] αστέρι [Northern Kurdish] stêr [Swedish] stjärna [Galician] estrela [Old Portuguese] estrela [Portuguese] estrela [Welsh] sêr [Sanskrit] स्तृ [Gothic] 𐍃𐍄𐌰𐌹𐍂𐌽𐍉 [Hittite] 𒄩𒀸𒋼𒅕𒍝 [Tocharian B] ścirye [Tocharian A] śre [Hindi] सितारा [Punjabi] ستارہ [Urdu] ستارہ [Old Saxon] sterro [Catalan] estel [Ossetian] стъалы [Tajik] ситора [Yiddish] שטערן [West Frisian] stjer [Punjabi] ਤਾਰਾ [Gallo] esteill [Walloon] stoele [Pashto] ستوری [Romansch] staila [Occitan] estela [Venetian] stéła [Vilamovian] śtaom [Gujarati] સિતારો [Punjabi] ਸਿਤਾਰਾ [Middle Dutch] sterre [Middle English] sterre [Norman] êtaile [Aromanian] steauã [English] starn [Scots] starn [Indonesian] seter [Sinhalese] තරුව [Central Kurdish] ئەستێرە [Sardinian] isteddu [Norman] ételle [Norman] etel [Norman] éteile [Central Franconian] Stään [Sanskrit] तारक [Papiamentu] strea [Burmese] တာရာ [Assamese] তৰা [Doteli] तारो [Sindhi] तारो [Ligurian] stélla [Sanskrit] तृ [Punjabi] تارہ [Sardinian] istrella [Sardinian] streglia [Sardinian] steddu [Sardinian] istella [Sardinian] isthella [Franco-Provençal] ètêla [Sicilian] stiḍḍa [Sindhi] تارو,*h₂stḗr,,105,116
[English] wolf [Afrikaans] wolf [Dutch] wolf [Middle Dutch] wolf [Middle English] wolf [Middle High German] wolf [West Frisian] wolf [Latin] lupus [Ancient Greek] λύκος [Greek] λύκος [Italian] lupo [Portuguese] lobo [Spanish] lobo [Czech] vlk [Old Czech] vlk [Slovak] vlk [Polish] wilk [Macedonian] волк [Russian] волк [German] Wolf [Pennsylvania German] Wolf [Icelandic] úlfur [Gothic] 𐍅𐌿𐌻𐍆𐍃 [Bulgarian] вълк [Old English] wulf [Serbo-Croatian] vuk [Serbo-Croatian] вук [Slovene] volk [Aromanian] lupu [Corsican] lupu [Sardinian] lupu [Sicilian] lupu [French] loup [Aromanian] lup [Istro-Romanian] lup [Romanian] lup [Danish] ulv [Norwegian Bokmål] ulv [Norwegian Nynorsk] ulv [Swedish] ulv [Old Armenian] գայլ [Old Irish] olc [Persian] گرگ [Faroese] úlvur [Old Church Slavonic] влькъ [Old Norse] ulfr [Lithuanian] vilkas [Latvian] vilks [Sanskrit] वृक [Albanian] ujk [Belarusian] воўк [Old Prussian] wilkis [Polabian] våuk [Tocharian B] walkwe [Tajik] гург [Samogitian] vėlks [Catalan] llop [Baluchi] گرک [Yiddish] וואָלף [Luxembourgish] Wollef [Italian] lovo [Vilamovian] wuf [Mazanderani] ورگ [Albanian] Ulqin [Old Persian] 𐎺𐎼𐎣 [Avestan] 𐬬𐬆𐬵𐬭𐬐𐬀 [Ligurian] lô [Old Danish] ulf [Mirandese] lhobo [English] Vukovian [Middle Persian] gwlg [Shina] उरुक [Latin] Volcae [Old East Slavic] вълкъ [Aghwan] 𐕒𐕡𐔾 [Norwegian Nynorsk] úv’e [Lydian] 𐤥𐤠𐤩𐤥𐤤 [Sudovian] wułks [Old Ruthenian] вовкъ,*wĺ̥kʷos,,79,117
[Old Irish] in [Old Irish] sin [Greek] ένας [Swedish] som [Latin] semper [Sardinian] semper [English] semelfactive [Tocharian A] sas [Ancient Greek] εἷς [Tocharian B] ṣe,*sḗm,,10,118
[English] planet [English] Poland [Italian] piano [Marshallese] piano [English] field [English] floor [Polish] pole [English] flag [Icelandic] flag [English] flake [Italian] pianta [Portuguese] plano [Spanish] plano [Dutch] plein [English] purdah [English] plantigrade [English] planar [Latin] planta [Dutch] vlag [Spanish] llano [Sardinian] pranta [Russian] поле [Indonesian] pelan [West Frisian] flagge [Old Portuguese] chão [Portuguese] chão [German] Westfalen [Latin] placo [Icelandic] flaga [Latin] plaga [Persian] پرده [Urdu] پردہ [Hittite] 𒁄𒄭𒅖 [Ancient Greek] πλανάω [Russian] плоский [Latin] palam [Catalan] pla [Icelandic] flana [Danish] flage [Serbo-Croatian] ploča [Latin] plancus [Irish] láthair [Romanian] plântă [Latin] plaustrum [Westrobothnian] flagu [Russian] полый [Luxembourgish] Flack [Cebuano] yano [Old Irish] láthar [Ancient Greek] πλάξ [English] Flagg [English] planular [Ligurian] ciànta [Westrobothnian] flåna [Ancient Greek] πέλανος [Ancient Greek] πλάγος,*pleh₂-,,56,119
[English] sky [Danish] sky [Norwegian Bokmål] sky [Ancient Greek] σκύλος [English] hide [English] hide [English] hide [Hunsrik] haut [Latin] scutum [English] shun [English] hose [German] Haut [Hunsrik] Haut [English] hoard [Icelandic] ský [Old Norse] ský [Galician] osa [French] écu [Old High German] hutta [Latin] custos [Dutch] hom [German] Hoden [Latin] squama [French] houseau [Ancient Greek] κύτος [Ancient Greek] κύστις [Swedish] skjul [Icelandic] húm [Welsh] cuddio [Ancient Greek] σκῦτος [Old English] scunian [Ancient Greek] σκύνιον,*(s)kewH-,,32,120
[English] taghairm [Irish] gairm [Scottish Gaelic] gairm,*ǵh₂r̥-smn̥,,3,121
[Irish] can [Scottish Gaelic] can [Norwegian Bokmål] accent [Breton] kana [Finnish] kana [Dutch] hen [Welsh] canu [Latin] ciconia [Norwegian Bokmål] accent grave [Old Frisian] hona [Latin] cano [Ancient Greek] καναχέω [Tocharian B] kene [West Frisian] hoanne [Northern Kurdish] xwendin [Norwegian Bokmål] accent circonflexe [Walloon] tchanter [Portuguese] chantagem [Old Irish] canaid [Emilian] kantēr [Tocharian A] kaṃ,*keh₂n-,,21,122
[Ligurian] can [Old Portuguese] can [Spanish] can [Old East Slavic] собака [Old Ruthenian] собака [Russian] собака [Ukrainian] собака [Welsh] ci [Corsican] cane [Italian] cane [Sardinian] cane [Ancient Greek] κύων [Polish] suka [Slovak] suka [Catalan] ca [Northern Kurdish] se [English] kennel [English] hound [Latin] canis [English] corgi [Breton] ki [Cornish] ki [Tocharian A] ku [Tocharian B] ku [Manx] coo [English] Cynic [Old East Slavic] сука [Russian] сука [Ukrainian] сука [Latvian] suns [Lithuanian] šuo [Dacian] κινούβοιλα [Portuguese] cão [Romanian] câine [Scottish Gaelic] cù [Sudovian] kuo [Irish] cú [Middle Irish] cú [Old Irish] cú [Old Prussian] sunnis [Persian] سگ [Samogitian] šou [Pashto] سپی [Yiddish] הונט [Sanskrit] श्वन् [Portuguese] canário [English] Conan [Limburgish] hóndj [Latgalian] suņs [Primitive Irish] ᚉᚒᚅᚐ [Translingual] Cuon [Hittite] 𒆪𒉿𒀸 [Talysh] sıpə [Talysh] сыпә [Istro-Romanian] căre [Persian] اسبه [Aromanian] cãni [Central Franconian] Honk [Kalasha] šọ̃́a [Central Kurdish] سەگ [Avestan] 𐬯𐬞𐬀𐬥 [Konkani] सुणो [Old Prussian] sunis [Romanian] câne [Sanskrit] श्वाविध् [Aromanian] cheni,*ḱwṓ,,66,123
[Welsh] can [Galician] cando [Sanskrit] चन्द्र [Albanian] hënë [Latin] candeo [Assamese] চাঁদ [ Bengali ] চাঁদ [Old Armenian] խանդ [Assamese] চান [Sanskrit] चन्द् [Sanskrit] श्चन्द्र [Assamese] চান্দ [Early Assamese] চান্দ [Ancient Greek] κάνδαρος [English] Kander,*(s)kand-,,15,124
[Welsh] can [Old English] hund [English] hundred [Danish] hundred [Norwegian Bokmål] c [Norwegian Bokmål] c [Norwegian Bokmål] c [Norwegian Bokmål] c [English] cent [Catalan] cent [French] cent [Friulian] cent [Occitan] cent [Latin] centum [Finnish] sata [Ingrian] sata [Pali] sata [Votic] sata [Indonesian] sen [Malay] sen [Romanian] sută [Old Saxon] ant- [Swedish] hundra [Galician] cento [Italian] cento [Portuguese] cento [Venetian] sento [Crimean Gothic] sada [Northern Kurdish] sed [Spanish] ciento [Faroese] hundrað [Icelandic] hundrað [Old Norse] hundrað [German] hundert [Lower Sorbian] hundert [Norwegian Bokmål] hundre [Breton] kant [Tocharian A] känt [Galician] cen [Bhojpuri] सौ [Hindi] सौ [Urdu] سو [Portuguese] cem [Persian] صد [Urdu] صد [Tocharian B] kante [Scottish Gaelic] ceud [German] Hundert [Avestan] 𐬯𐬀𐬙𐬀 [Sanskrit] शत [Lithuanian] šimtas [Latvian] simts [Corsican] centu [Asturian] cientu [Khowar] شور [Limburgish] hóngert [Portuguese] centeio [Old English] hund- [Manx] keead [Old Irish] cét [Cebuano] sinto [Old Swedish] hundraþ [Norman] chent [Venetian] zsento [Gothic] 𐌷𐌿𐌽𐌳 [Irish] céad [Aromanian] sutã [Hawaiian] haneli [Mansi] са̄т [Bactrian] σαδο [Gujarati] સો [Middle Dutch] hont [Marathi] -शे [Ligurian] çénto [Cebuano] siyen [Galician] centeo [Aromanian] tsentu [Aromanian] tsendu [Sardinian] chentu [Marshallese] jāān [Ashokan Prakrit] 𑀲𑀢,*ḱm̥tóm,,81,125
[Latin] dies [Norwegian Bokmål] jour [English] Jupiter [Polish] Jupiter [Catalan] dia [Old Spanish] dia [Portuguese] dia [Spanish] día [Latin] Iuppiter [Latin] Iuppiter [English] Jove [Ancient Greek] Ζεύς [Welsh] dydd [English] journal [Albanian] zot [Romanian] zi [Italian] dì [Sassarese] dì [Italian] giornale [Ancient Greek] Ζήνων [Hittite] 𒅆𒍑 [Polish] Jowisz [Sanskrit] द्यु [Norwegian Bokmål] à jour [Umbrian] 𐌉𐌖𐌐𐌀𐌕𐌄𐌓 [Sanskrit] द्युम्न [English] Zeno [Italian] Zeno [Latin] Zeno [Latin] dius [Greek] Δίας [Norwegian Bokmål] ajournement [Cornish] dedh [Latin] Iovis [Latin] Veiovis [Latin] Vediovis [Mycenaean Greek] 𐀇𐀺 [Sanskrit] द्यौष्पितृ [Ancient Greek] δείλη [Persian] زاوش [Latin] Zenon [Latin] Vedius [Messapic] 𐌆𐌉𐌑 [Norwegian Bokmål] a jour [Latin] Diespiter [Latin] Diovis [Latin] Diiovis [Latin] Dijovis [English] Vejovis [Latin] Vejovis [Albanian] Zojz [Norwegian Bokmål] ajourføre [Norwegian Bokmål] ajourføring [Norwegian Bokmål] ajourinnfattet [Norwegian Bokmål] ajourinnfatta,*dyḗws,,55,126
[English] number [English] naam [German] nehmen [Mongolian] ном [English] antinomy [English] supernumerary [Spanish] número [Old English] niman [Dutch] nemen [Middle Dutch] nemen [English] nim [Portuguese] numeroso [Middle English] nimen [Faroese] nummar [Romanian] număr [Faroese] nema [Icelandic] nema [Old Norse] nema [Westrobothnian] nema [English] nummular [Alemannic German] nää [Latin] numerus [Ancient Greek] νέμω [Italian] novero [Old Irish] neim [West Frisian] nimme [Yiddish] נעמען [Sanskrit] नम् [Albanian] nëmë [Gothic] 𐌽𐌹𐌼𐌰𐌽 [Mongolian] ᠨᠣᠮ [Ancient Greek] νωμάω [Sicilian] nùmmiru [Prakrit] 𑀡𑀸𑀫 [Sanskrit] नति,*nem-,,35,127
[Czech] o [Polish] o [Serbo-Croatian] o [Slovene] o [Czech] o- [Polish] o- [Bulgarian] о [Old Church Slavonic] о [Russian] о [Serbo-Croatian] о [Ukrainian] о [Czech] ob- [Polish] ob- [Serbo-Croatian] ob- [Russian] об [Russian] о- [Serbo-Croatian] об- [Old Church Slavonic] объ [Russian] обо [Lower Sorbian] wobjed [Upper Sorbian] wobjed,*h₃ebʰi,,21,128
[Polish] o [Old Irish] a [Old Irish] a/Old Irish,*ō,,3,129
[Welsh] o [Russian] по [Old Frisian] fon [Latin] po-,*h₂pó,,4,130
[Norwegian Bokmål] AD [Norwegian Bokmål] anno Domini [Latin] dominus [Norwegian Bokmål] Domini [Norwegian Bokmål] a.D.,*domh₂nos,,5,131
[English] grass [English] green [English] grow [Dutch] gras [Faroese] gras [Icelandic] gras [Middle Dutch] gras [Old Saxon] gras [Swedish] grön [Catalan] herba [Latin] herba [Dutch] groeien [Romanian] iarbă [Old English] growan [Finnish] rohto [Lithuanian] žėrėti [Gothic] 𐌲𐍂𐌰𐍃 [Lithuanian] žiūrėti [Norn] grøn [Latin] gramen [Bulgarian] грив [Middle Dutch] groeyen [Ancient Greek] φορβή [Persian] غرواس [Polabian] grönĕ,*gʰreh₁-,,25,132
[English] three [Scots] three [Manx] tree [Greek] τρία [French] trois [Aragonese] tres [Asturian] tres [Catalan] tres [Galician] tres [Kristang] tres [Latin] tres [Occitan] tres [Romansch] tres [Sardinian] tres [Spanish] tres [Albanian] tre [Danish] tre [Italian] tre [Kalasha] tre [Norwegian Bokmål] tre [Norwegian Nynorsk] tre [Swedish] tre [Tocharian A] tre [English] tri [Breton] tri [Cornish] tri [Elfdalian] tri [Esperanto] tri [Ido] tri [Indonesian] tri [Malay] tri [Norwegian Nynorsk] tri [Serbo-Croatian] tri [Slovak] tri [Slovene] tri [Welsh] tri [Afrikaans] drie [Dutch] drie [Zealandic] drie [English] tern [English] contribute [German] drei [German Low German] drei [Hunsrik] drei [Cornish] try [Czech] tři [Upper Sorbian] tři [Yiddish] דרײַ [Tocharian B] trai [Bulgarian] три [Macedonian] три [Old Ruthenian] три [Russian] три [Serbo-Croatian] три [Ukrainian] три [Bhojpuri] तीन [Hindi] तीन [Tajik] се [English] teapoy [Old French] troy [Old Norse] þrír [Ancient Greek] τρεῖς [Greek] τρεις [Aromanian] trei [Istro-Romanian] trei [Megleno-Romanian] trei [Romanian] trei [Old English] þri [Old High German] dri [Caló] trin [Crimean Gothic] tria [Portuguese] três [Polish] trzy [Slovene] trije [West Frisian] trije [Scottish Gaelic] trì [Persian] سه [Norman] treis [Romansch] treis [Norman] trais [Romansch] trais [Old Church Slavonic] трьѥ [Ancient Greek] Τρίτων [Urdu] تین [Portuguese] terço [Irish] trí [Norwegian Nynorsk] trí [Old Irish] trí [Faroese] tríggir [Old Armenian] երեք [Corsican] trè [Alemannic German] drüü [Sanskrit] त्रि [Portuguese] tridente [Belarusian] тры [Lower Sorbian] tśi [Lithuanian] trys [Ossetian] ӕртӕ [Bengali] তিন [Walloon] troes [Assamese] তিনি [Latvian] trīs [Sinhalese] තුන [Luxembourgish] dräi [Gothic] 𐌸𐍂𐌴𐌹𐍃 [Dutch] drij [Middle English] thre [Pashto] درې [Catalan] terç [Albanian] trikë [Albanian] dhrim [Old Saxon] thrie [Proto-Norse] ᚦᚱᛁᛃᛟᛉ [Central Kurdish] سێ [Czech] tří- [Slovincian] třȧ [Mycenaean Greek] 𐀴𐀪 [Avestan] 𐬚𐬭𐬌 [English] Trinity term [Saterland Frisian] träi [Ligurian] tréi [English] neo-testamentary [Old Prussian] tīrts [Norwegian] trir [Ashokan Prakrit] 𑀢𑀺𑀁𑀦𑀺 [Ashokan Prakrit] 𐨟𐨿𐨪𐨩𐨆 [Kashmiri] ترٛےٚ [English] tryzub [Proto-Norse] ᚦᚱᛁᚨ [Shina] ڇے [Lycian] 𐊗𐊕𐊁𐊆,*tréyes,,131,133
[Italian] seme [Serbo-Croatian] seme [Slovene] seme [Finnish] siemen [Latin] semen [Veps] semen [German] Samen [Luxembourgish] Som [Belarusian] семя [Russian] семя [Old High German] samo [Czech] semeno [Slovak] semeno [Old Church Slavonic] сѣмѧ [Serbo-Croatian] sjeme [Bulgarian] семе [Macedonian] семе [Serbo-Croatian] семе [Polabian] semą [Kashubian] semiã [Upper Sorbian] symjo [Polish] siemię [Ukrainian] сім'я [Lower Sorbian] semje [Portuguese] sêmen [Serbo-Croatian] сјеме [Central Franconian] Zoam,*séh₁mn̥,,27,134
[English] four [Hunsrik] fier [Latin] quattuor [Afrikaans] vier [Dutch] vier [German] vier [Middle Dutch] vier [Zealandic] vier [Yiddish] פֿיר [Old High German] fior [Sardinian] bator [Old Saxon] fiuwar [Oscan] 𐌐𐌄𐌕𐌕𐌉𐌖𐌓,*kʷetwṓr,,13,135
[French] four [Italian] forno [Portuguese] forno [Catalan] forn [Spanish] horno [Latin] furnus [Sardinian] furnu [Sardinian] forru [Sassarese] forru [Sardinian] furru,*gʷʰr̥-nós,,10,136
[English] two [Danish] to [Norwegian Bokmål] to [Norwegian Nynorsk] to [Westrobothnian] to [Tocharian A] we [English] doubt [Esperanto] du [Ido] du [Kalasha] du [Lithuanian] du [Northern Kurdish] du [Cornish] dew [Ancient Greek] δύο [French] deux [Italian] due [Norwegian Bokmål] due [Portuguese] dois [English] duo [Italian] duo [Latin] duo [Polish] duo [Albanian] dy [Afrikaans] twee [Catalan] dos [Spanish] dos [Swedish] två [Czech] dva [Serbo-Croatian] dva [Slovak] dva [Slovene] dva [English] twine [English] twain [Tocharian B] wi [Welsh] dau [English] twin [Scottish Gaelic] dà [English] twi- [Breton] daou [Old Ruthenian] два [Serbo-Croatian] два [Hindi] दो [Corsican] dui [Faroese] tveir [Old Norse] tveir [Crimean Gothic] tua [Aromanian] doi [Istro-Romanian] doi [Romanian] doi [Latgalian] div [Old High German] zwene [Old Armenian] երկու [Scottish Gaelic] dhà [Kashubian] dwa [Lower Sorbian] dwa [Polish] dwa [Old Irish] dá [Manx] daa [Tocharian A] wu [Baluchi] دو [Persian] دو [Urdu] دو [Irish] dó [Latvian] divi [Sardinian] duos [Sanskrit] द्व [Persian] دیگر [Assamese] দুই [Bengali] দুই [Bakhtiari] دیه [Pashto] دوه [Umbrian] 𐌕𐌖𐌚 [Oscan] 𐌃𐌖𐌔 [Swedish] tvenne [Irish] dhá [Gothic] 𐍄𐍅𐌰𐌹 [Middle English] twei [Jersey Dutch] twî [Central Kurdish] دوو [Norwegian Bokmål] a due [Upper Sorbian] dwaj [Slovincian] dvȧ [West Flemish] twji [Avestan] 𐬛𐬎𐬎𐬀 [Bhojpuri] दू [Ligurian] doî [Hunsrik] zweu [Old Prussian] dwai [English] douzeper [Kashmiri] زٕ [Latgalian] diveji [Calabrian Greek] dìo [Tocharian B] -wäte [Jersey Dutch] tweî,*dwóh₁,,94,137
[English] five [Middle English] five [Scots] five [Serbo-Croatian] pet [Slovene] pet [Ido] kin [Latin] quinque [French] cinq [Corsican] cinque [Italian] cinque [Dutch] vijf [Middle Dutch] vijf [Portuguese] cinco [Spanish] cinco [English] penta- [Danish] fem [Norwegian Bokmål] fem [Swedish] fem [Czech] pět [Welsh] pump [Ancient Greek] πέντε [Greek] πέντε [Slovak] päť [Catalan] cinc [Occitan] cinc [Old French] cinc [Russian] пять [Bulgarian] пет [Serbo-Croatian] пет [Faroese] fimm [Old Norse] fimm [Scottish Gaelic] còig [Indonesian] panca [Malay] panca [Northern Kurdish] pênc [Romanian] cinci [Latin] Pompeii [Breton] pemp [Old Armenian] հինգ [Hindi] पाँच [Polish] pięć [West Frisian] fiif [Latin] Pompeius [Baluchi] پنج [Persian] پنج [Sindhi] پنج [Istro-Romanian] ćinć [Old Church Slavonic] пѧть [Tocharian A] päñ [Tocharian B] piś [Ancient Greek] πέμπτος [Swedish] punsch [Kashubian] piãc [Sanskrit] पञ्चन् [Irish] cúig [Afrikaans] vyf [Latin] cunctus [Zealandic] vuuf [Tajik] панҷ [Ossetian] фондз [Lithuanian] penki [Assamese] পাঁচ [Bengali] পাঁচ [Manx] queig [Old Irish] cóic [Albanian] pesë [Umbrian] 𐌐𐌖𐌌𐌐𐌄 [Old Hindi] पंच [Belarusian] пяць [Latvian] pieci [Ukrainian] п'ять [Cornish] pymp [Gothic] 𐍆𐌹𐌼𐍆 [Aromanian] tsintsi [Pashto] پنځه [Norman] chinq [Malay] panca- [Lower Sorbian] pěś [Malay] ڤنچاـ [Malay] ڤنچا [Norman] chînq [Crimean Gothic] fyuf [Central Kurdish] پێنج [Oriya] ପାଞ୍ଚ [English] sarpanch [Upper Sorbian] pjeć [Pali] pañca [Gujarati] પાંચ [Sardinian] chimbe [Kashmiri] پانٛژھ [Cebuano] singko [Ligurian] çìnque [Avestan] 𐬞𐬀𐬧𐬗𐬀 [Early Assamese] পাঞ্চ [Old Prussian] piēncts [Romani] panʒ [Ashokan Prakrit] 𑀧𑀁𑀘 [Mandeali] पाञ्ज [Kashubian] pińc [Latgalian] pīci [Kashmiri] پٲنٛژھ,*pénkʷe,,101,138
[Walloon] five [Afrikaans] dag [Norwegian Bokmål] dag [Norwegian Nynorsk] dag [Old Dutch] dag [Old Saxon] dag [Swedish] dag [West Flemish] dag [English] fever [Crimean Gothic] tag [Middle High German] tag [Old High German] tag [English] fomentation [German Low German] Dag [German] Tag [Norwegian Bokmål] DD [Norwegian Bokmål] DD [Plautdietsch] Dach [Norwegian Bokmål] dd [Faroese] dagur [Icelandic] dagur [English] daw [Middle Irish] Dagda [Old Norse] dagr [German] Fieber [Russian] дёготь [Ancient Greek] τέφρα [Gothic] 𐌳𐌰𐌲𐍃 [Ancient Greek] θεπτάνων [Latin] fomes [Irish] fiabhras [Scottish Gaelic] fiabhras [Limburgish] daag [Old Prussian] dagis [Norn] dagh [Central Franconian] Daach [Old Irish] daig [Albanian] dhez [Welsh] deifio [Czech] dehet [Vilamovian] taog [Polish] dziegieć [Lithuanian] degutas [Middle English] fomentacioun [Hindi] दहना [Shina] दयोनॊ [Hunsrik] Daagh [Norwegian Bokmål] ddmmåå [Norwegian Bokmål] ddmmåååå [Norwegian Bokmål] dd/mm/åå [Norwegian Bokmål] DDMMÅÅÅÅ [Norwegian Bokmål] DD/MM/ÅÅ [Norwegian Bokmål] DD/MM/ÅÅÅÅ [Norwegian Bokmål] dd/mm/åååå [Norwegian Bokmål] DDMMÅÅ [Norwegian Bokmål] D-dag [Norwegian Bokmål] D-dagen [Sanskrit] दह् [Tamil] தாகம்,*dʰegʷʰ-,,59,139
[English] crude [English] raw [Galician] cru [Portuguese] cru [Latin] cruor [English] ree [Old High German] ro [English] recrudescence [German] roh [Old English] hreaw [Samogitian] kraus [Swedish] rå [Russian] кровь [Scottish Gaelic] cruaidh [Bulgarian] кръв [Lithuanian] kraujas [Belarusian] кроў [Upper Sorbian] krej [Dutch] rauw [Old Norse] hrjósa [Irish] crua [Esperanto] kruda [Old Polish] kry [Yiddish] רוי [Middle English] rawe [Galician] croio [Italian] croio [Galician] coio [Swedish] rysa [Gothic] 𐌹𐌽𐍂𐌰𐌿𐌷𐍄𐌾𐌰𐌽,*krewh₂-,,30,140
[English] year [Norwegian Bokmål] år [Czech] jaro [Cimbrian] jaar [Ancient Greek] ὥρα [English] yahrzeit [Latin] hornus [Plautdietsch] Joa [Avestan] 𐬫𐬁𐬭𐬆 [Cimbrian] djar [Norwegian Bokmål] åå [Norwegian Bokmål] ddmmåå [Norwegian Bokmål] ddmmåååå [Norwegian Bokmål] dd/mm/åå [Norwegian Bokmål] DDMMÅÅÅÅ [Norwegian Bokmål] DD/MM/ÅÅ [Norwegian Bokmål] DD/MM/ÅÅÅÅ [Norwegian Bokmål] dd/mm/åååå [Norwegian Bokmål] DDMMÅÅ,*yóh₁r̥,,19,141
[English] few [Ladino] prove [English] poor [Latin] pauper [French] peu [English] paucal [Italian] povero [English] paucity [Spanish] poco [French] pauvre [Catalan] pobre [Portuguese] pobre [Spanish] pobre [Latin] pullus [English] putto [Galician] pouco [Portuguese] pouco [English] puellile [Lithuanian] putytis [Sanskrit] पुत्र [Ancient Greek] παύω [Old Armenian] փոքր [Old Armenian] ագի [Italian] pupo [Old Armenian] հաւ [Latin] paulus [English] pauci- [Catalan] poc [Latin] pumilus [Ancient Greek] πῶλος [Ancient Greek] φαῦλος [Sanskrit] पोत [Latin] pusus [Ancient Greek] παῦρος [Albanian] palo- [English] puelline [Avestan] 𐬞𐬎𐬚𐬭𐬀,*peh₂w-,,37,142
[English] clock [English] laughter [Norwegian Bokmål] le [Picard] cloke [Latin] clocca,*klek-,,5,143
[English] meat [English] meet [English] mail [Albanian] maj [English] moot [Swedish] mat [English] mush [Ancient Greek] μαστός [English] mell [German] Gemüse [English] Alvíssmál [Irish] meas [Persian] مست [Ancient Greek] μαδάω [French] amadouer [Old Armenian] մատչիմ [Latin] madeo [Old Armenian] մատաղ [Sanskrit] मत्त [Sanskrit] मदिरा [Irish] mosach [Old Irish] maidid [Latin] Matrinus [Sanskrit] मद् [Latin] mattus [Sanskrit] माद्यति [Sanskrit] मदन,*meh₂d-,,27,144
[Norwegian Bokmål] mann [Norwegian Nynorsk] mann [French] mandat [Indonesian] mandat [Norman] main [Old Czech] muž [Serbo-Croatian] muž [Slovak] muž [Catalan] mà [English] mannish [Portuguese] molho [Yiddish] מאַן [Walloon] mwin [Russian] манер [Punjabi] ਮਨੁੱਖ,*man-,,15,145
[English] second [English] see [Dutch] zien [Norwegian Bokmål] si [Westrobothnian] si [Danish] se [Latin] sequor [Bavarian] soon [English] saga [Old Norse] saga [English] society [Dutch] sage [Breton] hep [English] sequester [Welsh] heb [Swedish] säga [Icelandic] segja [Norwegian Nynorsk] segja [Old Norse] segja [Icelandic] sjá [Old Norse] sjá [Catalan] seguir [Portuguese] seguir [Spanish] seguir [Old English] secg [German] sagen [Old High German] sagen [Afrikaans] sê [Faroese] siga [Afrikaans] sien [Russian] секунда [Old English] secgan [Old Irish] sech [Latin] socius [English] consociation [Latin] secus [West Frisian] sjen [Irish] seach [Scottish Gaelic] seach [English] socio- [Faroese] síggja [Persian] از [English] seg [Spanish] siguiente [Ancient Greek] Ἀχαιμένης [Finnish] hokea [Lithuanian] sakyti [Portuguese] seguinte [Ancient Greek] ἕπομαι [Norwegian Nynorsk] seie [Limburgish] zeen [Catalan] executar [Occitan] executar [Portuguese] executar [Alemannic German] säge [Norwegian Nynorsk] sjå [Latin] inquam [Scottish Gaelic] sgeul [Albanian] shoh [English] soken [Irish] scéal [Old Irish] scél [Manx] skeeal [Norwegian Nynorsk] seia [Old Persian] 𐏃𐎧𐎠𐎶𐎴𐎡𐏁 [Cebuano] sikan [Old Armenian] հաճ [Jersey Dutch] zîn [Gothic] 𐍃𐌰𐌹𐍈𐌰𐌽 [Norman] s'gonde [Norman] siéthe [Scots] seicont [Gothic] 𐍃𐌹𐍀𐍉𐌽𐌴𐌹𐍃 [Lithuanian] paskutinis [Faroese] seggur [Sanskrit] सचा [Ancient Greek] ἐνέπω [Faliscan] 𐌔𐌏𐌊𐌉𐌀𐌉 [Welsh] cosb [Alemannic German] séege [Alemannic German] ŝchegi [Alemannic German] ŝchége [Alemannic German] sägä [Tajik] ҳикоя [Old Norse] seggr [Hunsrik] sihn [Indonesian] sositet [Ancient Greek] ὀπάων [Latin] segusius [Old Irish] seichid,*sekʷ-,,90,146
[Indonesian] sun [Italian] sano [Spanish] sano [Catalan] sa [Latin] sanus [Portuguese] são [French] sain [Dutch] zoen,*swā-n-,,8,147
[Danish] i [Irish] i [Northern Kurdish] li [English] in- [German] in- [English] en- [West Frisian] yn [North Frisian] önj [Tocharian B] e(n)- [Tocharian A] a(n)-,*en,,10,148
[Latgalian] i [English] army [Romanian] arm [Latvian] ir [Lithuanian] ir [Latvian] ar [Lithuanian] ar [English] harmony [English] ratiocination [Latin] oro [Latin] ritus [Persian] را [Latin] armus [Serbo-Croatian] jaram [Old Church Slavonic] ꙗрьмъ [Ancient Greek] ἄρα [Ancient Greek] ἁρμονία [Ancient Greek] ἁρμόζω [Old Armenian] առնեմ [Russian] ярмо [Serbo-Croatian] јарам [Ancient Greek] ἀραρίσκω [Ancient Greek] ἀρτύω [Ancient Greek] ἀρθμός [English] ordoliberal [English] ordoliberalism [Tocharian B] arañce [Tocharian A] āriñc [Tocharian A] yär- [Ancient Greek] ἄρτι [English] armatole [English] homo Aristophaneus [Ancient Greek] ἄρνυμαι [Tocharian B] ārwer [Tocharian B] artsa [Tocharian B] āmpär [Tocharian A] ārwar,*h₂er-,,37,149
[Polish] i [Russian] и [Belarusian] і [Rusyn] і [Ukrainian] і,*ei,,5,150
[Polish] i [Russian] и [Belarusian] і [Rusyn] і [Ukrainian] і,*ed,,5,151
[English] are [English] is [Middle English] is [Old Irish] is [English] be [Spanish] ir [Italian] essere [Sardinian] essere [Spanish] es [Catalan] ser [Portuguese] ser [Spanish] ser [Danish] est [French] est [Latin] est [Sardinian] est [Corsican] esse [Italian] è [Russian] быть [Romanian] fi [Romanian] este [Middle English] sind [Esperanto] esti [German] bist [Welsh] ys [Persian] است [Luwian] 𒀀𒀸𒋾 [Catalan] ésser [Sanskrit] अस्ति [Old Persian] 𐎠𐎿𐎫𐎡𐎹 [Hittite] 𒂊𒌍𒍣 [Gothic] 𐍅𐌹𐍃𐌰𐌽 [Gothic] 𐌹𐍃𐍄 [Ancient Greek] ἐστί [Norwegian Bokmål] absentere [Old Armenian] է [Northern Kurdish] -î [Alemannic German] isch [Venetian] èsare [Middle Persian] 𐭠𐭩𐭲𐭩 [Romagnol] l'è [Kalasha] ásik [Avestan] 𐬀𐬯𐬙𐬍 [Konkani] आस्चे [Hittite] 𒀀𒊭𒀀𒀭𒍝 [Ashokan Prakrit] 𑀅𑀲𑁆𑀢𑀺 [Emilian] êser [Middle Persian] 𐭫𐭥𐭩𐭲 [Belarusian] ёсць [Norwegian Bokmål] absentering [Latgalian] byut,*h₁ésti,,51,152
[English] quality [English] where [German] wenn [Low German] wenn [Albanian] nuk [Scots] whaur [Yiddish] ווען [Albanian] kë [Albanian] kënd [Indonesian] kualitas,*kʷo-,,10,153
[Danish] is [Norwegian Bokmål] is [Norwegian Nynorsk] is [Old English] is [Old Saxon] is [Swedish] is [English] ice [Indonesian] es [Central Franconian] Eis [German] Eis [Hunsrik] Eis [Pennsylvania German] Eis [Ossetian] их [Persian] یخ [Elfdalian] ais [Faroese] ísur [Old Norse] íss [Old Armenian] եղեամն [Yiddish] אײַז [Alemannic German] isch [English] eckle [Vilamovian] ajs [German Low German] Ies [Alemannic German] éisch [Marshallese] aij [Marshallese] aej [Norwegian Bokmål] Isdalen,*h₁eyH-,,27,154
[English] point [English] fuck [Latin] pugio [Italian] pugna [English] pugilist [German] ficken [Spanish] puño [English] poniard [Italian] pungere [Latin] pungo [Norwegian Bokmål] punkt [Latin] pugil [Indonesian] ponten [Romanian] împunge [Ancient Greek] πυγμή [Norwegian Bokmål] poeng [Norwegian Bokmål] nullpunkt [Danish] fyge [Ancient Greek] πυγών [Norwegian Bokmål] à poeng med [Norwegian Bokmål] a poeng med [Ancient Greek] πύξ [Norwegian Bokmål] absolutt nullpunkt [Sardinian] punghere,*pewǵ-,,24,155
[English] be [Italian] essere [Latin] sum [German] bauen,*bʰúHt,,4,156
[English] be [Scots] war [English] was [English] was [English] were [Romanian] han [Danish] være [Norwegian Bokmål] være [English] vestal [English] Vesta [Latin] Vesta [Old English] beon [Old Dutch] wesan [Old English] wesan [Old High German] wesan [Old Saxon] wesan [Irish] feis [Scottish Gaelic] feis [Old Norse] vist [Gothic] 𐍅𐌹𐍃𐌰𐌽 [Ancient Greek] αὐλή [Welsh] aros [Old Armenian] գոյ [Russian] диван [West Frisian] wêze [Jersey Dutch] wêze [Ossetian] уат [Serbo-Croatian] avlija [German Low German] wesen [Serbo-Croatian] авлија [Middle English] wastel [Ancient Greek] ἰαύω [Hittite] 𒄷𒍑 [Middle Persian] 𐭡𐭩𐭲𐭠 [Albanian] vathë [Middle Welsh] arhos [Middle Persian] dywʾn' [Sanskrit] वास [Hindi] बसेरा [Sanskrit] वासर [Pali] vāsa [North Frisian] wiis [Bakhtiari] هونه [Northern Luri] هونه [Old English] ætbeon [Old English] ætwesan [Ancient Greek] αὖλις [Sanskrit] पर्युष्ट [Bengali] দেওয়ান [Bengali] দিওয়ান,*h₂wes-,,50,157
[Swedish] be [English] bid [Old Irish] guide [Romanian] gudura [Low German] bidden [Old Norse] biðja [Danish] bede [Irish] guí [Czech] žádat [Serbo-Croatian] žeđ [Old Frisian] bidda [Welsh] gweddi [Serbo-Croatian] жеђ [Gothic] 𐌱𐌹𐌳𐌾𐌰𐌽 [Russian] жадать [Ancient Greek] πόθος [Scottish Gaelic] guidhe [Lithuanian] gedėti [Ancient Greek] ποθή [Northern Kurdish] gazî,*gʷʰedʰ-,,20,158
[Welsh] man [Welsh] man [English] mendacity [Latin] menda [Latin] mendax [Latin] mendum,*mend-,,6,159
[English] fart [Urdu] پاد [Latin] podex [Old English] feortan [Russian] пердеть [Faroese] frata [Hindi] पाद [Icelandic] freta [Swedish] fjärta [Swedish] fjärt [Czech] prdět [Serbo-Croatian] прдети [Serbo-Croatian] прдјети [Welsh] rhech [Slovak] prdieť [Yiddish] פֿאַרצן [Sanskrit] पर्द [Punjabi] ਪੱਦ,*perd-,,18,160
[English] cod [Middle English] cod [Swedish] kudde [English] cuttle [Old English] codd [Old English] cudele,*gewt-,,6,161
[Danish] hund [Norwegian Bokmål] hund [Norwegian Nynorsk] hund [Swedish] hund [Dutch] hond [Gothic] 𐌷𐌿𐌽𐌳𐍃 [Limburgish] hóndj,*ḱwn̥tós,,7,162
[English] six [French] six [Middle English] six [Norman] six [Old English] six [Greek] έξι [Corsican] sei [Italian] sei [Interlingua] sex [Latin] sex [Old Norse] sex [Swedish] sex [Dutch] zes [Zealandic] zes [Aragonese] seis [Asturian] seis [Crimean Gothic] seis [Galician] seis [Mirandese] seis [Old Occitan] seis [Portuguese] seis [Romansch] seis [Spanish] seis [West Frisian] seis [Central Franconian] sechs [German] sechs [Luxembourgish] sechs [Old Ruthenian] шесть [Scottish Gaelic] sia [Danish] seks [Faroese] seks [Norwegian Bokmål] seks [Yiddish] זעקס [Welsh] chwech [Breton] c'hwec'h [Afrikaans] ses [Romansch] ses [Sardinian] ses [Slovak] šesť [Irish] sé [Old Irish] sé [Bulgarian] шест [Serbo-Croatian] шест [Czech] šest [Serbo-Croatian] šest [Slovene] šest [Polish] sześć [German Low German] süss [Catalan] sis [Ido] sis [Old French] sis [Romansch] sis [Konkani] स [Northern Kurdish] şeş [Romanian] șase [Old Armenian] վեց [Hindi] छह [Avestan] 𐬑𐬴𐬎𐬎𐬀𐬱 [Garhwali] छै [Ancient Greek] ἕξ [Baluchi] شش [Persian] شش [Istro-Romanian] șåse [Tocharian A] ṣäk [Tocharian B] ṣkas [Kashubian] szesc [Alemannic German] sächs [Lithuanian] šeši [Assamese] ছয় [Bengali] ছয় [Gothic] 𐍃𐌰𐌹𐌷𐍃 [Manx] shey [Walloon] shijh [Umbrian] 𐌔𐌄𐌇𐌔 [Ukrainian] шість [Old Swedish] sæx [Belarusian] шэсць [Sanskrit] षष्ठ [Latgalian] seši [Latvian] seši [Occitan] sièis [Sanskrit] षष् [Vilamovian] zachs [Emilian] sē [Central Kurdish] شەش [Lower Sorbian] šesć [Upper Sorbian] šěsć [Cornish] whegh [Old Spanish] seys [Gujarati] છ [Aromanian] shasi [Ligurian] sêi [Yagnobi] ухш [Cebuano] sayis [Kashmiri] شےٚ,*swéḱs,,95,163
[English] language [Esperanto] lingvo [English] tongue [French] langage [Belarusian] язык [Russian] язык [Rusyn] язык [Polish] język [Latin] lingua [Persian] زبان [Afrikaans] tong [Dutch] tong [Danish] tunge [Norwegian Nynorsk] tunge [Old English] tunge [Czech] jazyk [Old Czech] jazyk [Slovak] jazyk [Upper Sorbian] jazyk [English] tung [Faroese] tunga [Icelandic] tunga [Old Dutch] tunga [Old Norse] tunga [Old Saxon] tunga [Swedish] tunga [Serbo-Croatian] језик [Serbo-Croatian] jezik [Ligurian] lengua [Portuguese] língua [German] Zunge [Catalan] llengua [Old High German] zunga [Middle High German] zunge [Westrobothnian] tōng [Irish] teanga [Scottish Gaelic] teanga [Franco-Provençal] lenga [Occitan] lenga [Papiamentu] lenga [Piedmontese] lenga [Tajik] забон [Aragonese] luenga [Extremaduran] luenga [Old Church Slavonic] ѩзꙑкъ [Aromanian] limbã [Mirandese] lhéngua [Sanskrit] जिह्वा [Kashubian] jãzëk [Bulgarian] език [Northern Kurdish] ziman [Breton] teod [Gothic] 𐍄𐌿𐌲𐌲𐍉 [Old Armenian] լեզու [Lower Sorbian] jězyk [Old Prussian] insuwis [Macedonian] јазик [Lithuanian] liežuvis [Rusyn] язик [Ukrainian] язик [Asturian] llingua [Serbo-Croatian] jazik [Hindi] जीभ [Sanskrit] जुहू [Ossetian] ӕвзаг [Tagalog] wika [Old Irish] tengae [Torwali] جیب [Middle Dutch] tonge [Cornish] taves [Pashto] ژبه [Yiddish] צונג [Bengali] জিহ্বা [Bengali] জিভ [Gujarati] જીભ [Romansch] linguatg [Romansch] lieunga [Manx] çhengey [Welsh] tafod [Central Franconian] Zong [Luxembourgish] Zong [Bakhtiari] زوان [Baluchi] زوان [Laki] زوان [Persian] زوان [Romansch] lungatg [Romansch] linguach [Romansch] lungaitg [Tocharian A] käntu [Tocharian B] kantwo [Romansch] leua [Romansch] glianga [Romansch] laungia [Gallo] laungg [Zazaki] zıwan [Old East Slavic] ꙗзꙑкъ [Dhivehi] ދޫ [Avestan] 𐬵𐬌𐬰𐬎𐬎𐬁 [Old Persian] 𐏃𐏀𐎠𐎴𐎶 [Kalasha] ǰhip [Konkani] जीब [Yagnobi] зивок [Sarikoli] ziv [Ashkun] žū [Kamkata-viri] dić [Silesian] jynzyk [Kashmiri] زؠو [West Flemish] toenge [Oscan] 𐌚𐌀𐌍𐌂𐌅𐌀𐌌 [Oscan] 𐌚𐌀𐌍𐌂𐌖𐌀 [Ladin] lënga [Albanian] dungë [Bengali] জিব্ভা [Bengali] জির্ভা,*dn̥ǵʰwéh₂s,,114,164
[English] port [Catalan] port [French] port [Polish] port [English] ford [Italian] porto [Portuguese] porto [English] fjord [Danish] fjord [Norwegian Bokmål] fjord [Norwegian Nynorsk] fjord [Swedish] fjord [English] firth [Polish] fiord [Spanish] puerto [Old High German] furt [German] Furt [Old Norse] fjǫrðr [Icelandic] fjörður [Bhojpuri] पुल [Hindi] पुल [Persian] پل [Middle Dutch] vort [Faroese] fjørður [Latin] portus [Northern Kurdish] pir [Dutch] voord [Middle Persian] 𐭯𐭥𐭧𐭫𐭩 [Central Kurdish] پرد [Swedish] fjärd [Westrobothnian] fjahl [Sylheti] ꠙꠥꠟ [Marathi] पूल [Welsh] rhyd,*pértus,,34,165
[English] feist [Spanish] peer [Latin] pedo [German] fisten [Lithuanian] bezdėti [Ancient Greek] βδέλυγμα [Ancient Greek] πέζις [German] Fist,*pesd-,,8,166
[French] os [Latin] os [Romanian] os [Spanish] hueso [Italian] osso [Portuguese] osso [German] Os [Ancient Greek] ὀστέον [Welsh] ais [Persian] استخوان [Persian] است [Luwian] 𒄩𒀀𒀸𒊭 [Hindi] अस्थि [Welsh] asen [Northern Kurdish] hestî [Old Irish] odb [Welsh] oddf [Irish] fadhb [Polish] ość [Old Spanish] huesso [Avestan] 𐬀𐬯𐬙 [Kalasha] aṭhí [Tocharian B] āśce [Hittite] 𒄩𒀸𒋫𒄿 [Persian] استویهاد [Sanskrit] अस्थन् [Ossetian] стӕг,*h₃ésth₁,,27,167
[Irish] os [English] ox [Welsh] ych [German] Ochse [Icelandic] uxi [Old Norse] uxi [Middle English] oxe [Swedish] oxe [Old High German] ohso [Danish] okse [Norwegian Bokmål] okse [Westrobothnian] oks [Faroese] oksi [Tocharian B] okso [Malecite-Passamaquoddy] akson [Yiddish] אָקס [Old Norse] oxi [Icelandic] jötunuxi [Latin] Iceni [Gothic] 𐌰𐌿𐌷𐍃𐌰 [Central Franconian] Ohs [Sanskrit] उक्षन् [Komi-Zyrian] ӧш,*uksḗn,,23,168
[Irish] os [English] open [Spanish] so [English] evil [Manx] fo [Old Irish] fo [Romanian] sub [Albanian] hap [Irish] fé [Catalan] sota [Occitan] sota [Portuguese] sob [Italian] sotto [Latin] suppus [Scots] apen [Welsh] gwely [Irish] faoi [Breton] gwele [Latin] supinus [Irish] fo- [Welsh] adolygu [Sanskrit] उप- [Bengali] উপ- [Welsh] golwg [English] anhypostasia [Welsh] go- [Old Persian] 𐎢𐎱𐎠 [Old Irish] anúas,*upo,,28,169
[Latin] os [Old English] or [English] inexorable [Russian] уста [Icelandic] ós [Irish] ós [Luwian] 𒀀𒀀𒀸𒊭 [Sanskrit] ओष्ठ [Hittite] 𒀀𒄿𒅖 [Konkani] वोंट [Assamese] ওঁঠ [Old Norse] óss,*h₃éh₁os,,12,170
[Old English] os [English] Oslo [Norwegian Bokmål] Oslo [English] merlon [French] merlon [Icelandic] ás [Old Norse] áss [Sanskrit] असुर [Sanskrit] सुर [Latin] merula [English] merlette [Faroese] ásur [Hittite] 𒊩𒈗𒀸 [Hittite] 𒈗𒍑 [Old Norse] ǫ́ss,*h₂ems-,,15,171
[Old Irish] os [Danish] sand [Latin] sons [French] soin [English] sooth [Old Norse] saðr [Sanskrit] सत् [Ancient Greek] ὤν [Albanian] gjë [English] soigneur [French] soigneur [Hittite] 𒀀𒊭𒀀𒀭𒍝,*h₁sónts,,12,172
[Old Portuguese] estar [Portuguese] estar [Spanish] estar [English] stand [English] stem [Indonesian] stem [English] stay [English] stay [English] constitution [Italian] essere [Manx] ta [English] armistice [Portuguese] estado [English] system [Italian] stare [Tarantino] stare [Slovak] stan [English] constitutional [English] arrest [English] stadium [Dutch] stadium [Indonesian] stadium [Malay] stadium [Romanian] sta [English] stow [English] stow [Old English] stow [Old Irish] tá [English] stance [Irish] bí [English] stalwart [English] -stan [German] Stuhl [Romansch] stanza [German] Stunde [Faroese] staður [Faroese] standa [Old Norse] standa [Old English] standan [Old English] stod [Catalan] arrestar [Occitan] arrestar [Portuguese] arrestar [Galician] busto [Swedish] stå [Swedish] stå [Swedish] stå [Old Irish] sál [Russian] стать [Dutch] stoel [Middle Dutch] stoel [Serbo-Croatian] stati [Slovene] stati [Slovene] stati [German] Stamm [English] staddle [Old Norse] staðr [German] stauen [Low German] stauen [French] stade [Dutch] stadion [Indonesian] stadion [Russian] станция [Czech] stát [Czech] stát [Ancient Greek] στῦλος [Russian] стан [Serbo-Croatian] стан [Indonesian] ares [Welsh] gosod [Welsh] taw [Old Church Slavonic] стати [Serbo-Croatian] стати [Russian] стоять [Old Church Slavonic] станъ [Pashto] ستر [Persian] ایستادن [Phrygian] εσταες [Dutch] stuw [West Frisian] stean [Ancient Greek] σταυρός [Greek] σταυρός [Welsh] cystal [Ossetian] стын [English] stound [Old English] steall [English] stalworth [Ancient Greek] στάθμη [Latin] intestinus [Gothic] 𐍃𐍄𐌰𐌽𐌳𐌰𐌽 [Greek] σταθμός [Romansch] staunza [Romansch] stànza [Sanskrit] स्था [Breton] sevel [Bashkir] -стан [Kyrgyz] -стан [Albanian] shtoj [Central Franconian] stonn [Sanskrit] स्थल् [Ossetian] стыр [Lower Sorbian] stojaś [Slovak] stáť [Portuguese] -istão [Ancient Greek] ἱστός [Middle Persian] -stʾn' [Lower Sorbian] stadło [Welsh] sefyll [Central Franconian] stohn [Central Franconian] stiehn [Old Irish] adcota [Gujarati] થવું [Ancient Greek] στάδιον [Faroese] steyrur [Sanskrit] स्थिर [Middle Dutch] stide [Albanian] stër- [Ancient Greek] στώμιξ [Ancient Greek] στάλιξ [Westrobothnian] stȧ [Ancient Greek] θέμις [Punjabi] -ਇਸਤਾਨ [Ancient Greek] στάδιος [Ancient Greek] εὐσταθής [Ancient Greek] σταμίς [Gothic] 𐌲𐌰𐍃𐍄𐍉𐌸𐌰𐌽 [Sanskrit] स्थूर [Lithuanian] statyti [Sassarese] isthasgioni [Sassarese] isthazioni,*steh₂-,,130,173
[English] ten [Ancient Greek] δέκα [Greek] δέκα [Latin] decem [French] dix [Norman] dix [Italian] dieci [Danish] ti [Norwegian Bokmål] ti [Norwegian Nynorsk] ti [Afrikaans] tien [Dutch] tien [Dutch Low Saxon] tien [Old English] tien [Latin] decimus [Aragonese] diez [Asturian] diez [Spanish] diez [Old Swedish] tio [Swedish] tio [Yiddish] צען [Cornish] deg [Welsh] deg [Latgalian] desmit [Breton] dek [Ido] dek [Russian] декабрь [Icelandic] tíu [Old Norse] tíu [Central Franconian] zehn [German] zehn [Portuguese] dez [Northern Kurdish] deh [Romanian] zece [Old High German] zehan [Aragonese] deu [Catalan] deu [Bhojpuri] दस [Hindi] दस [West Frisian] tsien [Faroese] tíggju [Persian] ده [Old Ruthenian] десѧть [Tocharian A] śäk [Tocharian B] śak [Urdu] دس [Irish] deich [Old Irish] deich [Scottish Gaelic] deich [Sanskrit] दश [Gothic] 𐍄𐌰𐌹𐌷𐌿𐌽 [Old Armenian] տասն [Tajik] даҳ [Bengali] দশ [Manx] jeih [Pashto] لس [Sardinian] deche [Umbrian] 𐌃𐌄𐌔𐌄𐌌 [Corsican] dece [Malay] dasa [Pali] dasa [Norman] dgix [Crimean Gothic] thiine [Telugu] దశము [Central Kurdish] دە [Aromanian] dzatsi [Bactrian] λασο [Italian] diece [Emilian] dēś [Marathi] दहा [Konkani] धा [Assamese] দহ [Ligurian] dêxe [Avestan] 𐬛𐬀𐬯𐬀 [Kashmiri] دٔہ [English] douzeper [Romani] deś [Sardinian] deghe [Kashmiri] داہ [Indonesian] dasa- [Aromanian] zatsi [Avestan] 𐬛𐬀𐬯𐬁 [Norman] dyis,*déḱm̥,,83,174
[Middle English] ten [Portuguese] time [English] touch [English] deduce [English] tie [English] tie [English] tow [German] Zug [Italian] duce [English] toy [English] team [Dutch] team [Polish] team [English] Il Duce [English] taut [English] tuck [English] tug [English] tether [Indonesian] tim [German] ziehen [French] duc [Norman] duc [English] tying [Swedish] töm [Dutch] tuig [German] zucken [Portuguese] duque [Old English] teag [Old English] tucian [German] Zügel [German] Zucht [Swedish] tygel [Old English] tyge [Polish] cug [Welsh] dwyn [Albanian] duket [Yiddish] ציִען [Yiddish] צוג [Dutch] tijgen [Middle English] touchen [Italian] Duce [Albanian] dukem [Ancient Greek] δαδύσσομαι,*dewk-,,43,175
[English] weapon [Faroese] vápn [Old Norse] vápn [Norwegian Bokmål] våpen [Faroese] vákn [Norwegian Bokmål] abc-våpen [Norwegian Bokmål] ABC-våpen,*wēbnom,,7,176
[Norwegian Bokmål] jour [German] sein [English] -an [English] -en [Dutch] -en [Norwegian Bokmål] -en [English] Stephen [English] Diana [Norwegian Bokmål] acetylen [Old Norse] -inn [Norwegian Bokmål] à jour [English] anuran [Old Armenian] -ան [Norwegian Bokmål] ajournement [Ancient Greek] -νος [Latin] -nus [Norwegian Bokmål] a jour [Sanskrit] -न [Norwegian Bokmål] ajourføre [Norwegian Bokmål] ajourføring [Norwegian Bokmål] ajourinnfattet [Norwegian Bokmål] ajourinnfatta [Old Church Slavonic] -ьнъ,*-nós,,23,177
[English] secret [English] rime [Portuguese] certo [English] riddle [Italian] cernere [English] rinse [French] craindre [French] cran [English] ridder [Faroese] reinur [Faroese] rína [Galician] discernir [Portuguese] discernir [Spanish] discernir [Spanish] cerner [Latin] cerno [Mazanderani] سره [Persian] سره [Catalan] cerndre [Romanian] cerne [Italian] cribro [French] crible [Romanian] ciur [English] rine [Norman] rinchi [Galician] cribo [Portuguese] crivo [Cebuano] sekret [Welsh] crynu [Old Irish] arachrin [Welsh] crwydr [Latin] screa [Galician] decerner [Ancient Greek] κρησέρα [Lithuanian] krieti,*krey-,,35,178
[English] Dutch [Afrikaans] Duits [Dutch] Duits [German] deutsch [Dutch] diet [Portuguese] todo [Breton] tud [Welsh] tud [Old Norse] þjóð [Icelandic] þýskur [Irish] tuath [Scottish Gaelic] tuath [Norwegian Bokmål] tysk [Norwegian Nynorsk] tysk [Swedish] tysk [Dutch] totaal [Cornish] tus [Latin] totus [Portuguese] todos [Faroese] tjóð [English] Teuton [Faroese] týskur [Czech] cizí [Gothic] 𐌸𐌹𐌿𐌳𐌰 [Lithuanian] tauta [Norwegian Nynorsk] tjod [Swedish] tjod [Old Irish] túath [Yiddish] דײַטש [Serbo-Croatian] tuđ [Serbo-Croatian] туђ [Middle English] thede [Dutch] Diets [Hunsrik] taytx [Old Saxon] thiod [Old Prussian] tauto [Hittite] 𒌅𒊻𒍣𒅖 [Persian] توده [Hunsrik] Deitsch [Pennsylvania German] Deitsch [Old English] þiedan [Macedonian] туѓ [Albanian] tëtanë [Galician] touta [Galician] toutizo [Galician] Toutón [Albanian] Teuta [Latin] Teuta [Galician] toutelo [Galician] touticeira [Latin] Aequum Tuticum [Albanian] Dodë [Albanian] Dedë [Jersey Dutch] Däuts,*tewtéh₂,,54,179
[Portuguese] sela [English] sit [Afrikaans] sit [Old English] sot [English] size [Portuguese] ser [Spanish] ser [Latin] sedeo [English] possess [English] soot [Galician] sé [Portuguese] sé [Irish] suigh [Italian] sedere [Serbo-Croatian] selo [Swedish] sitta [Faroese] sitja [Icelandic] sitja [Norwegian Nynorsk] sitja [Old Norse] sitja [Dutch] zitten [Spanish] silla [English] saeter [German] Sessel [French] seoir [Italian] sella [Latin] sella [Serbo-Croatian] sesti [Slovene] sesti [Romanian] șa [Old Norse] sæti [Faroese] sita [French] selle [Latin] sedo [Russian] ход [Finnish] presidentti [Scottish Gaelic] suidh [Serbo-Croatian] sjesti [Norwegian Bokmål] sitte [Lithuanian] sėdėti [Serbo-Croatian] sijelo [Serbo-Croatian] сести [Ancient Greek] ἵζω [Czech] saze [Old Armenian] ոստայն [Old Ruthenian] сало [Welsh] hedd [Danish] sidde [Old English] sæt [Serbo-Croatian] седети [Serbo-Croatian] sedeti [Slovene] sedeti [Serbo-Croatian] сјести [Persian] نشستن [Romanian] ședea [Serbo-Croatian] śesti [Sanskrit] सद् [Scottish Gaelic] sìde [Latin] essedum [Ido] sidar [Welsh] sedd [Catalan] seure [Old Irish] síd [Latvian] sēdēt [Latvian] segli [Lower Sorbian] sejźeś [Polish] chód [Danish] sadel [Norwegian Bokmål] sadel [Swedish] sadel [Lower Sorbian] sedło [Welsh] eistedd [Lower Sorbian] sodło [Breton] azezañ [English] hodo- [English] hodophobic [Old Irish] tánaise [Old Irish] adsuidi [Old Irish] saidid [Old Irish] suide [Gothic] 𐍃𐌹𐍄𐌰𐌽 [Hindi] सदन [German Low German] Soot [Albanian] gjedh [Ukrainian] сидіти [Westrobothnian] seeitj [Zoogocho Zapotec] siy [Norwegian Bokmål] seanse,*sed-,,88,180
[English] peace [English] fair [English] fang [English] fang [Czech] pěkný [Slovak] pekný [Old High German] fagar [Old Saxon] fagar [Scottish Gaelic] taic [Latin] pactum [Latin] paciscor,*peh₂ḱ-,,11,181
[English] and [Middle English] and [Old English] and [Old Frisian] and [Scots] an [Hunsrik] un [English] un- [Italian] ante [Latin] ante [German] und [Galician] antes [Portuguese] antes [Spanish] antes [Norwegian Bokmål] avance [Old High German] unti [Ancient Greek] ἀντί [English] and- [Old Armenian] ընդ [Albanian] edhe [Sanskrit] अन्ति [Latin] antiquatus,*h₂énti,,21,182
[English] and [Old Norse] anda [English] anima [Danish] ånd [Old English] oroþ [Old Norse] ang [English] onde [Sanskrit] प्राण [English] Enid [Persian] جان [Swedish] ånga [Sanskrit] अन [Ancient Greek] ἄνεμος [Old Norse] anga [Old English] eþian [Welsh] anadl [Serbo-Croatian] воњ [Serbo-Croatian] vonj [Old Norse] angi [Old Irish] anál [Albanian] ëndë [Albanian] ënj [Sanskrit] आनन [Sanskrit] अन् [Sanskrit] व्यान [Ancient Greek] ἆσθμα [Bengali] জান [Tocharian B] añiye [Welsh] enaid [Tocharian B] anāsk- [Sanskrit] अनल [Old Ruthenian] ухати [Sanskrit] अनन,*h₂enh₁-,,33,183
[Danish] and [Latin] anas [Translingual] Anas [Middle English] ende [Lithuanian] antis [Sanskrit] आति [Ancient Greek] νῆττα [Ossetian] ацц [German Low German] Aant [English] ennet [Old Armenian] անիդ [Dalmatian] anera [Kalasha] ạ́i [Khowar] اڑى [Old Norse] ǫnd [Old Ruthenian] утва,*h₂énh₂ts,,16,184
[Norwegian Bokmål] and [Norwegian Nynorsk] and,*h₂enh₁-ti-,,2,185
[Old Irish] and [Irish] ann [Latin] endo [Latin] indigenus [Latin] indu [Albanian] ndë [Old Irish] ind- [Scottish Gaelic] inbhir,*h₁n̥dó,,8,186
[Swedish] and [Afrikaans] eend [Dutch] eend [Faroese] ont [Italian] anatra [Portuguese] adem [Catalan] ànec [Spanish] ánade [Occitan] anet [Old Portuguese] ãade [Ido] anado,*h₂énh₂t-,,11,187
[English] war [Latin] verres [Manx] share [English] warrior [English] varicose [Latin] verruca [French] guerre [Latin] verro [English] varix [Latin] varix [Portuguese] verruga [Spanish] verruga [Old Church Slavonic] врьхъ [Old Norse] illr [Russian] верх [Lithuanian] viršus [Scottish Gaelic] feàrr [Russian] совершить [Irish] fearr [Old Irish] ferr [Swedish] vårta [Latvian] vērsis [Albanian] zvarrë [Latin] Vesontio [Ancient Greek] ἔρρω [Spanish] barrueco [Gandhari] 𐨀𐨂𐨮𐨬𐨿𐨱,*wers-,,27,188
[Old Saxon] war [Latin] verus [Serbo-Croatian] vera [Romanian] văr [Serbo-Croatian] vjera [Sardinian] beru [Serbo-Croatian] vira [Scottish Gaelic] fìor [Czech] víra [Czech] věřit [Slovak] viera [Breton] gwir [Welsh] gwir [Serbo-Croatian] вјера [Middle Dutch] waer [Irish] fíor [Old Norse] Vár [Yiddish] וואָר [Ligurian] vêo [Galician] Bréixome [Galician] Breixo [Ossetian] уыриын,*weh₁ros,,22,189
[Tocharian B] war [Lower Sorbian] wódka [Latin] unda [Upper Sorbian] woda [Czech] voda [Old Czech] voda [Serbo-Croatian] voda [Slovak] voda [Slovene] voda [Sanskrit] समुद्र [Italian] onda [Irish] uisce [Old Irish] uisce [Bulgarian] вода [Macedonian] вода [Old Church Slavonic] вода [Russian] вода [Rusyn] вода [Serbo-Croatian] вода [Ukrainian] вода [English] Hydra [Faroese] vatn [Icelandic] vatn [Norwegian Nynorsk] vatn [Old Norse] vatn [Ancient Greek] ὕδωρ [Scottish Gaelic] uisge [Swedish] vatten [West Frisian] wetter [Lithuanian] vanduo [English] Hadrian [English] Adriatic [Danish] vand [Kalami] او [Scots] watter [Scots] watter [Russian] ведро [Tocharian A] wär [Hittite] 𒉿𒀀𒋻 [Luwian] 𒉿𒀀𒅈𒊭 [Kashubian] wòda [Lower Sorbian] wóda [Belarusian] вада [Old Prussian] wundan [Manx] ushtey [Kalasha] uk [West Flemish] woater [Old Dutch] watar [Old Saxon] watar [German Low German] Water [Elfdalian] wattn [Mòcheno] bòsser [Cimbrian] bassar [English] water [English] water [Afrikaans] water [Dutch] water [Limburgish] water [Indus Kohistani] vī [Phrygian] βέδυ [Alemannic German] wasser [Umbrian] 𐌖𐌕𐌖𐌓 [Sanskrit] उदक [Westrobothnian] vâtn [Cimbrian] bazzar [Esperanto] hidro [North Frisian] Weeter [Zealandic] waeter [Sudovian] auu,*wódr̥,,69,190
[English] France [French] franc [Latin] Francia [Indonesian] prangko,*preng-,,4,191
[English] treaty [English] trait [Norwegian Bokmål] abstrakt [Norwegian Bokmål] abstrakt [Norwegian Bokmål] abstrakt [Old English] þrag [English] retract [Serbo-Croatian] trag [Norwegian Bokmål] abstraksjon [Latin] traho [Norwegian Bokmål] kontrakt [Norwegian Bokmål] abstrahere [Irish] troigh [Scottish Gaelic] troigh [Old Irish] traig [Gothic] 𐌸𐍂𐌰𐌲𐌾𐌰𐌽 [Norwegian Bokmål] ab-kontrakt [Old English] þrægan [Norwegian Bokmål] abstrahering [Norwegian Bokmål] abstraksjonsevne [Norwegian Bokmål] abstraksjonsplan [Norwegian Bokmål] abstraksjonsnivå [Norwegian Bokmål] abstrakt kunst,*tregʰ-,,23,192
[English] wage [English] wed [Irish] Taoiseach [English] engage [Russian] ведение [Latin] vas [Irish] taoiseach [Old English] wedd [Hungarian] vezet [Lithuanian] vesti [Hungarian] vezér [Old Church Slavonic] водити [Serbo-Croatian] водити [Ukrainian] водити [Old Church Slavonic] вести [Czech] vést [Serbo-Croatian] voditi [Slovene] voditi [Czech] vodit [English] voivodeship [Irish] tosach [Old Irish] tosach [Old Irish] tús [Irish] feidhm [Scottish Gaelic] feum [Irish] fáisc [Old Irish] toísech [Polish] wieść [Old Irish] feidid [Old Irish] téit [Estonian] vedama [Welsh] gwedd [Old Irish] feidm [Old Armenian] վարեմ [Lithuanian] vadinti [Persian] بیو [Ossetian] фӕтӕг [Lithuanian] vadovas [Lithuanian] vadovė [Sudovian] weda,*wedʰ-,,40,193
[English] slow [English] lither [English] slumber [Old English] slaw [Faroese] slokna [Swedish] slö [English] sloom [English] sloom [English] lidderon,*(s)lew-,,9,194
[English] now [Albanian] ni [Albanian] ani [Serbo-Croatian] но [Latin] num [Scots] noo [Faroese] nú [Icelandic] nú [Old Norse] nú [Middle Irish] no- [Old Irish] no- [Ancient Greek] νῦν [Faroese] núgv [Elfdalian] nų [Ossetian] ныр,*nū,,15,195
[English] bank [Polish] bank [English] bench [Italian] banca [English] bacon [French] bacon [Irish] banc [Welsh] banc [Old Irish] bocht [Galician] banco [English] bicker [Lithuanian] banga [Polish] bekon [Old Armenian] բեկանեմ [Hindi] भाँजना [Sudovian] ajgd [Sudovian] ajga [Tocharian B] epiṅkte,*bʰeg-,,18,196
[English] religion [Ancient Greek] ἄλγος [Latin] religio [Ancient Greek] ἀλέγω,*h₂leg-,,4,197
[English] fruit [French] fruit [English] brook [Latin] fruor [Esperanto] frukto [English] fruiterer [English] broker [Portuguese] fruto [Old Armenian] երբուծ [Cornish] frooth [Yiddish] פֿרוכט [West Frisian] brûke [Latin] frux,*bʰruHg-,,13,198
[English] big [English] bold [Old Frisian] bam [English] bug [Middle Irish] bus [German] böse [Norwegian Bokmål] bom [English] battle [Old English] beo [German] bin [English] bud [Romanian] fute [English] beam [Galician] foder [Old Spanish] foder [Portuguese] foder [Italian] fottere [French] foutre [Spanish] joder [English] gebur [Latin] futuo [English] footer [Old English] beon [English] fust [English] ebullience [Latin] bucca [Swedish] padda [Middle English] bigge [Old English] beom [Vilamovian] baojm [Middle English] bugge [Albanian] byc [Albanian] bahe [Czech] bedla [Norwegian Bokmål] bomvei [Emilian] bāter [Gothic] 𐌱𐌰𐌿𐌸𐍃 [Norwegian Bokmål] bomveg,*bʰew-,,38,199
[English] food [English] pamphlet [French] pain [English] feed [English] wallah [Catalan] pa [English] panic [English] panic [Italian] pane [Portuguese] pasto [Portuguese] pão [English] forage [English] fur [English] fodder [Indonesian] pastor [Latin] pastor [English] pandemic [Persian] پاد [Danish] foder [Swedish] foder [Old English] foster [English] repast [Old French] repast [Latin] panis [Persian] بان [English] pastille [Dutch] voeden [Middle Dutch] voeden [Serbo-Croatian] pasti [Swedish] föda [Romanian] pâine [Old High German] fuotar [Old High German] fuotar [Lithuanian] piemuo [Old English] fedan [Old English] fodor [Old English] foda [Old Irish] áss [Old Norse] fóðr [Old Norse] fóðr [Sanskrit] पाल [Spanish] pan [Faroese] føða [Faroese] føði [Spanish] pacer [Ancient Greek] Πάν [French] paître [Icelandic] fæða [Icelandic] fæða [Old Church Slavonic] пасти [Russian] пасти [Serbo-Croatian] пасти [Persian] آباد [Catalan] péixer [Portuguese] padaria [Latin] pappo [Sanskrit] पाति [Old Persian] 𐎱𐎠𐎮𐎹 [Persian] پاییدن [Latin] pasco [Sanskrit] पायु [Italian] pascere [Middle English] feden [Polish] futro [Latin] pascuus [Polish] pasterz [Albanian] shoh [Old English] fadian [Old Armenian] հօտ [Romanian] paște [Latin] pascor [English] pannum [Latin] panicum [Middle Persian] pʾtzhl [English] pasdaran [Old English] gefæd [Tocharian B] pāsk- [Ancient Greek] ποιμαίνω [Ossetian] фиййау [Romanian] pâne [Ancient Greek] ποίμνη [Bengali] পাঁউরুটি,*peh₂-,,82,200
[English] wall [Albanian] vel [English] well [Latin] vallum [Romanian] val [Serbo-Croatian] val [Irish] seal [English] whelk [English] wale [English] wallow [German] Welle [Latin] volvo [Scottish Gaelic] balla [French] valise [Latin] vulva [Portuguese] vulva [Spanish] vulva [Italian] valigia [Latin] valva [Latin] vallis [Polish] fala [Latin] vulgus [Serbo-Croatian] вал [Ancient Greek] ἕλιξ [Hindi] वलय [Galician] Ulla [Latin] Ulla [Sanskrit] वल [Old Armenian] գեղձ [Welsh] gwallt [Latin] valgus [Greek] έλικα [Welsh] gwala [French] gauler [Albanian] valë [Lithuanian] valtis [Sanskrit] उल्ब [Ancient Greek] ἁλίζω [Latin] vallus [Sanskrit] वाल [Ancient Greek] εἰλεός [Lithuanian] apvalus [Ancient Greek] λάσιος [Ancient Greek] ὅλμος [Ancient Greek] οὖλον [Ancient Greek] ἴλη [Ancient Greek] ἴουλος [Ancient Greek] ἧλος [Ancient Greek] εὐλή [Ancient Greek] ἅλυσις [Ancient Greek] ἀμφιέλισσα [Ancient Greek] ἰλλάς [Ancient Greek] εἰλίπους [Welsh] chwŷl [Ancient Greek] εἰλύω [Ancient Greek] ἡλιαία [Ancient Greek] ἁλία,*welH-,,57,201
[English] apple [German] Apfel [Afrikaans] appel [Dutch] appel [Middle Dutch] appel [Middle English] appel [Russian] яблоко [Irish] úll [Serbo-Croatian] јабука [Serbo-Croatian] jabuka [Faroese] epli [Icelandic] epli [Old Norse] epli [Dacian] κινούβοιλα [Crimean Gothic] apel [Indonesian] apel [Lithuanian] obuolys [Old Prussian] woble [Danish] æble [Scottish Gaelic] ubhal [Breton] aval [Cornish] aval [Bulgarian] ябълка [Czech] jabloň [Slovak] jabloň [Assamese] আপেল [Bengali] আপেল [Ukrainian] яблуко [Russian] яблоня [Polish] jabłoń [Slovene] jablana [Ukrainian] яблуня [English] Avalon [Welsh] afal [Manx] ooyl [Old Irish] ubull [Yiddish] עפּל [Macedonian] јаболко [Unami] apëlìsh [Ancient Greek] ἄμπελος [Latin] Abella [Dhivehi] އާފަލު,*h₂ébōl,,42,202
[English] last [English] ladle [English] loot [English] lade [German] Last [Old Norse] hlaða [Old Church Slavonic] класти [Ukrainian] класти [Swedish] ladda [Ancient Greek] κλῆρος [Russian] клад,*kleh₂-,,11,203
[English] acacia [English] ace [Latvian] ass [Faroese] egg [Icelandic] egg [Old Norse] egg [Swedish] egg [English] ear [Old English] ear [Romanian] ac [Portuguese] acetileno [English] acute [Italian] ago [English] edge [English] awn [English] paragon [Albanian] eh [Italian] acciaio [French] acier [Spanish] acero [Swedish] abborre [Catalan] acer [German] Ähre [Icelandic] öxi [Romanian] ață [Italian] gazza [Latin] acies [Italian] accia [Persian] سنگ [Welsh] egin [Ancient Greek] ὀξύς [Old Norse] eggja [Ancient Greek] ἀκή [Indonesian] akasia [Spanish] aguja [Tocharian B] āk [Ancient Greek] ἀκτή [Occitan] agulha [Portuguese] agulha [Persian] آهو [Norwegian Bokmål] abbor [Galician] gume [Portuguese] gume [Latin] agna [Catalan] agulla [Persian] آس [Albanian] ath [Latin] acia [Latin] acervus [Latin] astus [Irish] aiteann [Scottish Gaelic] aiteann [Latin] aceo [Ancient Greek] ἀκμή [Russian] оселок [Latin] occa [English] kouign-amann [Asturian] aguya [Albanian] thua [Norman] aigùule [Norman] aidgulle [Old Saxon] akus [Emilian] agåccia [Albanian] athët [Ancient Greek] ἀκίς [Spanish] acedera [Italian] agucchia [English] canaigre [Norman] edjulle [Old Irish] aicher [Emilian] gùcia [Emilian] gùccia [Gothic] 𐌰𐌷𐌰𐌺𐍃 [Irish] aichear [Latin] exacum [German Low German] Akes [Tocharian B] āśce [Old Norse] ǫgr [Old Norse] ǫgr [Lithuanian] akstis [Tocharian B] akwam [Tocharian B] akwatse [Sanskrit] अशनि [Slovak] osla [Ancient Greek] ἀκόνη [Ancient Greek] ἀκαχμένος [Ancient Greek] ἄκαινα [Welsh] eithin [Ancient Greek] ἀκωκή [Cimbrian] égata [Norwegian Bokmål] abborfiske [Tocharian B] āka [Latin] acetaria [Norwegian Bokmål] abborgress [Norwegian Bokmål] abborgras [Norwegian Bokmål] abborbråte [Norwegian Bokmål] abborfisker [Norwegian Bokmål] abboryngel [Norwegian Bokmål] abborruse [Norwegian Bokmål] abborfamilien [Tat] səng [Norman] acyi,*h₂eḱ-,,102,204
[French] but [English] beat [English] butt [Indonesian] debut [Galician] botar [Portuguese] botar [Spanish] botar [French] début [Latin] fustis [Irish] buille [Scottish Gaelic] buille [Polish] debiut [French] bouter [German] Possen [German] boßen [German] boßeln [Lithuanian] belsti,*bʰewd-,,17,205
[English] take [English] tangent [English] taste [English] thack [Italian] tangere [Latin] tango [English] thwack [English] taximeter [French] tâche [Irish] taca [Scottish Gaelic] taca [Latin] contamino [Spanish] tañer [Portuguese] tangível [Ancient Greek] τάσσω [Old English] þaccian [English] talaria [Portuguese] tanger [Old Armenian] թակարդ [Tocharian B] tāś [Ancient Greek] ταγός [Greek] ταΐζω,*teh₂g-,,22,206
[English] first [English] experiment [Dutch] ver [English] separate [English] before [English] fear [English] fear [English] fare [English] pare [Latin] per [Lithuanian] per [English] fore- [Pali] para [English] pariah [Italian] portare [English] parse [French] par [Latin] par [Tocharian B] pere [French] porter [Catalan] parar [Portuguese] parar [Spanish] parar [English] prime [English] prior [Latin] prior [English] paramount [Latin] paro [English] perihelion [English] further [English] ferry [Swedish] fara [English] emporium [English] fartlek [French] prix [Norwegian Bokmål] pris [English] forthcoming [Portuguese] parto [Catalan] portar [Portuguese] portar [Spanish] portar [English] fraise [English] parlous [Latin] pars [English] practise [German] Farm [Latin] proprius [Sanskrit] पर [Russian] первый [Albanian] pres [Portuguese] parente [Italian] parare [Latin] provincia [Old Norse] forn [Swedish] forn [English] parlay [Ancient Greek] πρός [Indonesian] peri [Old Portuguese] parir [Portuguese] parir [English] vituperate [Old High German] ferrana [English] porte cochère [English] disport [Indonesian] peri- [English] firn [English] afear [English] misprision [English] forlorn hope [Polish] przy [English] postpartum [French] parer [Old Irish] ré [Russian] перед [Russian] при [Ancient Greek] περί [Italian] prezzo [English] primipara [Ancient Greek] Πρόκνη [Latin] procer [Danish] farve [Portuguese] preço [Ancient Greek] πόρος [Ancient Greek] πείρω [Latin] periculum [Latin] pretium [Czech] pře- [Catalan] preu [Romanian] preț [Norwegian Bokmål] føre [Galician] páramo [Latin] interpres [English] perihelium [Latin] privus [Ancient Greek] πεῖρα [Irish] ró- [Irish] roimh [Romanian] poartă [Romanian] purta [Ancient Greek] πέρας [Latin] priscus [Old Armenian] առ [Latin] reperio [Latin] experior [English] forne [Sanskrit] परि [Greek] προς [Latvian] pirkt [Ancient Greek] πρέσβυς [English] fraist [Gothic] 𐍆𐌰𐌹𐍂- [Albanian] për [Polish] parować [Indonesian] pari- [Norwegian Bokmål] farge [Norwegian Nynorsk] farge [Yola] vear [Estonian] värv [Persian] پرگار [Albanian] shpoj [Persian] پدرام [Old Armenian] հեռ- [Sanskrit] प्रति [Polish] przy- [Albanian] shpor [Middle English] ferde [Norwegian Bokmål] krigføring [Polish] przeć [Latin] por- [Ancient Greek] πέρα [Italian] arpento [Esperanto] paradi [Russian] переть [Avestan] 𐬞𐬀𐬌𐬭𐬌 [Old Irish] arsaid [Latin] perperus [Ancient Greek] πέρνημι [Westrobothnian] fräjst [English] repertor [Faliscan] 𐌐𐌏𐌓- [Sanskrit] पृ [Sardinian] preju [Ancient Greek] πορθμός [Persian] پارسال [Gothic] 𐍆𐌰𐍂𐌰𐌽 [Old English] fyrn [Persian] بدرام [Norwegian Bokmål] ABC-krigføring [Norwegian Bokmål] abc-krigføring [Silesian] przi [Norwegian Bokmål] ajourføre [Norwegian Bokmål] ajourføring [Esperanto] aprezi [Lithuanian] priekis,*per-,,154,207
[English] first [Portuguese] prensa [Latin] premo [Galician] premer [English] frist [Norwegian Bokmål] frist [Latin] prelum [Galician] apremer [Norwegian Bokmål] abandonfrist,*pres-,,9,208
[English] um [Faroese] um [Irish] um [Norwegian Nynorsk] om [Swedish] om [West Frisian] om [Middle Welsh] am [Welsh] am [Irish] im- [English] um- [Galician] ambos [Portuguese] ambos [Latin] ambo [Old High German] ambaht [Old Saxon] ambaht [Ancient Greek] ἀμφίς [Ancient Greek] ἀμφί [Norwegian Bokmål] område [Galician] embaixada [Albanian] më [Old Persian] 𐎠𐎲𐎡𐎹 [Sanskrit] अभि [Old Armenian] ամբողջ [Old Irish] imb [English] umbe [Yiddish] בײַ [Ashkun] vadu [English] umbelap [Welsh] ym- [Bengali] অভি- [English] Ember day [Albanian] mbë [Norwegian Bokmål] ABC-område [Norwegian Bokmål] abc-område [Sanskrit] अभिवृष्ट [Old Irish] imm- [Sanskrit] अभितस् [Avestan] 𐬀𐬌𐬡𐬌𐬙𐬋,*h₂m̥bʰi,,38,209
[Romansch] um [Romanian] om [Asturian] home [Catalan] home [Galician] home [Leonese] home [Mirandese] home [Latin] homo [Italian] uomo [English] hombre [Spanish] hombre [English] minx [Latin] hemo [French] homme [Finnish] Suomi [Galician] homem [Portuguese] homem [English] gome [Middle English] gome [English] gomeral [Old Lithuanian] žmuo [Corsican] omu [Mayo] omme [Ligurian] òmmo [Old Prussian] smoy [Neapolitan] ommo [Sardinian] òmine,*ǵʰmṓ,,27,210
[English] time [Danish] time [Norwegian Bokmål] time [Norwegian Nynorsk] time,*deh₂imō,,4,211
[English] time [Danish] time [Norwegian Bokmål] time [English] tide [English] tose [German] Zeile [English] tass [Low German] Tied [Ancient Greek] δαίς [Ancient Greek] δαίνυμι [Ancient Greek] δαίω,*deh₂y-,,11,212
[English] work [Afrikaans] werk [Dutch] werk [Ancient Greek] ἔργον [English] demiurge [Faroese] verk [Icelandic] verk [Norwegian Bokmål] verk [Swedish] verk [Old English] weorc [German] Werk [Swedish] verka [Greek] έργο [Scots] wark [West Frisian] wurk [Latin] organizo [Old Armenian] գործ [Old Irish] ferg [Ido] verko,*wérǵom,,19,213
[English] work [English] wrought [English] organism [English] organ [English] wright [Dutch] werken [English] irk [Portuguese] urgente [Spanish] urgente [English] ergative [Ido] organo [Italian] organo [Old Norse] yrkja [Welsh] gwneud [German] wirken [English] wark [Portuguese] órgão [Ancient Greek] ὄργανον [Lithuanian] vergas [Albanian] argëtim [Old English] wærc [Albanian] argëtoj [Tocharian A] wärk- [Tocharian B] wārk- [English] vardapet [Dutch] gewrocht [Avestan] 𐬬𐬆𐬭𐬆𐬰 [Tocharian B] warkṣäl [West Frisian] wurkje [Marshallese] o̧kwōn [Ancient Greek] ἐόργη,*werǵ-,,31,214
[English] blood [English] bold [Luxembourgish] bal [English] spell [English] bell [English] ball [Irish] ball [Scottish Gaelic] ball [Scottish Gaelic] ball [English] flame [German] bald [English] flamingo [English] bleat [English] blaze [French] bleu [English] bleach [Latin] flamma [English] flavor [English] balloon [English] bale [English] blithe [English] effulgent [English] blemish [Danish] blusse [Swedish] bula [Latin] phallus [Icelandic] bali [Sanskrit] फल [Lithuanian] baltas [Latvian] balts [Samogitian] balts [Latgalian] bolts [English] bellow [Swedish] balle [Faroese] bál [Icelandic] bál [Old Norse] bál [Faroese] bolli [Icelandic] bolli [Old English] blæst [Danish] bål [Swedish] bål [Swedish] bål [English] thrapple [Scottish Gaelic] blàr [Old English] bæl [Icelandic] belja [Albanian] bolle [Old English] bolle [Swedish] bulle [Ancient Greek] φλέγω [Ancient Greek] φαλός [Lithuanian] balsas [Icelandic] blys [English] blain [Sanskrit] भाल [Ancient Greek] φαλλός [French] belette [Icelandic] böllur [Latin] fulgeo [Armenian] պլոր [Middle Armenian] պլոր [Dutch] bulderen [Ancient Greek] φλέψ [Polish] flama [French] blêmir [Swedish] buller [English] bield [English] bield [Dutch] boud [Swedish] blid [Latvian] balss [Aromanian] baltã [Tocharian A] päl- [Tocharian B] päl- [Albanian] balë [English] blike [Icelandic] bylja [Albanian] blokër [Albanian] bullungë [Ancient Greek] φάλλαινα [Latin] fulica [Latin] blattea [Old French] blesmir [Latin] Bellovaci [Latin] Bellovesus [Old Norse] bolr [Latvian] bilst [Ligurian] sciàmma [Marshallese] baļwūn [Marshallese] baļuun [Ancient Greek] βαλιός [Albanian] Balë [Swedish] bullra,*bʰel-,,94,215
[English] Italy [Dutch] weer [English] wether [Ancient Greek] Ἰταλία [Sanskrit] वत्स [Latin] vitulus [Scots] wedder [Old Irish] feithid [Latvian] vecs [Lithuanian] vetušas [English] Óðr [Old English] weþer [Czech] vetchý [Old Czech] vetchý [Slovak] vetchý [Assamese] বাছা [Prakrit] 𑀯𑀘𑁆𑀙 [Sanskrit] संवत्सर,*wet-,,18,216
[English] new [Dutch] nieuw [Bhojpuri] नया [Hindi] नया [Korean] 뉴 [Sudovian] nau [Urdu] نیا [Middle English] newe [Manx] noa [Yiddish] נײַ [Gothic] 𐌽𐌹𐌿𐌾𐌹𐍃 [Old English] niewe [Punjabi] ਨਵਾਂ [Sanskrit] नव्य [Punjabi] نواں [Middle High German] niuwe,*néwyos,,16,217
[Old Saxon] gas [English] goose [English] gander [Slovak] hus [Upper Sorbian] hus [German] Gans [Latin] anser [Serbo-Croatian] guska [Galician] ganso [Portuguese] ganso [Spanish] ganso [English] gunzel [Danish] gås [Norwegian Bokmål] gås [Norwegian Nynorsk] gås [Swedish] gås [Belarusian] гусь [Russian] гусь [Czech] husa [Romanian] gâscă [Polish] gęś [Sanskrit] हंस [Kashubian] gãs [Macedonian] гуска [Serbo-Croatian] гуска [Ukrainian] гуска [Lower Sorbian] gus [Ancient Greek] χήν [Spanish] ánsar [Tagalog] gansa [Bengali] হাঁস [Serbo-Croatian] gušče [Serbo-Croatian] гушче [Lithuanian] žąsis [Albanian] gatë [Polish] gąska [Old Church Slavonic] гѫсь [Old Irish] géiss [Erzya] шенже [Gujarati] હંસ [Northern Sami] čuonjá [North Frisian] Guus [Erzya] шенш [Romanian] gânsac [Bengali] আঁস,*ǵʰh₂éns,,45,218
[Catalan] país [Galician] país [Occitan] país [English] impact [English] pole [Latin] pagina [French] pays [Italian] pace [Romanian] pace [English] page [Old Frisian] pal [Portuguese] paz [Spanish] paz [English] travail [French] paix [Catalan] pau [Old Frisian] pel [Latin] pagus [Latin] propago [Ancient Greek] πήγνυμι [Ancient Greek] πηγή [Sassarese] pagella [Ancient Greek] πάχνη [Latin] pango [Old Armenian] ցանկ [Latin] pignus [Latin] pessulus [Latin] repagulum [Albanian] mpij [Welsh] aelod [Gujarati] પગાર [Latin] tripalis [Konkani] पगार [Marathi] पगार [Ancient Greek] πάσσαλος [Ancient Greek] πάγη [Ancient Greek] πάγιος [Ancient Greek] πηγός [Latin] trepalium,*peh₂ǵ-,,39,219
[Breton] vi [English] egg [Faroese] egg [Icelandic] egg [Norwegian Bokmål] egg [Norwegian Nynorsk] egg [Old Norse] egg [Spanish] huevo [Dutch] ei [Limburgish] ei [Middle Dutch] ei [Old High German] ei [Old Saxon] ei [Italian] uovo [Crimean Gothic] ada [Middle English] eg [Catalan] ou [Romanian] ou [French] œuf [Middle French] œuf [Mòcheno] oi [Cornish] oy [Latin] ovum [Malay] ovum [Esperanto] ovo [Ido] ovo [Norwegian Bokmål] ovo [Portuguese] ovo [Scottish Gaelic] ugh [Danish] æg [Old English] æg [German] Ei [Plautdietsch] Ei [Belarusian] яйцо [Russian] яйцо [English] ey [Middle English] ey [Swedish] ägg [Albanian] ve [Norwegian Bokmål] ab ovo [Portuguese] ova [West Frisian] aai [Manx] ooh [Persian] خایه [Welsh] wy [Lombard] öv [Romansch] öv [Southern Kurdish] xa [Czech] vejce [Serbo-Croatian] jaje [Serbo-Croatian] јаје [Upper Sorbian] jejo [Lower Sorbian] jajko [Polish] jajko [Old Church Slavonic] аице [Greek] αβγό [Romansch] ov [Armenian] ձու [Middle Armenian] ձու [Old Armenian] ձու [Slovak] vajce [Ancient Greek] ᾠόν [Polabian] joji [Lower Sorbian] jajo [Polish] jajo [Macedonian] јајце [Serbo-Croatian] јајце [Bulgarian] яйце [Russian] яйце [Rusyn] яйце [Ukrainian] яйце [Lower Sorbian] jajce [Serbo-Croatian] jajce [Slovene] jajce [Ossetian] айк [Ossetian] айкӕ [Portuguese] óvulo [Irish] ubh [Old French] oef [Romansch] iev [Venetian] óvo [Northern Kurdish] hêk [Norman] oeu [Norman] œu [Kashubian] jajco [Polish] jajco [Slovincian] jȧjä [Old Church Slavonic] ⰰⰹⱌⰵ [Slovincian] jȧi̯cä [Old East Slavic] ꙗице [Old Spanish] hueuo [Norwegian Bokmål] A-egg [Norwegian Bokmål] a-egg [Norwegian Bokmål] kokt egg [Limburgish] Éï,*h₂ōwyóm,,95,220
[Catalan] vi [English] wine [Gallo] vein [Latin] vinum [Serbo-Croatian] vino [Slovene] vino [Spanish] vino [English] vine [Lower Sorbian] wino [Polish] wino [French] vin [Old French] vin [Romanian] vin [Marshallese] wain [Portuguese] vinho [Czech] víno [Slovak] víno [French] vigne [Old French] vigne [Faroese] vín [Icelandic] vín [Ancient Greek] οἶνος [Armenian] գինի [Old Armenian] գինի [Irish] fíon [Old Irish] fín [Manx] feeyn [Norman] vîn [Umbrian] 𐌅𐌉𐌍𐌖 [Old Portuguese] vỹo [Faliscan] 𐌖𐌉𐌍𐌏𐌌 [Faliscan] 𐌖𐌉𐌍𐌏 [Umbrian] 𐌖𐌉𐌌𐌖 [Volscian] 𐌖𐌉𐌍𐌖,*wóyh₁nom,,34,221
[Danish] vi [Norwegian Nynorsk] vi [Swedish] vi [English] our [Czech] my [Upper Sorbian] my [English] we [Middle English] we [Old English] we [Albanian] na [Sassarese] noi [Sardinian] nos [Old Prussian] mes [Belarusian] мы [Rusyn] мы [North Frisian] wi [Old Dutch] wi [Old Frisian] wi [Old Saxon] wi [Westrobothnian] ve [Faroese] vær [Tocharian B] wes [Icelandic] vér [Old Norse] vér [Latvian] mēs [Sanskrit] वयम् [Avestan] 𐬬𐬀𐬉𐬨,*wéy,,27,222
[Swedish] vi [English] why [Norwegian Nynorsk] kvi,*kʷey,,3,223
[Swedish] vi [English] weak [Portuguese] vez [Old English] wicca [Old Saxon] wig [English] wile [English] waw [English] wight [English] wo [Galician] vencer [Albanian] vig [Old Norse] vega [German] weichen [Latin] vix [Danish] veje [Latin] vicia [Latin] vicis [Latin] vito [German] wechseln [Lithuanian] vaikas [Italian] fiata [Latin] victima [Latin] vincio [Ancient Greek] εἰκών [Icelandic] víg [Old Norse] víg [Persian] آویختن [English] wrixle [Ancient Greek] ἔοικα [Albanian] vigan [Old English] wiglian [Old Irish] fichid [Ancient Greek] ἀεικής [Latin] Ordovices [Lithuanian] vykti [Middle English] weyk [Ancient Greek] εἴκω [Ancient Greek] εἴκελος [Ancient Greek] εἰκάζω [Polish] wikłać,*weyk-,,40,224
[Albanian] mi [Latin] mus [Old High German] mus [Icelandic] mús [Old East Slavic] мꙑшь [Polish] mysz [Sanskrit] मूष् [Ancient Greek] μῦς [Middle English] mous [Greek] μυς [Yiddish] מויז [Central Franconian] Muus [German Low German] Muus [Albanian] mushkëri [Tajik] муш [Yagnobi] муш [Hindi] मूस,*múh₂s,,17,225
[English] skill [English] skill [English] shield [English] shell [English] shale [English] shoal [Faroese] skilja [Icelandic] skilja [Old Norse] skilja [Swedish] skilja [English] halter [Old High German] scala [Swedish] skal [Italian] scaglia [French] écaille [English] shalk [Old High German] scolla [Old Armenian] ցելում [English] sheltron [Old English] scolu [English] slive [Albanian] shkal [Albanian] çel [Icelandic] skjall [Irish] scoilt [Old French] escaille [Faroese] skjól [Icelandic] skjól [Dutch] schalk [Sanskrit] कॢप् [Middle English] schelfe [Ancient Greek] σκάλμη [Friulian] scae [Welsh] hollti [Old English] scelfan [Ancient Greek] σκάλλω [Lithuanian] skalbti [Assamese] কাপ [Ancient Greek] σκύλλω [Ancient Greek] σκυλεύω,*(s)kelH-,,40,226
[Latin] fero [English] bear [English] infer [Norwegian Bokmål] superlativ [Russian] брать [Old Norse] bera [Old English] beran [Lithuanian] berti [Ancient Greek] φέρω [Slovene] brati [Norwegian Bokmål] ablativ [Urdu] بھرنا [Hindi] भरना [Persian] بردن [Spanish] escombro [Ancient Greek] περιφέρεια [Greek] περιφέρεια [Danish] bære [Sanskrit] भरति [Polish] brać [Greek] φέρνω [Limburgish] baere [Gothic] 𐌱𐌰𐌹𐍂𐌰𐌽 [French] encombrer [Old Armenian] բերեմ [Latin] Christophorus [Welsh] edfryd [Avestan] 𐬠𐬀𐬭𐬀𐬌𐬙𐬌 [Old Marathi] 𑘥𑘨𑘜𑘹 [Kashmiri] بَرُن [Norwegian Bokmål] ablasjon [Norwegian Bokmål] absolutt superlativ [Norwegian Bokmål] ablativisk [Norwegian Bokmål] ablativform,*bʰéreti,,34,227
[Latin] fero [Latin] latus,*tl̥h₂tós,,2,228
[Romanian] amar [English] hemerodrome [English] hemerology,*h₂eh₃-,,3,229
[Norwegian Bokmål] absorbent [Spanish] sorber [Latin] sorbeo [Italian] sorbire [Norwegian Bokmål] absorbere [Norwegian Bokmål] absorbering [Romanian] sorbi [Portuguese] sorver [Norwegian Bokmål] absorpsjon [Norwegian Bokmål] absorbator [Norwegian Bokmål] absorberingsevne [Norwegian Bokmål] absorberingskoeffisient [Norwegian Bokmål] absorpsjonsevne [Norwegian Bokmål] absorpsjonskoeffisient [Norwegian Bokmål] absorptiv,*srobʰéyeti,,15,230
[English] board [Indonesian] bor [Arabic] برذعة,*bʰerdʰ-,,3,231
[English] absorb [English] slurp [Ancient Greek] ῥοφέω [Russian] сёрбать [Albanian] gjerb [Polish] siorbać [Galician] larpar,*srebʰ-,,7,232
[Norwegian Bokmål] absurd [English] answer [English] answer [English] swear [English] swear [Romanian] surd [Dutch] zwaard [Norwegian Bokmål] absurdist [English] serious [Norwegian Bokmål] absurditet [German] Schwert [Icelandic] sverð [Old Norse] sverð [English] swarm [English] susurrus [Latin] susurrus [German] schwer [Old Irish] serb [Italian] sordo [Spanish] sordo [Old English] sweor [Old English] swerian [Old Saxon] swerian [Middle High German] swert [Old Dutch] swert [Old High German] swert [Old Norse] svarmr [Old English] swearm [Swedish] svår [German] Schwarm [German] schwören [Middle Dutch] sweren [Old High German] sweren [French] sourd [Italian] serio [Faroese] svørja [Swedish] svära [Dutch] zweren [Icelandic] sverja [Old Norse] sverja [Faroese] svørð [Sanskrit] स्वर [Dutch] zwerm [Portuguese] sério [Norwegian Bokmål] sverd [Norwegian Nynorsk] sverd [English] sweer [Afrikaans] sweer [Catalan] sord [Danish] sværm [Russian] ссора [Latin] surdus [Old Frisian] swera [Norman] séthieux [Old Norse] Sverrir [Swedish] svärm [Yiddish] שווער [Welsh] chwarren [Latin] surus [Sanskrit] स्वरति [Norwegian Bokmål] absurdteater [Norwegian Bokmål] absurdistisk [Sudovian] sworstis,*swer-,,63,233
[Irish] eo [French] if [Norman] if [Old French] if [English] yew [Swedish] Ystad [Welsh] yw [Old Norse] Ívarr [Irish] Í [Old Irish] eó,*h₁eyHweh₂,,10,234
[Latin] eo [Serbo-Croatian] iti [Slovene] iti [Old Persian] 𐎠𐎡𐎫𐎡𐎹 [Sanskrit] एति [Ancient Greek] εἶμι [Lithuanian] eiti [Albanian] eci [Norwegian Bokmål] abitur [Sinhalese] එනවා [Ukrainian] іти [Old Polish] ić [Konkani] येव्चे [Marathi] येणे [Prakrit] 𑀏𑀇 [Ashokan Prakrit] 𑀏𑀢𑀺 [Latgalian] īt [Kashubian] jic [Silesian] iś,*h₁éyti,,19,235
[French] choir [Galician] caer [Spanish] caer [Italian] cadere [Latin] casus [English] cascade [Romanian] cădea [Latin] cado [Catalan] caure,*ḱh₂d-,,9,236
[English] ache [Old English] ece,*h₂eg-,,2,237
[Ido] ad [English] adroit [Swedish] hit [Swedish] till [Westrobothnian] dill [Esperanto] afero [Swedish] åt [Romanian] a [Faroese] til [Icelandic] til [Norwegian Bokmål] til [Norwegian Nynorsk] til [Portuguese] acidente,*ád,,13,238
[English] Russia [English] row [Indonesian] Rusia [Finnish] Ruotsi [English] rudder [Danish] ro [Swedish] ro [Westrobothnian] ro [Latin] rete [German] Rain [Estonian] Rootsi [Dutch] roeien [Faroese] rógva [Icelandic] róa [Old Norse] róa [Latin] eremita [Scottish Gaelic] ràmh [Irish] iomramh [Ancient Greek] ἐρῆμος [Meänkieli] Ruotti [Welsh] rhaw [Sanskrit] रेखा [Irish] rámh [Sanskrit] ऋते [Middle Dutch] roeyen [Old Irish] rámae,*h₁reh₁-,,26,239
[English] storm [English] disturb [Ancient Greek] Σειρήν [Serbo-Croatian] творити [Ancient Greek] σορός [Serbo-Croatian] tvoriti [Lithuanian] turėti [Ancient Greek] σειρά [Lithuanian] tvirtas,*twerH-,,9,240
[Danish] storm [Norwegian Bokmål] storm [Norwegian Nynorsk] storm [Faroese] stormur [Icelandic] stormur [English] stoor [Luxembourgish] Stuerm,*(s)twer-,,7,241
[Swedish] storm [Swedish] arm [Irish] ail [Old Welsh] did [Swedish] list [Irish] beach [Scottish Gaelic] beach [Afrikaans] wat [Catalan] pus [Italian] più [Catalan] ombra [Italian] ombra [Albanian] jo [Latin] umbra [Manx] aw [Swedish] mage [French] plus [Latin] plus [German] helfen [Norwegian Nynorsk] morgon [Swedish] morgon [Swedish] ost [Swedish] häst [Old Norse] ata [Afrikaans] werk [Norwegian Bokmål] lus [Swedish] lus [Swedish] nacke [French] ombre [English] tewel [Latin] urina [German] Haken [Portuguese] sombra [Spanish] sombra [Irish] sú [Scottish Gaelic] -ach [Latvian] cauna [Latvian] jūra [Irish] amh [Scottish Gaelic] amh [Swedish] galge [Ancient Greek] ὠμός [Swedish] tjur [Scottish Gaelic] àrsaidh [Danish] nakke [Irish] ársa [Old Irish] mún [Manx] -agh [Romanian] umbră [Greek] άλλος [Middle English] platten [Ladino] sudhor [Ladino] סוּד׳וד [Norwegian Bokmål] Jūrmala [Middle Irish] deiligid [Yiddish] אָן [English] Kelleher,", ",,57,242
[English] cow [Latin] bos [English] beef [French] bœuf [Danish] ko [Swedish] ko [Tocharian A] ko [West Frisian] ko [Middle English] cou [Norwegian Bokmål] ku [Norwegian Nynorsk] ku [English] buoy [Albanian] ka [Galician] bula [English] Bohemia [Galician] busto [Faroese] kúgv [Afrikaans] koei [Icelandic] kýr [Old Norse] kýr [Middle Dutch] coe [Dutch] koe [Portuguese] boi [Scottish Gaelic] bò [Old Armenian] կով [Irish] bó [Old Irish] bó [Urdu] گائے [Bhojpuri] गाय [Hindi] गाय [Maithili] गाय [Ashkun] gā [Tregami] gā [Waigali] gā [Old Dutch] cuo [Persian] گاو [Urdu] گاو [Ancient Greek] βοῦς [Jamtish] kú [Sanskrit] गो [Sanskrit] गोपाल [Ossetian] гъог [Ossetian] хъуг [French] Bohême [Manx] booa [Persian] گوازه [Welsh] buwch [Breton] buoc'h [Cornish] bugh [Mazanderani] گو [German Low German] Koh [Central Kurdish] گا [Southern Kurdish] گا [Baluchi] گوک [Northern Sami] gussa [Umbrian] 𐌁𐌖𐌌 [Elfdalian] tjyr [Lower Sorbian] gowjedo [Gujarati] ગાય [Avestan] 𐬔𐬀𐬎𐬎 [Gujarati] گاي [Albanian] gjedh [Tsakonian] βου [Avestan] 𐬔𐬀𐬊 [English] boviculture [Latgalian] gūvs [Latin] Boihaemum [Tocharian B] keᵤ [Tocharian B] kaiyye,*gʷṓws,,69,243
[English] win [English] win [English] win [English] won [Danish] ven [Norwegian Nynorsk] ven [English] venom [English] wont [Afrikaans] wen [Old English] wen [Latin] Venus [Latin] venenum [Norwegian Bokmål] under [Norwegian Nynorsk] under [Swedish] under [Dutch] wonder [Irish] fine [English] wish [English] wean [English] venereal [Old Norse] vin [English] ween [Norwegian Bokmål] Bergen [Norwegian Nynorsk] Bergen [German] wohnen [German] gewinnen [Faroese] vinna [Icelandic] vinna [Old Norse] vinna [Swedish] vinna [Faroese] vinur [Icelandic] vinur [Norwegian Bokmål] vinne [Swedish] vän [Dutch] winnen [Low German] winnen [Middle Dutch] winnen [Portuguese] veneno [Spanish] veneno [German] Wunder [German] Wunsch [Old High German] wini [English] wonted [Dutch] wonen [Yiddish] וווינען [Albanian] uri [Faroese] undur [Icelandic] undur [Norwegian Bokmål] venn [Latin] venia [Catalan] verí [Icelandic] ósk [Old Norse] ósk [English] wone [English] wone [French] venin [Romanian] venin [Norwegian Nynorsk] Bjørgvin [Italian] venereo [Polish] Wenus [Romanian] vâna [Middle English] veine [Old Norse] undra [Irish] fiann [English] winne [Old English] wuna [West Frisian] wûnder [Norwegian Nynorsk] ynske [Latin] venor [West Frisian] wenne [Latin] veneror [Welsh] gwŷn [Old Norse] yndi [Old Norse] vanr [Persian] وانستن [Latin] Venedi [Latin] vinnulus [Old Norse] vænn [Old Norse] undr [Old Norse] ýskja [Sanskrit] वन् [West Frisian] wenje [Ancient Greek] Βενδῖς [Norwegian Bokmål] norgesvenn [Jersey Dutch] wône,*wenh₁-,,85,244
[English] ask [Old Frisian] ere [Sanskrit] इच्छा [Latin] aestimo [Latin] aerusco [German] ehren [Sanskrit] इष् [Czech] vískat [Sanskrit] इषुध्यु [Sanskrit] इषुध्या,*h₂eys-,,10,245
[Swedish] ask [Faroese] askur,*ōs-,,2,246
[English] drink [Dutch] drank [Norwegian Bokmål] drikke [German] Trank [Norwegian Bokmål] drikkebror,*dʰrenǵ-,,5,247
[English] it [English] his [Middle English] his [English] she [English] hit [Middle English] hit [Old English] hit [Latin] sic [English] hen [Middle English] sche [Latin] ceterus [Latin] ceu,*ḱe-,,12,248
[English] thin [Swedish] tunn [Old Norse] þunnr [Czech] tenký [Slovak] tenký [Old High German] dunni [Ido] dina [Northern Kurdish] teng [Faroese] tunnur [Scottish Gaelic] tana [Polish] cienki [Sanskrit] तनु [Ancient Greek] ταναός [Latin] tenuis [Danish] tynd [Russian] тесный [Irish] tanaí [Manx] thanney [Old Saxon] thunni [Lower Sorbian] śańki [Welsh] tenau [Old Irish] tanae [Turkish] teneke [Romanian] tinichea,*ténh₂us,,24,249
[English] buy [English] bow [English] bight [English] buck [Scots] boo [Scots] bowsome,*bʰūgʰ-,,6,250
[English] buy [Albanian] butë,*bʰeugʰ-,,2,251
[Old English] here [French] chair [Old Spanish] carne [Romanian] carbon [French] héraut [Latin] caro [English] rugby [English] rout [English] herald [English] croup [Old Norse] herr [German] Heer [Swedish] här [Polish] kora [English] caravan [English] carbonado [Bulgarian] кора [Macedonian] кора [Rusyn] кора [Serbo-Croatian] кора [Ukrainian] кора [Sardinian] carri [Czech] kůra [French] sincère [Slovene] skorja [Belarusian] кара [Catalan] carn [Portuguese] cortiça [Swedish] råka [Middle English] rop [Persian] کارزار [Urdu] کارزار [Portuguese] couro [Danish] hær [English] roop [Portuguese] ceia [Serbo-Croatian] korice [French] Cène [French] faraud [Galician] coiro [Middle Persian] kʾlwʾn' [Old Portuguese] cẽa [Proto-Norse] ᚺᚨᚱᛃᚨ [Latvian] kārts [Latin] Petrocorii [Old Persian] 𐎣𐎠𐎼 [Greek] κραυγή [Swedish] härold [Gilaki] کالجار [Gothic] 𐌷𐍂𐌿𐌺 [Old Norse] Herjann [Polish] husarz [Aghwan] 𐕄𐔰𐕙𐔰𐕛𐔰𐕙,*ker-,,53,252
[Serbo-Croatian] drug [Belarusian] друг [Macedonian] друг [Russian] друг [Serbo-Croatian] друг [Ukrainian] друг [English] dree [English] dree [Czech] druh [Polish] druh [Danish] drøm [Sanskrit] द्रुह्यति [Lithuanian] draugas [Old Persian] 𐎭𐎼𐎢𐎥 [Latgalian] draugs [Latvian] draugs [Latin] fraus [English] dright [English] dright [English] drighten [Hindi] धोखा [Latin] drungus [Avestan] 𐬛𐬭𐬎𐬲𐬀𐬌𐬙𐬌 [Avestan] 𐬛𐬭𐬆𐬔𐬎𐬎𐬀𐬧𐬙 [German] Truchsess [Gothic] 𐌳𐍂𐌹𐌿𐌲𐌰𐌽 [Avestan] 𐬛𐬭𐬎𐬑𐬱,*dʰrewgʰ-,,27,253
[English] kill [English] qualm [Italian] ballare [Sardinian] ballare [Latin] ballo [English] quill [German] Kiel [Lithuanian] galas [Latvian] gals [English] obelus [Albanian] gisht [Serbo-Croatian] žuna [Swedish] kväll [Slovene] žolna [Sanskrit] उद्गूर्ण [Russian] желна [Polish] żołna [English] queal [Albanian] gjilpërë [Slovak] žlna [Friulian] balâ [Old Irish] atbaill [Welsh] blaen [English] pyroballogy [Ancient Greek] βέλεμνον [Sanskrit] ग्लानि,*gʷelH-,,26,254
[English] dare [Old English] durran [Old Saxon] durran,*dʰedʰórse,,3,255
[Italian] dare [Leonese] dare [Portuguese] dar [Spanish] dar [Romani] del [Latin] do [Romanian] da [Northern Kurdish] dan [Norwegian Bokmål] data [Latvian] dot [Sassarese] dà [Russian] дать [Norwegian Bokmål] DD [Czech] dát [Hindi] देना [Persian] دادن [Serbo-Croatian] dati [Slovene] dati [Bulgarian] дам [Old Church Slavonic] дати [Rusyn] дати [Serbo-Croatian] дати [Ukrainian] дати [Sudovian] dodi [Sanskrit] ददाति [Ancient Greek] δίδωμι [Polish] dać [Lithuanian] duoti [Greek] δίνω [Macedonian] даде [Old Czech] dáti [Belarusian] даць [Lower Sorbian] daś [Slovak] dať [Marathi] देणे [Avestan] 𐬛𐬀𐬛𐬁𐬌𐬙𐬌 [Norwegian Bokmål] datamangel [Norwegian Bokmål] a dato [Prakrit] 𑀤𑁂𑀇,*dédeh₃ti,,39,256
[English] twelve [English] eleven [English] leave [English] life [English] liver [English] live [Norwegian Bokmål] lever [Norwegian Nynorsk] lever [Swedish] lever [English] lave [German] leben [Old High German] leben [Icelandic] lifa [Old Norse] lifa [Icelandic] lifur [Norwegian Bokmål] liv [Swedish] leva [Swedish] leva [Ancient Greek] λίπος [German] Leib [Swedish] lämna [Faroese] lív [Faroese] livur [Romanian] lipi [Latvian] liepa [Czech] lepit [Afrikaans] lewer [French] délai [Ido] livar [English] belive [Serbo-Croatian] лепити [Serbo-Croatian] lepiti [Slovene] lepiti [Latin] lippus [Indonesian] lepa [Albanian] gëlep [Central Franconian] levve [Aromanian] alãchescu [Latin] lippio [Gothic] 𐌻𐌹𐌱𐌰𐌽 [Sanskrit] लिम्पति [Lithuanian] lipti [Norwegian Bokmål] A4-liv [Sanskrit] रिप् [Latgalian] līpa [Aromanian] alãchiest,*leyp-,,46,257
[Norn] fy [English] father [Old Portuguese] pay [Danish] far [Norwegian Bokmål] far [Norwegian Nynorsk] far [Swedish] far [Catalan] pare [Dutch] pater [Indonesian] pater [Latin] pater [Galician] padre [Italian] padre [Old Portuguese] padre [Old Spanish] padre [Portuguese] padre [Spanish] padre [Italian] pate [Norn] favor [French] père [Norman] père [Danish] fader [Middle English] fader [Norwegian Bokmål] fader [Norwegian Nynorsk] fader [Swedish] fader [Esperanto] patro [Ido] patro [German] Vater [Afrikaans] vader [Dutch] vader [Middle Dutch] vader [Greek] πατέρας [Faroese] faðir [Icelandic] faðir [Old Norse] faðir [Old English] fæder [Ancient Greek] πατήρ [English] patter [Hindi] पिता [Galician] pai [Indo-Portuguese] pai [Portuguese] pai [Manx] ayr [Old Armenian] հայր [Scots] faither [Marshallese] bata [Mycenaean Greek] 𐀞𐀳 [Indonesian] padri [Irish] athair [Old Irish] athair [Scottish Gaelic] athair [Persian] پدر [Polish] patriota [Tocharian A] pācar [Urdu] پتا [Sanskrit] पितृ [Urdu] پتر [Gothic] 𐍆𐌰𐌳𐌰𐍂 [Portuguese] padrinho [Old Persian] 𐎱𐎡𐎫𐎠 [Baluchi] پت [Oscan] 𐌐𐌀𐌕𐌝𐌓 [Pashto] پلار [Phrygian] πατερης [Old Saxon] fadar [Ossetian] фыд [Ossetian] фидӕ [Galician] padrasto [Portuguese] padrasto [Old English] faþu [Old English] faþe [South Picene] 𐌐𐌀𐌕𐌄𐌓𐌄𐌑𐌇 [Hindi] पिदर [Yiddish] פֿאָטער [Assamese] পিতা [Bengali] পিতা [German Low German] Vader [Hindi] पादरी [Norman] péthe [Telugu] పితృలు [Waneci] پيار [Old Danish] fathær [Norman] pére [Alemannic German] Vatter [Old Gujarati] पीय [Alemannic German] fater [Old High German] fater [Polish] fater [Vilamovian] foter [Avestan] 𐬞𐬌𐬙𐬀𐬭 [Faliscan] 𐌐𐌀𐌕𐌄𐌓 [Yola] vather [Ligurian] poæ [Urdu] پادری [Alemannic German] vàtter [Alemannic German] Fatter [Hunsrik] Fatter [Tetelcingo Nahuatl] pögre [North Frisian] Faađer [Mecayapan Nahuatl] pa̱lej [Galician] padriño [Malay] paderi [Kannada] ಪಾದ್ರಿ [Central Franconian] Vadder,*ph₂tḗr,,105,258
[Cornish] dar [Tat] dar [Tocharian A] or [Tocharian B] or [English] tree [Middle English] tre [Norwegian Bokmål] tre [Norwegian Nynorsk] tre [English] druid [Polish] druid [Russian] дерево [Rusyn] дерево [Ukrainian] дерево [Danish] træ [Faroese] træ [Serbo-Croatian] drvo [Macedonian] дрво [Serbo-Croatian] дрво [Polish] drzewo [Swedish] träd [Swedish] trä [Scottish Gaelic] draoidh [Old Church Slavonic] дрѣво [Persian] درود [Old English] teoru [Czech] dřevo [Serbo-Croatian] drevo [Slovak] drevo [Slovene] drevo [Bulgarian] дърво [Baluchi] دار [Central Kurdish] دار [Mazanderani] دار [Persian] دار [Hittite] 𒋫𒀀𒊒 [Luwian] 𒋫𒀀𒊒 [Kashubian] drzéwò [Sanskrit] दारु [Ancient Greek] δρῦς [Gothic] 𐍄𐍂𐌹𐌿 [Belarusian] дрэва [Hittite] 𒋫𒊒 [Ancient Greek] δρυτόμος [Ancient Greek] δόρυ [Lower Sorbian] drjewo [Upper Sorbian] drjewo [Serbo-Croatian] drijevo [Old Church Slavonic] дръва [Serbo-Croatian] drivo [Dutch] teer [Old Armenian] տարր [Irish] dair [Old Irish] dair [Old Armenian] տոռն [Latin] larix [Irish] draoi [Old Saxon] treo [Cornish] derow [Old Irish] druí [Irish] doire [Welsh] dryw [Welsh] derw [Welsh] dâr [Avestan] 𐬛𐬁𐬎𐬭𐬎 [Alemannic German] Läärche [Manx] druaight [Tocharian B] trik- [Faroese] tjøra [Norwegian Bokmål] abildtre,*dóru,,69,259
[Czech] dar [Polish] dar [Slovak] dar [Slovene] dar [Ancient Greek] δῶρον [Greek] δώρο [Slovincian] dår [Old Armenian] տուր [Serbo-Croatian] Darko [Ancient Greek] ἀντίδωρον,*déh₃rom,,10,260
[Danish] give [German] geben [Old English] gafol [Swedish] giva [Ancient Greek] κεφαλή [Old High German] geban [Greek] κεφάλι [Central Franconian] jevve [Alemannic German] gë [Ancient Greek] κεβλή,*gʰebʰ-,,10,261
[English] small [Latin] malus [Russian] малый [Russian] мало [Kashubian] môłi,*(s)mal-,,5,262
[English] church [Ancient Greek] κύριος [Spanish] escombro [Sanskrit] शिव [French] encombrer [Ancient Greek] κύω [Galician] cavorco [English] coelanaglyphic [Ancient Greek] κῖκυς [Ancient Greek] κύαρ [Sanskrit] शम्,*ḱewh₁-,,11,263
[English] grey [English] gray [Old Norse] gras [Norwegian Bokmål] grå [Ligurian] grixo [Venetian] grixo [Ukrainian] здріти [Norwegian Bokmål] abildgrå,*ǵʰreh₁-,,8,264
[Spanish] grey [Sanskrit] गण [Kashmiri] گام [Czech] hrst [Latin] grex [Sanskrit] ग्राम [English] panegyris [Serbo-Croatian] grnuti [Serbo-Croatian] грнути [Kashmiri] गाम [Ancient Greek] ἀγείρω [Scottish Gaelic] aoghaire,*h₂ger-,,12,265
[English] gold [Cebuano] gold [Middle English] gold [North Frisian] gul [Lower Sorbian] złoto [Upper Sorbian] złoto,*ǵʰl̥tóm,,6,266
[English] gold [Cebuano] gold [Middle English] gold [Old Norse] gull [English] arsenic [Lower Sorbian] złoty [Polish] złoty [English] gilder [Catalan] fel [Galician] fel [Latin] fel [Portuguese] fel [Danish] gul [North Frisian] gul [Norwegian Nynorsk] gul [Swedish] gul [English] glede [Russian] злато [Polish] żółty [Russian] желтуха [Ancient Greek] χλωρός [Irish] geal [Scottish Gaelic] geal [Russian] жёлтый [Hungarian] zöld [French] fiel [Lithuanian] geltas [Albanian] diell [Old English] geolu [Lithuanian] žalias [Old Norse] gulr [Russian] зелёный [Polish] złoto [Danish] guld [Swedish] guld [Cornish] gell [Spanish] hiel [Latin] holus [Romanian] fiere [Baluchi] زرد [Persian] زر [Sanskrit] हरि [Italian] fiele [Latvian] zelts [Old English] gled [Limburgish] góldj [Latin] lutum [Dutch] arsenicum [Latin] arsenicum [English] daric [Latin] glisco [Classical Syriac] ܙܪܢܝܟܐ [Latin] caltha [Ancient Greek] χλόη [Latvian] gulbis [Lithuanian] gulbis [Persian] لاجورد [Dutch] glibberig [German] glibberig [Russian] желтеть [Ancient Greek] χόλος [Polish] złotawy [Romanian] zlot [Marathi] जर [Hindi] ज़र [Ancient Greek] ζέλκια [Welsh] glain [Latgalian] zalts [Ancient Greek] ἀγαλλίς [Ancient Greek] ἀρσενικόν [Sanskrit] हरिण [Polish] arszenik [Lithuanian] tulžis,*ǵʰelh₃-,,73,267
[Danish] gold [Swedish] glad [English] gale [Old Norse] gala [English] geld [Dutch] geld [English] yelp [English] gloat [Galician] galar [Czech] želva [Serbo-Croatian] želva [Slovene] želva [Greek] χείλος [Ancient Greek] χεῖλος [Ancient Greek] χελιδών [Icelandic] gelta [Faroese] gelda [Icelandic] gelda [Welsh] galw [Scots] yeld [Old Armenian] գեղգեղեմ [Upper Sorbian] žołwja [English] galp [Danish] gjalde [Gothic] 𐌲𐌹𐌻𐌸𐌰 [Albanian] galdoj [Old Norse] gǫltr [Galician] galra [Russian] желвь,*gʰel-,,29,268
[Old English] gold [Old Dutch] golt,*ǵʰĺ̥tom,,2,269
[English] blue [English] blow [Marshallese] būļu,*bʰlēw-,,3,270
[English] red [Middle English] red [Old English] read [German Low German] rod [Hunsrik] rod [Old Saxon] rod [Dutch] rood [German] rot [Old High German] rot [German Low German] root [Middle Dutch] root [Swedish] röd [Hunsrik] Rod [Old Norse] rauðr [Norwegian Nynorsk] raud [Faroese] reyður [Norwegian Bokmål] rød [Afrikaans] rooi [Sanskrit] लोह [Indonesian] logam [North Frisian] ruar [Northern Sami] ruovdi [Old Swedish] røþer [Central Franconian] roeëd,*h₁rowdʰós,,24,271
[English] yellow [Marshallese] iaļo,*ǵʰelh₃wos,,2,272
[Galician] tempo [Indonesian] tempo [Italian] tempo [Ligurian] tempo [Norwegian Bokmål] tempo [Polish] tempo [Portuguese] tempo [Portuguese] temporal [Latin] tempus [Sardinian] tempus [Catalan] temps [French] temps [Norman] temps [Romansch] temps [Romansch] temp [Walloon] tins [Neapolitan] tiempo [Spanish] tiempo [Friulian] timp [Romanian] timp [Sicilian] tempu [Norwegian Bokmål] a tempo [Romansch] tains [Romansch] taimp [Venetian] tenpo [Occitan] tèms [Asturian] tiempu,*tempos,,27,273
[Norwegian Bokmål] tempo [Norwegian Bokmål] a tempo [Latin] cortumio,*temh₂-,,3,274
[English] you [English] ye [Old English] ge,*yūs,,3,275
[English] young [Manx] aa [Irish] óg [Danish] ung [Norwegian Bokmål] ung [Dutch] jong [Limburgish] jong [Alemannic German] jung [Cimbrian] jung [German] jung [Low German] jung [Mòcheno] jung [Old High German] jung [Scottish Gaelic] òg [Romanian] junc [Old Norse] ungr [Latin] iuvencus [Italian] giovenco [Middle Dutch] jonc [Old Irish] óc [Welsh] ieuanc [Sicilian] jencu [Welsh] ifanc [Yiddish] יונג [Afrikaans] jonk [Alemannic German] jungu [Breton] yaouank [Norwegian Bokmål] yngel [Cimbrian] djung [Alemannic German] jòng [Alemannic German] junhs [Alemannic German] jungà [Norwegian Bokmål] ormeyngel [Norwegian Bokmål] abboryngel,*h₂yuh₁n̥ḱós,,34,276
[English] yet [English] just [English] justice [Norman] justice [Catalan] jurar [Portuguese] jurar [Spanish] jurar [Portuguese] justo [Spanish] justo [Latin] ius [Romanian] jura [French] juste [Dutch] juist [French] jurer [Latin] iustus [Latin] iuro [English] Justinian [Cebuano] husto [Cebuano] hural [Cebuano] hurar [Afrikaans] juis [Latin] Iustinus [Latin] Iustinianus,*h₂yew-,,23,277
[English] yet [Welsh] dy-,*do,,2,278
[English] yet [English] yet [English] gut [Italian] fondere [Old English] gutt [Spanish] hundir [Finnish] kausi [Dutch] gieten [Old Dutch] gietan [Catalan] fondre [French] fondre [Portuguese] fundir [Latin] fundo [Old English] gyte [Italian] fuso [English] gote [Latin] gutta [English] yote [Latin] suffundo [Middle English] gutte [Polish] gichać,*ǵʰewd-,,21,279
[English] weave [English] waffle [English] waffle [English] wave [English] web [Dutch] web [Indonesian] web [English] woof [English] whiff [English] whiff [Old English] wafian [Icelandic] vefur [Old English] webb [Icelandic] vefa [Old Norse] vefa [Latvian] vabole [Faroese] veva [Danish] væve [Norwegian Bokmål] veve [French] gaufre [Ancient Greek] ὑφή [Dutch] weven [Persian] بافتن [Albanian] vej [Swedish] väva [Old Saxon] webbi [Swedish] väv [Faroese] vevur [Tocharian B] wāp- [Tocharian A] wäp- [Ancient Greek] ὑφαίνω [Luxembourgish] wiewen [Persian] گبر [English] wave in [Icelandic] ráfa [Polish] gofr [Ossetian] уафын,*webʰ-,,37,280
[English] write [English] writ [Faroese] rita [Icelandic] rita [Norwegian Nynorsk] rita,*wrey-,,5,281
[English] wrong [Portuguese] abrigo [Galician] abrigar [Portuguese] abrigar [French] abri [French] abrier [Old French] abrier [Serbo-Croatian] vres [Serbo-Croatian] врес [Serbo-Croatian] vrijes [Serbo-Croatian] вријес,*werḱ-,,11,282
[Irish] dual [Scottish Gaelic] dual,*doḱlos,,2,283
[Irish] dual [Scottish Gaelic] dual [Dutch] deugd [German] taugen [Faroese] duga [Icelandic] duga [Irish] duan [Scottish Gaelic] duan [Latin] Tycho [Ancient Greek] τύχη [Greek] τύχη [Afrikaans] deug [Greek] τυχαίνω [English] douth [Albanian] duhet [Old High German] tugan [Ancient Greek] τεῦχος [Russian] Тихон [Belarusian] Ціхан [Pali] duddha [Ancient Greek] τιτύσκομαι,*dʰewgʰ-,,21,284
[English] mouse [Danish] mus [Norwegian Nynorsk] mus [Old English] mus [Old Saxon] mus [Swedish] mus [Czech] myš [Lower Sorbian] myš [Slovak] myš [Upper Sorbian] myš [English] musk [Faroese] mús [Ido] muso [Asturian] mur [Old Portuguese] mur [Spanish] mur [Northern Kurdish] mişk [Persian] موش [Serbo-Croatian] miš [Slovene] miš [Serbo-Croatian] миш [Ukrainian] миша [Russian] мышца [Turkish] Müge [Turkish] müge [Sanskrit] मुष्क [Ossetian] мыст [Belarusian] мыш [West Frisian] mûs,*muh₂s,,29,285
[English] Saxon [English] saw [Albanian] shat [Latin] securis [Old English] saga [Latin] seco [Galician] sino [Old Portuguese] sino [Portuguese] sino [English] sax [Dutch] sax [Old Norse] sax [Swedish] sax [Faroese] sag [Norwegian Bokmål] sag [English] scythe [Galician] cisco [German] Säge [Swedish] såg [Latin] signum [Crimean Tatar] segment [Slovak] segment [Italian] segno [Italian] sasso [Dutch] zaag [Faroese] saksur [Icelandic] sög [Galician] seita [Galician] seita [Portuguese] seita [Serbo-Croatian] сећи [Serbo-Croatian] seći [Old Church Slavonic] сѣщи [Romanian] seca [Portuguese] segar [Westrobothnian] segg [Ukrainian] січень [Serbo-Croatian] žaga [Slovene] žaga [Serbo-Croatian] жага [Galician] seixo [Portuguese] seixo [Russian] сектор [Spanish] saxo [Corsican] segà [Tetum] sinu [Latin] segnis [Emilian] sâs [Old Norse] sǫg [Czech] síci [Slovene] seči [Old Occitan] senh [Sinhalese] සීනුව [Czech] síct [Irish] sábh [Scottish Gaelic] sgian-dubh [Latin] sacena [Persian] حاخشوک [Russian] сечень [Old Church Slavonic] исѣщи [English] sgian dubh [Old English] sigþe [Ukrainian] січ,*sek-,,63,286
[English] queen [Manx] ben [Old Irish] ben [Czech] žena [Old Czech] žena [Serbo-Croatian] žena [Slavomolisano] žena [Slovak] žena [Slovene] žena [Irish] bean [Scottish Gaelic] bean [Faroese] kvinna [Old Norse] kvinna [Swedish] kvinna [English] quean [Scots] quean [Danish] kone [Faroese] kona [Old Norse] kona [Old English] cwene [Old English] cwen [Ancient Greek] γυνή [Persian] زن [Kashubian] żona [Polish] żona [Old Armenian] կին [Danish] kvinde [Lower Sorbian] žona [Upper Sorbian] žona [Irish] bé [Old Irish] bé [Mycenaean Greek] 𐀓𐀙𐀊 [Northern Kurdish] jin [Welsh] benyw [Greek] γυναίκα [Central Kurdish] ژن [Gaulish] bena [Bulgarian] жена [Macedonian] жена [Old Church Slavonic] жена [Russian] жена [Rusyn] жена [Serbo-Croatian] жена [Tocharian A] śäṃ [Tocharian B] śana [Luwian] 𒉿𒈾𒀜𒋾𒅖 [Sanskrit] जनि [Sanskrit] ग्ना [Old Prussian] genno [Gothic] 𐌵𐌹𐌽𐍉 [Ossetian] зӕнӕг [Tajik] зан [Gothic] 𐌵𐌴𐌽𐍃 [Lower Sorbian] žeńska [Cornish] benyn [Dutch] kween [Rusyn] жона [Burmese] ဇနီး [Punjabi] ਜ਼ਨਾਨੀ [Persian] کانم [Tsakonian] γουναίκα [Tocharian B] klīye [Old Norse] kvæn [Old Norse] kván [Irish] Bé [Cappadocian Greek] ναίκα [Laki] ژەن [Punjabi] زنانی,*gʷḗn,,68,287
[Norwegian Bokmål] symptom [Norwegian Bokmål] abstinenssymptom,*som-,,2,288
[English] age [Italian] età [English] aye [English] ay [Portuguese] eterno [French] âge [Latin] aetas [Spanish] edad [Dutch] eeuw [Ancient Greek] αἰών [Ancient Greek] ἀεί [Latin] aevum [Spanish] evo [Galician] idade [Portuguese] idade [German] Äon [Latin] aeternus [Catalan] edat [Occitan] edat [Old French] aage [Old English] ece [Albanian] amshoj [Old Portuguese] ydade [Ancient Greek] αἰεί [Latin] aevitas [Latin] aeviternus [West Frisian] iuw [Limburgish] iew,*h₂eyu-,,28,289
[Danish] age [English] action [English] act [English] actual [English] active [Latin] ago [Danish] agere [Ancient Greek] ἄγω [Norwegian Nynorsk] aka [Old Norse] aka [Italian] agire [Norwegian Nynorsk] haka [French] essayer [English] objurgate [Swedish] agera [Norwegian Bokmål] akt [Norwegian Bokmål] akt [Norwegian Bokmål] akt [Northern Kurdish] ajotin [Greek] άγω [Old Irish] aigid,*h₂éǵeti,,21,290
[Catalan] pit [French] pis [Latin] pectus [Spanish] pecho [Sanskrit] पक्ष [Irish] ucht [Garo] paksa [Indonesian] paksa [Malay] paksa [Istro-Romanian] kľept [Megleno-Romanian] kľept,*peg-,,11,291
[Catalan] or [French] or [Cebuano] oro [Spanish] oro [Galician] ouro [Mirandese] ouro [Old Portuguese] ouro [Portuguese] ouro [Romanian] aur,*h₂é-h₂us-o-,,9,292
[English] thousand [Finnish] tuhat [Lithuanian] tūkstantis [Slovene] tisoč [Russian] тысяча [Czech] tisíc [Slovak] tisíc [Polish] tysiąc [Serbo-Croatian] тисућа [Serbo-Croatian] tisuća [Ukrainian] тисяча [Latvian] tūkstotis [Marshallese] to̧ujin [Yakut] тыһыынча,*tuHsont-,,14,293
[English] thee [Scots] thee,*te,,2,294
[English] thee [German] Tang [Old English] þeon [Russian] туча [Latvian] tikt [Irish] téacht [Welsh] teithi [Gothic] 𐌸𐌴𐌹𐌷𐌰𐌽 [Old Irish] techtaid [Old Irish] dodcadchae [Icelandic] þang [Old Irish] téchtae [Welsh] tynged,*tenk-,,13,295
[Scots] thee [Welsh] tin [English] thigh [Scottish Gaelic] tòin [Old English] þeoh [Persian] تخم [Turkish] tohum [Old Norse] þjó [Irish] tóin [Old Armenian] թուխ,*tewk-,,10,296
[Catalan] pi [French] pin [Romanian] pin [Italian] pino [Spanish] pino [Portuguese] pinho,*poi-,,6,297
[English] zeal [Spanish] enero [Old Irish] á [Latin] ianua [Hindi] जाना [Serbo-Croatian] jahati [Irish] áit [Old Irish] ét [Persian] جلد [Old Irish] áitt [Serbo-Croatian] јахати [Ancient Greek] ζῆλος [Latin] Ianus [Galician] ciúme [Portuguese] ciúme [Gaulish] Iantumaros [Latin] ianus [Lithuanian] joti [Irish] áth [Pali] yāti [Assamese] যোৱা [Sanskrit] यावन् [Tocharian A] yā- [Tocharian B] iyā-,*yeh₂-,,24,298
[English] polyglot [English] complete [English] maniple [Danish] flere [English] comply [German] viel [Ancient Greek] πλήθω [French] foule [Ancient Greek] πλήρης [Russian] плод [Estonian] komplekt [Danish] flest [Welsh] llanw [Ancient Greek] πίμπλημι [Galician] foula [Sanskrit] पिपर्ति [Latin] plerus [Old English] feolo [Latin] pluralitas [Latin] pleo [English] plethorically,*pleh₁-,,21,299
[English] polyglot [English] isogloss [English] glossolalia,*glōgʰs,,3,300
[English] adroit [German] zwischen [Norwegian Bokmål] dress [English] dis- [English] betwixt [Dutch] bis [Latin] bis [Ancient Greek] διά [Ancient Greek] δίς [Greek] δις [Afrikaans] tussen [Dutch] tussen [Old English] to- [Old High German] zuiski [Basque] des- [Catalan] des- [Portuguese] des- [Romanian] des- [Spanish] des- [French] dé- [German] zer- [French] dés- [Latvian] dvīnis [Saterland Frisian] twiske [Middle Dutch] tusschen [Sanskrit] द्विस्,*dwís,,26,301
[English] adroit [Norwegian Bokmål] dress [Latin] rego [English] source [English] rule [English] surge [Ancient Greek] ὀρέγω [Gothic] 𐍂𐌹𐌺𐌰𐌽 [Sanskrit] राष्टि [Middle Irish] éirgid [Estonian] režiim,*h₃réǵeti,,11,302
[English] sol [English] safe [English] holocaust [Indonesian] sip [English] solemn [Italian] soldo [Italian] salute [Catalan] salut [French] salut [Norman] sauf [Latin] salus [Portuguese] saúde [ Bengali ] সব [Latin] salvatio [Albanian] ngjallë [Punjabi] ਸਭ,*solh₂-,,16,303
[English] sol [Catalan] sol [Danish] sol [Galician] sol [Latin] sol [Middle English] sol [Norwegian Bokmål] sol [Norwegian Nynorsk] sol [Old Portuguese] sol [Portuguese] sol [Spanish] sol [Swedish] sol [Westrobothnian] sol [French] soleil [Old French] soleil [Greek] ήλιος [Italian] sole [Russian] солнце [Cornish] howl [Slovene] sonce [Polish] słońce [English] perihelion [Istro-Romanian] sore [Welsh] haul [English] solar [Indonesian] solar [Italian] Sole [Portuguese] Sol [Polish] Słońce [Faroese] sól [Icelandic] sól [Old Norse] sól [Ancient Greek] ἥλιος [Sanskrit] सूर्य [Romanian] soare [Yola] zin [Scottish Gaelic] sùil [Norman] solé [Old Church Slavonic] слъньце [Latgalian] saule [Latvian] saule [Czech] slunce [Old Czech] slunce [Lithuanian] saulė [Gallo] soulai [Irish] súil [Old Irish] súil [Dhivehi] އިރު [Italiot Greek] ilio [Macedonian] сонце [Ukrainian] сонце [Bulgarian] слънце [English] perihelium [Manx] sooill [Persian] خور [Russian] солнечный [Indonesian] suar [Slovak] slnko [Sanskrit] स्वर् [Romansch] sulegl [Aromanian] soari [Romansch] sulai [Gothic] 𐍃𐌰𐌿𐌹𐌻 [Slovak] slnce [Romansch] suglegl [Romansch] sulagl [Ligurian] sô [Lower Sorbian] słyńco [Upper Sorbian] słónco [Old English] swegl [Avestan] 𐬓𐬀𐬥 [Sanskrit] सूर [Tocharian B] swāñco [Old Norse] syðri [Silesian] słōńce [Ladin] surëdl [Sudovian] sała [Old East Slavic] сълньце,*sóh₂wl̥,,78,304
[Indonesian] sol [English] sole [Old English] sole [Portuguese] solo,*swol-,,4,305
[Lower Sorbian] sol [English] salt [Latin] sal [Romansch] sel [German] Halle [Finnish] suola [Lower Sorbian] słodki [Old Irish] sál [Welsh] halen [Ancient Greek] ἅλς [Breton] holen [Old Ruthenian] соль [Czech] sůl [Irish] salann [Old Irish] salann [Manx] sollan [Yiddish] זאַלץ [Tocharian A] sāle [Tocharian B] salyiye [Albanian] ngjelmë [Albanian] gjollë [Navajo] sáál [Komi-Permyak] сов [Komi-Zyrian] сов [Persian] هلتاک [Udmurt] сылал [Ancient Greek] ἅλιος [Ancient Greek] ἅλιος [Albanian] ngjelmët,*séh₂ls,,29,306
[Old English] sol [English] soil [English] soil [English] soil [English] sole [English] sully [French] souiller [English] soal [Old English] solian [German] suhlen [Old English] sylian,*sūl-,,11,307
[Serbo-Croatian] sol [Slovene] sol [Crimean Gothic] salt [Danish] salt [Danish] salt [Faroese] salt [Faroese] salt [Icelandic] salt [Norwegian Bokmål] salt [Norwegian Nynorsk] salt [Swedish] salt [Swedish] salt [French] sel [Dutch] zout [Slovak] soľ [Old English] sealt [German] Salz [Polish] sól [Polish] słodki [Bulgarian] сол [Serbo-Croatian] сол [Slovene] sladek [Czech] sladký [Slovak] sladký [Old Church Slavonic] соль [Russian] соль [Middle English] salten [Old Armenian] աղ [Scots] saut [Old Church Slavonic] сладъкъ [Serbo-Croatian] sladak [Afrikaans] sout [Macedonian] сладок [Russian] солодкий [Ukrainian] солодкий [Serbo-Croatian] сладак [Galician] salgado [Portuguese] salgado [Romagnol] sêl [Ukrainian] сіль [Marshallese] jo̧o̧ļ,*seh₂l-,,41,308
[French] coin [Latin] cuneus [Romanian] cui [Italian] conio [Spanish] cuño [Portuguese] cunha,*h₂ḱū,,6,309
[English] prick [English] prick,*breyǵ-,,2,310
[English] some [English] seem [English] same [English] single [Lithuanian] su [English] assemble [Welsh] fel [English] heterodont [Dutch] samen [English] sincere [Polish] singel [English] singulative [English] sam [English] sam [German] zusammen [Danish] sommer [English] assimilate [Ancient Greek] σύν [Ancient Greek] ἅμα [English] selfsame [Old English] sin- [Old High German] sin- [Old Saxon] sin- [English] beseem [Italian] semplice [Latin] similis [Old Norse] semja [Old English] sam- [Old Armenian] համ- [Old Armenian] անտառ [Old Irish] Samain [Latin] singulus [Latin] sincerus [Albanian] gjithë [Scots] samin [Latin] simitu [Old Irish] samail [Old Armenian] ամ- [Norman] semblier [Slovak] sú- [Old Persian] 𐏃𐎥𐎶𐎫𐎠𐎴 [Latin] simpulum [Ancient Greek] ἄμυδις [Irish] sámh [Sanskrit] सम्- [Polish] singiel [Sanskrit] संदिह्,*sem-,,47,311
[English] shit [German] scheißen [German] Scheiße [Dutch] schijten [West Frisian] skite [Faroese] skíta [Icelandic] skíta [Old Norse] skíta [Persian] شکستن [Old Church Slavonic] щедръ [Polish] szajs [Persian] گسستن [Sanskrit] छिद् [Tocharian A] kät- [Tocharian B] kät- [Sanskrit] छिद्र [Sanskrit] विच्छिन्न [Lithuanian] kedėti,*skeyd-,,18,312
[English] shit [Middle English] schiten [Sanskrit] छेदि,*skéydt,,3,313
[English] ass [Middle English] ars [English] arse [Icelandic] rass [Norwegian Nynorsk] rass [Dutch] aars [English] anuran [Ancient Greek] οὐρά [Irish] earr [Irish] anúra,*h₃érsos,,10,314
[Latvian] ass [Latin] ala [Swedish] axel [Spanish] eje [Serbo-Croatian] оса [German] Achsel [French] ais [Italian] asse [Hindi] अक्ष [Sanskrit] अक्ष [Polish] oś [Latin] asser [Galician] eixe [Galician] eixo [Portuguese] eixo [Portuguese] áxis [Irish] aiseal [Old Saxon] ahsla [Catalan] eix [Albanian] ashkë [Lower Sorbian] wós [Norwegian Bokmål] akse [Ancient Greek] ἄξων [Lithuanian] ašis [Norwegian Bokmål] abscisseakse [Tamil] அச்சு,*h₂eḱs-,,26,315
[Manx] ass [Irish] as [Czech] z [Lower Sorbian] z [Polish] z [Ukrainian] з [English] extremity [Irish] ach [Latin] ex [Catalan] sobre [Spanish] sobre [Norwegian Bokmål] superlativ [Galician] antes [Portuguese] antes [Spanish] antes [English] supernumerary [English] emasculate [English] exhilarate [Ancient Greek] ἐκ [Latin] supero [Romanian] spre [Latvian] iz [Ancient Greek] ἐχθρός [Albanian] sh- [Albanian] shqipoj [Welsh] eang [Albanian] shtreth [Norwegian Bokmål] koeffisient [English] extimate [Welsh] ech- [Welsh] dieithr [Old Irish] a/Old Irish [Norwegian Bokmål] absolutt superlativ [Norwegian Bokmål] absorberingskoeffisient [Norwegian Bokmål] absorpsjonskoeffisient,*h₁eǵʰs,,35,316
[English] sieve [Ancient Greek] σάπων,*seyp-,,2,317
[English] for [Old Irish] ar [Latin] primus [English] principle [Albanian] pris [Norwegian Bokmål] prima [Polish] pierwszy [Swedish] före [Ancient Greek] παρά [Greek] παρά [English] prescient [Latin] prandium [Russian] вопреки [Istro-Romanian] prvi [Serbo-Croatian] prvi [Slovene] prvi [English] presentative [Latin] prae [Serbo-Croatian] први [Latin] praeter [Latin] pratum [Albanian] parë [Czech] prvý [Slovak] prvý [Tocharian A] pärwat [Old Armenian] հարաւ [Norwegian Bokmål] a prima vista [Macedonian] прв [Old Church Slavonic] прьвъ [Ancient Greek] πάρος [Bulgarian] въпреки [Latgalian] pyrmais,*preh₂-,,32,318
[Latin] for [Russian] баять [Latin] fata [Ancient Greek] φημί [Old Armenian] բամ [Serbo-Croatian] bajati [Serbo-Croatian] бајати [Macedonian] бае [Polish] bajać [Latin] Fata [Ukrainian] баяти,*bʰéh₂ti,,11,319
[Old Irish] for [Irish] ar [Afrikaans] oor [English] over [Dutch] over [Latin] super [Old Irish] format [English] hyper- [English] Vercingetorix [English] eaves [Old English] ofer [Ancient Greek] ὑπέρ [Middle Welsh] gor [Persian] ابر [Limburgish] euver [Old Armenian] վեր [Scottish Gaelic] farmad [Indonesian] hiper- [Gothic] 𐌿𐍆𐌰𐍂 [Cornish] gor- [Welsh] gor- [Sanskrit] उपरि [Middle Persian] 𐭬𐭣𐭬 [Hindi] ऊपर [Old Irish] immar [Old Persian] 𐎢𐎱𐎼𐎡𐎹 [Russian] гипер- [Ancient Greek] ὑπερ- [Old English] ufor [Old Welsh] guor [Ukrainian] гіпер- [Limburgish] övver,*upér,,32,320
[English] finish [English] ditch [English] fix [Swedish] dike [Latin] finis [Old English] dic [German] Teich [English] fichu [Norwegian Bokmål] infinitiv [Yiddish] טײַך [Dutch] fixeren [Icelandic] díki [Albanian] deng [Dutch] fiksen [Westrobothnian] dikj [Norwegian Bokmål] a-infinitiv,*dʰeygʷ-,,16,321
[English] this [Westrobothnian] he [Alemannic German] s [Old English] þe [Tocharian B] ente [Portuguese] tal [Westrobothnian] diss [Sanskrit] तद् [German] dieser [Icelandic] það [Old Norse] þat [Albanian] tërë [Pali] tattha [Sanskrit] तत्र [Albanian] tanë [Proto-Norse] ᚦᛡᛏ [Tocharian A] äntannene [Tocharian A] äntāne,*tód,,18,322
[Danish] el [Swedish] al [Norwegian Bokmål] older [Norwegian Nynorsk] older [Faroese] elri [Icelandic] elri [Lower Sorbian] wólša,*h₂élisos,,7,323
[Latin] at [English] perennial [Ancient Greek] ἀτάρ [Tocharian B] atiyo [Tocharian A] āti [Latvian] atāls [Old Prussian] attolis,*h₂et-,,7,324
[English] elk [Swedish] älg [Westrobothnian] älg,*h₁élḱis,,3,325
[English] deer [Old Norse] dýr [Afrikaans] dier [Dutch] dier [Middle Dutch] dier [Old Dutch] dier [West Frisian] dier [Ladin] tier [Swedish] djur [German] Tier [Norwegian Bokmål] dyr [Norwegian Nynorsk] dyr [Old English] deor [Old High German] tior [Old Norse] diūʀ,*dʰewsóm,,15,326
[French] an [Romanian] an [Catalan] any [Latin] annus [Italian] anno [Old Spanish] anno [Spanish] año [Corsican] annu,*h₂et-no-,,8,327
[Latin] an [Albanian] a [Gothic] 𐌰𐌽,*h₂en,,3,328
[English] fall [English] fell [Faroese] falla [Icelandic] falla [Old Norse] falla [Old Swedish] falla,*peh₃lH-,,6,329
[Norman] picture [English] foe [English] file [English] feud [Czech] pěkný [Romanian] opis [Polish] piękny [Finnish] peikko [Portuguese] pimento [Persian] نوشتن [Latin] pingo [Serbo-Croatian] pisati [Portuguese] pimenta [Bulgarian] пиша [Romanian] zapis [Galician] pego [Dutch] veeg [Ancient Greek] ποικίλος [Scots] faw [Slovak] písať [Sanskrit] पिशङ्ग [Lower Sorbian] pisaś [Lithuanian] piešti [Lithuanian] piešas [Macedonian] пишува [Lithuanian] piktas [Irish] pimeantó [Persian] سبشت [Ashokan Prakrit] 𐨣𐨁𐨤𐨁𐨯𐨿𐨟 [Old Armenian] պիսակ [Galician] pégaro [Sanskrit] पिङ्ग [Romanian] zapiscă [Ossetian] фыссын [Sanskrit] पिङ्क्ते,*peyḱ-,,35,330
[Tocharian A] wiki [Extremaduran] venti [Hindi] बीस [Corsican] vinti [Persian] بیست [Tocharian B] ikäṃ [Latvian] divdesmit [Lithuanian] dvidešimt [Bactrian] οιστο,*dwi(h₁)dḱm̥ti,,9,331
[English] mind [Asturian] mente [Galician] mente [Italian] mente [Portuguese] mente [Spanish] mente [Aromanian] minti [Latin] mens [English] mendacity [Galician] mentira [English] mantis [Catalan] ment [Friulian] ment [Italian] -mente [Romanian] minte [Ancient Greek] μάντις [Sanskrit] मति [Polish] pamięć [Lithuanian] mintis [Ligurian] -ménte,*méntis,,20,332
[English] hunt [Portuguese] centro [Spanish] centro [Latvian] sist [Ancient Greek] κοντός [Ancient Greek] κεντέω,*ḱent-,,6,333
[English] girl [English] cord [Latin] hernia [Norwegian Bokmål] carte [English] carol [Norwegian Bokmål] a la carte [English] character [English] chorus [English] yearning [English] yearn [Norwegian Bokmål] à la carte [Latin] haruspex [Old Norse] gjarna [English] gralloch [Ancient Greek] χαίρω [English] gorse [Latvian] zarna [Norwegian Bokmål] kor [Ancient Greek] χορός [Ancient Greek] χάρτης [Hebrew] כרטיס [Portuguese] cartaz [Portuguese] cartucho [Sanskrit] ह्रस्व [German] Göre [Old Irish] garait [Ancient Greek] χορδή [English] dehort [Ancient Greek] χρέος [Latin] hariolus [Middle Irish] gerr [Ancient Greek] χρηστός [Welsh] garw [Latin] Germanus [Greek] χαίρομαι [French] Aveyron [Latin] hira [Latin] hirnea [Albanian] ngordh [Latvian] žirgts [Albanian] garë [Latin] horior [Ancient Greek] χράω [Sanskrit] हृ [Old Norse] gjarn [Ancient Greek] χρή [Latin] Garumna [Ancient Greek] χαράσσω [Sanskrit] हिर [Tocharian B] kartse [Ancient Greek] χάρμη [Ancient Greek] χρεώ [Ancient Greek] χόριον [Norwegian Bokmål] à la carte-servering [Norwegian Bokmål] a la carte-servering [Old English] geornan [Norwegian Bokmål] carte-servering [Norwegian Bokmål] à la carte-meny [Norwegian Bokmål] carte-meny [Norwegian Bokmål] a la carte-meny,*ǵʰer-,,60,334
[Westrobothnian] boy [Swedish] bog [Hindi] बाँह,*bʰāǵʰus,,3,335
[English] my [English] mine [Scots] ma [Middle English] min [Swedish] min [Icelandic] minn [Yiddish] מײַן [Westrobothnian] männ,*méynos,,8,336
[Lower Sorbian] my [Slovak] my [Old Irish] sní [Ancient Greek] νώ,*nos,,4,337
[Manx] my [Scottish Gaelic] ma [Irish] má [Old Irish] má [Ancient Greek] μήν,*meh₂,,5,338
[Polish] my [Albanian] meje,*me-,,2,339
[Westrobothnian] my [Swedish] mygga [Icelandic] mý,*mu,,3,340
[English] article [Latin] artus,*h₂értus,,2,341
[Norwegian Bokmål] ending [English] end [Pennsylvania German] End [Icelandic] endir [Faroese] endi [Icelandic] endi [Old Saxon] endi [Afrikaans] einde [Dutch] einde [German] Ende [Middle English] ende [Norwegian Bokmål] ende [Norwegian Bokmål] ende [Norwegian Nynorsk] ende [Old English] ende [Old High German] enti [Swedish] ände [Latin] antiae [Gothic] 𐌰𐌽𐌳𐌴𐌹𐍃 [Norwegian Bokmål] endelse [Ancient Greek] ἀντίον [Ancient Greek] ἀντίος [Norwegian Bokmål] a-endelse [Norwegian Bokmål] a-ending,*h₂entíos,,24,342
[English] regular [English] insurgent [English] riches [Hindi] रंग [Old Prussian] rikīs [Old Prussian] rīki [Catalan] ric [Interlingua] ric [Old Occitan] ric [Old Prussian] rikis [Middle French] droict [Latvian] redzēt [Sanskrit] रङ्ग [Indonesian] reguler [Sanskrit] रञ्ज् [Northern Kurdish] reş,*reg-,,16,343
[English] leather [Norwegian Bokmål] lær [Norwegian Bokmål] lærbrynje,*pl̥tro-,,3,344
[Albanian] mill [English] common [English] mole [Portuguese] meter [English] community [English] monolith [English] meal [Latin] minor [English] mad [Norwegian Bokmål] meny [English] meed [English] mere [English] monad [English] mite [Latin] minuo [English] mince [Galician] muro [Italian] muro [Portuguese] muro [Spanish] muro [English] minstrel [Dutch] minder [German] minder [English] min [English] remission [Old Irish] messa [Ancient Greek] μικρός [Latin] meo [English] comminution [English] mayhem [Latin] murus [Ancient Greek] μόνος [Greek] μόνος [Aromanian] mur [Catalan] mur [French] mur [Old Norse] miðr [Icelandic] miður [German] Miete [Czech] mimo [Lower Sorbian] mimo [Polish] mimo [Sanskrit] मित्र [Indonesian] mitra [Ancient Greek] μισθός [Portuguese] menino [English] mean [English] mean [Ancient Greek] μείων [Old English] missan [Irish] mí- [Old Norse] meiðr [Polish] monada [Russian] меньший [Ancient Greek] μανός [Albanian] mëri [Avestan] 𐬨𐬌𐬚𐬭𐬀 [Galician] minguar [Tocharian B] menki [English] mereing [Galician] Miño [Gothic] 𐌹𐌽𐌼𐌰𐌹𐌳𐌾𐌰𐌽 [Sanskrit] मीर [Latin] Meduana [Ancient Greek] μίνυνθα [Ancient Greek] μίτος [Ancient Greek] μίτρα [Tocharian B] maiwe [Ladin] mënder [Norwegian Bokmål] à la carte-meny [Norwegian Bokmål] carte-meny [Norwegian Bokmål] a la carte-meny [Ukrainian] менший,*mey-,,73,345
[Manx] mill [Aragonese] miel [Asturian] miel [French] miel [Old French] miel [Old Spanish] miel [Spanish] miel [Romansch] meal [Breton] mel [Catalan] mel [Cornish] mel [Latin] mel [Old Portuguese] mel [Portuguese] mel [Italian] miele [Irish] mil [Scottish Gaelic] mil [Romanian] miere [Corsican] mele [Sardinian] mele [Luwian] 𒈠𒀠𒇷 [Romansch] mèl [Welsh] mêl [Old Armenian] մեղեխ,*mélid,,24,346
[English] quarrel [Latin] queror [English] wheeze [Old Norse] hvæsa [Baluchi] ساہ [Sanskrit] श्वस्,*ḱwes-,,6,347
[English] quarrel [Danish] fire [Norwegian Nynorsk] fire [Italian] quattro [Catalan] quatre [French] quatre [Norman] quatre [English] quadratic [Central Franconian] vier [Mirandese] quatro [Old Spanish] quatro [Portuguese] quatro [Indonesian] catur [Malay] catur [Spanish] cuatro [English] quarry [Swedish] fyra [Czech] čtyři [Greek] τέσσερις [English] tessellate [Scots] fower [Welsh] pedwar [Norwegian Bokmål] fjortis [Slovak] štyri [Upper Sorbian] štyri [Russian] четыре [Bulgarian] четири [Macedonian] четири [Serbo-Croatian] четири [Serbo-Croatian] četiri [Old Norse] fjórir [Old English] feower [Ancient Greek] τέσσαρες [Slovene] štiri [Scottish Gaelic] ceithir [Aromanian] patru [Romanian] patru [Breton] pevar [Hindi] चार [Nepali] चार [Baluchi] چار [Central Kurdish] چار [Khowar] چار [Sindhi] چار [Urdu] چار [Polish] cztery [Tocharian B] śwerppewä [Faroese] fýra [Persian] چهار [Istro-Romanian] påtru [Romansch] quatter [Old Church Slavonic] четꙑре [Tocharian A] śtwar [Tocharian B] śtwer [Irish] ceathair [Kashubian] szterë [Portuguese] quadrado [Corsican] quattru [Sanskrit] चतुर् [Belarusian] чатыры [Lithuanian] keturi [Gothic] 𐍆𐌹𐌳𐍅𐍉𐍂 [Latgalian] četri [Old Armenian] չորք [Tajik] чор [Ossetian] цыппар [Ancient Greek] τετράς [Danish] kvart [Bengali] চার [Ido] quar [Breton] peder [Old English] fiþer- [French] quadratique [Old Irish] cethair [Manx] kiare [Central Kurdish] چوار [Walloon] cwate [Ancient Greek] τέτταρες [Oscan] 𐌐𐌄𐌕𐌖𐌓𐌀 [Umbrian] 𐌐𐌄𐌕𐌖𐌓 [Latin] quater [Romansch] quater [Ukrainian] чотири [Old Swedish] fiurir [Cornish] peswar [Old Armenian] քառ [Norman] quate [Lower Sorbian] styri [Norman] quat' [Lusitanian] petranioi [Crimean Gothic] fyder [Slovene] štirje [Kashmiri] ژور [Slovincian] štėřä [Sarikoli] cavúr [Gujarati] ચાર [Cebuano] kwatro [Assamese] চাৰি [Ligurian] quàttro [Ashokan Prakrit] 𑀘𑀢𑁆𑀧𑀸𑀭𑁄 [Old Ruthenian] четыри [Avestan] 𐬗𐬀𐬚𐬡𐬀𐬭 [Old Prussian] keturjāi [Aromanian] patur [Kashubian] sztërë [Greek] τέσσερεις [Bengali] চারি [Indonesian] catur-,*kʷetwóres,,108,348
[English] all [Swedish] all [English] ultramarine [English] old [Latin] alumnus [Latin] ambulo [Emilian] ló [Latin] Alpes [Faroese] ala [Icelandic] ala [English] adulterate [Old English] alan [Irish] altra [Breton] aod [English] proletariat [Faroese] aldur [Icelandic] aldur [Emilian] lê [Italian] ello [Yola] aul [Swedish] ålder [Latin] almus [Albanian] lej [Old Norse] aldr [Old English] ealdor [Old Norse] allr [Italian] altero [Latin] ulva [Italian] alveolare [Scots] a' [Bulgarian] лани [Old Armenian] ողջ [Irish] uile [Middle Irish] uile [Old Irish] uile [Old Armenian] աղանդ [Latin] alvus [Norwegian Nynorsk] elde [Albanian] lloj [Latin] exsul [Latin] arundo [English] alkin [Latin] elementum [Sassarese] edda [Italian] altrice [English] elne [Emilian] lôr [Latin] uls [Latin] olle [Old Armenian] աղամող [Sanskrit] अरण्य [Lithuanian] aliai [Ancient Greek] ἄλσος [Italian] aldio [Tocharian B] allek [Latin] altor [Italian] altore [Welsh] cyfaill [Tocharian B] ālme [Westrobothnian] åll [Old English] ielde [Tocharian B] alokälymi [Tocharian B] āläm [Tocharian B] ālo [Sassarese] eddu [Sassarese] eddi,*h₂el-,,66,349
[English] ant [Sanskrit] मेनि,*meh₂y-,,2,350
[English] angle [West Frisian] angel [German] Angel [Finnish] onki [Ancient Greek] ἀγκύλος [Galician] anga [Macedonian] пајак [Ancient Greek] ἄγκυρα [Hindi] बीच [Latin] ancrae [Latin] ungulus [Galician] angazo [Welsh] gwanc [Galician] enganido [Ancient Greek] ἀγκών [Indonesian] langgar [Malay] langgar [Old Irish] dofuthracair [Ancient Greek] ἄγγων [Sanskrit] अञ्च् [Sanskrit] नीच [Indonesian] angker [Indonesian] jangkar,*h₂enk-,,23,351
[Catalan] angle [French] angle [Portuguese] angular [Slovene] vogal [Serbo-Croatian] ugao [Slovak] uhol [Italian] angolo [Czech] úhel [Russian] угол [Old Church Slavonic] ѫгълъ [Portuguese] ângulo [Serbo-Croatian] угао [Latin] angulus [Polish] węgieł [Romanian] unghi [Serbo-Croatian] vugel [Bulgarian] ъгъл,*h₂engulos,,17,352
[English] answer [Romansch] avant [Romansch] avaunt [Latin] antes [English] antinomy [English] ambit [Romansch] avon [Norwegian Nynorsk] and- [Old Norse] and- [Sanskrit] अन्त [Old Irish] étan [Albanian] anë [Irish] buntáiste [Romansch] aunz [Romansch] avànt [Ancient Greek] ἄντην [Tocharian B] antapi,*h₂ent-,,17,353
[Norwegian Bokmål] a la [Norwegian Bokmål] la [Norwegian Bokmål] a la carte [Latin] ille [Norwegian Bokmål] à la [Norwegian Bokmål] à la carte [Norwegian Bokmål] à la carte-servering [Norwegian Bokmål] a la carte-servering [Norwegian Bokmål] à la carte-meny [Norwegian Bokmål] a la carte-meny,*h₂ol-no-,,10,354
[North Frisian] moon [Norwegian Bokmål] menneske [Czech] muž [Lower Sorbian] muž [Upper Sorbian] muž [Middle English] mon [Alemannic German] Mann [German] Mann [German Low German] Mann [Hunsrik] Mann [Luxembourgish] Mann [Pennsylvania German] Mann [German] Mähne [Russian] муж [Serbo-Croatian] муж [Konkani] मान [Sanskrit] मनुष्य [Polish] mąż [Ancient Greek] Ἀμαζών [Hindi] मानुस [Hindi] मानस [Scottish Gaelic] muin [Danish] manke [Macedonian] маж [English] mennish [Sanskrit] मन्या [Old Marathi] 𑘦𑘡𑘳𑘏𑘿𑘧 [Old Marathi] 𑘦𑘰𑘡𑘳𑘭 [Norwegian Bokmål] A4-menneske [Prakrit] 𑀫𑀡𑀼𑀲𑁆𑀲 [Romani] manuś [Balkan Romani] manuš [Baltic Romani] manuš [Carpathian Romani] manuš [Sinte Romani] manuš [Vlax Romani] manuš [Welsh Romani] manuš [Angloromani] mannush [Dutch] Manoesj [Norwegian Bokmål] a-menneske [Norwegian Bokmål] A-menneske,*mon-,,41,355
[English] argument [English] argumentative [Irish] airgead [Scottish Gaelic] airgead [Welsh] arian [English] redargue [Greek] άργυρος [Sanskrit] अर्जुन [Ancient Greek] ἄργυρος [Manx] argid [Ancient Greek] ἀργός [Old High German] erchan [Tocharian B] ārkwi [Tocharian A] ārki [Ancient Greek] Ἀργυννίς [Persian] ارزیز [Pali] ajjuna [Old Armenian] արծարծեմ [Old Armenian] արծնեմ [Hittite] 𒄯𒆠𒅖 [Old Persian] 𐎠𐎼𐎭𐎿𐎫𐎠𐎴,*h₂erǵ-,,21,356
[English] arm [Danish] arm [Scots] arm,*h₂er-mo-,,3,357
[Dutch] arm [French] arme [Catalan] arma [Italian] arma [Latin] arma [Old Portuguese] arma [Portuguese] arma [Spanish] arma [Latvian] armija [Lithuanian] armija [Serbo-Croatian] armija [French] armée [Norman] armée [Cebuano] armas [Macedonian] армија [Serbo-Croatian] армија [Romanian] armă [Middle English] armee [Middle French] armee [Old French] armee [English] armatole,*h₂(e)rmos,,21,358
[Dutch] arm [German] arm [Faroese] armur,*h₂erH-,,3,359
[German] arm [Czech] rob [Serbo-Croatian] работа [Czech] robota [Old English] ierfe [German] Erbe [Danish] arv [Norwegian Bokmål] arv [Norwegian Nynorsk] arv [Swedish] arv [Russian] робот [Dutch] erven [Middle Dutch] erven [English] erf [Serbo-Croatian] rabota [Icelandic] erfa [Middle Dutch] erve [Middle English] erve [Czech] robě [Czech] robit [Czech] robův [Old Irish] orbbae [Proto-Norse] ᚨᚱᛒᛁᛃᚨ [Old Irish] comarbus,*h₃erbʰ-,,24,360
[Middle English] arm [Scots] arm,*erm-,,2,361
[Old High German] arm [German] Arm [West Frisian] earm [Faroese] armur [Central Franconian] Ärm,*h₂ermos,,5,362
[English] art [English] earnest [Albanian] orë [Occitan] raus [Old French] rosel,*er-,,5,363
[Latvian] art [English] ear [Old Irish] arbor [Old English] eard [Old English] erian [Serbo-Croatian] orati [Old Church Slavonic] орати [Serbo-Croatian] орати [Czech] orat [Albanian] arë [Czech] orba [Serbo-Croatian] ратар [Serbo-Croatian] ratar [Tocharian A] āre [Tocharian B] āre [Welsh] erw [Albanian] arbën [Polish] rataj [Galician] cómaro [Galician] aramio [Ancient Greek] ἄρουρα,*h₂erh₃-,,21,364
[Middle English] art [Italian] arte [Portuguese] arte,*h₂r̥tís,,3,365
[Old Irish] art [French] ours [Romansch] ursa [Latin] ursus [Chavacano] oso [Spanish] oso [English] Arctic [Albanian] ari [Romanian] urs [Romansch] urs [Italian] orso [Basque] hartz [Old Armenian] արջ [Ancient Greek] ἄρκτος [Persian] خرس [Ancient Greek] Ἀρκαδία [Greek] άρκτος [Cornish] arth [Welsh] arth [Ancient Greek] Ἀρκάς [Punjabi] ਰਿੱਛ [Sanskrit] ऋक्ष [Breton] arzh [Ossetian] арс [Romansch] uorsa [Romansch] uors [Pontic Greek] άρκος [Portuguese] usso [Gujarati] રીંછ [Somali] oorso [Judeo-Tat] хуьрс [Corsican] orsu [Indonesian] Arktika [Avestan] 𐬀𐬭𐬴𐬀 [Old Marathi] रिहस [Garhwali] रिख [Hindi] रीछ [Torwali] ایِݜ [Zazaki] heşi [Old Marathi] 𑘨𑘱𑘮𑘭 [Urdu] ریچھ [Pashto] يږ [Albanian] arith,*h₂ŕ̥tḱos,,43,366
[English] north [Norwegian Bokmål] Norge [Norwegian Bokmål] norgesvenn,*h₁ner-,,3,367
[English] north [French] nord [Norman] nord [Romansch] nord [Norman] nor [Dutch] Neer,*ner-,,6,368
[English] east [Old English] east [English] eastern [English] Easter [Albanian] err [Old English] eastre [Latin] auster [Scottish Gaelic] feith [English] ariose [Latin] haurio [English] hauriant [Middle English] Eestour [Westrobothnian] öis [Ancient Greek] ἦρι [Tocharian B] yasā [Old Norse] austan [Ancient Greek] ἀφύσσω [Old Irish] áel [Sanskrit] व्युष्,*h₂ews-,,19,369
[Dutch] wassen [English] wet [English] otter [English] wash [Old Portuguese] onda [Portuguese] onda [Spanish] onda [Irish] uaine [Scottish Gaelic] uaine [Latin] uter [Danish] odder [Italian] otre [Albanian] ujë [Swedish] vass [Danish] vande [Albanian] adhis [Transylvanian Saxon] wiëschen,*wed-,,17,370
[Dutch] wassen [Middle Dutch] wassen [English] wax [English] waist [English] ocker [Icelandic] vaxa [Old Norse] vaxa [Old English] weaxan [German] wachsen [Scottish Gaelic] feur [Faroese] vaksa [Gutnish] vaksa [Swedish] växa [English] oker [Irish] féar [Old Irish] fér [Manx] faiyr [West Frisian] waakse [Norwegian Nynorsk] veksa [Norwegian Nynorsk] vekse [Old High German] wahsan [Old Saxon] wahsan [Hunsrik] wachse [Persian] وخشیدن [Welsh] gwair [Latin] Auximum,*h₂weg-,,26,371
[English] thick [Dutch] dik [Swedish] tjock [Old English] þicce [Old Norse] þykkr [Welsh] tew [Scottish Gaelic] tiugh [Manx] çhiu [Yiddish] דיק,*tégus,,9,372
[English] snake [Italian] naga [English] naja [Old English] snican,*sneg-,,4,373
[English] earth [English] Earthling [English] Earth [English] earthling [Albanian] varr [Danish] jord [Norwegian Bokmål] jord [Norwegian Nynorsk] jord [Swedish] jord [Faroese] jørð [Ancient Greek] ἔριφος [Westrobothnian] jol [Latin] irritus [Tocharian B] āre [Ancient Greek] ἔραζε [Lithuanian] erdvė,*h₁er-,,16,374
[German] was [Hunsrik] was [Italian] che [Swedish] vad [Latin] quod [Lithuanian] kad [Romanian] că [Old High German] waz,*kʷod,,8,375
[English] mother [Polish] matka [Silesian] matka [Slovak] matka [Catalan] mare [Portuguese] madeira [Latin] mater [English] maternal [Slovak] mať [Cebuano] madre [Italian] madre [Old Portuguese] madre [Portuguese] madre [Spanish] madre [Danish] mor [Norwegian Bokmål] mor [Swedish] mor [Danish] materiel [Swedish] materiel [Ido] matro [Ukrainian] мати [Limburgish] moder [Middle English] moder [Swedish] moder [English] Madeira [Portuguese] Madeira [German] Mutter [Hunsrik] Mutter [Russian] мать [Sanskrit] मातृ [Faroese] móðir [Icelandic] móðir [Old Norse] móðir [Greek] μητέρα [French] mère [Norman] mère [Old English] modor [Portuguese] mãe [Afrikaans] moeder [Dutch] moeder [Middle Dutch] moeder [Ancient Greek] μήτηρ [Persian] مادر [Northern Kurdish] mak [Serbo-Croatian] mati [Slovene] mati [Old Prussian] mūti [Old Armenian] մայր [Hindi] माँ [Scottish Gaelic] màthair [Kholosi] mān [Irish] máthair [Danish] materiale [Bulgarian] майка [Ancient Greek] Μαῖα [Tocharian A] mācar [Tocharian B] mācer [Polabian] motai [Lower Sorbian] maś [Lithuanian] motė [Lithuanian] motina [Old Polish] mać [Polish] mać [Upper Sorbian] mać [Old Irish] máthir [Latvian] māte [Mycenaean Greek] 𐀔𐀳𐀩 [Old High German] muoter [Old Persian] 𐎶𐎠𐎫𐎠 [Polish] macierz [Portuguese] matriz [Spanish] matriz [Phrygian] ματαρ [Baluchi] مات [Danish] matrone [Ossetian] мад [Tsakonian] μάτη [Portuguese] madrasta [Tajik] модар [Welsh] modryb [Czech] máti [Old Czech] máti [Manx] moir [Breton] moereb [South Picene] 𐌌𐌀𐌕𐌄𐌓𐌄𐌑𐌇 [Old Saxon] modar [Yiddish] מוטער [Luxembourgish] Mudder [Old Dutch] muoder [Vilamovian] mütter [Pashto] مور [Romanian] maică [Norman] méthe [Polish] mutra [Telugu] మాత [Old Portuguese] mãy [Avestan] 𐬨𐬁𐬙𐬀𐬭 [Central Franconian] Motter [Central Franconian] Modder [Gujarati] મા [Faliscan] 𐌌𐌀𐌕𐌄 [Ligurian] moæ [Assamese] মাও [Early Assamese] মাৱ [North Frisian] Mooter [Old Czech] mátě [Latgalian] muote [Kashmiri] मोज,*méh₂tēr,,108,376
[English] brother [Middle English] brother [Kashubian] brat [Polish] brat [Serbo-Croatian] brat [Slovak] brat [Slovene] brat [Indonesian] frater [Latin] frater [English] friar [French] frère [Norman] frère [Northern Kurdish] birader [Northern Kurdish] bira [Belarusian] брат [Bulgarian] брат [Macedonian] брат [Russian] брат [Rusyn] брат [Serbo-Croatian] брат [Ukrainian] брат [Faroese] bróðir [Icelandic] bróðir [Old Norse] bróðir [Ligurian] fræ [Esperanto] frato [Ido] frato [Czech] bratr [Upper Sorbian] bratr [Danish] bror [Norwegian Bokmål] bror [Norwegian Nynorsk] bror [Swedish] bror [German] Bruder [Balkan Romani] phral [Carpathian Romani] phral [Sinte Romani] phral [Vlax Romani] phral [Old Prussian] brāti [Cornish] broder [Danish] broder [Norwegian Bokmål] broder [Norwegian Nynorsk] broder [Swedish] broder [Hindi] भाई [Old Gujarati] भाई [Old Prussian] brote [Middle High German] bruoder [Old High German] bruoder [Welsh Romani] phal [Italian] fratello [Italian] frate [Romanian] frate [Scottish Gaelic] bràthair [Persian] برادر [Middle English] frere [Middle French] frere [Old French] frere [Tocharian A] pracar [Tocharian B] procer [Istro-Romanian] fråte [Lower Sorbian] bratš [Latvian] brālis [Lithuanian] brolis [Sanskrit] भ्रातृ [Ancient Greek] φράτηρ [Gothic] 𐌱𐍂𐍉𐌸𐌰𐍂 [Alemannic German] bruder [Crimean Gothic] bruder [Indonesian] bruder [Old Persian] 𐎲𐎼𐎠𐎫𐎠 [Lydian] 𐤡𐤭𐤠𐤱𐤭𐤳𐤦𐤳 [Breton] breur [Phrygian] βρατερε [Dutch] broeder [Middle Dutch] broeder [Tajik] бародар [Ossetian] ӕрвад [Ossetian] ӕрвадӕ [Punjabi] بھائی [Urdu] بھائی [Welsh] brawd [Irish] deartháir [Manx] braar [Irish] bráthair [Old Irish] bráthair [Pashto] ورور [Assamese] ভাই [Bengali] ভাই [Early Assamese] ভাই [Romansch] frar [Galician] frade [Portuguese] frade [Sardinian] frade [Hindi] भैया [Bakhtiari] برار [Khowar] برار [Mazanderani] برار [Luxembourgish] Brudder [Norman] fréthe [Yiddish] ברודער [Romansch] frer [Franco-Provençal] frâre [Marathi] भाऊ [Old Marathi] भाऊ [Old Saxon] brothar [Avestan] 𐬠𐬭𐬁𐬙𐬀𐬭 [Portuguese] freire [Zazaki] bıra [Limburgish] broor [Kalasha] báya [Pali] bhātar [Catalan] frare [Alemannic German] Brüeder [Old East Slavic] братъ [Gandhari] 𐨧𐨪𐨡 [Punjabi] ਭਰਾ [Bavarian] pruadar [Cimbrian] pruadar [Cimbrian] pruudar [Alemannic German] brueder [Alemannic German] briöder [Mòcheno] pruader [Bavarian] pruider [Bavarian] prueder [Punjabi] ਭਾਈ [Bengali] ভাইয়া [Punjabi] بھرا [Gothic] 𐌱𐍂𐍉𐌸𐍂𐌰𐌷𐌰𐌽𐍃 [Baltic Romani] pšal [Cimbrian] fraar [Latgalian] bruoļs [Norwegian Bokmål] drikkebror [Prakrit] 𑀪𑀸𑀉 [Phalura] bhróo [Kashmiri] بوے [Limburgish] Broër,*bʰréh₂tēr,,137,377
[English] sister [Scots] sister [Polish] siostra [Czech] sestra [Serbo-Croatian] sestra [Slovak] sestra [Slovene] sestra [Finnish] sisar [Norman] soeur [French] sœur [Romansch] sora [Latin] soror [Dutch] zuster [Faroese] systir [Icelandic] systir [Old Norse] systir [Ligurian] seu [Danish] søster [Norwegian Bokmål] søster [Norwegian Nynorsk] søster [English] sorority [Yagnobi] хор [Catalan] sor [Spanish] sor [Afrikaans] suster [Indonesian] suster [Middle Dutch] suster [Middle English] suster [West Frisian] suster [Central Franconian] Schwester [Old English] sweostor [Italian] suora [Scottish Gaelic] piuthar [Persian] خواهر [Italian] sorella [Irish] deirfiúr [Romanian] soră [Bulgarian] сестра [Macedonian] сестра [Old Church Slavonic] сестра [Old East Slavic] сестра [Russian] сестра [Rusyn] сестра [Serbo-Croatian] сестра [Ukrainian] сестра [Norwegian Nynorsk] syster [Swedish] syster [Tocharian B] ṣer [Tocharian A] ṣar [Albanian] vajzë [Belarusian] сястра [Upper Sorbian] sotra [Lower Sorbian] sotša [Sanskrit] स्वसृ [Gothic] 𐍃𐍅𐌹𐍃𐍄𐌰𐍂 [Old High German] swester [Kashubian] sostra [Lithuanian] sesuo [Old Prussian] swestro [Persian] خوهر [Ancient Greek] ἔορ [Old Armenian] քոյր [Ossetian] хо [Ossetian] хуӕрӕ [Welsh] chwaer [Pashto] خور [Manx] shuyr [Old Irish] siur [Baluchi] گوہار [Norman] soeu [Old Saxon] swestar [Crimean Gothic] schwester [Sardinian] sorre [Korean] 시스터 [Irish] siúr [Proto-Norse] ᛊᚹᛖᛊᛏᚨᚱ [Spanish] sororidad [Yola] zister [Gandhari] 𐨯𐨿𐨤𐨯𐨂 [Khowar] اِسپُسار [Cimbrian] sbestar [Cimbrian] sbeistar [Cimbrian] sbéstar [Avestan] 𐬓𐬀𐬢𐬵𐬀𐬭 [Cebuano] sororiti [Prasuni] sūsu [Silesian] szwestra,*swésōr,,87,378
[English] what [Dutch] wat [West Frisian] wat [Icelandic] hvað [Faroese] hvat [Norwegian Bokmål] hva [Danish] hvad [Norwegian Nynorsk] kva [Westrobothnian] hvo [Yiddish] וואָס,*kʷód,,10,379
[English] daughter [Northern Kurdish] dot [Westrobothnian] doter [Czech] dcera [Serbo-Croatian] кћи [Faroese] dóttir [Icelandic] dóttir [Old Norse] dóttir [Danish] datter [Norwegian Bokmål] datter [Dutch] dochter [Norwegian Nynorsk] dotter [Swedish] dotter [Old Polish] cora [Silesian] cera [Slovene] hči [Lithuanian] duktė [Persian] دختر [Mycenaean Greek] 𐀶𐀏𐀳 [Old Church Slavonic] дъщи [Luwian] 𒁺𒌓𒋻𒊑𒄿𒀀𒋾𒅖 [Ancient Greek] θυγάτηρ [Gothic] 𐌳𐌰𐌿𐌷𐍄𐌰𐍂 [Sanskrit] दुहितृ [Old Prussian] duckti [Bulgarian] дъщеря [Tocharian A] ckācar [Macedonian] ќерка [Old Czech] dci [Slovak] dcéra [Old Armenian] դուստր [Greek] θυγατέρα [Tocharian B] tkācer [Lycian] 𐊋𐊂𐊀𐊗𐊕𐊀 [Bactrian] λογδα [Pashto] لور [Oscan] 𐌚𐌖𐌕𐌝𐌓 [Ancient Greek] συγάτηρ [Serbo-Croatian] hći [Afrikaans] dogter [Old Polish] córa [Yiddish] טאָכטער [Belarusian] дачка [Khowar] ژور [Kalasha] čhu [Old Polish] dcóra [Old Polish] dca [Gandhari] 𐨢𐨁𐨡 [Konkani] धूव [Punjabi] ਧੀ [Avestan] 𐬛𐬎𐬔𐬆𐬛𐬀𐬭 [Greek] δυχατέρα [Tsakonian] σάτη [Luwian] 𔐱𔕬𔗬𔑰𔖱 [Old Polish] dcora [Hindi] दुख़्तर [Punjabi] دھی [Old East Slavic] дъчи [ Sogdian ] ܠܘܮܬܐ,*dʰugh₂tḗr,,59,380
[English] son [Norwegian Nynorsk] son [Scots] son [Swedish] son [Serbo-Croatian] sin [Slovene] sin [Czech] syn [Lower Sorbian] syn [Polish] syn [Slovak] syn [Upper Sorbian] syn [Sanskrit] सूनु [Middle Dutch] sone [Middle English] sone [Belarusian] сын [Russian] сын [Rusyn] сын [Bulgarian] син [Macedonian] син [Serbo-Croatian] син [Ukrainian] син [Faroese] sonur [Icelandic] sonur [Old English] sunu [Old High German] sunu [Old Saxon] sunu [Norwegian Bokmål] sønn [Dutch] zoon [Limburgish] zoon [German] Sohn [Old Norse] sonr [Old Church Slavonic] сꙑнъ [Danish] søn [Gothic] 𐍃𐌿𐌽𐌿𐍃 [Afrikaans] seun [Yiddish] זון [West Frisian] soan [Albanian] çun [Old Ruthenian] сынъ [West Flemish] zeune [Westrobothnian] sahn [Pennsylvania German] Soh [Old Norse] sunr,*suHnús,,43,381
[English] son [Sanskrit] सूनु [Welsh] syfi,*sewH-,,3,382
[Afrikaans] son [Sranan Tongo] son [Dutch] zon [West Frisian] sinne [West Flemish] zunne [Zealandic] zunne,*sh₂un-,,6,383
[Catalan] son [Welsh] hun [Portuguese] sono [Italian] sogno [English] somnolent [Spanish] sueño [French] sommeil [Old English] swefn [Icelandic] svefn [Old Norse] svefn [Latin] somnus [English] somnolence [Urdu] سوپن [Sanskrit] स्वप्न [Italian] sonno [Scottish Gaelic] suain [Irish] suan [Hindi] सपना [Maithili] सपना [Nepali] सपना [Faroese] svøvnur [Greek] ύπνος [Pali] soppa [Romanian] somn [Danish] søvn [Northern Kurdish] xew [Lithuanian] sapnas [Italian] sonnolenza [Italian] sonnolento [Latvian] sapnis [English] sweven [Middle English] sweven [Sicilian] sonnu [Old Irish] súan [Northern Kurdish] xewn [Portuguese] sonolência [Old Gujarati] सुमिणउं [Norwegian Nynorsk] svevn [Avestan] 𐬓𐬀𐬟𐬆𐬥𐬀 [Maithili] 𑒮𑒣𑒢𑒰 [Avestan] 𐬓𐬀𐬟𐬥𐬀 [Assamese] সপোন [Tocharian B] ṣpane [Urdu] سپنا [Assamese] সপান [Old Spanish] suenno [Norwegian Nynorsk] svebn [Norwegian Nynorsk] svemn [Norwegian Nynorsk] svømn [Norwegian Nynorsk] sømn,*swépnos,,50,384
[French] son [Spanish] su [Catalan] sou [Italian] suo [Latin] suus [Catalan] seu [Ligurian] seu [Portuguese] seu [Romanian] său [Sassarese] sóiu,*sewos,,10,385
[English] nephew [Breton] ni [German] Neffe [Italian] nipote [English] neve [Middle Dutch] neve [Albanian] nip [Irish] nia [Old Irish] nia [Latin] nepos [Old English] nefa [Portuguese] nepotismo [French] neveu [Dutch] neef [Welsh] nai [Old Persian] 𐎴𐎱𐎠 [Sanskrit] नप्तृ [Ancient Greek] ἀνεψιός [Sanskrit] नपात् [Finnish] nepaa [Swedish] nevö [Romanian] nepot [Catalan] nebot [Primitive Irish] ᚅᚔᚑᚈᚈᚐ [Albanian] mbesë [Norman] n'veu [English] nepoticide [Hindi] नाती [Kalasha] nawáw [Konkani] नाथु [Marathi] नातू [Gandhari] 𐨣𐨟𐨪,*népōts,,32,386
[English] child [Sanskrit] जर्तु,*ǵelt-,,2,387
[English] niece [Spanish] tataranieto [Irish] neacht [English] nift [Old English] nift [Latin] neptis [Norman] nièche [Welsh] nith,*néptih₂,,8,388
[English] right [Dutch] recht [Afrikaans] reg [Danish] ret [Spanish] recto [Icelandic] réttur [Catalan] recte [Swedish] rätt [Old Norse] réttr [Swedish] rät [West Frisian] rjocht [Latin] rectus [Faroese] rættur [Persian] راست [Italian] retto [Norwegian Bokmål] rett [Alemannic German] Rëcht [Ancient Greek] ὀρεκτός [Norwegian Bokmål] abandonrett,*h₃reǵtós,,19,389
[English] lukewarm [Icelandic] hlýr [Old Norse] hlýr [Faroese] lýggjur [English] lew [Danish] lunken,*ḱal(w)e-,,6,390
[English] car [English] chore [English] char [Old English] cierran [Russian] крюк [Old Norse] kjarr [German] kehren [English] chare [Old Saxon] kerian [Ladin] ghernea,*gers-,,10,391
[Irish] car [English] cherish [English] caress [Welsh] caru [Old Norse] kærr [Romani] kamel [Old Irish] caraid [Persian] کام [French] charité [Old Norse] hór [Swedish] kär [Sanskrit] कामना [Middle Persian] kʾtk' [Breton] karout [Latvian] kārs [Old Norse] hórr [Old Norse] kærligr [Tocharian B] aṅkāre [Sanskrit] कम्,*keh₂-,,19,392
[English] bee [Latvian] bite [Danish] bi [Old English] beo [English] sphexish [Lithuanian] bitė [Old Irish] bech [Old Norse] bý [Ancient Greek] σφήξ [Latvian] bīties [Gaulish] bekos,*bʰey-,,11,393
[English] warm [Dutch] warm [Northern Kurdish] germ [Zazaki] germ [Ukrainian] горілка [English] thermal [English] gore [Swedish] göra [Danish] varm [Norwegian Bokmål] varm [Swedish] varm [Faroese] gor [Old English] gor [Old Norse] gor [Westrobothnian] gor [Old Norse] varmr [English] Jarrow [Hindi] गर्म [Persian] گرم [Icelandic] gormur [Lithuanian] geras [Russian] греть [Icelandic] varmur [Ancient Greek] θερμός [Greek] θερμός [Indonesian] termos [Middle Irish] grís [Portuguese] térmico [Spanish] térmico [Old Irish] grían [West Frisian] waarm [Assamese] ঘামা [Bengali] ঘামা [Assamese] ঘাম [Bengali] ঘাম [Irish] geir [Pashto] ګرمي [Albanian] ngroh [Dutch] goor [Galician] goro [Lower Sorbian] górki [Swedish] gör- [Old Irish] fogeir [Old Prussian] gorme [Assamese] ঘমা [Gujarati] ગરમ [Assamese] ঘিণ [Welsh] gwâr [Indonesian] termae [Tat] gərm [Magahi] 𑂐𑂰𑂧 [Ukrainian] гріти,*gʷʰer-,,52,394
[English] warm [English] wear [English] prosaic [Latin] viverra [English] -er [English] ward [English] ward [English] ward [Finnish] vara [English] garnish [English] reward [Indonesian] garda [English] reverence [English] warn [English] weir [English] ware [English] garage [Serbo-Croatian] veverica [Slovak] veverica [Slovene] veverica [English] -rama [English] -orama [Faroese] orð [Icelandic] orð [Irish] barda [Swedish] orm [Catalan] guardar [Portuguese] guardar [Romansch] guardar [Spanish] guardar [German] reißen [German] Warte [Polish] wara [English] guaranty [Faroese] íkorni [Icelandic] íkorni [Old Norse] íkorni [Danish] egern [Czech] vařit [Old English] wrigian [French] garer [French] guérir [Faroese] vørr [Ancient Greek] οὖρος [Russian] верёвка [Norwegian Bokmål] vern [Ancient Greek] ὤρα [Czech] vaření [Ancient Greek] ὁράω [Sanskrit] वृणोति [Swedish] ekorre [Russian] варить [English] varenyky [Greek] βάρδια [Swedish] vård [French] garenne [Cebuano] garahe [Latin] vereor [Norwegian Bokmål] ekorn [Norwegian Nynorsk] ekorn [Romanian] veveriță [Old Armenian] վերմակ [Old English] -weard [Swedish] värja [Sanskrit] वर [Indonesian] gardu [Serbo-Croatian] variti [Latin] varus [Danish] vrang [Serbo-Croatian] варити [Ukrainian] варити [Latin] veretrum [English] warkand [Old Irish] cóir [English] forwarn [Hittite] 𒉿𒊏𒀀𒉌 [Hittite] 𒉿𒅈𒉡𒊻𒍣 [Old English] weler [Welsh] gwiwer [Persian] گر [Albanian] vërej [Malay] garaj [Sanskrit] वृ [Lithuanian] virti [Albanian] urdhë [Lower Sorbian] wariś [Macedonian] верверица [Latvian] vērt [Latvian] vērt [Polish] warzyć [English] wargus [English] warry [Yiddish] רײַסן [Bakhtiari] ویر [Persian] برم [Macedonian] верверичка [Lower Sorbian] njewjericka [Middle Irish] feraid [Old Irish] feraid [Indonesian] garasi [Latvian] virst [Ancient Greek] ἐρύω [Polish] warzenie [Indonesian] garansi [Ancient Greek] εἶλαρ [Norwegian Bokmål] abc-vern [Norwegian Bokmål] ABC-vern [Slovak] variť [German] wahrschauen,*wer-,,109,395
[English] fresh [Dutch] vers [Italian] fresco [Portuguese] fresco [Spanish] fresco [Norwegian Bokmål] frisk [Norwegian Nynorsk] frisk [Swedish] frisk [Old Norse] ferskr [German] frisch [Faroese] feskur [French] frais [Norman] frais [Swedish] färsk [Norwegian Bokmål] fersk [Norwegian Nynorsk] fersk [Sicilian] friscu [Swedish] fräsch [Romansch] frestg [Romansch] frais-ch [Romansch] fras-ch [Cebuano] presko [Middle Low German] vrisch [Galician] rexelo,*preysk-,,24,396
[English] fresh [English] frisk [Old English] frician [Polish] pragnąć [English] freke,*preg-,,5,397
[English] quake [Latin] vexo [Old English] cweccan [English] quitch,*gʷog-,,4,398
[English] cold [English] cold [English] cool [English] cloud [English] clean [Swedish] glass [English] gel [Catalan] gel [French] gel [Finnish] kylmä [Old Norse] kala [English] gelato [Italian] gelato [English] gelati [French] glace [English] glacier [English] clout [English] chill [Swedish] kall [Afrikaans] koud [Dutch] koud [Spanish] hielo [English] conglomerate [Faroese] kaldur [Icelandic] kaldur [Latin] globus [Romanian] ger [English] glaciology [Latin] galla [German] Klotz [Latin] gelu [Northern Kurdish] sar [Old English] clænsian [Old Norse] kaldr [German] Kolben [German] kühl [Old High German] kolbo [Italian] gelo [Latin] gelo [Portuguese] gelo [Norwegian Bokmål] kald [Norwegian Nynorsk] kald [English] clop [Italian] ghiaccia [Danish] kold [Portuguese] geada [Catalan] glaç [Occitan] glaç [Dutch] gletsjer [Latin] glacies [English] clough [Middle English] clough [Portuguese] gelar [Portuguese] gelado [Romanian] gheață [Afrikaans] gletser [Indonesian] gletser [Latin] glomus [Latin] glarea [Latin] glisco [Icelandic] klénn [Romanian] ghem [Norman] g'laïr [Norman] g'ler [Sanskrit] शरद [German] klammern [Slovene] hladen [Dutch] kolf [Indonesian] kolf [Old Norse] kólfr [Alemannic German] chlii [Low German] koolt [North Frisian] kölj [Ligurian] giàssa [Italian] ghiomo [Polish] kloc [German Low German] köhl [Ancient Greek] γαγγλίον [Limburgish] kaajd [Occitan] gèl [Sardinian] gheladu [Old English] cloppa,*gel-,,82,399
[English] pimple [English] pap [Latin] papula,*pap-,,3,400
[English] other [Old Frisian] other [Latin] anterior [Ossetian] ӕндӕр [Gothic] 𐌰𐌽𐌸𐌰𐍂 [Lithuanian] antras [Old Prussian] antars [Latgalian] ūtrs,*h₂énteros,,8,401
[English] finger [Norwegian Bokmål] finger [Norwegian Nynorsk] finger [Swedish] finger [Faroese] fingur [Icelandic] fingur [Esperanto] fingro [Old Norse] fingr [Old High German] fingar [Gothic] 𐍆𐌹𐌲𐌲𐍂𐍃,*pénkʷrós,,10,402
[Danish] finger [German] Finger [Middle English] fynger,*penkʷrós,,3,403
[English] flower [Old English] bled [English] blow [Walloon] fleur [Aragonese] flor [Asturian] flor [Catalan] flor [Galician] flor [Old French] flor [Old Occitan] flor [Old Portuguese] flor [Portuguese] flor [Spanish] flor [English] bless [Swedish] blad [Occitan] flour [Romansch] flour [Catalan] blat [Italian] fiore [German] Blume [English] defile [English] effloresce [Romanian] forint [Scottish Gaelic] blàth [Old English] bletsian [French] blé [Galician] chor [Portuguese] chor [Portuguese] baleia [English] florescence [Romanian] floare [Greek] φύλλο [Ancient Greek] φύλλον [Cornish] blejan [Norwegian Bokmål] blomst [Welsh] blodyn [Greek] φάλαινα [Yiddish] בלום [Manx] billey [Manx] blaa [Irish] bláth [Old Irish] bláth [Old English] blostm [Old English] blostma [Cornish] bleujen [Cornish] bleujenn [Welsh] fflŵr [Welsh] blawd [Yiddish] בליִען [English] floriography [Irish] plúr [Romansch] flura [Latin] fullo [Breton] bleuñv [Norman] flieur [Norman] flleur [Old Saxon] bloian [Norman] flieu [Romagnol] fjór [Albanian] bulë [Portuguese] frol [Danish] blomme [English] blead [Galician] billardo [Old Portuguese] balẽa [Neapolitan] sciore [Latin] bladum [Galician] billarda [West Frisian] blêd [Irish] blás [Norwegian Bokmål] abildblomst,*bʰleh₃-,,71,404
[English] thumb [Galician] túmulo [Portuguese] túmulo [Spanish] túmulo,*tūm-,,4,405
[Danish] male [English] millstone [Central Franconian] mole [English] meal [Scottish Gaelic] meal [Danish] mel [English] millet [French] millet [English] mild [Galician] moa [Albanian] mall [English] mellow [English] maelstrom [Norwegian Bokmål] mold [Portuguese] mó [German] malen [Norwegian Bokmål] Molde [Swedish] malm [Spanish] muela [Old English] melu [Ancient Greek] μέλας [Dutch] maal [Latin] milium [Romanian] mei [Swedish] mjöl [Portuguese] milho [Italian] mola [Latin] mola [Luxembourgish] molen [Italian] miglio [Lithuanian] malti [Old Church Slavonic] млатъ [Old Church Slavonic] млѣти [Serbo-Croatian] mljeti [Galician] moer [Spanish] mijo [Polish] malować [Ancient Greek] μύλη [French] meule [Lithuanian] malnos [Icelandic] möl [Serbo-Croatian] мљети [Serbo-Croatian] млети [Serbo-Croatian] mleti [Romanian] moară [Faroese] mjøl [Norwegian Nynorsk] mjøl [English] -meal [Swedish] mölla [Torwali] مل [Dutch] moude [Albanian] fjollë [Old Armenian] մեղեխ [Lower Sorbian] mlaś [Norwegian Bokmål] kamuflasje [Latin] mulleus [Old Norse] Mjǫllnir [Alemannic German] Müli [Westrobothnian] mjäll [Ancient Greek] μελίνη [Indonesian] mala- [Gothic] 𐌼𐌰𐌻𐍉 [Ancient Greek] μολύνω [Tocharian B] mäl- [Old Norse] mǫl [Corsican] migliu [Kashmiri] مَل [Torwali] مَل,*melh₂-,,68,406
[English] habitual [English] doubt [English] aver [Middle English] aver [English] javelin [Neapolitan] avé [Spanish] haber [Portuguese] hei [Irish] gabh [Scottish Gaelic] gabh [Scottish Gaelic] fàg [Latin] habeo [Irish] fág [Old Armenian] կոպ [Old Armenian] գօտի [Latin] gavia [Portuguese] dívida [Old Irish] gabul [Corsican] avè [Old Irish] gaibid,*gʰeh₁bʰ-,,20,407
[English] good [English] good [Norwegian Bokmål] god [Norwegian Nynorsk] god [Old Saxon] god [Swedish] god [English] together [German] gut [English] gather [Latgalian] gods [Belarusian] год [Faroese] góður [Icelandic] góður [English] ungodly [Dutch] goed [West Frisian] goed [Zealandic] goed [Old Norse] góðr [Old Dutch] guot [Old High German] guot [Scots] guid [Old Church Slavonic] годъ [Alemannic German] guet [Old Swedish] goþer [Gothic] 𐌲𐍉𐌸𐍃 [Dutch] goei [Russian] годный [Elfdalian] guoð [Polish] gody [Old English] geador [Vilamovian] güt [Old English] gæd,*gʰedʰ-,,32,408
[English] duck [English] dimple [German] Topf [Icelandic] djúpur [Afrikaans] diep [Dutch] diep [Norwegian Bokmål] djup [Swedish] djup [Swedish] döpa [Ancient Greek] βυθός [Norwegian Bokmål] dyp [Latvian] dobs [Luxembourgish] déif [Spanish] Duero [Vilamovian] töp [Yiddish] טאָפּ [Swedish] doppa,*dʰewb-,,17,409
[English] duck [Swedish] duk [English] dook,*dwōg-,,3,410
[English] hack [English] hock [English] hake [English] háček [Old High German] hako [English] haked [Russian] коготь [Middle English] hoker [English] hachereau [Ossetian] къӕдз,*keg-,,10,411
[Welsh] both [Irish] bod [Scottish Gaelic] bod [Manx] bwoid,*gʷosdʰos,,4,412
[English] very [English] warlock [English] aver [Portuguese] verdade [Old French] verai,*weh₁-,,5,413
[English] jump [Alemannic German] gumpe,*gʷʰemb-,,2,414
[English] wood [English] wide [Old English] wudu [Latin] divido [Irish] fiodh [Scottish Gaelic] fiodh [Latin] vito [Scottish Gaelic] Gàidheal [Albanian] vidh [Welsh] Gwyddel [Latgalian] vyds,*h₁weydʰh₁-,,11,415
[English] learn [English] list [English] list [English] less [Old English] læs [Old Dutch] lesken [Gothic] 𐌻𐌰𐌹𐍃𐍄𐍃,*leys-,,7,416
[English] cyan [English] whine [English] whinge [Faroese] hvína [Icelandic] hvína [Ancient Greek] κύανος [Yiddish] ציאַן,*ḱwey-,,7,417
[English] cream [Faroese] krem [Latin] cramum [Welsh] cramen [Indonesian] krim,*(s)krama-,,5,418
[English] navy [Latin] navis [Italian] nave [Portuguese] nave [Spanish] nave [English] navicular [Portuguese] navicular [French] nef [English] navigate [Norman] nagi [Sanskrit] नौ [Mazanderani] نو [Portuguese] aeronave [Catalan] nau [Old Irish] nó [Irish] nae [Portuguese] navio [Greek] ναυς [Ancient Greek] ναῦς [Romanian] naie [Old Armenian] նաւ [Ossetian] нау [Persian] ناو [Hindi] नाव [Marathi] नाव [Old Spanish] naue [Galician] Navia [Assamese] নাও [Bengali] নাও,*néh₂us,,29,419
[English] rat [English] rat [English] rash [English] raze [Swedish] råtta [Icelandic] rotta [English] rostrum [Latin] rostrum [Latin] radula [Latin] rastrum [Latin] rallum,*reh₁d-,,11,420
[Middle Dutch] rat [Middle Dutch] rat [Dutch] rad [Dutch] rad [Irish] rith [Catalan] roda [Galician] roda [Indonesian] roda [Portuguese] roda [German] Rad [French] roue [Estonian] ratas [Finnish] ratas [Karelian] ratas [Lithuanian] ratas [Italian] ruota [Scottish Gaelic] ruith [Spanish] rueda [Hindi] रथ [Welsh] -red [Galician] rosca [Portuguese] rosca [Spanish] rosca [Welsh] rhod [Romanian] roată [Middle Welsh] redec [Welsh] rhedeg [Manx] roie [Irish] tóir [Lombard] ròda [Old Irish] reithid [Hindi] राह [Southeastern Tepehuan] roiꞌn [Lombard] reuda [Old Irish] comthururas [Romani] rròta,*Hret-,,36,421
[English] room [German] Raum [Old Irish] róe [Gothic] 𐍂𐌿𐌼,*rewh₁-,,4,422
[Polish] pupa [Latin] puppis,*pu,,2,423
[English] tan [German] Tanne [Vilamovian] tonn,*dʰonu,,3,424
[Middle Irish] tan [Old Irish] tan [Welsh] tan [Welsh] dan,*tn̥néh₂,,4,425
[English] hut [Plautdietsch] Kot [German] Hütte [Russian] скитаться [Old English] scyan [Old English] scyan,*(s)kewt-,,6,426
[Albanian] hut [Albanian] hutoj,*h₂ewt-,,2,427
[English] hobby [English] hop [Swedish] hoppa [Old English] hoppian,*kewb-,,4,428
[English] tide [German] Zeit [Albanian] ditë [Polabian] taid [Yiddish] צײַט [Middle English] tyde [Low German] Tied [Central Franconian] Zeck,*déh₂itis,,8,429
[English] olive [Marshallese] wōil [Marshallese] weiļ,*loiwom,,3,430
[English] sill [English] sale [English] sylvan [English] slip [Indonesian] slip [Latin] silva [Latvian] sala [Polish] sala [Spanish] sala [English] insult [Spanish] salir [French] salle [Middle French] salle [Norman] salle [Portuguese] sair [German] Saal [English] slink [English] salon [French] salon [Indonesian] salon [Polish] salon [Catalan] selva [Italian] selva [Portuguese] selva [Spanish] selva [Old English] sele [Old English] syll [English] seel [English] seel [Ancient Greek] ὕλη [Latin] soleo [Old Church Slavonic] село [Russian] село [Latin] salio [Latin] saliens [Romanian] Siret [Latin] exsul [French] saillir [Romanian] sări [Khmer] សាលា [English] forsling [Latin] solamen [Polish] sioło [Galician] seimeira [Hungarian] Szeret,*sel-,,45,431
[English] pen [English] pin [Dutch] pin [Indonesian] pin [Polish] pin [Galician] pino [Old English] pintel [Swedish] pinne [English] pintle [Icelandic] pinni,*bend-,,10,432
[English] pen [West Frisian] fear [English] feather [German] Feder [Indonesian] per [Italian] penna [Latin] penna [Sassarese] penna [Dutch] veer [Galician] pena [Indonesian] pena [Portuguese] pena [Latin] pinna [Icelandic] fjöður [Middle English] feþer [Old English] feþer [French] penne [Middle English] penne [Swedish] fjäder [Spanish] peña [Dutch] veder [Old Norse] fjǫðr [Old High German] fedara [Ancient Greek] πτερόν [Norwegian Bokmål] fjær [Faroese] fjøður [Romanian] pană [Welsh] adar [Polish] pióro [Breton] evn [Greek] φτερό [Cornish] edhen [Norwegian Bokmål] fjør [Norwegian Nynorsk] fjør [German Low German] Fedder [Pennsylvania German] Fedder [Welsh] edn [Faroese] pennur [Lower Sorbian] pjero,*péth₂r̥,,39,433
[English] chain [English] castle [Latin] casa [Portuguese] casa [Latin] catena [Norman] chaîne [Latin] cassis [Latin] caterva [Marshallese] jeen [Norman] choïne [Cebuano] kadena,*kat-,,11,434
[English] ultramarine [English] remember [English] murder [Cebuano] murder [Walloon] mori [French] mourir [English] morbidity [Italian] morire [Romanian] muri [Aromanian] mor [Czech] mor [Polish] mór [Catalan] morir [Franco-Provençal] morir [Ladin] morir [Occitan] morir [Old French] morir [Old Occitan] morir [Spanish] morir [Venetian] morir [English] morbid [Danish] morder [Latin] merus [Westrobothnian] meel [Asturian] morrer [Galician] morrer [Portuguese] morrer [Danish] mord [Czech] umřít [Northern Kurdish] mirin [Afrikaans] moord [Dutch] moord [English] marline [Persian] مردن [Latin] morior [Bulgarian] кошмар [Macedonian] кошмар [Russian] кошмар [Serbo-Croatian] кошмар [Ukrainian] кошмар [Old Church Slavonic] оумьрѣти [Romansch] murir [Serbo-Croatian] мора [Old Persian] 𐎶𐎼𐎫𐎡𐎹 [Latin] morbus [Lithuanian] mirti [Serbo-Croatian] košmar [Polish] umierać [English] Mara [Ancient Greek] μαρμαίρω [Sanskrit] मृत्यु [Latin] mortarium [Dutch] mijmeren [Bulgarian] мра [Hindi] मरना [Ancient Greek] μάρμαρος [English] mammer [Sicilian] muriri [Dalmatian] morer [Armenian] մարի [Middle Armenian] մարի [Old Armenian] մարի [Russian] умереть [Serbo-Croatian] мрети [Serbo-Croatian] mreti [Slovene] mreti [Old English] myrþra [Slovak] umrieť [Neapolitan] murì [Latvian] mirt [English] murth [Norman] mouorir [Sanskrit] मरति [Norman] mouothi [Romansch] mureir [Lower Sorbian] wumrěś [Albanian] mërshë [Friulian] murî [Lower Sorbian] mrěś [Russian] мереть [Czech] mořit [Lydian] 𐤪𐤠𐤭𐤦𐤥𐤣𐤠 [Nepali] मर्नु [Sanskrit] मर्य [Pali] maccu [Rusyn] умерати [German Low German] Moord [Sanskrit] मृ [Ancient Greek] μαρτιχόρας [Old Church Slavonic] оумирати [Avestan] 𐬨𐬆𐬭𐬆𐬚𐬌𐬌𐬎 [Ancient Greek] μαρασμός,*mer-,,92,435
[English] mosquito [Westrobothnian] mus [German] Moskito [Dutch] muskiet [Irish] muiscít,*mūs-,,5,436
[North Frisian] hi [Middle English] hire [Middle English] hire [Latin] cis [English] harass [Latin] cedo [Old Irish] cen [Latin] huc [Latin] -ce [English] citerior [Ancient Greek] σήμερον,*ḱe,,11,437
[Norman] civil [English] city [English] hide [Latin] civis [Swedish] hy [Ancient Greek] κοίτη [Welsh] digwydd [Sanskrit] शिव [Italian] sica [Latin] sica [Ancient Greek] κινέω [Latin] cieo [German] Heia [Pali] seti [English] hewe [Ancient Greek] κοιμάω [Old Irish] ciid [Albanian] qoj [Albanian] ndërsej [Albanian] cys [Norman] citouoyen [Russian] цитировать [Sanskrit] च्यवते [Ancient Greek] κίω [Old English] hiwian [Latgalian] sīva [Ligurian] çittæ [Ossetian] цӕуын [Sassarese] ziddai,*ḱey-,,29,438
[Italian] carne [Portuguese] carne [Romanian] carne [Sardinian] carne [Spanish] carne [English] card [English] curve [English] shear [English] shrew [English] short [Old Irish] cor [English] share [English] share [English] screed [English] score [Latin] cancer [French] crêpe [English] shrine [English] scare [Irish] scar [English] arrange [English] scorn [English] corgi [English] corona [Latin] corona [English] crux [Latin] crux [English] crucial [English] scrimp [English] shred [English] shred [English] scurf [English] cirque [English] screen [Latin] scrotum [English] carcinoma [Galician] curvo [Italian] curvo [Italian] corto [Spanish] corto [English] chancellor [Aragonese] cruz [Galician] cruz [Old Portuguese] cruz [Portuguese] cruz [English] incarnadine [English] circus [Latin] corium [Dutch] scheren [German] scheren [Middle Dutch] scheren [English] shard [English] ruck [Old Norse] skrá [Faroese] skera [Icelandic] skera [Old Frisian] skera [Old Norse] skera [Latin] cortina [English] raffle [English] coronavirus [Ancient Greek] χρόνος [French] escrimer [German] Schrank [Hunsrik] Schrank [Czech] krát [Lithuanian] kirvis [Old English] scieran [Old High German] scaro [Old English] scear [Welsh] croen [Portuguese] curto [Swedish] skära [Hindi] चमड़ा [Italian] crespo [Spanish] crespo [Old Norse] sker [Latin] crinis [Latin] scortum [Russian] кора [English] scut [Latin] cunnus [Czech] krk [Slovak] krk [Latin] crista [Faroese] ryggur [Ancient Greek] κορμός [Italian] schiera [Russian] шкура [Indonesian] korona [Ancient Greek] Σκύλλα [Slovak] kôra [Upper Sorbian] skora [Sanskrit] चर्मन् [Polish] skóra [Norwegian Bokmål] skjære [Kashubian] kóra [Lower Sorbian] škóra [French] escarmouche [Ancient Greek] κόραξ [English] frounce [English] carceral [Czech] čára [Ancient Greek] σκορπίος [Ancient Greek] κορώνη [Scottish Gaelic] iuchair [Ancient Greek] κρίκος [Greek] κρίκος [French] biais [Ancient Greek] κουρά [Persian] خرچنگ [Irish] eochair [Old Irish] eochair [Latin] scrinium [Norwegian Nynorsk] skjere [Sardinian] carre [Romanian] scurt [Latin] curvus [Latin] cossus [Galician] garabato [Welsh] crych [Sanskrit] कृत् [Latin] scrobis [Old Norse] skrapa [Old Armenian] քերեմ [Old Irish] scaraid [Latin] curculio [Latin] crispus [Irish] corr [Galician] arranxar [Old Saxon] skeran [Norman] crouaix [Norman] kérouaïe [Ancient Greek] κορωνός [Norman] croués [Norman] escarmuche [Latvian] karote [Albanian] hirrë [Albanian] thërras [Old Irish] scuirid [Albanian] shqerr [Sanskrit] कृति [Galician] Cervantes [Chakma] 𑄌𑄟𑄴 [Lithuanian] skirti [Albanian] karsh [Albanian] karthi [Albanian] shkrap [Albanian] gërshërë [Portuguese] franzir [Galician] carballo [Old Irish] foceird [Latin] crumena [Sanskrit] कार्त्तिकेय [Latin] scrapta [Latin] scrautum [Galician] rengue [Ligurian] càrne [Galician] encrucillada [Tocharian B] kertte [Galician] carba [Sanskrit] कृन्तति [Old English] scræf [Ancient Greek] σκάρος [Galician] garabullo [Galician] garabito [Galician] garabizo [Tocharian B] kärst- [Ancient Greek] κόρση [Westrobothnian] röigg [Old English] scorian [Ancient Greek] καρτός [Indonesian] krusial [Cebuano] rapol [Indonesian] langsir [Old English] screadian [Latvian] šķirt [Sanskrit] कर्तनी [Welsh] rhych [Old English] screawa [Old Armenian] քարբ [Welsh] ysgaru [Estonian] ekraan [Magahi] 𑂒𑂰𑂧 [Sudovian] tirtis [Sanskrit] कर्तति [Irish] crá [Polish] szermować [Tocharian A] kärṣt- [Lithuanian] kirpti,*(s)ker-,,190,439
[English] grape [English] crappo [Marshallese] kūreep,*greb-,,3,440
[Indonesian] om [Spanish] abuelo [Latin] avus [Esperanto] avo [Italian] avo [Irish] altra [English] eam [Portuguese] avô [Polish] wuj [Old Armenian] հաւ [Irish] uncail [Scottish Gaelic] uncail [Gothic] 𐌰𐍅𐍉 [Old Prussian] awis [Hittite] 𒄷𒄴𒄩𒀸 [Welsh] ewythr [Old Irish] amnair [Romanian] auș [Lithuanian] avynas [Tocharian B] āwe [Lydian] 𐤨𐤰𐤨𐤠𐤮,*h₂éwh₂os,,21,441
[Old Irish] om [Latin] amarus [Sanskrit] आम [Persian] خام [Spanish] amargo [Old Armenian] հում [Pashto] اوم [Central Kurdish] خاو [Ossetian] хом,*h₂eh₃mós,,9,442
[English] hazel [Latin] corylus,*kóslos,,2,443
[English] rice [English] rese,*(s)kreys-,,2,444
[English] semaphore [English] aposematism,*dʰyeh₂-,,2,445
[Albanian] abolla [English] bosom [Polish] buta [Persian] بودن [Sanskrit] अभवत् [Old English] ætbeon,*bʰewH-,,6,446
[English] pamphlet [Old English] bile- [English] philopolemic,*bʰil-,,3,447
[Old Irish] ag [Danish] aktuel [Old Armenian] եզն [Sanskrit] अही,*h₂eǵʰ-,,4,448
[English] dub [Old Irish] dub [English] dove [Breton] du [Cornish] du [Welsh] du [Norwegian Bokmål] due [Norwegian Bokmål] due [Manx] doo [Scottish Gaelic] toit [English] daff [English] deaf [English] butt [English] duff [Swedish] dop [Danish] dum [Norwegian Bokmål] dum [Norwegian Nynorsk] dum [Swedish] dum [Irish] dubh [Scottish Gaelic] dubh [English] dumb [English] dumb [German] dumm [German Low German] dumm [German] taub [German] tief [Dutch] doof [Icelandic] daufur [Dutch] dof [Danish] duft [Ancient Greek] τυφλός [Old Irish] domun [Swedish] döv [Old Norse] dofinn [Albanian] dudum [Danish] døv [Norwegian Bokmål] døv [Norwegian Nynorsk] døv [Latin] Tiberis [Middle English] dumben [Faroese] deyvur [Polish] dziupla [Gothic] 𐌳𐌰𐌿𐍆𐍃 [Macedonian] дубак [Latin] Dubis [Scottish Gaelic] sgian-dubh [Czech] Debř [Czech] debř [Lithuanian] dumblas [English] sgian dubh,*dʰewbʰ-,,51,449
[Serbo-Croatian] dub [Serbo-Croatian] дуб [Ukrainian] дуб [Macedonian] даб,*dʰanw-,,4,450
[Breton] del [Albanian] dal [Welsh] dail [Middle Irish] duille [Ancient Greek] θάλλω [Old Armenian] դեղ [Middle English] dile [Irish] duileasc [Ancient Greek] θαλερός [Ancient Greek] θαλλός,*dʰelh₁-,,10,451
[Latin] alo [Norwegian Nynorsk] ala [Old Norse] ala [Old Irish] ailid [Latin] Altinum,*h₂életi,,5,452
[Dutch] wij [Hunsrik] meer [West Frisian] wy,*wéy-,,3,453
[West Frisian] wei [Serbo-Croatian] voz [Slovak] voz [English] weight [French] vague [English] way [English] via [English] via [Afrikaans] weg [Dutch] weg [Old Saxon] weg [English] wave [English] wey [Old Saxon] wig [Norwegian Bokmål] Norge [English] waw [English] waw [English] vogue [French] vogue [German] Weg [Pennsylvania German] Weg [Latin] vomer [Russian] воз [Serbo-Croatian] воз [Latin] velox [Latin] vena [Faroese] vegur [Icelandic] vegur [German] bewegen [Swedish] vagn [Old Norse] vegr [Swedish] väg [Old English] wegan [Polish] waga [Danish] vogn [Old Irish] fén [Norwegian Bokmål] vei [Czech] vůz [Old Irish] fecht [Old Church Slavonic] возъ [Ancient Greek] ὄχλος [Italian] vogare [Sanskrit] वहति [Welsh] gwaith [Danish] vej [Old Armenian] վազեմ [Russian] везти [Sanskrit] वह् [Breton] gwezh [Yiddish] וועגן [Faroese] vagnur [Ukrainian] віз [Lower Sorbian] wjasć [Lower Sorbian] wózyś [Old Georgian] გზაჲ [German] Woge [German] Woge [Central Franconian] Wääch [Norwegian Bokmål] bomvei [English] widge [Ancient Greek] ὄχεα [Assamese] বোৱা [Ancient Greek] ὤγανον [Indonesian] wahana [Norwegian Bokmål] norgesvenn [Norwegian Bokmål] bomveg [Lithuanian] vežimas [Lithuanian] važiuoti [Sanskrit] ऊढि,*weǵʰ-,,69,454
[Portuguese] al [Czech] ale [Lower Sorbian] ale [Polish] ale [Upper Sorbian] ale [Danish] eller [Norwegian Bokmål] eller [Norwegian Nynorsk] eller [Swedish] eller [English] allo- [Indonesian] alo- [Swedish] eljest [Gothic] 𐌰𐌻𐌾𐌹𐍃 [Silesian] nale [Middle Welsh] arall [Welsh] arall [Welsh] llall,*ályos,,17,455
[Manx] haar [Irish] ár [Scottish Gaelic] àr,*h₂eǵro-,,3,456
[English] god [Dutch] god [Middle English] god [Old Saxon] god [West Frisian] god [Old Dutch] got [Old High German] got [Icelandic] guð [Old Norse] guð [Norwegian Bokmål] gud [Norwegian Nynorsk] gud [Swedish] gud [German] Gott [Hunsrik] Gott [Ancient Greek] χυτός [Old Norse] goð [Gothic] 𐌲𐌿𐌸 [Sanskrit] हुत [Norwegian Bokmål] Gudbrandsdalen,*ǵʰutós,,19,457
[English] god [Ancient Greek] Γέτης [Old Church Slavonic] зъвати [Albanian] zulë [Ancient Greek] καυχάομαι [Sanskrit] हवते [Konkani] आपव्चे [Sanskrit] ह्वयति [Sanskrit] हव्य,*ǵʰewH-,,9,458
[Spanish] beso [English] buss [Catalan] bes [Latin] basium [Persian] بوسیدن [Portuguese] beijo [Ladino] bezo,*bu,,7,459
[Northern Kurdish] ba [Afrikaans] wind [Dutch] wind [Latin] ventus [Catalan] vent [French] vent [Italian] vento [Portuguese] vento [Tat] var [Spanish] viento [Old Irish] fet [Faroese] vindur [Icelandic] vindur [Sardinian] bentu [Danish] vind [Norwegian Bokmål] vind [Norwegian Nynorsk] vind [Swedish] vind [Old Norse] vindr [Persian] باد [Gothic] 𐍅𐌹𐌽𐌳𐍃 [Sanskrit] वात [Romanian] vânt [Welsh] gwynt [Yiddish] ווינט [Assamese] বা [Breton] gwent [Baluchi] گوات [Tocharian B] yente [Ligurian] vénto [Hittite] 𒄷𒌋𒉿𒀭𒍝 [Bengali] বাত [Pashto] وو,*h₂wéh₁n̥ts,,33,460
[Latin] familia [Norwegian Bokmål] familie [Norwegian Bokmål] abborfamilien,*dʰh₁-m-eló-m,,3,461
[English] gripe [Norwegian Bokmål] gripe [English] grippe [German] Grippe [French] gripper [Norwegian Nynorsk] gripa [Swedish] gripa [German] greifen [Icelandic] grípa [Dutch] grijpen [Dutch] griep [Polish] grypa [Danish] gribe [Alemannic German] Grippi,*gʰreyb-,,14,462
[Portuguese] voz [Spanish] voz [English] voice [Italian] voce [Romanian] voce [French] voix [Latin] vox [Persian] آواز [Gujarati] અવાજ [Hindi] आवाज़ [Ladino] boz [Sardinian] boxi [Tocharian B] wek [Albanian] ves [Sanskrit] वाच् [Catalan] veu [Romanian] boace [Middle English] voys [Ligurian] voxe [Ancient Greek] ὄψ [Norman] vouaix [Albanian] vohë [Assamese] আৱাজ,*wṓkʷs,,23,463
[Afrikaans] kind [Dutch] kind,*ǵenh₁tóm,,2,464
[Danish] kind [Swedish] kind [Icelandic] kinn [Old Norse] kinn [German] Kinn [Latin] gena [Ancient Greek] γένυς [Old Armenian] ծնօտ [Tocharian A] śanwem,*ǵénu-,,9,465
[Old Saxon] kind [English] natal [Sanskrit] ज [Latin] genus [Spanish] nadie [Old Frisian] ken [Serbo-Croatian] zet [Slovene] zet [Latin] -genus [French] naître [Old English] cyning [English] puisne [Italian] nascere [Latin] genius [English] puny [English] engineer [Irish] gin [Scottish Gaelic] gin [Albanian] Gent [German] Kind [German Low German] Kind [Hunsrik] Kind [English] gingerly [Old Portuguese] nacer [Spanish] nacer [Faroese] kyn [Icelandic] kyn [Old Irish] ingen [Dutch] kunne [Portuguese] germe [English] impregnable [Persian] آزاد [Russian] зять [Swedish] kön [Bulgarian] зет [Serbo-Croatian] зет [Persian] فرزند [Welsh] geni [Portuguese] germano [Romanian] naște [Old Church Slavonic] зѧть [Polish] zięć [Czech] zeť [Catalan] néixer [English] Ignatius [Sanskrit] जाया [Norman] genti [Latin] nascor [Gilaki] زه [Spanish] preñar [Scottish Gaelic] gnìomh [Old English] cyne- [Irish] gníomh [Old Irish] gním [Old Irish] gníid [Old Irish] gein [Occitan] nàisser [English] gemmule [French] gemmule [Ancient Greek] γέννα [English] alkin [Portuguese] nascer [Old Irish] aicned [Irish] gnó [Irish] gné [English] kine- [Old Irish] Cóemgen [Irish] -gin [Gothic] 𐌺𐌿𐌽𐌹 [Sanskrit] जनक [Sanskrit] जननी [Slovak] zať [Norwegian Bokmål] kjønn [Middle Persian] 𐫀𐫉𐫗 [Alemannic German] Chind [Pashto] زېږېدل [English] kinchin [Sanskrit] जनता [Latin] -gnus [Estonian] sündima [Sanskrit] जन् [Turkish] zade [Persian] زاییدن [Persian] زادن [Sanskrit] जायते [Sanskrit] जन्तु [Westrobothnian] tjön [Alemannic German] Künig [Assamese] জগা [Sanskrit] जेन्य [Sanskrit] जनू [Sanskrit] जनयति [Ancient Greek] γενέτα [Bengali] আজাদ [Gothic] 𐌲𐌰𐌺𐌿𐌽𐌸𐍃 [Bengali] ফরজন্দ [Urdu] جنتا,*ǵenh₁-,,97,466
[Swedish] bad [English] bath [English] bathe [Faroese] baða [Icelandic] baða [Cebuano] babat [English] beath [Old English] beþian [Russian] багроветь [German] bähen [Old Swedish] badh,*bʰeh₁-,,11,467
[English] bed [English] bat [Polish] bet [Latin] fodio [Czech] bodat [Lithuanian] besti [Breton] bazh,*bʰedʰh₂-,,7,468
[English] hear [Dutch] horen [Middle Dutch] horen [Icelandic] heyra [Old Norse] heyra [Ancient Greek] ἀκούω [Swedish] höra [English] hearken [Afrikaans] hoor [Faroese] hoyra [Greek] ακούω [Old English] hieran [Danish] høre [Norwegian Bokmål] høre [Norwegian Nynorsk] høyra [Old Saxon] horian [Central Franconian] hüre [Westrobothnian] höir [West Frisian] hearre [Tocharian B] āks- [Jersey Dutch] hôre,*h₂ḱh₂owsyéti,,21,469
[English] listen [Irish] cloth [Old Irish] cloth [English] loud [Dutch] luisteren [Latvian] slava [German] Ludwig [Czech] slyšet [Welsh] clod [Scots] lood [Old English] hlysnan [Polish] słyszeć [Afrikaans] luister [Russian] слушать [Old Church Slavonic] слꙑшати [Irish] clois [Russian] слух [Serbo-Croatian] slišati [Slovene] slišati [Russian] слышать [Lithuanian] klausyti [Latin] Ludovicus [Spanish] cataclismo [Manx] cleaysh [Old Irish] clúas [Latin] clueo [Macedonian] слуша [Welsh] clust [Ancient Greek] κλέω [Russian] слушаться [Russian] слыть [Welsh] clywed [Lower Sorbian] słyšaś [English] Slavi [Latvian] klausīt [Ancient Greek] κλύω [Breton] klevout [Tocharian B] klyaus- [Gothic] 𐌷𐌻𐌿𐍄𐍂𐍃 [Latin] Cluana [Old English] hlosnian [Middle Dutch] luusteren [Sanskrit] श्लोक [Old English] hlyd [Serbo-Croatian] слишати [Kashmiri] ہاوُن [Tocharian A] klyos-,*ḱlew-,,47,470
[English] smile [Danish] smile [English] mirror [Faroese] smíla [Ancient Greek] μεῖδος [Latin] comis [Sanskrit] स्मयते [Ancient Greek] μειδάω [English] mirative [Low German] smielen [Sanskrit] स्मेर [Cebuano] esmayl,*smey-,,12,471
[English] think [English] thought [English] thank [English] thanks [English] dunk [English] tincture [Dutch] denken [German] denken [Low German] denken [Icelandic] þekkja [Old English] þencan [English] tinge [Spanish] teñir [Faroese] teinkja [Italian] tingere [Latin] tingo [French] teindre [Portuguese] tingir [Scots] hink [West Frisian] tinke [Old Saxon] thenkian [Gothic] 𐌸𐌰𐌲𐌺𐌾𐌰𐌽 [Latin] tongeo [Albanian] duket [Yiddish] דענקען [North Frisian] teenk [Galician] tinguir [Catalan] tenyir [Albanian] dukem,*teng-,,29,472
[English] talk [English] tell [English] tall [English] toll [German] Zahl [German] Zoll [Swedish] tull [Swedish] tälja,*dol-,,8,473
[English] sing [English] song [Dutch] zingen [Faroese] syngja [Icelandic] syngja [Norwegian Nynorsk] syngja [German] singen [Danish] synge [Norwegian Bokmål] synge [Swedish] sjunga [Old Dutch] singan [Old English] singan [Old High German] singan [Old Saxon] singan [Yiddish] זינגען [Old Norse] syngva [West Frisian] sjonge [Gothic] 𐍃𐌹𐌲𐌲𐍅𐌰𐌽 [Westrobothnian] sjåong,*sengʷʰ-,,19,474
[English] eye [French] œil [Italian] occhio [Spanish] ojo [Portuguese] olho [Romanian] ochi [Catalan] ull [Old Portuguese] ollo [Middle English] yȝe [Latvian] acs [Ligurian] éuggio [Portuguese] óculos [Old Prussian] ackis [Portuguese] óculo [Mozarabic] ולויש [Norman] uû,*h₃okʷ-,,16,475
[Middle English] eye [Middle English] awe [Old Norse] agi [Old English] ege [Ancient Greek] ἄχος,*h₂égʰos,,5,476
[English] so [Corsican] so [Albanian] u [Latin] se [English] sole [Latin] sine [German] sein [Latin] solus [Ido] su [English] swain [Latin] sui [Russian] себя [Old English] swa [Old Norse] sveinn [French] soi [Ancient Greek] ἔθνος [English] desuetude [English] sere [Middle English] sere [Old English] sweotol [English] selfsame [Faroese] seg [Ancient Greek] ὅς [Latin] soleo [Westrobothnian] sä [Faroese] sveinur [Portuguese] seara [Slovak] svoj [Lithuanian] savo [Irish] féin [Old Irish] féin [Latin] sibi [Polish] swój [Czech] svůj [Latin] ve- [Latin] se- [Scots] sae [Persian] خود [English] idioticon [Old Irish] fessin [Ancient Greek] οὗ [Latin] suesco [Persian] خو [Ancient Greek] ἑταῖρος [Galician] senra [English] swadeshi [Ancient Greek] σφεῖς [Ancient Greek] ἑκάς [Ancient Greek] ἕ [Avestan] 𐬓𐬀 [Sanskrit] स्व [Ancient Greek] ἧλιξ [Spanish] serna [Galician] Suevos [English] hetegony [Indonesian] swa- [Marathi] खुद्द [Persian] خویش [Northern Kurdish] xwe [Galician] Suegos [Latin] sed- [Bengali] খোদ [Bengali] খেশ [Bengali] খেশী,*swé,,64,477
[Danish] so [Swedish] so [Danish] svin [Norwegian Bokmål] svin [Swedish] svin [German] Sau [Faroese] svín [Icelandic] svín [Old Norse] svín [Old English] swin [Galician] sopa [Icelandic] sýr [Old Norse] sýr [Faroese] súgv [Polish] świnia [Bulgarian] свиня [Albanian] thi [Jamtish] svýn [Westrobothnian] svyn [Westrobothnian] sūp,*sū-,,20,478
[Serbo-Croatian] so [Serbo-Croatian] со,*seh₂ls,,2,479
[English] cry [French] crier [Old French] crier [German] kreißen [Dutch] krijten [Latin] crido [Middle Dutch] criten [Latin] gingrio,*greyd-,,8,480
[English] tear [English] truck [English] turd [English] try [Welsh] darn [English] tart [English] tarn [Asturian] tirar [Catalan] tirar [French] tirer [German] zart [Lithuanian] dirti [Norwegian Bokmål] tjern [Ancient Greek] δέρω [Latvian] drāna [Norwegian Bokmål] kjønn [Latin] derbita [Old English] tydre [Sanskrit] दॄ [Czech] drť [Westrobothnian] trösu [Greek] δρέπω [Gothic] 𐌳𐌹𐍃𐍄𐌰𐌹𐍂𐌰𐌽 [Gothic] 𐌲𐌰𐍄𐌰𐌹𐍂𐌰𐌽 [Ancient Greek] δῆρις [Persian] دریدن [Old Irish] derucc [Welsh] dyrys [Old Irish] drécht [Sicilian] tirari [Latgalian] dorbs [Gothic] 𐍄𐌰𐍂𐌼𐌾𐌰𐌽,*der-,,32,481
[English] tear [Scottish Gaelic] deur [Latin] lacrima [French] larme [Portuguese] lacrimal [Faroese] tár [Icelandic] tár [Old Norse] tár [Portuguese] lágrima [Spanish] lágrima [Romanian] lacrimă [Catalan] llàgrima [Greek] δάκρυ [Gothic] 𐍄𐌰𐌲𐍂 [Norwegian Nynorsk] tår [Swedish] tår [Venetian] łàgrema [Romanian] lacrămă,*dáḱru-,,18,482
[English] bran [English] bray [Irish] bréan [Manx] breinn [Italian] fragrare [Galician] braña [Welsh] braen [Irish] broim,*bʰreHg-,,8,483
[Breton] bran [Cornish] bran [Irish] bran [Old Irish] bran [Welsh] brân,*werneh₂-,,5,484
[Slovene] bel [Slovak] biely [Lower Sorbian] běły,*bʰēlHs,,3,485
[English] acre [Norwegian Bokmål] acre [Norwegian Nynorsk] acre [Portuguese] acre [Danish] ager [Latin] ager [Galician] agro [Italian] agro [Old English] æcer [Faroese] akur [Icelandic] akur [Middle Dutch] acker [Ancient Greek] ἀγρός [Romanian] agru [German] Acker [Old Norse] akr [Mycenaean Greek] 𐀀𐀒𐀫 [Dutch] akker [Middle English] aker [Old Saxon] akkar [Gothic] 𐌰𐌺𐍂𐍃 [Sanskrit] अज्र [Old Armenian] արտ [Danish] agerhøne [Norwegian Bokmål] åker [Norwegian Nynorsk] åker [Swedish] åker [Galician] agra [Irish] acra [Russian] аграрный [Hindi] एकड़ [Umbrian] 𐌀𐌂𐌄𐌓 [Yola] aager,*h₂éǵros,,33,486
[Portuguese] acre [Italian] agro [Venetian] agro [Albanian] acar [Latin] acer [Spanish] agrio [Romanian] acru [Czech] ostrý [Slovene] oster [Lithuanian] aštrus [Russian] острый [Ancient Greek] ἄκρος [French] aigre [Old French] aigre [Serbo-Croatian] oštar [Polish] ostry [Serbo-Croatian] оштар [Serbo-Croatian] oštro [Old Irish] gér [Oscan] 𐌀𐌊𐌓𐌉 [Greek] άκρη [Lower Sorbian] wótšy [Ancient Greek] ἄκορον [Ancient Greek] ἄκορος [Old Irish] aicher [Irish] aichear [Old Norse] ǫgr [Kashubian] òstri [Sicilian] àguru,*h₂ḱrós,,29,487
[English] sound [Old English] swan [West Frisian] swan [Spanish] sonar [Latin] sono [Italian] suonare [Swedish] svan [Irish] seinn [English] resound [Romanian] suna [German] Schwan [Luxembourgish] Schwan [Old Norse] svanr [Faroese] svanur [Icelandic] svanur [Danish] svane [German Low German] Swaan [Old English] swinn [Lower Sorbian] šwon [Old Irish] seinnid [Sanskrit] स्वनति [Old Polish] wznieć,*swenh₂-,,22,488
[English] sound [Faroese] sund [Icelandic] sund,*swem-,,3,489
[Old English] from [English] perform [English] frame [English] fro [English] furnish [Old Norse] frá [Italian] fornire [English] frim [Catalan] fornir [Old Norse] framr,*promo-,,10,490
[English] read [Lithuanian] rasti [Old English] ræswa [Irish] abair [Scottish Gaelic] abair [Icelandic] ráða [Old Norse] ráða [West Frisian] riede [Albanian] radhë [Old Irish] ráidid [Sanskrit] राद्ध [Sanskrit] राध् [Gothic] 𐍆𐌰𐌿𐍂𐌰𐌲𐌰𐍂𐌴𐌳𐌰𐌽 [Old Norse] ræsir,*Hreh₁dʰ-,,14,491
[French] ver [Latin] vermis [English] worm [Dutch] worm [Middle English] worm [Galician] verme [Italian] verme [Portuguese] verme [German] Wurm [Old English] wyrm [Danish] orm [Norwegian Bokmål] orm [Norwegian Nynorsk] orm [Swedish] orm [Faroese] ormur [Icelandic] ormur [Romanian] vierme [Ancient Greek] ῥόμος [English] vermiculation [Catalan] verm [Old French] verm [Romansch] verm [Romansch] vierm [Romansch] vearm [Old Norse] ormr [Old Portuguese] vermen [Yiddish] וואָרעם [Latin] brigantes [Gothic] 𐍅𐌰𐌿𐍂𐌼𐍃 [Norwegian Bokmål] ormeyngel [Corsican] vermu,*wr̥mis,,31,492
[Galician] ver [Portuguese] ver [Spanish] ver [French] voir [English] idea [Latin] video [English] history [German] Witz [Faroese] vita [Norwegian Nynorsk] vita [English] wit [English] wit [Dutch] wit [Dutch] wijs [English] guide [English] guide [English] wise [Norwegian Bokmål] være [Norwegian Bokmål] vite [English] story [Norwegian Nynorsk] veda [Serbo-Croatian] vest [Latin] visor [English] storey [English] guise [French] guise [Old Portuguese] veer [Latvian] nav [Norwegian Bokmål] vista [Russian] ведение [Faroese] vit [Norwegian Nynorsk] vit [Czech] vidět [English] wite [English] wite [Galician] ídolo [Portuguese] ídolo [Spanish] ídolo [Icelandic] veita [Old Norse] vitni [Irish] inis [English] witter [English] witter [Middle Low German] weten [Ancient Greek] εἴδομαι [Swedish] veta [Catalan] veure [Old English] witt [English] wist [Old Dutch] wis [English] Alvíssmál [Romanian] vedea [Afrikaans] weet [Norwegian Bokmål] viso [Persian] دیدن [Hebrew] היסטוריה [Irish] idé [Norwegian Bokmål] idé [Norwegian Nynorsk] idé [Swedish] idé [Swedish] vetta [Westrobothnian] vetta [Serbo-Croatian] vijest [Mycenaean Greek] 𐀹𐀆 [Ancient Greek] ὁράω [Sanskrit] वेद [Sanskrit] वेत्ति [Persian] بین [Serbo-Croatian] вест [Italian] visore [Danish] revy [Norman] veir [Norwegian Bokmål] a vista [Russian] видение [Serbo-Croatian] вијест [English] iwis [Galician] vidente [Portuguese] vidente [Spanish] vidente [Old Irish] fíad [Old Armenian] գտանեմ [Old Irish] rofinnadar [Old Irish] noídiu [Dutch] gewis [Slovak] vidieť [Welsh] arwydd [Old English] bilewit [Sanskrit] वेदि [Middle English] witen [Gothic] 𐍅𐌹𐍄𐌰𐌽 [Venetian] védar [Norman] vaie [Norman] visibl'ye [Sanskrit] विद् [Yiddish] וויסן [Elfdalian] witå [Hindi] विद्या [Albanian] vizë [Albanian] vizull [Gallo] vér' [Old Irish] toísech [Norwegian Bokmål] a prima vista [Lower Sorbian] wiźeś [Ido] vidar [Welsh] gŵydd [Welsh] gwybod [Pali] vidati [Middle Welsh] arwyd [Swedish] vittja [Breton] gouzout [Cornish] godhvos [Middle Persian] wndʾtn' [Irish] feadair [Old Irish] adfét [Avestan] 𐬬𐬌𐬛 [Norman] veî [Welsh] gwedd [Tocharian B] īme [Rusyn] відїти [Ukrainian] навидіти [Zazaki] vênayene [Tocharian B] ūwe [Assamese] বেজ [Old Irish] doadbat [Norwegian Bokmål] a viso [Old Irish] fíado [Ancient Greek] ἀΐδηλος [Ancient Greek] ἰδανός [Yola] wiethe [Old Irish] ainb [Ukrainian] видіти [Old Church Slavonic] видъ,*weyd-,,132,493
[Icelandic] ver [Irish] fear [Scottish Gaelic] fear [Latin] vir [Manx] fer [Middle Irish] fer [Old Irish] fer [English] were- [Italian] viro [English] wer [Middle English] wer [Old High German] wer [Old Saxon] wer [Faroese] ver- [Galician] brilla [Persian] بیر [Urdu] بیر [Welsh] gŵr [Old Norse] verr [Latvian] vīrs [Samogitian] vīrs [Lithuanian] vyras [Old Prussian] wijrs [Sanskrit] वीर [Gothic] 𐍅𐌰𐌹𐍂 [Ossetian] ир [Portuguese] virtude [Cornish] gwragh [Telugu] వీరుడు [Telugu] వీరము [Middle Welsh] gwr [Avestan] 𐬬𐬍𐬭𐬀 [Telugu] వీర [Ancient Greek] ἱέραξ [Galician] virilla [Latgalian] veirs [Welsh] gwrach [Sudovian] wiros,*wiHrós,,38,494
[Latin] ver [Polish] wiosna [Latvian] vasara [Lithuanian] vasara [Norwegian Nynorsk] vår [English] vernal [Irish] earrach [Scottish Gaelic] earrach [Persian] بهار [Old Persian] 𐎺𐎠𐏃𐎼 [Irish] fáinleog [Welsh] gwanwyn [Scottish Gaelic] ainleag [Old Irish] errach [Cornish] gwaynten [Kalasha] básond [Cornish] gwenton [Manx] arragh [Talysh] әвәсор,*wósr̥,,19,495
[English] draw [English] train [English] withdraw [English] drag [Faroese] draga [Icelandic] draga [Norwegian Nynorsk] draga [Old Norse] draga [Swedish] draga [Westrobothnian] draga [Danish] drage [Old Irish] droch [Ancient Greek] τρέχω [Greek] τρέχω [Indo-Portuguese] trasê [Ancient Greek] τρόχις [Sicilian] tirari,*dʰregʰ-,,17,496
[English] us [Middle English] us,*ne-,,2,497
[Galician] granada [Portuguese] granada [English] grain [French] grain [English] corn [Middle English] corn [Old English] corn [Latin] granum [Danish] korn [Faroese] korn [Icelandic] korn [Norwegian Bokmål] korn [Norwegian Nynorsk] korn [Old Norse] korn [Swedish] korn [Dutch] grein [Catalan] gra [Czech] zrno [Serbo-Croatian] zrno [Slovak] zrno [Latvian] zirnis [Catalan] granja [Portuguese] granja [Spanish] granja [German] Korn [Dutch] koren [Italian] grano [Spanish] grano [Old Church Slavonic] зрьно [Portuguese] granito [Irish] grán [Dalmatian] grun [Polish] ziarno [Russian] зерно [Ukrainian] зерно [Portuguese] grão [Bulgarian] зърно [Lithuanian] žirnis [Latin] glarea [Breton] greun [Cornish] greun [Irish] gráinne [Belarusian] зерне [Scottish Gaelic] gràn [Albanian] grurë [Norwegian Bokmål] kjerne [Norwegian Bokmål] kjerne [Central Franconian] Koon [Gothic] 𐌺𐌰𐌿𐍂𐌽 [Middle English] greyn [Marshallese] ko̧o̧n [Polabian] źornü [Norwegian Bokmål] kjerning [Norwegian Bokmål] kjerne-,*ǵr̥h₂nóm,,54,498
[English] bruit [Old French] bruit [Latin] rumen [Latin] ructus [Ancient Greek] ἐρεύγομαι [Old English] rocettan [Polish] rzygać [Old Armenian] առիւծ [Latin] rugio [Latin] ructo [Ancient Greek] ὠρυγή [Albanian] regj [Latin] erugo [Ancient Greek] ὀρυμαγδός [Persian] آروغ [Silesian] rzigać,*h₁rewg-,,16,499
[Albanian] them [English] censor [Latin] carmen [Persian] پاسخ [English] herry [Welsh] dangos [English] herye [Albanian] rrëfej [Polish] sądzić [Avestan] 𐬯𐬇𐬧𐬖𐬀𐬌𐬙𐬍,*ḱens-,,10,500
[Dutch] talent [Italian] talento [Spanish] talento [Ancient Greek] τάλαντον [Latin] talentum,*tl̥h₂ent-,,5,501
[English] nose [Swedish] nos [Danish] næse [Old High German] nasa [Lithuanian] nosis [Norwegian Bokmål] nese [Swedish] näsa [Latin] nasus [Icelandic] nös [Faroese] nøs [Sicilian] nasca [Sanskrit] नासा [Urdu] ناک [Assamese] নাক [Sylheti] ꠘꠣꠇ,*néh₂s-,,15,502
[English] leg [Old Norse] leggr [Swedish] lägg [Westrobothnian] lägg [Albanian] leqe [Bakhtiari] لگ,*(ǝ)lak-,,6,503
[Old Norse] leg [English] law [English] lay [English] lie [French] lie [Old French] lie [English] low [Albanian] log [Old English] log [English] lair [Albanian] lag [Norwegian Bokmål] lag [Norwegian Bokmål] lag [Old Norse] lag [Westrobothnian] lag [English] fellow [Faroese] liggja [Icelandic] liggja [Norwegian Nynorsk] liggja [Old Norse] liggja [Old English] lagu [Swedish] låg [Old English] licgan [Old English] lecgan [German] liegen [West Flemish] leeg [Dutch] liggen [Dutch Low Saxon] liggen [German Low German] liggen [Middle Dutch] liggen [English] ledger [English] lees [Latin] lectus [Old Portuguese] leito [Portuguese] leito [Norwegian Bokmål] lov [Swedish] lega [Old Norse] lágr [Old Irish] lige [English] Loire [French] Loire [Swedish] ligga [Scottish Gaelic] laigh [Hungarian] parlag [Old Church Slavonic] лежати [Serbo-Croatian] лежати [Serbo-Croatian] ležati [Slovene] ležati [Tocharian B] lesto [Ancient Greek] λέχομαι [Russian] лежать [Danish] ligge [Norwegian Bokmål] ligge [Polish] Loara [West Frisian] lizze [Bulgarian] лежа [Welsh] gwâl [Swedish] läger [Irish] luigh [Irish] luí [Albanian] lagje [Lower Sorbian] lažaś [Old Irish] laigid [Old Irish] dolugai [Manx] lhie [Old Norse] lǫg [Low German] leeg' [Tocharian B] lyäk- [Norwegian Bokmål] abortlov [Romanian] pârloagă [Norwegian Bokmål] A-lag [Norwegian Bokmål] a-lag,*legʰ-,,72,504
[English] tooth [Cebuano] sin [Latin] dens [Italian] zanna [English] tusk [Icelandic] tönn [Afrikaans] tand [Danish] tand [Dutch] tand [Swedish] tand [Ancient Greek] ὀδούς [Norwegian Bokmål] tann [Norwegian Nynorsk] tann [English] tind [Middle High German] zan [Faroese] tonn [Persian] دندان [Russian] десна [Old Frisian] toth [Sanskrit] दत् [Greek] δόντι [Scots] tuith [Old Armenian] ատամն [Ossetian] дӕндаг [Sanskrit] दन्त [Tajik] дандон [Northern Kurdish] didan [Breton] dant [Welsh] dant [Irish] déad [Assamese] দাঁত [Baluchi] دنتان [Slovak] ďasno [Yiddish] צאָן [Old Irish] dét [Zazaki] dındon [Central Franconian] Zank [Punjabi] ਦੰਦ [Oscan] 𐌃𐌖𐌍𐌕𐌄 [Yagnobi] диндак [Punjabi] دند [Early Assamese] দান্ত [Saramaccan] tánda [Scottish Gaelic] deud [Prakrit] 𑀤𑀁𑀢 [Sudovian] dontis [Tamil] தந்தம்,*h₃dónts,,47,505
[English] me [French] me [Latin] me,*h₁me-,,3,506
[Ido] me [Portuguese] me [Hunsrik] meer [Catalan] em [German] mir [Middle High German] mir [Norman] mé [Romanian] mă [Emilian] mè,*(e)me-,,9,507
[Old English] me [Danish] mig [Swedish] mig [German] mich [Hunsrik] mich [Middle High German] mich [Albanian] im [Old High German] mih [Yola] mee [Sanskrit] स्मत् [Sanskrit] सुमत्,*me,,11,508
[Spanish] me [French] moi,*(h₁)me-,,2,509
[English] ear [West Frisian] ear [Latin] auris [Middle English] ere [French] oreille [Norman] oreille [Polish] ucho [Bulgarian] ухо [Russian] ухо [Serbo-Croatian] ухо [Ancient Greek] οὖς [Middle Irish] ó [Italian] orecchia [Persian] هوش [Persian] خوشه [Romanian] ureche [Greek] αφτί [Dalmatian] oracla [Romansch] ureglia [Norman] ouothelle [Norman] orêle [Romansch] uraglia [Old Irish] áu [Persian] هوشیار [Jamtish] ǿre,*h₂ṓws,,25,510
[English] mouth [English] mun [Swedish] mun [Faroese] munnur [Icelandic] munnur [Gothic] 𐌼𐌿𐌽𐌸𐍃 [Scots] mooth,*ment-,,7,511
[English] neck [German] Nacken [Faroese] nakki,*knog-,,3,512
[Polish] kobieta [English] hap [Serbo-Croatian] kob [Serbo-Croatian] коб,*kob-,,4,513
[Polish] mrówka [Italian] formica [Latin] formica [Spanish] hormiga [English] mire [Finnish] muurahainen [Serbo-Croatian] mrav [Serbo-Croatian] мрав [Russian] муравей [Catalan] formiga [Portuguese] formiga [Sardinian] formiga [Czech] mravenec [Romanian] furnică [Greek] μυρμήγκι [Ukrainian] мураха [Slovene] mravlja [Belarusian] мурашка [Bulgarian] мравка [Macedonian] мравка [Ancient Greek] μύρμηξ [Old Armenian] մրջիւն [Tocharian B] warme [Albanian] morr [Corsican] furmicula [Slovak] mravec [Old Norse] maurr [Old Irish] moirb [Sanskrit] वम्र [Welsh] mŷr [Macedonian] мрава,*morwi-,,31,514
[English] millstone [English] stone [Elfdalian] stien [West Frisian] stien [English] stain [Gutnish] stain [Westrobothnian] stain [Russian] стена [Danish] sten [Norwegian Bokmål] sten [Old Frisian] sten [Swedish] sten [Hunsrik] Steen [Icelandic] steinn [Old Norse] steinn [Hunsrik] xtayn [Latvian] stingrs [English] hunger stone [Transylvanian Saxon] Stien,*steyh₂-,,19,515
[Polish] kurwa [English] whore [Portuguese] caro [Faroese] hora [Swedish] hora [Irish] cara [Middle Irish] cara [Danish] hore [Norwegian Bokmål] hore [Old English] hore [German] Hure [Swedish] hor [Scottish Gaelic] caraid [Icelandic] hóra [Old Norse] hóra [Afrikaans] hoer [Manx] carrey [Portuguese] caridade [Latvian] kārs,*kéh₂ros,,19,516
[Swedish] slug [German] schlau [Hunsrik] schlau [Plautdietsch] schlau [Dutch] sluw [Low German] slu,*(s)leuǵ,,6,517
[Silesian] kara [Silesian] kara [English] career [Italian] curro [Latin] carrus [Italian] carro [English] horse [Latin] currus [Asturian] carru [Sardinian] carru [Polish] kariera [Northern East Cree] ᐋᐦᐋᔅ,*ḱr̥sós,,12,518
[English] who [Middle English] who [Dutch] wie [Serbo-Croatian] ко [Serbo-Croatian] ko [Czech] kdo [Serbo-Croatian] kdo [Slovene] kdo [Welsh] neb [Serbo-Croatian] ki [Slovene] ki [Polish] kto [Slovak] kto [Serbo-Croatian] koji [Serbo-Croatian] који [Sanskrit] कश्चित् [Lithuanian] kas [Old Prussian] kas [Lithuanian] kur [Serbo-Croatian] kad [Corsican] chì [Welsh] pan [Latin] quei [Serbo-Croatian] kada [Old Church Slavonic] къто [Serbo-Croatian] tko [Kashubian] chto [Lower Sorbian] chto [Danish] hvem [Ancient Greek] πόθεν [Old Irish] cuin [Serbo-Croatian] када [Serbo-Croatian] тко [Serbo-Croatian] кад [Russian] кой [Serbo-Croatian] gdo [Faliscan] 𐌂𐌖𐌉,*kʷos,,37,519
[Czech] zima [Polish] zima [Serbo-Croatian] zima [Slovak] zima [Slovene] zima [Latin] hiems [Northern Kurdish] zivistan [Persian] زمستان [Hindi] हिम [Sanskrit] हिम [Lithuanian] žiema [Latvian] ziema [Hittite] 𒄀𒈠𒀭 [Lower Sorbian] zyma [Upper Sorbian] zyma [Ancient Greek] χεῖμα [Old Armenian] ձիւն [Greek] χιόνι [Ancient Greek] χιών [Ancient Greek] Ἔννα [Talysh] зымыстон,*ǵʰéyōm,,21,520
[Italian] loco [Dutch] steel [English] stalk [French] lieu [English] stout [Galician] logo [Old Portuguese] logo [Portuguese] logo [Latin] locus [English] stall [English] install [Italian] luogo [German] Stollen [German] stellen [Portuguese] lugar [Spanish] luego [Catalan] lloc [Romanian] loc [Old High German] stollo [German] stolz [Sardinian] logu [Latin] stultus [Old Church Slavonic] стьлати [German] Stolz [Ancient Greek] στέλλω [Old Armenian] առաստաղ [Old Armenian] առաստաղ [Old English] steall [Latin] stolidus [Hunsrik] stols [Old Armenian] ստեղն [Latin] stolo [Old Armenian] ստեղծանեմ [English] stell [Venetian] łógo [English] stulp [Fala] lugal [Russian] стелить [Russian] стлать [Greek] στέλνω [Yiddish] שטאָלץ [Old English] stellan [Ancient Greek] στάλιξ [Polish] sztolnia [Ancient Greek] στελεά [Swedish] stjälk [German] Stulpe,*stel-,,47,521
[Albanian] re [Albanian] rij,*h₃rinéHti,,2,522
[Albanian] re [English] ride [English] run [English] Rhine [German] Rhein [Polish] Ren [Dutch] ramen [Old English] riþ [Latin] Rhenus [Swedish] röst [Persian] ریدن [Lithuanian] rytas [Persian] ریگ [Old English] Rin [Czech] rojník [Icelandic] raust [Sanskrit] रेतस् [Romanian] Răut,*h₃reyH-,,18,523
[Albanian] re [English] rhyme [Galician] rima [Irish] rím [Old Irish] rím [Ancient Greek] ἀριθμός [Old Irish] renaid,*h₂rey-,,7,524
[Italian] re [Galician] real [Portuguese] real [Latin] rex [North Frisian] rik [Norwegian Bokmål] rik [Norwegian Nynorsk] rik [Swedish] rik [Ladino] rey [Old Spanish] rey [San Pedro Amuzgos Amuzgo] rey [Spanish] rey [English] rich [Manx] ree [French] roi [Danish] rig [Romansch] rai [English] Roy [Middle High German] riche [English] rike [Middle English] rike [Swedish] rike [Norwegian Bokmål] raja [Norwegian Nynorsk] raja [Italian] rege [Faroese] ríkur [Icelandic] ríkur [Faroese] ríki [Faroese] ríki [Icelandic] ríki [Irish] rí [Middle Irish] rí [Old Irish] rí [Portuguese] rico [Spanish] rico [Dutch] rijk [Dutch] rijk [Ancient Greek] ἄρχω [Catalan] rei [Galician] rei [Old Portuguese] rei [Portuguese] rei [Norman] roué [Old High German] rihhi [Old High German] rihhi [Old Norse] ríkr [Scottish Gaelic] rìgh [Sanskrit] राजन् [Sanskrit] राजन [Northern Sami] riika [Northern Tepehuan] raí [Norman] rouai [Sinhalese] රජ [Lithuanian] rikis [Romansch] rètg [Romansch] retg [Romansch] raig [Ladino] ריי [Welsh] rhi [Malayalam] രാജാവ് [Gothic] 𐍂𐌴𐌹𐌺𐍃 [Sanskrit] राज् [Westrobothnian] ritkj [Faliscan] 𐌓𐌄𐌗 [Franco-Provençal] rê [Ashokan Prakrit] 𑀭𑀸𑀚𑀸 [Assamese] ৰজা [Early Assamese] ৰাজা [Assamese] ৰাইজ,*h₃rḗǵs,,69,525
[Polish] kwiat [Polish] kwiecień [Rusyn] цвіт [Ukrainian] цвіт [Ukrainian] квітка,*ḱwoyt-o-,,5,526
[English] pyre [English] fire [Romanian] pară [West Flemish] vier [Tocharian A] por [German] Feuer [English] poppy [Tok Pisin] paia [Danish] fyr [Norwegian Bokmål] fyr [Norwegian Nynorsk] fyr [Old English] fyr [English] bonfire [Afrikaans] vuur [Dutch] vuur [Ancient Greek] πῦρ [Hunsrik] Feier [Latin] papaver [Ancient Greek] πυρός [Arabic] بر [Old Prussian] panno [Icelandic] funi [Tocharian B] puwar [Hittite] 𒉺𒄴𒄯 [Gothic] 𐍆𐍉𐌽 [Ido] fairo [West Frisian] fjoer [Old Saxon] fiur [Hunsrik] fayer [Polish] perz [Alemannic German] Füür [Central Franconian] Füür [German Low German] Füür [German Low German] Füer [Umbrian] 𐌐𐌉𐌓 [German Low German] füür [Central Franconian] Fauer,*péh₂wr̥,,37,527
[Latin] servus [Romanian] șerb,*serwos,,2,528
[Latin] regina [Indonesian] rani [Sanskrit] राज्ञी [Assamese] ৰাণী,*h₃rḗǵnih₂,,4,529
[Albanian] pata [Albanian] kam,*poti-o-,,2,530
[Portuguese] humo [Old Prussian] same [Finnish] Suomi [Serbo-Croatian] zemlja [Slovene] zemlja [Serbo-Croatian] земља [Russian] земля [Rusyn] земля [Ukrainian] земля [Latvian] zeme [Czech] zem [Slovak] zem [Sudovian] zem [Old Armenian] ցամաք [Old Irish] dú [Czech] země [Ancient Greek] Σεμέλη [Old Church Slavonic] землꙗ [Luwian] 𒋾𒄿𒀀𒄠𒈪𒅖 [Albanian] dhe [Mycenaean Greek] 𐀏𐀔 [Polish] ziemia [Sanskrit] क्ष [Polish] Ziemia [Belarusian] зямля [Lower Sorbian] zemja [Upper Sorbian] zemja [Ancient Greek] χθών [Lithuanian] žemė [Northern Kurdish] zevî [Ancient Greek] χαμηλός [Tocharian A] tkaṃ [Tocharian B] keṃ [Albanian] themel [Hittite] 𒋼𒂊𒃷 [Bulgarian] земя [Macedonian] земја [Welsh] daear [English] homo Aristophaneus [Ancient Greek] χθόνιος [Gujarati] જમીન [Sanskrit] क्षम् [Ancient Greek] χαμᾶζε [Kalasha] čhom [Sanskrit] ग्मा [Silesian] ziymia [Ancient Greek] χῶμα [Silesian] żgmija,*dʰéǵʰōm,,48,531
[Spanish] humo [Latin] fumus [Northern Kurdish] dû [Zazaki] dû [Serbo-Croatian] dim [English] fume [Middle English] fume [Esperanto] fumo [Ido] fumo [Italian] fumo [Old Spanish] fumo [Portuguese] fumo [Belarusian] дым [Russian] дым [Rusyn] дым [Catalan] fum [Romanian] fum [Lower Sorbian] dym [Polish] dym [Slovak] dym [Upper Sorbian] dym [Russian] тимьян [Old Church Slavonic] дꙑмъ [Czech] dým [Lithuanian] dūmas [Albanian] tym [Portuguese] fumaça [Ancient Greek] θυμός [Greek] θυμός [Hindi] धूम [Sanskrit] धूम [Bulgarian] дим [Macedonian] дим [Serbo-Croatian] дим [Ukrainian] дим [Bengali] ধোঁয়া [Hindi] धूआँ [Punjabi] دھواں [Urdu] دھواں [Old Prussian] dumis [Old Marathi] धुं [Assamese] ধোঁৱা [Punjabi] ਧੂੰਆਂ,*dʰuh₂mós,,43,532
[English] chamois [French] chamois [German] Gämse [Spanish] gamuza [Latvian] kamanas [Romansch] chamuotsch,*kem,,6,533
[English] loose [Dutch] lui [English] louse [English] wanderlust [English] lorn [Ancient Greek] λύω [Danish] lus [Westrobothnian] lus [Old Norse] lé [Albanian] lym [Old Norse] lauss [Latin] luo [Latin] letum [Swedish] lös [English] unloose [Czech] veš [Polish] wesz [Irish] lón [Albanian] lirë [Swedish] lagg [Welsh] llau [Breton] laou [Irish] loitiméir [English] lyo- [Yiddish] פֿאַרלירן [Belarusian] вош,*lewH-,,26,534
[English] street [Latin] torus [Latin] latus [Italian] lato [Romanian] lat [Dutch] straat [English] strath [Latin] storea [Ancient Greek] Θήρων [Spanish] estragar [Galician] estrutura [Portuguese] estrutura [Serbo-Croatian] prostrijeti [Galician] estrar [Latin] stragulus [Latin] strages [Albanian] shtrij [Albanian] shtroj [Albanian] shtirem [Albanian] shtrohë [Albanian] shtie [Persian] گستردن [Latin] stlatta [English] Theron [Afrikaans] Theron [Old Irish] sernaid [English] strommel [Scots] strammel [Sanskrit] स्तृनाति [Old Armenian] ստոր [Sanskrit] स्तृणोति [Ancient Greek] στέρνον [Ancient Greek] στρῶμα [Indonesian] setrat [Ancient Greek] στόρνυμι,*sterh₃-,,35,535
[English] path [English] cot [Russian] путь [Sanskrit] पथिन् [English] Tisza [Polish] pąć [Latin] Lepontii [Tocharian B] amäkṣpänte [Silesian] pōńć [Ossetian] фӕндаг,*póntoh₁s,,10,536
[English] road [Old English] rad [English] ready [Latin] raeda [Faroese] ríða [Icelandic] ríða [Old Norse] ríða [German] reiten [Dutch] rijden [Old High German] ritan [Swedish] räd [French] gréement [French] agréer [Italian] reda,*reydʰ-,,14,537
[Manx] lane [English] full [Norwegian Bokmål] full [Norwegian Nynorsk] full [Old English] full [Swedish] full [Serbo-Croatian] pun [English] plenty [Scots] fou [Ligurian] pìn [English] fill [Indonesian] pol [Old Leonese] xeno [English] plain [Italian] pieno [Irish] lán [Middle Irish] lán [Old Irish] lán [French] plein [German] voll [Dutch] vol [Middle Dutch] vol [Faroese] fullur [Icelandic] fullur [Spanish] lleno [Old Saxon] ful [Scottish Gaelic] làn [Slovene] poln [Sardinian] prenu [Czech] plný [Slovak] plný [Aromanian] plin [Romanian] plin [Walloon] plin [Old Norse] fullr [Persian] پر [Old High German] foll [Danish] fuld [Catalan] ple [Portuguese] cheio [Latin] plenus [English] plenteous [Sanskrit] पूर्ण [Russian] полный [Old Church Slavonic] пльнъ [Polish] pełny [Lower Sorbian] połny [Silesian] połny [Upper Sorbian] połny [Bulgarian] пълен [Galician] chea [Galician] cheo [Lithuanian] pilnas [Serbo-Croatian] пун [Low German] vull [Norwegian Bokmål] fyll [Hindi] पूरा [Gothic] 𐍆𐌿𐌻𐌻𐍃 [Urdu] پورا [Welsh] llawn [Middle English] plentevous [Norman] pliein [Latvian] pilns [Belarusian] поўны [Macedonian] полн [Norwegian Bokmål] fylle [Yiddish] פֿול [Old Portuguese] chẽo [Mirandese] cheno [Ukrainian] повний [Middle Persian] 𐫛𐫇𐫡 [Dutch] vol- [Northern Kurdish] pirr [Norwegian Bokmål] grøftefyll,*pl̥h₁nós,,74,538
[English] sale [English] sell [English] consult [Latin] consulo [Indonesian] konsul [Scottish Gaelic] slàn [Irish] slán [Old Irish] slán [Russian] слать [Welsh] elw [Old Irish] adroilli [Welsh] cyllid [Old Irish] doslí [Ancient Greek] ἕλωρ,*selh₁-,,14,539
[French] sale [English] saliva,*salw-,,2,540
[Albanian] sy [Ancient Greek] ὄσσε,*h₃ókʷih₁,,2,541
[Danish] sy [Latin] suo [Russian] шить [Ancient Greek] ὑμήν [Russian] шея [Lithuanian] siūti [Danish] søm [Swedish] söm [Icelandic] sjóður [Sanskrit] सिव् [Latvian] šūt [Norman] couôtre [Lower Sorbian] šyś [Upper Sorbian] šić [Old Norse] sýja [Albanian] ujth [Shina] स्योनॊ [Assamese] সূতা [Assamese] সূত [Assamese] সীয়া [Ossetian] хуийын,*syuh₁-,,21,542
[Irish] dia [Scottish Gaelic] dia [Old Irish] día [Italian] dio [French] dieu [Finnish] taivas [Livvi] taivas [Võro] taivas [English] joss [Old Spanish] dios [Spanish] dios [Latin] deus [Portuguese] deus [Latin] Diana [Galician] Deva [Latin] Deva [Italian] Dio [Spanish] Dios [English] Tiw [Old English] Tiw [Latin] dives [Corsican] diu [Sardinian] jana [Awadhi] देव [Hindi] देव [Old Gujarati] देव [Pali] देव [Sanskrit] देव [Serbo-Croatian] див [English] div [Serbo-Croatian] div [Romanian] zeu [Lithuanian] dievas [Old Prussian] Dēiwas [Old Prussian] dēiws [Persian] دیو [Cornish] duw [Welsh] duw [Faroese] Týrur [Luwian] 𒋾𒉿𒊍 [Old Persian] 𐎭𐎡𐎺 [Latvian] dievs [Thai] เทพ [Ladino] דיו [Catalan] déu [Ladino] Dyo [Walloon] Diè [Old Norse] týr [Old Cornish] duy [Avestan] 𐬛𐬀𐬉𐬎𐬎𐬀 [Ligurian] Dîo [Latin] deivos [Latin] deiva [Latin] Divana [Volscian] deue [Venetic] 𐌃𐌄𐌉𐌅𐌏𐌔,*deywós,,56,543
[English] do [Ancient Greek] τίθημι [Sanskrit] दधाति,*dʰédʰeh₁ti,,3,544
[Manx] ingin [English] nail [Swedish] nagel [Czech] noha [Old Czech] noha [Slovak] noha [English] agnail [Bulgarian] нога [Macedonian] нога [Tocharian A] maku [Icelandic] nögl [Old Irish] ingen [Serbo-Croatian] нокат [Serbo-Croatian] nokat [Czech] nehet [Faroese] naglur [Danish] negl [Faroese] negl [Norwegian Bokmål] negl [Russian] ноготь [Slovene] noht [Lithuanian] nagas [Portuguese] ónix [Slovak] necht [Macedonian] нокт [Bulgarian] нокът [Welsh] ewin [Italian] ugna [Belarusian] нага [Old English] nægl [Breton] ivin [Sanskrit] नख [Lower Sorbian] nokś [Old Polish] nogieć [Old Polish] nokieć [Macedonian] нокот [Rusyn] нохоть [Old Czech] nohet,*h₃nogʰ-,,38,545
[Albanian] dua [Old English] cost [English] choice [Old English] ceosan [French] choix [Middle French] choix [Dutch] kiezen [Swedish] kora [French] choisir [Middle French] choisir [Persian] دوست [Urdu] دوست [Danish] kyse [Faroese] kjósa [Icelandic] kjósa [Old Norse] kjósa [Ancient Greek] γεύω [Russian] искусство [Old Irish] Oíngus [Irish] Aonghas [Scottish Gaelic] Aonghas [Scottish Gaelic] tagh [English] costen [English] costning [Irish] rogha [Norman] chouaîsi [Norman] chouaîthi [Old Irish] dogoa [Irish] togh [Old Norse] kør [Old Irish] asagúsi [Old Norse] kostr [Old Norse] kjǫr [Galician] cousir [Norwegian Bokmål] aberdeen angus [Middle English] chesen,*ǵews-,,36,546
[Albanian] dua [Ancient Greek] δέω [Ancient Greek] δεύτερος,*dews-,,3,547
[English] weather [Dutch] weer [Middle English] weder [German] verwittern [Albanian] vrëndë [Low German] Weder,*wedʰrom,,6,548
[Italian] pollo [Spanish] pollo [Portuguese] polo [Catalan] poll [Scottish Gaelic] loth [English] pollera [Spanish] pollera [Latin] pullus [Latin] falco [Breton] loen [Romanian] pui [Italian] pollastro [Italian] pollastra [Welsh] llwdn [Sicilian] puddaru [Sicilian] puddastra,*polH-,,16,549
[Spanish] leche [Italian] latte [Sardinian] latte [French] lait [Norman] lait [Portuguese] leite [Romanian] lapte [Albanian] dhallë [Catalan] llet [Venetian] łate [Mazanderani] زلاغ,*ǵlákts,,11,550
[Faroese] tak [Norwegian Bokmål] tak [Norwegian Nynorsk] tak [Swedish] tak [Westrobothnian] tak [English] thack [Middle Dutch] dac [German] Dach [Icelandic] þak [Old Norse] þak [Afrikaans] dak [Dutch] dak [Indonesian] dak [Spanish] tahúr [Hindi] ताज [Bengali] তাজ,*teg-,,16,551
[English] while [English] quiet [English] whilst [Polish] chwila [Swedish] vila [English] whilere [Welsh] peidio [Welsh] gorffwys [Sanskrit] चिर,*kʷyeh₁-,,9,552
[Faroese] tiga [English] reticence [Italian] tacere [French] taire [Latin] taceo [Romanian] tăcea [Gothic] 𐌸𐌰𐌷𐌰𐌽 [Spanish] tacer,*tak-,,8,553
[Indonesian] sama [Malay] sama [Middle Persian] hm [English] same [Sanskrit] साम्य [Serbo-Croatian] sam [Slovene] sam [German] -sam [Hindi] हम [Hindi] से [Old Norse] samr [Swedish] samma [Persian] هم [Persian] همیشه [Old English] sam- [Old Norse] sam- [Hindi] सम [Sanskrit] सम [Ancient Greek] ὁμός [Albanian] -shëm [Albanian] -çëm [Albanian] -shme [Albanian] -çme [Assamese] সোঁ [Arabic] هميان [Silesian] sōm,*somHós,,26,554
[English] mass [English] make [Indonesian] massa,*maǵ-,,3,555
[English] force [Galician] forte [Italian] forte [Old Portuguese] forte [Portuguese] forte [English] barrow [Dutch] berg [Faroese] berg [Swedish] berg [English] burrow [Latin] fortis [English] rugby [Catalan] fort [French] fort [Norman] fort [Danish] borg [Faroese] borg [Icelandic] borg [Norwegian Bokmål] borg [Norwegian Nynorsk] borg [Old Norse] borg [Swedish] borg [English] burgher [Norwegian Bokmål] a fortiori [Norwegian Bokmål] Bergen [Norwegian Bokmål] Bergen [Norwegian Nynorsk] Bergen [Asturian] fuerte [Spanish] fuerte [Scottish Gaelic] bre [German] Burg [Old High German] burg [Old Saxon] burg [Welsh] brenin [English] burgess [French] Brest [Central Kurdish] برج [Ottoman Turkish] برج [Persian] برج [Punjabi] برج [Faroese] bjørg [Romanian] foarte [Ancient Greek] πύργος [Yiddish] בורג [Ancient Greek] Φρύξ [Portuguese] força [Norwegian Nynorsk] Bjørgvin [Sanskrit] ब्रह्मन् [Sanskrit] ब्राह्मण [Dutch] burcht [Danish] bjerg [Danish] bjerge [French] bourg [Ladino] fuersa [Tajik] бурҷ [Classical Syriac] ܒܘܪܓܐ [Old Armenian] բառնամ [Norwegian Bokmål] fortiori [Gothic] 𐌱𐌰𐌿𐍂𐌲𐍃 [Galician] burgo [Portuguese] burgo [Spanish] burgo [German Low German] Barg [Faroese] bjarg [Old Norse] bjarg [Slovak] breh [Hindi] बुर्ज [Punjabi] ਬੁਰਜ [Rajasthani] बुरज [Old Spanish] fuerça [Yiddish] באַרג [Turkish] burç [Cebuano] pwerte [English] Banbury [Old Swedish] borgh [German Low German] Bärg [Zazaki] berz [Westrobothnian] bärg [Tocharian B] pärkare [Gothic] 𐌱𐌰𐌹𐍂𐌲𐌰𐌷𐌴𐌹 [Galician] Brión [Nepali] बाहुन [Pennsylvania German] Barig [Ancient Greek] φρίξ [Albanian] berq [Galician] -bre [Sanskrit] बर्हिष्ठ [Hunsrik] Berrich [Limburgish] Bärrech,*bʰerǵʰ-,,89,556
[Lower Sorbian] law [Upper Sorbian] law [Macedonian] лав [Serbo-Croatian] лав [Czech] lev [Old Czech] lev [Slovak] lev [Slovene] lev,*lewo-,,8,557
[Afrikaans] winkel [Dutch] winkel [English] wink [English] winch [German] Winkel [Swedish] vinkel [Indonesian] bengkel [French] guigner [Old English] wincel [Polish] winkiel,*weng-,,10,558
[English] palm [Catalan] palma [Italian] palma [Latin] palma [Portuguese] palma [Spanish] palma [French] paume [Old Welsh] lau [Scottish Gaelic] làmh [Welsh] llaw [Romanian] palmă [Irish] lámh [Old Irish] lám [Manx] laue [Cornish] leuv [Faroese] lámur [Faroese] pálmi [Icelandic] pálmi,*pl̥h₂meh₂,,18,559
[English] down [Icelandic] dúnn [Icelandic] daunn [Gothic] 𐌳𐌰𐌿𐌽𐍃,*dʰowh₂-nis,,4,560
[English] meringue [Westrobothnian] marr,*mark-,,2,561
[English] race [Ancient Greek] ἐρωή,*reh₁s-,,2,562
[English] sweet [German] süß [Norwegian Nynorsk] søt [Northern Kurdish] xwê [Yiddish] זיס [Welsh] hawdd [Sanskrit] स्वादु [Prakrit] 𑀲𑀸𑀉 [Alemannic German] süeß,*swéh₂dus,,9,563
[Afrikaans] sweet [Latin] sidus [English] sudate [Albanian] djersë [Spanish] sudar [Latin] sudo [Italian] sudare [French] suer [English] sudorific [West Frisian] swit [Ancient Greek] σίδηρος [Ancient Greek] ἰδίω [Romanian] asuda [Catalan] suar [Galician] suar [Portuguese] suar [Baluchi] ہید [Welsh] chwys [Prakrit] 𑀲𑀺𑀚𑁆𑀚𑀇 [Pali] sijjati [Old Armenian] խոնաւ [Maharastri Prakrit] 𑀲𑁂𑀅,*sweyd-,,22,564
[Latin] vapor [Ancient Greek] καπνός [Russian] кипеть [Tamil] கோபம் [Sanskrit] कोप [Old Irish] adcobra [Old Irish] accobar [Latin] Cupra [Russian] кипятить [Sanskrit] कुप् [Ancient Greek] καπυρός [Ukrainian] кип'ятити [Ukrainian] кипіти [Lithuanian] kvapas,*kwep-,,14,565
[English] grammar [English] kerf [English] crayfish [English] grimoire [French] grimoire [English] carve [Ancient Greek] γράφω [Greek] γράφω [Italiot Greek] γράφω [German] Krebs [Ukrainian] карбованець [Portuguese] gráfico [Spanish] gráfico [Italiot Greek] grafo [Old English] cyrf [Polish] karbować [Old Polish] źrzeb [Cebuano] gramar [Romanian] carboavă,*gerbʰ-,,19,566
[English] bear [French] fier [Catalan] fer [Serbo-Croatian] zver [Slovene] zver [Serbo-Croatian] звер [Latin] ferus [Old Spanish] fiero [Spanish] fiero [Old Church Slavonic] звѣрь [Romanian] fiară [Ancient Greek] θήρ [Lithuanian] žvėris [Latvian] zvērs [Macedonian] ѕвер [Upper Sorbian] zwěrjo [Ancient Greek] θηράω [Latin] ferinus,*ǵʰwer-,,18,567
[English] lead [English] float [English] flit [English] fleeting [English] flatter [Old English] flota [Polish] lut [Galician] frota [Swedish] flyta [Ido] flotacar [Old English] fliete [Polish] łut,*plewd-,,12,568
[English] lead [French] laid [Norman] laid [English] load [English] lithe [Faroese] leið [Galician] laido [Italian] laido [Spanish] laido,*leyt-,,9,569
[French] borne [German] Boden [English] bottom [Romanian] fund [English] butt [English] fundamental [Danish] fond [French] fond [English] bourne [Albanian] buzë [Old English] botm [Portuguese] fundo [Irish] bonn [Scottish Gaelic] bonn [Ancient Greek] Πάδος [Sanskrit] बुध्न [Ancient Greek] πυθμήν [Old Armenian] բուն [French] abonner [Albanian] bythë [Old English] bodan [Luxembourgish] Buedem [Old Saxon] bodom [Latin] Padus [Komi-Permyak] пыдӧс [Komi-Zyrian] пыдӧс [Middle English] botme [Ancient Greek] πύνδαξ [Middle High German] büne [Komi-Zyrian] пыд,*bʰudʰmḗn,,30,570
[Cornish] er [Old English] earn [West Frisian] earn [Old Irish] irar [Norwegian Bokmål] Arendal [Icelandic] ari [Old Norse] ari [Russian] орёл [Bulgarian] орел [Macedonian] орел [Ukrainian] орел [Serbo-Croatian] orao [Serbo-Croatian] орао [English] erne [Czech] orel [Serbo-Croatian] orel [Slovene] orel [Old Church Slavonic] орьлъ [Ancient Greek] ὄρνις [Polish] orzeł [Belarusian] арол [Slovak] orol [Lower Sorbian] jerjeł [Polabian] viŕål [Upper Sorbian] worjoł [Lithuanian] erelis [Old Prussian] arelie [Hittite] 𒄩𒀀𒊏𒀸 [Gothic] 𐌰𐍂𐌰 [Kashubian] òrzéł [Ancient Greek] ὄρνεον [Scottish Gaelic] iolair [Middle English] ern [Irish] iolar [Breton] erer [Welsh] eryr [Middle Irish] ilar [Manx] urley,*h₃érō,,38,571
[Latin] er [French] hérisson [Albanian] derr [Italian] riccio [Portuguese] ouriço [Spanish] erizo [Romanian] arici [Catalan] eriçó [Latin] ericius [Ancient Greek] χήρ,*ǵʰḗr,,10,572
[English] bid [English] body [Norwegian Bokmål] by [Norwegian Nynorsk] by [German] Bote [Albanian] bun [English] bode [Pali] bujjhati [German] bieten [Low German] beden [Old English] bodig [English] bede [Faroese] bjóða [Icelandic] bjóða [Old Norse] bjóða [Pali] bodhi [Swedish] bjuda [Dutch] bieden [Serbo-Croatian] bdjeti [Russian] блюсти [Ancient Greek] πυνθάνομαι [Italian] bidello [English] forbode [Danish] byde [Norwegian Bokmål] byde [French] bedeau [Sanskrit] बोधि [Norwegian Nynorsk] bjoda [Norwegian Nynorsk] bjode [German] Büttel [Old English] bydel [Old English] forebodian [Old English] bodian [Czech] bdít [Serbo-Croatian] bdeti [Serbo-Croatian] бдети [Serbo-Croatian] бдјети [Welsh] rhybudd [Russian] бдеть [English] bizen [Middle English] forbisen [Hindi] बोध [Kalasha] búǰik [Assamese] বুজা,*bʰewdʰ-,,44,573
[Cornish] blew [Welsh] blew,*plews-,,2,574
[English] bend [English] band [English] band [Polish] band [Old Frisian] bos [English] bastard [English] bandana [Afrikaans] bandana [Indonesian] bandana [Polish] bandana [Portuguese] banda [French] bande [Scottish Gaelic] bann [English] bonnet [French] bonnet [Elfdalian] binda [Faroese] binda [Icelandic] binda [Old Norse] binda [Old Swedish] binda [Swedish] binda [Old English] bindan [Old Saxon] bindan [Spanish] bandeja [Dutch] bende [Dutch] binden [German] binden [Middle Dutch] binden [German Low German] binnen [English] disband [Persian] بند [Faroese] benda [Italian] benda [Persian] بستن [Latin] funis [Danish] binde [Spanish] boina [Gaulish] benna [Portuguese] boné [French] bâtard [Norman] bâtard [English] boose [Old Armenian] բանտ [Old Frisian] boste [Lithuanian] bendras [Ancient Greek] πάσχω [Scottish Gaelic] beus [Welsh] moes [Old Irish] buinne [Irish] béas [Ancient Greek] πενθερός [English] sprachbund [Norman] bannète [Latin] offendix [Ancient Greek] φάτνη [Old Irish] bés [Sanskrit] बन्ध् [Galician] fungueiro [Sanskrit] बन्धु [Assamese] বান্ধা [Italian] bonet [Piedmontese] bonet [Sanskrit] बन्ध [Ancient Greek] πεῖσμα [Sanskrit] बन्धन [Ancient Greek] Βενδῖς [Scottish Gaelic] bonaid,*bʰendʰ-,,67,575
[Albanian] bind [Catalan] fe [Occitan] fe [Spanish] fe [French] foi [Russian] беда [Latin] fides [Faroese] bíða [Old Norse] bíða [Old English] bædan [Ancient Greek] πίστις [Ancient Greek] πείθω [English] affidavit [Italian] fede [Old Church Slavonic] бѣда [French] bedeau [Albanian] bindet [Albanian] besë [Albanian] besë [Czech] běda [Czech] bída [Old Irish] bés,*bʰeydʰ-,,22,576
[Latgalian] bet [Latvian] bet,*be,,2,577
[English] breed [English] brood [English] brawn,*bʰreh₁-,,3,578
[English] bring [German] bringen [Low German] bringen [Dutch] brengen [Old Dutch] bringan [Old English] bringan [Gothic] 𐌱𐍂𐌹𐌲𐌲𐌰𐌽 [Middle English] bryngen,*bʰrenk-,,8,579
[English] blow [English] fluid [English] bleat [Middle French] bleu [English] feeble [English] flavor [English] blasé [English] blare [Latin] fleo [Old English] blawan [Latin] flo [Russian] блеять [Old Saxon] blaian [Albanian] flluskë [English] blead [Latin] flemen [Bourguignon] blieu [Westrobothnian] blädär,*bʰleh₁-,,18,580
[English] burst [English] braise [French] braise [Italian] brace [Norwegian Bokmål] briste [Catalan] brasa [Old Spanish] brasa [Portuguese] brasa [Old English] berstan [Faroese] bresta [Icelandic] bresta [Low German] basten [Dutch] barsten [Westrobothnian] brest [Manx] brish [Swedish] brista [English] brasque [Old Irish] brisid [Ancient Greek] φάρσος,*bʰres-,,19,581
[English] choose [Old Irish] dogoa [Swedish] tjusa [Norwegian Nynorsk] kjosa,*ǵéwseti,,4,582
[English] cost [French] goût [Old English] cyst [Latin] gustus [Catalan] gust [Friulian] gust [Polish] gust [Romanian] gust [Italian] gusto [Spanish] gusto [Middle Dutch] cust [Old Irish] Fergus [Icelandic] kostur [Occitan] gost [Dutch] kust [Irish] gus [Portuguese] gosto [Aromanian] gustu [Sardinian] gustu [Norman] gouôter [Old Danish] kostær [Old Norse] kostr,*ǵéwstus,,22,583
[English] break [English] fraction [English] bray [Latin] frango [English] fret [English] irrefragable [Old English] brecan [English] fracture [English] frangible [Middle English] frangible [Dutch] breken [Low German] breken [Middle Dutch] breken [English] bracken [German] brechen [French] broyer [Old High German] brehhan [Latin] braca [French] brèche [Italian] frangere [Catalan] bregar [Spanish] bregar [West Frisian] brekke [Afrikaans] breek [Latin] suffrago [Latin] suffrago [Indonesian] fraktur [Danish] bregne [Latin] bracae [Romanian] frânge [English] forbreak [Dutch] bres [Old Saxon] brekan [Albanian] brishtë [Portuguese] brigar [Portuguese] brejo [Spanish] frangir [Galician] braña [English] regmacarp [Dutch] fractuur [Galician] breigar [Urdu] اپاہج [Galician] ofraxe [Galician] sofraxe [Swedish] bräken [Polish] bryczesy,*bʰreg-,,46,584
[Swedish] dig [Old English] þec,*te-ge,,2,585
[English] come [Central Franconian] komme [Hunsrik] komme [Old English] cuman [Central Franconian] kunn [Central Franconian] kumme [Sanskrit] अगन्,*gʷémt,,7,586
[Friulian] dove [Italian] doga [Latin] doga [French] douve [Romanian] doagă [Aromanian] doagã,*doḱ-éh₂,,6,587
[English] drove [English] drive [Norwegian Bokmål] drive [English] drift [Dutch] drijven [Old English] drifan [Icelandic] drífa [Norwegian Nynorsk] driva [Old Frisian] driva [Swedish] driva [Swedish] drev [Indonesian] drif [Gothic] 𐌳𐍂𐌴𐌹𐌱𐌰𐌽 [English] dreave [Cebuano] drayb,*dʰreybʰ-,,15,588
[English] drove [English] drive [English] dark [English] drone [English] dor [Pali] dhamma [Russian] держать [Latin] ferme [English] firmament [Ancient Greek] θρόνος [Latin] frenum [English] dazed [Hindi] धर्म [Old English] dora [Latin] fretus [Old Persian] 𐎭𐎠𐎼𐎹𐎺𐎢𐏁 [Persian] داشتن [Lithuanian] derėti [Old Persian] 𐎭𐎠𐎼𐎹𐎫𐎡𐎹 [Tajik] доштан [Old Church Slavonic] дръжати [Portuguese] freio [Romanian] frâu [Gujarati] ધર્મ [Latin] formido [Latin] infirmitas [Latin] infirmus [Old Armenian] դեռ [Burmese] ဓမ္မ [Sanskrit] धीर [Lower Sorbian] źaržaś [Hebrew] דריווש [Cebuano] preno [Latin] drenso [Hindi] धरना [Sanskrit] धारयति [Prakrit] 𑀥𑀫𑁆𑀫𑀺𑀅 [Ashokan Prakrit] 𑀥𑀁𑀫 [Sanskrit] धृ [Norwegian Bokmål] tronfrasigelse [Kashmiri] دٲر [Kashmiri] दऻर,*dʰer-,,42,589
[English] dwell [English] dwale,*dʰwelH-,,2,590
[English] fell [Galician] po [Old Portuguese] poo [Latin] pollen [English] pulse [English] pulse [Italian] pelle [English] fold [English] pall [English] pall [Latin] pallor [Catalan] palla [Latin] palla [Irish] alt [Scottish Gaelic] alt [Czech] plena [Spanish] polvo [English] pelvis [Latin] pelvis [French] peau [Old English] fealu [Spanish] piel [Istriot] paja [Ladino] paja [Spanish] paja [English] pell [Catalan] pell [Portuguese] pele [Italian] paglia [Romanian] paie [Old Norse] faldr [Italian] polpa [Portuguese] polpa [Italian] polvere [French] poudre [French] paille [Portuguese] pó [Portuguese] pelar [Latin] palea [Latin] palpo [Old Norse] falda [Old Norse] falda [Ancient Greek] πόλεμος [Lithuanian] pelė [Catalan] pols [Italian] polta [Latvian] spalva [Romanian] piele [Latin] plico [Hittite] 𒆜𒀸 [Russian] полотно [Ancient Greek] πέλεια [Ancient Greek] πάλλω [Ancient Greek] πέπλος [Latin] pulvis [Latin] puls [Latin] pulpa [Ancient Greek] πωλέω [Portuguese] palha [Portuguese] pelve [Old English] -feald [Latin] plecto [Latin] plecto [English] catapeltic [Latin] plango [Czech] plen [Romanian] pulbere [Romanian] pulpă [Ancient Greek] πάλη [Irish] peall [Scottish Gaelic] peall [Latvian] plāns [Gothic] 𐍆𐌰𐌻𐌸𐌰𐌽 [Latvian] plēst [Albanian] plah [Albanian] plojë [Icelandic] -faldur [English] piepowder [English] interstellar planet [Middle English] planete [Latvian] peldēt [Norwegian Bokmål] kamuflasje [Persian] پلم [Sanskrit] पलव [Sanskrit] पलाव [Ancient Greek] πέλτη [Ancient Greek] πόλτος [Ancient Greek] πελιός [Ancient Greek] πέμπελος [Latgalian] plyks [Ancient Greek] παλύνω [Franco-Provençal] pél [Assamese] পল [Lithuanian] pelnas,*pel-,,94,591
[Albanian] fell [Faroese] fjall [Icelandic] fjall [Old Norse] fjall,*pels,,4,592
[German] fallen [Norwegian Bokmål] falle [Norwegian Nynorsk] falle [Albanian] fal [Westrobothnian] fååll,*pōl-,,5,593
[Danish] felt [Danish] felt [English] felon [Latin] pello [English] appeal [French] flan [Indonesian] flan [Spanish] flan [Afrikaans] veld [Dutch] veld [Latin] polio [English] anvil [English] polish [Welsh] mynd [German] Feld [Breton] mont [Irish] lann [Old Irish] lann [Scottish Gaelic] lann [Latin] appello [Latin] interpello [Ancient Greek] πέλαγος [English] compellation [Latin] compello [Latin] opilio [Albanian] pjalm [Lower Sorbian] pólo [Ancient Greek] πλήν [Old Irish] aigid [Middle Welsh] mynet [Old Irish] adella [Ancient Greek] πλησίος [Ancient Greek] παιπάλη [Albanian] pjellë,*pelh₂-,,34,594
[English] eat [Latin] est [Latin] edo [Dutch] eten [Russian] есть [Czech] jíst [Polish] jeść [English] esurient [Serbo-Croatian] јести [Serbo-Croatian] jesti [Slovene] jesti [Old Church Slavonic] ꙗсти [Ukrainian] їсти [Sanskrit] अत्ति [Lithuanian] ėsti [Macedonian] јаде [Bulgarian] ям [Slovak] jesť [Galician] comesto [Belarusian] есці [Lower Sorbian] jěsć [Old Czech] jiesti [Silesian] jeś [Russian] -ед,*h₁édti,,24,595
[English] eat [Albanian] ha [Faroese] eta [Icelandic] eta [Norwegian Nynorsk] eta [Old Norse] eta [Portuguese] comer [Spanish] comer [Hunsrik] esse [Slovak] jed [Westrobothnian] ita [English] fret [English] solemn [German] essen [Swedish] äta [German] Aas [Russian] еда [Norwegian Bokmål] ete [English] esculent [Old Dutch] etan [Old English] etan [Ancient Greek] ἐσθίω [Old Norse] át [Hungarian] ebéd [Icelandic] éta [English] escarole [English] ovest [Swedish] jätte [Old Church Slavonic] ꙗдъ [Luwian] 𒀀𒁺𒈾 [Sanskrit] अत्ति [Gothic] 𐌹𐍄𐌰𐌽 [Ancient Greek] ἔδω [Latvian] ēst [Serbo-Croatian] jisti [English] ettin [Westrobothnian] getu [Yiddish] עסן [Czech] jesle [Old Norse] áta [Luxembourgish] iessen [Elfdalian] jätå [Danish] æde [Old Irish] ithid [Old Irish] ithid [Old Norse] etja [Irish] duaidh [Lower Sorbian] jěza [Welsh] ysu [Sanskrit] अद् [Avestan] 𐬀𐬛 [Gothic] 𐌰𐌹𐍈𐌰𐍄𐌿𐌽𐌳𐌹 [Danish] jætte [Westrobothnian] jäta [Cimbrian] èzzan [Old Norse] ætni [Persian] استینه [Ancient Greek] ὀδύνη [Ancient Greek] εἶδαρ [Sanskrit] मध्वद्,*h₁ed-,,60,596
[Manx] feed [Irish] fiche [Old Irish] fiche [Scottish Gaelic] fichead [Breton] ugent [Welsh] ugain [Northern Kurdish] bîst [Telugu] వింశతి,*h₁wih₁ḱm̥t,,8,597
[English] blond [French] blond [German] blond [Old French] blunt [English] bland [Italian] biondo [German] blenden [Icelandic] blanda [Old Norse] blanda [Swedish] blanda [Danish] blande [Norwegian Bokmål] blande [Norwegian Nynorsk] blande [Old Church Slavonic] блѧсти [Old Church Slavonic] блѧдь [Old Church Slavonic] блѫдити [Old Church Slavonic] блѫдъ [Old English] blandan [Russian] блуд [Old French] blont [Serbo-Croatian] blesti [Slovene] blesti [Serbo-Croatian] блести [Latin] blondus [Sanskrit] ब्रध्न [Galician] brondo,*bʰlendʰ-,,26,598
[English] flee [English] fly [English] fly [English] flock [English] flight [Latin] pluma [Dutch] vliegen [English] fledge [English] plume [English] floss [German] fliegen [Icelandic] fljúga [Old Norse] fljúga [Old English] fleogan [Swedish] flyga [Faroese] flúgva [Faroese] flóki [Icelandic] flóki [Cornish] pluv [Lithuanian] plaukti [German] flitzen [Low German] flegen [Central Franconian] fleeje [West Frisian] fleane,*plewk-,,24,599
[English] fling [Galician] lanza [Italian] piangere [French] plaindre [English] flail [Latin] lancea [Latin] placo [Ancient Greek] λόγχη [Icelandic] flengja [Latin] plaudo [Sicilian] chiànciri [Old Irish] Laigin [Latin] apluda [Danish] flænge [Sardinian] pranghere [Sardinian] pianghere [Ligurian] ciànze,*pleh₂k-,,17,600
[English] find [Serbo-Croatian] put [Dutch] vent [English] faze [English] pad [English] patrol [English] fand [Faroese] finna [Icelandic] finna [Norwegian Nynorsk] finna [Old Norse] finna [Swedish] finna [Norwegian Bokmål] finne [Dutch] vinden [Old English] findan [Old High German] fendo [Afrikaans] vind [Old English] fandian [Old English] fysan [French] patte [Ancient Greek] πατέω [German] fahnden [Ancient Greek] πάτος [Low German] finnen [Central Franconian] fenge [Pashto] پونده [Jersey Dutch] vände [English] feeze [Hindi] पथ [Marathi] पथ [Sanskrit] पथ [Low German] Fent [Pali] pantha,*pent-,,33,601
[English] flesh [Middle English] flesh [Faroese] flesk [Icelandic] flesk [English] flitch [Old Norse] flikki,*pleh₁ḱ-,,6,602
[English] fight [English] fax [English] fain [English] fellow [Dutch] vechten [Middle Dutch] vechten [Latin] pecten [Old Norse] fága [German] fechten [Low German] fechten [Latin] pecus [Faroese] fegin [Persian] پشم [Ancient Greek] πέκω [Icelandic] feginn [Faroese] faks [Latin] pecto [Old English] fægen [Persian] پشمین [Ancient Greek] κτείς [Cebuano] payts [Gothic] 𐍆𐌰𐌷𐌴𐌸𐍃 [Polish] fechtunek [Westrobothnian] fägjän [Cebuano] payt,*peḱ-,,25,603
[English] sentence [English] sense [English] scent [French] sentir [Galician] sentir [Portuguese] sentir [Spanish] sentir [Italian] sentire [English] sith [Old Frisian] sith [Italian] bisogno [Icelandic] sinn [Galician] senso [Portuguese] senso [Esperanto] senti [French] sens [Old French] sens [German] Sinn [Old Norse] senda [Old English] siþ [Walloon] sinti [Portuguese] sentido [Spanish] sien [Italian] senno [Romanian] simți [Latin] sentio [Lithuanian] sintėti [Old Irish] sét [Breton] hent [German] Gesinde [English] forcené [French] forcené [Old French] forsener [French] forcener [Welsh] hynt [Old French] soing [Norman] souongni [Yiddish] זינט [Lithuanian] siųsti [Persian] هناییدن [Irish] séad,*sent-,,41,604
[English] dart [Swedish] darra [English] dere [Old Armenian] դար [Dutch] dartel [Irish] doir [Danish] dirre [Welsh] dryw [Ancient Greek] θοῦρος [Ancient Greek] θορός [Ancient Greek] θρῴσκω,*dʰerh₃-,,11,605
[English] forsake [English] seek [English] sake [Faroese] sætt [Icelandic] sætt [Old Norse] sætt [German] suchen [Old English] secan [West Frisian] sykje [Faroese] søkja [Norwegian Nynorsk] søkja [Icelandic] sækja [Ancient Greek] ἡγέομαι [Swedish] söka [Albanian] gjuaj [English] seise [English] soke [English] saught [Faroese] sátt [Old Irish] saigid [Old Irish] saigid [Welsh] -ha [Old Norse] sǿkja,*seh₂g-,,23,606
[English] freeze [English] frost [Swedish] frysa [Irish] reo [Icelandic] frjósa [Old Norse] frjósa [Dutch] vriezen [Norwegian Bokmål] fryse [Old English] freosan [German] frieren [Latin] pruina [Latin] pruna [Middle Irish] reód [Welsh] rhew [Latin] prurio [Old High German] friosan [Old Saxon] friosan [Albanian] prush [Old Irish] réud [Sanskrit] प्लोषति [Galician] proer [Venetian] puìna [Westrobothnian] fruus [Gothic] 𐍆𐍂𐌹𐌿𐍃 [Sanskrit] प्रुष्वा [Sanskrit] प्रुष्णोति [Sanskrit] प्रुषित,*prews-,,27,607
[English] grind [Albanian] grind [Swedish] grind [Ancient Greek] χόνδρος [German] Grind [Ukrainian] ґринджоли,*gʰrendʰ-,,6,608
[Danish] had [English] hate [French] haïr [Norman] haï [English] love-hate [Persian] خاتوله [West Frisian] haatsje [Old Irish] miscuis,*keh₂d-,,8,609
[English] get [English] guess [English] apprehend [Icelandic] geta [Italian] prendere [Catalan] prendre [French] prendre [Portuguese] hera [Portuguese] prender [Spanish] prender [Romanian] iederă [English] impregnable [Italian] preda [Old English] gietan [Romanian] prinde [English] misprision [Latin] praeda [Latin] hedera [Faroese] gita [Italian] edera [Spanish] hiedra [Galician] prea [Spanish] prea [French] lierre [Ancient Greek] χανδάνω [Swedish] gitta [Latin] prehendo [Romanian] pradă [Irish] ginn [Galician] hedra [Danish] gide [Catalan] heura [Portuguese] preia [Russian] жуть,*gʰed-,,34,610
[Swedish] get [Danish] ged,*gʰayd-,,2,611
[English] hang [Faroese] hanga [Icelandic] hanga [Swedish] hänga [Cimbrian] hangan [Latin] cunctor [Ancient Greek] ὄκνος [Sanskrit] शङ्क् [Sanskrit] शङ्कते [Middle English] hauht,*ḱenk-,,10,612
[English] hurt [Italian] urtare [Old French] hurter,*krew-,,3,613
[English] have [Galician] caber [Occitan] caber [Portuguese] caber [Spanish] caber [English] heave [Italian] capire [English] capisce [Old Norse] hefja [Dutch] heffen [Catalan] cabre [Latin] capio [Occitan] caupre [Romanian] încăpea [Old Saxon] hebbian [Norwegian Nynorsk] heva [Norwegian Nynorsk] heve,*kh₂pyéti,,17,614
[Danish] have [Latin] caucus [Albanian] kam [Irish] cuach [Scottish Gaelic] cuach [Albanian] kap [English] receptive [Persian] کپیدن [Ancient Greek] καῦκος,*kap-,,9,615
[Norwegian Nynorsk] have [Dutch] hebben [Low German] hebben [Old Dutch] hebben [English] heavy [English] occupation [Swedish] ha [English] cash [English] hobnob [English] behove [English] occupy [German] haben [Old High German] haben [Icelandic] hafa [Old Norse] hafa [Old English] hefig [Old English] hæft [Old English] habban [Indonesian] kas [Faroese] hava [Norwegian Nynorsk] hava [Faroese] hav [Norwegian Bokmål] hav [Norwegian Nynorsk] hav [Swedish] hav [Westrobothnian] hav [Icelandic] haukur [West Frisian] hawwe [Yiddish] האָבן [English] heddle [Breton] kavout [Dutch] hevig [Swedish] hök [Bulgarian] хапя [Welsh] cael [Portuguese] caça [Norwegian Bokmål] hauk [Norwegian Nynorsk] hauk [Latin] capis [Old English] hæftan [Old Saxon] hebbian [Gothic] 𐌷𐌰𐌱𐌰𐌽 [Galician] queixada [Portuguese] queixada [Old Frisian] hebba [Romansch] chatschar [Romansch] catschar [Romansch] catscher [Romansch] chatscher [Norman] capabl'ye [Afrikaans] hê [Albanian] shqipoj [Faroese] heykur [Albanian] kapth [Westrobothnian] hafwa [Ancient Greek] κάπη [Middle Armenian] կիպ [Jersey Dutch] häbbe [Jersey Dutch] hävve,*keh₂p-,,59,616
[English] hold [English] hold [English] hilt [Latvian] kalt [English] gallon [Norman] gallon [English] halt [Latin] celer [Latin] procul [Russian] член [Spanish] galón [Latin] galleta [English] hield [English] hield [Lithuanian] kelias [Czech] kůl [Latin] caligo [Italian] elsa [Cebuano] galon [Indonesian] galon [Polish] galon [Latvian] kult [Irish] colainn [Old Irish] colinn [Latin] callis [Romanian] găleată [Old English] geholian [Ancient Greek] κέλλω [Albanian] qell [Ancient Greek] ἀκόλουθος [Dutch] acoliet [Ancient Greek] κέλομαι [Tocharian B] käl- [Aromanian] gãleatã [Welsh] celain [Ancient Greek] κέλης [Sanskrit] कलयति,*kel-,,37,617
[Icelandic] hold [Old English] hold [Polish] klej [Ukrainian] ковбаса [Ancient Greek] κόλλα,*kol-,,5,618
[Dutch] keep [English] chip [French] chiffon [Old English] cipp [Polish] szyfon,*ǵey-,,5,619
[English] hit [Polish] hit [Latin] caelum [Old Norse] hitta [Latin] caia [Latin] incile [Latin] ancile [Albanian] qeth,*kh₂eyd-,,8,620
[English] lay [English] loch [Irish] loch [Old Irish] loch [Scottish Gaelic] loch [Norwegian Nynorsk] log [Galician] lago [Italian] lago [Portuguese] lago [Spanish] lago [Latin] lacus [Romansch] lag [Swedish] lag [Westrobothnian] lag [Aromanian] lac [Dalmatian] lac [Franco-Provençal] lac [French] lac [Norman] lac [Old French] lac [Romanian] lac [Romansch] lai [Walloon] lak [Norwegian Bokmål] låg [Romansch] lej [English] cunette [English] lough [Old Church Slavonic] локꙑ [Albanian] liqen [Catalan] llac [Ancient Greek] λάκκος [Icelandic] lögur [Aragonese] laco [Sicilian] lacu [Romansch] laitg [Asturian] llagu [Portuguese] lagoa [Emilian] lèg [Friulian] lâc [Old Norse] lǫgr,*lókus,,40,621
[English] lay [English] lake [English] lake [English] like [English] fartlek [English] lai [French] lai [Faroese] leika [Icelandic] leika [Old English] lacan [Dutch] lijk [English] lich [Middle English] lich [English] gleek [Swedish] leka [Middle High German] leich [Ancient Greek] Λίγυς [Old English] -lac [Norwegian Bokmål] leike [Norwegian Nynorsk] leike [Ancient Greek] ἐλελίζω [Norwegian Bokmål] -lig [Welsh] llo [English] -lock [Gothic] 𐌻𐌰𐌹𐌺𐌰𐌽 [Latvian] līdzīgs [Norwegian Bokmål] abbedlig [Norwegian Bokmål] abengslig [Lithuanian] lygus,*leyg-,,29,622
[English] lend [English] loan [Middle Dutch] lien [Faroese] lán [Icelandic] lán [Westrobothnian] lan [Swedish] lega [Swedish] lån [Persian] ریختن [Finnish] liika [Pali] ritta [Old Church Slavonic] отлѣкъ [Old Norse] ljá [Ancient Greek] λείπω [Lithuanian] likti [Latvian] likt [Spanish] elipsis [Faroese] líggja [Albanian] lisë [Russian] лишить [Welsh] llwybr [Latvian] lieks [Sanskrit] रिच् [Konkani] रित्तें [Old Marathi] 𑘨𑘱𑘝 [Marathi] रिते [Lithuanian] atlaikas [Scottish Gaelic] dìleab [Kashubian] lëchi,*leykʷ-,,29,623
[English] lend [Norwegian Bokmål] London [English] laund [English] land [Afrikaans] land [Dutch] land [Elfdalian] land [Faroese] land [Icelandic] land [Norwegian Bokmål] land [Norwegian Nynorsk] land [Old English] land [Old Norse] land [Polish] land [Swedish] land [Latin] Londinium [English] loin [English] lawn [Cebuano] landing [Welsh] llan [Ido] lando [Hungarian] lengyel [German] Land [Hunsrik] Land [English] lumbago [Middle English] lende [Czech] lado [Old Czech] lado [Old Prussian] lindan [West Frisian] lân [Irish] lann [Manx] lann [Old Irish] lann [Scottish Gaelic] lann [Old French] lande [Yiddish] לאַנד [Polish] ląd [Russian] лядвея [Latin] lumbus [Vilamovian] łaond [Gothic] 𐌻𐌰𐌽𐌳 [Albanian] lëndinë [Polish] lędźwie [Konkani] रांद्चे [Sanskrit] रन्धयति [Marathi] रांधणे [Assamese] ৰন্ধা [Assamese] ৰান্ধা [Welsh] llon [Slovak] ladom [Persian] رندیدن,*lendʰ-,,51,624
[Swedish] led [English] loath [Scots] laith [Ancient Greek] ἀλιτρός,*h₂leyt-,,4,625
[English] lean [English] decline [English] lid [Portuguese] clima [English] incline [English] heteroclite [English] lee [English] declivity [Italian] chinare [Serbo-Croatian] klima [Latin] clivus [Old English] hliþ [Ancient Greek] κλίνω [Sanskrit] श्रयति [Dutch] klimaat [Portuguese] declinação [Polish] chlew [Irish] cliath [Scottish Gaelic] cliath [Latin] clino [French] claie [Portuguese] heteróclito [Spanish] heteróclito [Norwegian Bokmål] klinikk [Polish] słój [Welsh] clwyd [Latin] clivius [Old English] hlæne [Gothic] 𐌷𐌻𐌰𐌹𐌽𐌴 [Old English] hlinian [Gothic] 𐌷𐌻𐌴𐌹𐌳𐌿𐌼𐌰 [Norwegian Bokmål] A-klinikk [Norwegian Bokmål] a-klinikk,*ḱley-,,33,626
[Irish] lean [Scottish Gaelic] lean [Italian] limo [Galician] lar [Romanian] im [Latin] lino [Latin] levis [Latin] littera [Latin] limus [Icelandic] leir [Russian] слюни [Old Irish] lenaid,*h₂leyH-,,12,627
[English] go [Alemannic German] go [Afrikaans] gaan [Dutch] gaan [German] gehen [Swedish] gå [Old English] gan [Dutch Low Saxon] gaon [Limburgish] gaon [Sanskrit] ह [Albanian] ngah [Sanskrit] हा [Jersey Dutch] xâne [Ancient Greek] χωλός [Welsh] gadael [Central Franconian] jonn [Jersey Dutch] xân [Limburgish] goëne,*ǵʰeh₁-,,18,628
[Serbo-Croatian] go [Aromanian] gol [Romanian] gol [Serbo-Croatian] gol [Slovene] gol [Czech] holý [Slovak] holý [German] kahl [Old High German] chalo [Afrikaans] kaal [Dutch] kaal [Old Church Slavonic] голъ [Serbo-Croatian] го [Polish] goły [Macedonian] гол [Serbo-Croatian] гол [Ukrainian] голий,*galw-,,17,629
[English] lit [English] little [Albanian] lut [Lithuanian] liūdnas,*lewd-,,4,630
[English] lit [Westrobothnian] let [Old Irish] fil [English] wealth [Latin] ile [Irish] fail [English] wallop [English] wild [Irish] fill [Scottish Gaelic] fill [English] litmus [Galician] volta [Portuguese] volta [English] lait [Irish] balla [English] waltz [Irish] fuil [English] wilderness [Albanian] valle [English] Wall [English] gallop [Faroese] litur [Icelandic] litur [Spanish] vals [English] walt [English] walt [English] welt [Spanish] valsar [Albanian] ul [Old English] wuldor [Old English] wlite [German] walzen [English] Völuspá [Portuguese] valsa [Portuguese] envolver [Old Norse] litr [Latin] vultus [French] gaule [Old Armenian] գեղ [Old English] wealcian [Latvian] valoda [Portuguese] vulto [Old English] wlatian [Latin] lorum [Albanian] mbyll [Welsh] gweld [Scottish Gaelic] fàl [Old Norse] Ullr [Irish] fál [Latvian] vēls [Albanian] avulli [Westrobothnian] völter [Hindi] उबालना [Old English] sinewealt [Old Norse] valtr [Ancient Greek] εὔληρα [Ancient Greek] οὐλαμός [Old High German] Vuldar [Latgalian] vāls,*wel-,,59,631
[English] let [Swedish] låta [Low German] laten [Albanian] lodër [Picard] laissier [Albanian] lodh,*leh₁d-,,6,632
[English] made [Sanskrit] मत्कुण,*mot-,,2,633
[English] meet [Indonesian] meter [English] mote [English] empty [Latin] mos [English] meditation [English] mete [Old Irish] mess [English] blackmail [Faroese] meta [Old Norse] meta [Westrobothnian] meta [English] modicum [French] amuser [Portuguese] modo [Irish] meas [Scottish Gaelic] meas [Portuguese] moda [English] incommode [Welsh] meddwl [Ancient Greek] Μήδεια [Ancient Greek] μέδομαι [Swedish] mäta [Old English] metod [Latin] medeor [Irish] meá [Irish] tomhais [Scottish Gaelic] tomhais [English] mutchkin [Old Irish] tomus [Gothic] 𐌼𐌹𐍄𐌰𐌸𐍃 [Latin] meddix [Old Irish] midithir [Gothic] 𐌼𐌹𐍄𐌰𐌽 [Ancient Greek] μέδιμνος [Old Norse] mjǫtuðr [Old Norse] mætr [Welsh] meddu [Indonesian] meditasi [Welsh] -fedd,*med-,,40,634
[English] lie [English] lie [Icelandic] ljúga [Old Norse] ljúga [Dutch] liegen [Middle Dutch] liegen [Old English] leogan [German] lügen [Afrikaans] lieg [Faroese] lúgva [Swedish] ljuga [Danish] lyve [Norwegian Bokmål] lyve [Russian] лгать [Old English] lygen [Old English] lygen [Old Saxon] liogan [Central Franconian] leie [Hittite] 𒄩𒇻𒅗𒀸 [Westrobothnian] ljuug [Welsh] llw [Jersey Dutch] lîxe [Ukrainian] лжа,*lewgʰ-,,23,635
[Old Irish] lie [Dutch] lei [Irish] lia [Irish] díol [Scottish Gaelic] dìol [Ancient Greek] λᾶας,*leh₁w-,,6,636
[Swedish] lie [German] verlieren [Latvian] lops [Dutch] Lunen,*leu-,,4,637
[English] light [Middle English] light [Danish] lue [Old English] leoht [Old Saxon] lioht,*lewktom,,5,638
[English] archaic [English] matriarch [English] -arch [English] archi- [English] archetype [Ancient Greek] ἄρχω [English] archaism [Ancient Greek] ὄρχαμος,*h₂ergʰ-,,8,639
[English] make [Portuguese] massa [Old Church Slavonic] мазати [Serbo-Croatian] мазати [Ancient Greek] μάσσω [Serbo-Croatian] mazati [Old Armenian] մած [Polish] mazać,*meh₂ǵ-,,8,640
[English] back [Indonesian] bek,*bʰogo,,2,641
[English] tomorrow [Ancient Greek] βρέχω [Middle English] tomorwe,*mergʰ-,,3,642
[Danish] bog [Romanian] fag [Norwegian Bokmål] bok [Swedish] bok [Swedish] bok [Albanian] bung [Spanish] haya [Faroese] bók [Old Norse] bók [Czech] bez [Polish] bez [Latin] fagus [Czech] buk [Lower Sorbian] buk [Italian] faggio [Ancient Greek] φηγός [Danish] bøg [Serbo-Croatian] bazga [Russian] боз [Norwegian Bokmål] bøk [Norwegian Nynorsk] bøk [Catalan] faig [Icelandic] beyki [Norwegian Bokmål] abc-bok [German Low German] Book [Elfdalian] buok [Rotokas] vuku [Ligurian] fò [Norwegian Bokmål] ABC-bok,*bʰeh₂ǵos,,29,643
[Norwegian Nynorsk] bog [Tocharian A] poke [Indonesian] baju [English] bough [Northern Kurdish] bask [Old Norse] bógr [Indonesian] bahu [Malay] bahu [Tocharian B] poko [Baluchi] باسک [Sanskrit] बाहु [Pali] bāhu [Avestan] 𐬠𐬁𐬰𐬎,*bʰeh₂ǵʰús,,13,644
[Norwegian Bokmål] hår [Norwegian Nynorsk] hår [Swedish] hår [German] Haar [Old High German] har [Faroese] hár [Old Norse] hár,*keres-,,7,645
[English] wool [Faroese] ull [Icelandic] ull [Norwegian Nynorsk] ull [Swedish] ull [Macedonian] волна [Russian] волна [Finnish] villa [English] flannel [French] laine [Norman] laine [Estonian] vill [Portuguese] lã [Catalan] llana [Italian] lana [Latin] lana [Spanish] lana [Tetum] lan [Slovene] volna [Serbo-Croatian] vuna [Old English] wull [Old Church Slavonic] вльна [Sanskrit] ऊर्णा [Polish] wełna [Serbo-Croatian] вуна [Ukrainian] вовна [Lower Sorbian] wałma [Czech] vlna [Slovak] vlna [Bulgarian] вълна [Old East Slavic] вълна [Latvian] vilna [Lithuanian] vilna [Ancient Greek] λῆνος [Middle English] wolle [Danish] uld [Spanish] matizar [Romanian] lână [Venetian] łana [Luxembourgish] Woll [Irish] olann [Old Irish] olann [Scottish Gaelic] olann [Norman] flianné [Belarusian] воўна [Old Prussian] wilna [Old Portuguese] lãa [Welsh] gwlân [Upper Sorbian] wołma [German Low German] Wull [Hindi] ऊन [Gothic] 𐍅𐌿𐌻𐌻𐌰 [Kachchi] ઊન [Vaghri] ઊન્ન [Hittite] 𒋠𒀸 [Kashubian] wôłna [Northern Kurdish] hirî,*h₂wĺ̥h₁neh₂,,57,646
[English] rod [English] rid,*rewdʰ-,,2,647
[Breton] rod [Cornish] ros [Old Irish] roth,*Hróth₂os,,3,648
[Danish] rod [Lower Sorbian] rod [Romanian] ram [Norwegian Bokmål] rot [Norwegian Nynorsk] rot [Swedish] rot [English] rash [English] wort [English] wort [Middle English] wort [English] root [Middle English] rote [Welsh] gwraidd [Latin] radix [English] rout [English] uproot [Italian] radice [Spanish] raíz [Faroese] rót [Icelandic] rót [Ancient Greek] ῥίζα [French] racine [Italian] ramo [Portuguese] ramo [Spanish] ramo [Finnish] yrtti [Northern Kurdish] rîş [Northern Kurdish] reh [Portuguese] raiz [Northern Kurdish] rih [French] rameau [Persian] ریشه [Catalan] arrel [Old Irish] frém [Dutch] radijs [Polish] ród [Cornish] gwreydh [Breton] gwrizienn [Norman] raichinne [Old Saxon] wurt [Middle Armenian] արգատ [Old Portuguese] rayz [Ancient Greek] ῥάδιξ [Tocharian B] witsako [Welsh] greddf,*wréh₂ds,,45,649
[Latin] lingo [English] lecherous [English] lecher [German] lecken [Silesian] Polizei [Persian] لیسیدن [Romanian] linge [Faroese] sleikja [Icelandic] sleikja [Polish] lizać [Lithuanian] laižyti [Ancient Greek] λείχω [English] lick [Old Armenian] լիզեմ [Scottish Gaelic] ligh [Russian] лизать [Old Irish] líach [Middle Dutch] slicken [Welsh] llyfu [Ancient Greek] λειχήν [Westrobothnian] slekj [Kalasha] ḷíik [Konkani] लेंव्चे [Khowar] لىٔک [Sanskrit] लिह् [Gothic] 𐌱𐌹𐌻𐌰𐌹𐌲𐍉𐌽 [Scottish Gaelic] liogh,*leyǵʰ-,,27,650
[French] mal [Spanish] mal [English] mole [English] mollusc [Norwegian Bokmål] moll [Old Irish] mall [Romanian] melc [English] muliebrity [English] blenny [Latin] malus [Latin] mollis [Old Prussian] melne [Ancient Greek] μέλος [Greek] βλάκας [Lithuanian] melas [Latvian] mēļš [Latvian] mēle [Ancient Greek] μᾶλλον [Ancient Greek] μάλα [Norwegian Bokmål] a-moll [Old Irish] millid [Latin] Meldi [Ancient Greek] μαλθακός [Lithuanian] mėlynas,*mel-,,24,651
[Serbo-Croatian] mal [Macedonian] мал [Serbo-Croatian] мал,*moh₁los,,3,652
[Swedish] mal [Old Norse] mǫlr,*molH-(y)o-,,2,653
[English] rake [English] rake [English] rake [English] rake [English] dress [Old Irish] rigid [Latin] ergo [English] rank [Irish] éirigh [German] reich [French] riche [Middle French] riche [Norman] riche [English] reckon [Faroese] ríkur [English] sortie [English] insurrection [Italian] rogo [Latin] rogo [Dutch] rekenen [German] rechnen [Manx] arree [Portuguese] reta [Latin] rectus [Scottish Gaelic] èirich [Faroese] rættur [Spanish] rogar [Latin] rogus [Ancient Greek] Ῥῆσος [Indonesian] reken [Low German] reken [Pali] uju [Portuguese] direita [Portuguese] direto [Latin] rigo [Latin] erga [Scottish Gaelic] atharraich [Irish] athraigh [Old English] racu [Old English] racu [English] adret [Lithuanian] rikis [Middle English] riken [Old English] racian [Old Armenian] ռազմ [Manx] irree [Old Irish] atreig [English] Raj [Sanskrit] ऋज् [Sanskrit] राज् [Old Irish] téit [Northern Kurdish] rêz [Old Irish] adeirrig [Kalasha] úǰak [Old High German] rahha [Sanskrit] राजति [Middle Irish] éirgid [Ancient Greek] ἀρήγω [Middle English] rixen,*h₃reǵ-,,59,654
[English] rake [Albanian] vij [German] ragen,*h₁erǵʰ-,,3,655
[English] funeral [Old English] dust [English] dock [Indonesian] tim [Albanian] dak [Swedish] dö [Latin] funus [Norwegian Bokmål] dø [Czech] dutý [Persian] دویدن [Ancient Greek] θέω [English] adwesch [Irish] díth [Albanian] dejë [Faroese] Døgg [Galician] doiro [Galician] doira [Konkani] धाव्चे [Persian] پالودن [Gothic] 𐌳𐌹𐍅𐌰𐌽 [Old Irish] doíni [Indonesian] setum [Old English] dyderian,*dʰew-,,23,656
[Latin] interior [English] intro [English] introduce [Northern Kurdish] hundur [Persian] اندر [Latin] intra [Persian] در [Hindi] अंतर [Old Gujarati] अंतर [Ancient Greek] ἔντερον [Old Armenian] ընդերք [Assamese] আঁতৰ [Old Persian] 𐎠𐎫𐎼 [Bengali] অন্তর [Indonesian] introdusir,*h₁énteros,,15,657
[English] shoe [English] chic [French] chic [Danish] sko [Norwegian Bokmål] sko [Norwegian Nynorsk] sko [Swedish] sko [Icelandic] skór [Old Norse] skór [Faroese] skógvur [Yiddish] שוך [Albanian] shkak [Indonesian] cik [German Low German] Schoh,*skek-,,14,658
[English] spell [English] spool [French] gaspiller [Albanian] fyell [Old Armenian] առասպել [Galician] gaspallo,*spel-,,6,659
[English] thy [Scots] thy [Faroese] tín [Yiddish] דײַן [Westrobothnian] dänn,*téynos,,5,660
[English] speak [West Frisian] sprekke [Albanian] shpreh,*spreg-,,3,661
[English] thunder [English] astonish,*(s)ten-,,2,662
[Cornish] why [Welsh] chi [Old Irish] sib [Irish] sibh [Lower Sorbian] wy [Polish] wy [Upper Sorbian] wy [Welsh] chwi [Czech] váš [Slovak] váš [Old Irish] síi [Italian] biavo [Breton] c'hwi [Cornish] hwi [Central Kurdish] ئێوە [Sanskrit] वस् [Sassarese] vosthru,*wos,,17,663
[English] mow [English] math [Italian] mietere [Old English] mæþ,*h₂meh₁-,,4,664
[English] when [Italian] chi [Latin] ut [Latin] qui [Latin] qui [Irish] cé [German] wo [Manx] quoi [Spanish] quien [Russian] кто [Romanian] cine [Ido] quala [Spanish] cuan [Scottish Gaelic] cò [Ancient Greek] τις [Greek] τις [Corsican] chì [Persian] چه [Central Kurdish] چ [Central Kurdish] چی [Northern Kurdish] kî [Walloon] kî [Persian] کدام [Greek] ποιος [Welsh] pwy [Breton] piv [Middle Irish] cía [Old Irish] cía [Latin] equis [Danish] hvis [Ancient Greek] πῶς [Ancient Greek] ποῖος [Ancient Greek] τίς [Portuguese] cujo [Greek] τι [Latin] qualis [Old Armenian] հի- [Ancient Greek] πού [Greek] πού [Ancient Greek] ὅπου [Ancient Greek] ποῖ [Ancient Greek] ποιός [Ancient Greek] πόθι [Ancient Greek] πῆμος [Ancient Greek] πηλίκος [Ancient Greek] πῇ [Cornish] piw [Ancient Greek] πῃ [Galician] cuxo [Northern Kurdish] kîjan,*kʷis,,50,665
[English] claque [English] klaxon [French] claquer [Latin] clango [Old English] clacu [Ancient Greek] κλάζω,*glag-,,6,666
[English] boot [Old Norse] góðr [English] batten [Old Irish] buide [Irish] babhta [Welsh] bodd [Albanian] betë,*bʰed-,,7,667
[English] bright [Ukrainian] береза,*bʰerHǵ-,,2,668
[English] chin [Afrikaans] kin [Dutch] kin [Afrikaans] ken [English] kemp [Norwegian Bokmål] kinn [Norwegian Nynorsk] kinn [Gaulish] gena [Sanskrit] हनु [Irish] gionach [Scottish Gaelic] gionach [Persian] چانه [Persian] زنخ [Middle Dutch] kinne [French] quenotte [Romanian] geană [Middle English] chyn [Welsh] gên [Alemannic German] Chimmi [Ancient Greek] ἀζήν,*ǵénus,,20,669
[English] then [English] than [Latin] tum,*tóm,,3,670
[English] though [Sanskrit] च [Latin] -que [Kalasha] že [Albanian] dhe [Mycenaean Greek] 𐀤 [Ancient Greek] τε [Phrygian] κε [Northern Kurdish] jî [Oscan] -𐌐𐌄 [Venetic] -𐌊𐌅𐌄 [Old Persian] -𐎨𐎠 [Avestan] 𐬗𐬀 [Ashokan Prakrit] 𑀘 [Old Irish] -ch- [Tocharian B] -k(ä) [Celtiberian] -kue,*-kʷe,,17,671
[Hunsrik] sin [Alemannic German] sinh [Alemannic German] sii [Central Franconian] senn [Central Franconian] zieë [Alemannic German] ŝchi,*es-,,6,672
[English] bag [Hindi] बैग,*bʰak-,,2,673
[English] bread [English] bridge [French] brûler [Swedish] brygga [German] brühen [Latin] fermentum [Vilamovian] bryk [Marshallese] būreej,*bʰerw-,,8,674
[English] basket [Cebuano] basket [English] fascia [English] bast [Faroese] bast [Galician] vasallo [Spanish] hacinar [Latin] fascis [Albanian] bashkë [French] faix [Galician] feixe [Galician] vascullo,*bʰask-,,12,675
[English] coat [Hindi] कोट,*gʷewd-,,2,676
[English] cell [Latin] cella [Serbo-Croatian] ћелија [Serbo-Croatian] ćelija,*ḱelneh₂,,4,677
[English] proven [English] prove [Italian] probo [Old English] profian,*pro-bʰuH-s,,4,678
[English] put [Old Armenian] պտուկ,*bud-,,2,679
[Scottish Gaelic] put [Galician] pote [English] pout [Latvian] buča,*bu-,,4,680
[English] stay [German] Stadt [English] stead [Norn] sta [Afrikaans] stad [Dutch] stad [Norwegian Bokmål] stad [Norwegian Nynorsk] stad [Swedish] stad [English] shtetl [Old High German] stat [Faroese] staður [Norwegian Bokmål] Fredrikstad [Yiddish] שטאָט [Ancient Greek] στάσις [Hunsrik] xtat [Sanskrit] स्थिति [Gothic] 𐍃𐍄𐌰𐌸𐍃 [English] anhypostasia [Assamese] থিয় [Polish] sztetl [Scots] steid [Westrobothnian] stȧ [Norwegian Bokmål] abasi-astasi,*stéh₂tis,,24,681
[English] stay [Irish] teach [Breton] ti [Cornish] chi [English] staccato [English] thatch [Latin] telum [Latin] tego [Latin] tegula [Lower Sorbian] stog [Ancient Greek] στέγος [Welsh] tŷ [Catalan] estaca [Galician] estaca [Spanish] estaca [Italian] staccare [Cornish] chy [Polish] cegła [Italian] distaccare [Arabic] تاج [Persian] تاج [Latin] tugurium [Galician] teito [Ancient Greek] τέγος [Middle Persian] tʾht' [Hindi] ठग [Polish] sztacheta [Hindi] तख़्त [English] sea stack [Russian] штакет [German] Staket [Old Irish] étiud [Icelandic] stakket [Irish] clúdach [Polish] dekować,*(s)teg-,,35,682
[English] stay [Middle English] stay,*stek-,,2,683
[Middle English] stay [English] stour [Danish] stund [Faroese] stund [Old English] stund [Swedish] stund [Latvian] stāds [Westrobothnian] stånn [Lithuanian] stovėti,*stā-,,9,684
[Romansch] said [Catalan] set [Occitan] set [Romansch] set [Romansch] seit [Romansch] seid [Spanish] sed [Sardinian] sidi [French] soif [Italian] sete [Romanian] sete [Latin] sitis [Portuguese] sede [Ancient Greek] φθίσις [Sanskrit] क्षिति,*dʰgʷʰítis,,15,685
[English] ride [Albanian] rrjedh,*Hreydʰ-,,2,686
[English] rise [English] raise [English] rear [Dutch] rijzen [Faroese] rísa [Icelandic] rísa [Old Norse] rísa [German] reisen [English] rithe,*h₁rey-,,9,687
[English] saw [Malay] saga [Old English] saga [Faroese] søga,*sekʷe-,,4,688
[English] shake [Low German] schaken [Polish] szejk,*(s)keg-,,3,689
[English] shed [Breton] skoed [Irish] sciath [English] shide [Irish] sceith [Middle English] scheden [Yiddish] שייטל,*skeyt-,,7,690
[English] ring [Polish] ring [French] harangue [English] arrange [Faroese] ringur [Galician] renque [Indonesian] langsir,*(s)krengʰ-,,7,691
[French] bourgeois [Ancient Greek] φρίξ,*bʰr̥ǵʰs,,2,692
[English] browse [English] breast [English] bruise [Afrikaans] bors [Icelandic] brjóst [Old Norse] brjóst [Swedish] bröst [Old English] breost [Faroese] bróst [Dutch] borst [Old Norse] brjósk [Danish] bryst [Norwegian Bokmål] bryst [Norwegian Nynorsk] bryst [Norwegian Bokmål] brynje [West Frisian] boarst [Latin] frutex [Gothic] 𐌱𐍂𐌿𐍃𐍄𐍃 [Albanian] breshër [Scots] breest [Faroese] brósk [Latin] bruscum [Norwegian Bokmål] lærbrynje [Albanian] mbrus,*bʰrews-,,24,693
[English] stevedore [Latin] stipes [Cebuano] estebedor,*steypos,,3,694
[English] stevedore [Dutch] stip [English] stipend [English] etiolated [Latin] stipula [Latin] stips [Latin] stipo [Cebuano] estebedor [Latin] stipulus,*steyp-,,9,695
[English] freight [English] own [English] fraught [Sanskrit] ईश् [Sanskrit] ईश [Sanskrit] ऐश्वर्य [Northern Sami] áittar,*h₂eyḱ-,,7,696
[English] set [Indonesian] set [Dutch] zetten [Faroese] seta [Old Norse] setja [Old Frisian] setta [Polish] sadzić,*sodéyeti,,7,697
[English] shut [English] sheet [Faroese] skjóta [Icelandic] skjóta [Old Norse] skjóta [Swedish] skjuta [Crimean Gothic] schieten [Dutch] schieten [Middle Dutch] schieten [German] Schütze [German] schützen [Portuguese] chuto [Ancient Greek] Σκύθης [Norwegian Bokmål] skyte [Afrikaans] skiet [Swedish] sköte [Old Persian] 𐎿𐎢𐎦𐎢𐎭 [Danish] skyde [Albanian] hedh [Yiddish] שיסן [Cebuano] siyot [Dutch] schutten [Sanskrit] चुद् [Indonesian] sekip [Ukrainian] скіф,*(s)kewd-,,25,698
[Catalan] sang [French] sang [Ladino] sangre [Old Spanish] sangre [Spanish] sangre [Latin] sanguis [Italian] sangue [Portuguese] sangue [English] sanguine [Romanian] sânge [Old French] estanchier,*h₁sh₂-én-,,11,699
[English] slay [English] sly [Old Irish] slice [English] slaughter [Norwegian Bokmål] slå [Norwegian Nynorsk] slå [Swedish] slå [Old High German] slahan [Icelandic] slá [Old Norse] slá [Faroese] sláa [Scottish Gaelic] slac [Gothic] 𐍃𐌻𐌰𐌷𐌰𐌽 [Westrobothnian] ṣlô,*slak-,,14,700
[English] slew [English] slogan,*slowgʰos,,2,701
[Old High German] sat [English] sad [Middle English] sad [Old Saxon] sad [English] sate [English] sade [Esperanto] sati [Dutch] zat [Old Norse] saðr [Old English] sæd [German] satt [Ancient Greek] ἄω [English] insatiate [Latin] sagina [Ancient Greek] ἁδρός [Sanskrit] असिन्व [Sanskrit] सिन्व [Ancient Greek] ἄση [Yiddish] זאַט,*seh₂-,,19,702
[English] show [Polish] show [Scots] shaw [English] sheen [Faroese] skoða [Icelandic] skoða [German] schauen [Ukrainian] чути [Latin] caveo [Russian] чуять [Ancient Greek] κῦδος [Polish] chować [Dutch] schouwen [Middle English] schewen [Prakrit] 𑀓𑀇 [Ancient Greek] κοέω [Avestan] 𐬐𐬀𐬎𐬎𐬌,*(s)kewh₁-,,17,703
[English] speed [French] espérer [English] prosper [Asturian] esperar [Catalan] esperar [Galician] esperar [Occitan] esperar [Portuguese] esperar [Spanish] esperar [Esperanto] esperi [Italian] sperare [Portuguese] espera [Latin] spero [Latin] spero [Russian] успех [Latin] prosperus [Romanian] spaț [Norman] espéther [Norman] espéraïr [Albanian] fuqi [German] sputen,*speh₁-,,21,704
[English] split [English] splint [Scots] fliss [Ancient Greek] σπέλεθος,*(s)pley-,,4,705
[English] spin [Albanian] pe [English] panic [English] spangle [Lithuanian] pinti [Ancient Greek] πόνος [Latin] panicum [Latvian] pīt [Ancient Greek] πήνη [Old English] spiþra [Ancient Greek] πένομαι,*(s)penh₁-,,11,706
[Romanian] spin [Latin] spica [English] spike [Swedish] spik [Portuguese] espinha [French] épine [Italian] spina [Latin] spina [English] spile [Persian] اسفناج [Spanish] espina [Ancient Greek] σπιδνός [Ancient Greek] σπίζω [Persian] سنجد [Dutch] spijker [Latin] cuspis [Walloon] spene [Ossetian] ӕфсир,*spey-,,18,707
[English] strew [English] instrumental [English] strain [English] stripling [Latin] struo [Russian] стройка [Latin] strues [Russian] индустрия [Alemannic German] streuwe,*strew-,,9,708
[English] stink [English] stench [Latin] stinguo [Welsh] gostwng,*stengʷ-,,4,709
[English] spread [English] fry [English] spurt [Swedish] frö [English] spraddle [Old English] sprædan [Old English] spryttan,*(s)per-,,7,710
[English] stiff [Polish] sztywny,*steypós,,2,711
[English] spit [Westrobothnian] spiit,*spid-,,2,712
[English] swing [English] swink [Old English] swincan,*sweng-,,3,713
[English] swim [Middle English] swathe [Icelandic] svæði [Old English] swican [English] swath [Old English] swæþ [German] Schwade,*swem(bʰ)-,,7,714
[English] stick [Indonesian] stimulus [Latin] stimulus [English] ticket [English] stitch [English] style [English] etiquette [Galician] tirar [Portuguese] estilo [English] thistle [English] instigator [Indonesian] teja [Malay] teja [English] stickle [Old High German] stecko [Old English] sticca [Russian] стекло [Persian] تیز [Latin] stiva [Indonesian] tiket [Ancient Greek] τίγρις [Swedish] sticka [Latin] instigo [Middle English] stikke [Indonesian] stilus [Latin] stilus [Ancient Greek] στίζω [Hindi] तीखा [Hindi] टिकट [Latvian] stigt [Yiddish] שטעכן [Sanskrit] तेजते [Urdu] تیکھا [Ossetian] цыргъ [Kashubian] skło,*(s)teyg-,,35,715
[English] stick [Indonesian] etiket [French] étiquette,*(s)tig-,,3,716
[English] tore [Irish] do- [Old Irish] do- [Persian] دژ [Persian] دزد [Persian] دشمن [Sanskrit] दुष्यति [Ancient Greek] δυσ- [Old Armenian] դժ- [Faroese] tor- [Icelandic] tor- [Sanskrit] दुस्- [Gothic] 𐍄𐌿𐌶- [Welsh] dy- [Norwegian Bokmål] dyskalkuli [Persian] دشنام [Telugu] దుస్-,*dus-,,17,717
[English] string [English] strong [English] stronghold [Latin] stria [Icelandic] strangur [Old Norse] strangr [Old English] strang [Westrobothnian] strang [Old Norse] strengr [Icelandic] strengur [Danish] streng [Dutch] streng [Dutch] streng [German] streng [Old English] streng [German] Strang [Old High German] strangi [Latin] striga [Galician] trinca [Swedish] sträng [Swedish] sträng [Westrobothnian] sträng [Faroese] strongur [Ancient Greek] στραγγός [Galician] estrinque [Polish] strąga,*strengʰ-,,26,718
[Danish] torn [Faroese] torn [Norwegian Bokmål] torn [Norwegian Nynorsk] torn [Swedish] torn [English] thorn [Middle English] thorn [Sanskrit] तृण [German] Thorn [Old Norse] þorn [German] Dorn [Icelandic] þyrnir [Old Norse] þyrnir [Czech] trn [Serbo-Croatian] trn [Serbo-Croatian] трн [Swedish] törne [Komi-Permyak] турун [Udmurt] турын,*tr̥nós,,19,719
[English] strike [English] stroke [Italian] stringere [Latin] stria [French] tricoter [English] streak [Latin] striga [Latin] strix [Dutch] strijken [Latin] stringo [Serbo-Croatian] strići [French] étreindre [Spanish] estreñir [Westrobothnian] strim [Portuguese] estresse [Alemannic German] Striche [Romanian] strânge [Afrikaans] strik [Dutch] strik [Serbo-Croatian] стрићи [Polish] stryk [Swedish] strimma [Latin] strigosus [Norman] êtrait [Russian] стричь [Low German] strieken [Polish] strzyc [Indonesian] strok [Galician] estarricar [Danish] stribe [Galician] estriga [Galician] estrigar,*streyg-,,32,720
[English] wake [English] humid [Westrobothnian] vak [Icelandic] vökvi [Latin] umeo [Ancient Greek] ὑγρός [English] weaky [Latvian] vēdzele [Latin] uvidus [Albanian] vogë [Old Norse] vǫkr [Old Norse] vǫk [Sanskrit] उक्षति,*wegʷ-,,13,721
[Spanish] limo [Ancient Greek] λισσός [Welsh] llyfn,*(s)ley-,,3,722
[English] shape [Albanian] hap [Russian] копьё [English] scoop [Czech] kopec [Czech] kopat [Russian] окоп [Ancient Greek] κόπτω [Old Church Slavonic] копати [Old Church Slavonic] скопити [Old Armenian] կոպ [Russian] копать [Old English] gesceap [Latvian] cepure [Persian] قبا [Dutch] schape [Polish] kopiec [Latvian] kapāt [Russian] копить [German] Caban [Westrobothnian] skäp [Lithuanian] kepurė [Persian] شکافتن [Kashubian] kòpac,*(s)kep-,,24,723
[Swedish] bi [Norwegian Bokmål] bie [Icelandic] bý,*bʰī-,,3,724
[English] cook [English] kitchen [Italian] cuocere [French] cuire [Old French] cuire [Swedish] kök [Persian] پختن [Catalan] coure [Irish] cistin [Serbo-Croatian] пећи [Portuguese] cozer [Old English] coc [Danish] koge [Romanian] coace [Tajik] пухтан [Welsh] poeth [Norman] tchuîsinne [Norman] cuisaenne [Tocharian A] päk- [Tocharian B] päk- [Lower Sorbian] pjac [Zazaki] pewtene [Welsh] coginio [Latvian] cept [Czech] pečárka [Lithuanian] kepti [Sanskrit] पच् [Kalasha] pačék [Latin] Copori [Sardinian] coghere [Sardinian] cochere [Ossetian] фыцын,*pekʷ-,,32,725
[English] round [English] round,*(e)rewə-,,2,726
[English] cloth [German] klettern [German] Klette [German] Kleid [Yiddish] קלייד,*gleyt-,,5,727
[Irish] cloth [Old Irish] cloth [Old Armenian] լու,*ḱlutós,,3,728
[English] bottle [Romanian] fag [English] bower [English] trebuchet [Latin] favus [Swedish] buk [Italian] favo [Portuguese] favo [English] bouk,*bʰōw-,,9,729
[English] comb [Danish] kam [Swedish] kam [Czech] zub [Lower Sorbian] zub [Serbo-Croatian] zub [Slovak] zub [Galician] gonzo [Portuguese] gonzo [Bulgarian] зъб [English] zubr [Czech] zubr [Upper Sorbian] zubr [Persian] دم [Belarusian] зуб [Russian] зуб [Rusyn] зуб [Serbo-Croatian] зуб [Ukrainian] зуб [Finnish] kampa [Finnish] hammas [German] Kamm [Kashubian] ząb [Polish] ząb [Ancient Greek] γόμφος [Greek] γόμφος [Votic] ammaz [Old Church Slavonic] зѫбъ [Sanskrit] जम्भ [Faroese] kambur [Icelandic] kambur [Old Norse] kambr [Veps] hambaz [Albanian] dhëmb [Yiddish] קאַם [Lithuanian] žambas [Livonian] āmbaz [Pashto] ژامه [Tocharian B] keme [Upper Sorbian] žubr [Hindi] जबड़ा [Marshallese] kuum̧ [Marathi] जबडा [Silesian] zōmb [English] tryzub,*ǵómbʰos,,45,730
[English] change [French] changer [Old English] gombe [Galician] cambito [Norman] chànge [Picard] canger,*(s)ḱambos,,6,731
[English] brain [Ancient Greek] βρέγμα,*mregʰ-,,2,732
[English] heron [Faroese] hegri [Icelandic] hegri [Serbo-Croatian] krik [Welsh] crëyr,*(s)kreik-,,5,733
[English] by [Irish] ar [Latin] ob [English] betray [Latin] optimus [Limburgish] bie [Latin] operio [Sanskrit] अपि [English] epitrachelion [Ancient Greek] ἐπί [English] be- [German] be- [Irish] iarr [Norwegian Bokmål] aften [Lithuanian] apie [Latvian] ap- [Lithuanian] ap- [Swedish] afton [Old Armenian] և [Albanian] epër [Irish] fiafraigh [Ancient Greek] ὀψέ [Yiddish] באַ־ [Limburgish] béï,*h₁epi,,24,734
[English] cake [English] quiche [French] quiche [Polish] quiche [Northern Kurdish] gog [Swedish] kaka [Swedish] kex [Irish] cáca [Cebuano] keyk,*gog-,,9,735
[English] care [English] slogan [English] chary [Irish] gair [Latin] garrio [Irish] gáir [Latin] Germanus [Irish] fógra [Old English] ceorian [Old Irish] gairid [Swedish] gorma [Middle Irish] gerán [Irish] fógair [Scottish Gaelic] gàir [Old Irish] fogur,*ǵeh₂r-,,15,736
[English] ball [English] balloon [Swedish] boll [Italian] palla [Portuguese] bala [Icelandic] böllur [Old Norse] bǫllr [Marshallese] baļwūn [Marshallese] baļuun,*bʰoln-,,9,737
[English] iron [German] Eisen [Dutch] ijzer [Icelandic] járn [Jamtish] járn [Norwegian Bokmål] jern [Irish] iarann [Scottish Gaelic] iarann [Faroese] jarn [Swedish] järn [Tocharian A] ysār [Tocharian B] yasar [Sanskrit] असृज् [Ancient Greek] ἔαρ [Limburgish] iezer [Old Armenian] արիւն [Old Irish] íarn [Breton] houarn [Middle Welsh] haearn [Welsh] haearn [Afrikaans] yster [Marshallese] aen [Vilamovian] ajza [Hittite] 𒂊𒌍𒄯 [Latin] assaratum [Jersey Dutch] äize,*h₁ésh₂r̥,,26,738
[English] stork [Middle English] stork [Faroese] storkur [Icelandic] storkur [Ancient Greek] πελαργός,*sr̥ǵos,,5,739
[Dutch] worden [Latin] verto [English] ambiversion [Old Norse] verða [Old English] weorþan [English] Versailles [French] Versailles [English] animadvert [Galician] verter [Portuguese] verter [Spanish] verter [North Frisian] wurd [Gothic] 𐍅𐌰𐌹𐍂𐌸𐌰𐌽 [Yiddish] ווערן [Russian] вращать [Pennsylvania German] waerre [Old High German] werdan,*wértti,,17,740
[Dutch] base [Middle English] base [English] basis [Dutch] basis [Norwegian Bokmål] abasi [Sanskrit] गति [Dutch] komst [Hebrew] בסיס [Ancient Greek] βάσις [Greek] βάση [Telugu] గతి [Norwegian Bokmål] abasi-astasi,*gʷémtis,,12,741
[English] belly [Swedish] bolster [English] budget [English] foolhardy [Faroese] bylgja [Icelandic] bylgja [Old Norse] bylgja [Danish] bælg [German] Polster [Old Norse] bólgna [Persian] بالش [Danish] bølge [Norwegian Bokmål] bølge [Ossetian] баз [Old Irish] bolg [Sanskrit] बर्हिस् [Serbo-Croatian] блазина [Serbo-Croatian] blazinja [Serbo-Croatian] блазиња [Swedish] bölja [Albanian] bulçi [Old Norse] bólginn [Norwegian Nynorsk] bylgje [Latin] Belgae [Lithuanian] balnas [Old Norse] belgja [Middle English] folehardy [Cebuano] badyet [Old Norse] belgr [Old Norse] bólstr [Assamese] বালিছ [Bakhtiari] بالشت [Sanskrit] बर्जह [Sanskrit] बर्जह्य [Irish] buiséad [Swedish] bälg [Swedish] bälga,*bʰelǵʰ-,,37,742
[French] vif [English] quick [Irish] beo [German] keck [Manx] bea [Cebuano] bibo [Irish] beatha [Scottish Gaelic] beatha [Italian] vivo [Portuguese] vivo [Spanish] vivo [Swedish] kvick [Old English] cwic [Catalan] viu [Romanian] viu [Old High German] quec [Old Norse] kvikr [Finnish] kiivas [Czech] živý [Slovak] živý [Serbo-Croatian] živ [Polish] żywy [Persian] جیوه [Faroese] kvikur [Icelandic] kvikur [Latin] vivus [Macedonian] жив [Serbo-Croatian] жив [Old Irish] béo [Welsh] byw [Ukrainian] живий [Lithuanian] gyvas [Sanskrit] जीव [Belarusian] жывы [Lower Sorbian] žywy [Middle English] quik [Arabic] زئبق [Oscan] 𐌁𐌉𐌅𐌖𐌔 [Assamese] জীৱ [Balinese] ᬚᬶᬯ [Oriya] ଜୀବ [Ligurian] vîvo [Old Irish] bethu [Old Persian] 𐎪𐎡𐎺 [Gaulish] Biatec [Avestan] 𐬘𐬬𐬀,*gʷih₃wós,,46,743
[Afrikaans] vel [Dutch] vel [Indonesian] pel [Jersey Dutch] vääl,*pello-,,4,744
[Norwegian Bokmål] vel [Norwegian Nynorsk] vel [Old Norse] vel [English] well [English] will [English] will [English] will [Latin] volo [Italian] volere [French] vouloir [Italian] gala [English] wale [Scots] wale [English] gallant [Danish] ville [Norwegian Bokmål] ville [Ido] volar [English] voluptuary [English] volition [Catalan] voler [German] wohl [Swedish] väl [Faroese] vilja [Icelandic] vilja [Norwegian Nynorsk] vilja [Old Norse] vilja [Swedish] vilja [Dutch] willen [German] wollen [Dutch] wel [Old English] wel [English] well-nigh [Romanian] voie [Serbo-Croatian] volja [Slovene] volja [Jamtish] vili [Westrobothnian] vili [Irish] fáilte [German] Wille [Faroese] velja [Icelandic] velja [Norwegian Nynorsk] velja [German] wählen [Low German] wählen [Walloon] voleur [Serbo-Croatian] velim [Afrikaans] wil [Faroese] væl [Czech] vůle [Romanian] vrea [Bulgarian] воля [Russian] воля [Ukrainian] воля [Sanskrit] वृणोति [Ancient Greek] ἔλδομαι [Old French] galer [Serbo-Croatian] воља [Old Armenian] գեղձ [West Frisian] wolle [Persian] باور [Slovak] vôľa [Sanskrit] वर [Serbo-Croatian] велим [Sanskrit] वर्ण [Ido] voluntar [Gothic] 𐍅𐌹𐌻𐌾𐌰𐌽 [Gothic] 𐍅𐌰𐌹𐌻𐌰 [English] wiln [Manx] failt [Lower Sorbian] wjele [Albanian] vallë [Latin] Volumnus [Persian] برم [Sanskrit] वरिष्ठ [Ligurian] voéi [Sardinian] bolere [Old Church Slavonic] волꙗ [Sudovian] wułd,*welh₁-,,78,745
[English] lake [English] leak [Scottish Gaelic] leagh [Manx] lheie [Welsh] llaith [Irish] leáigh [Old Norse] lœkr [Old Irish] legaid,*leg-,,8,746
[English] acorn [Tocharian B] oko [Czech] jahoda [Slovak] jahoda [Upper Sorbian] jahoda [Latvian] oga [Lower Sorbian] jagoda [Polish] jagoda [Serbo-Croatian] jagoda [Slovene] jagoda [Macedonian] јагода [Serbo-Croatian] јагода [Old English] æcern [Gothic] 𐌰𐌺𐍂𐌰𐌽 [Lithuanian] uoga [Welsh] eirin [Belarusian] ягада [Irish] airne [Scots] aicorn,*h₂ógeh₂,,19,747
[English] door [Breton] dor [Russian] дверь [Latin] foris [Sanskrit] द्वार् [Welsh] drws [Albanian] derë [Ossetian] дуар [Welsh] dôr [Belarusian] дзверы [English] Nanterre [French] Nanterre [Latin] Augustodurum [Sanskrit] दुरोण [Sanskrit] दुर्योण [Sanskrit] दुर [Sanskrit] दुर् [Sarikoli] dvɛr [Polish] dźwierze [Avestan] 𐬛𐬎𐬎𐬀𐬭𐬆𐬨,*dʰwṓr,,20,748
[English] dry [English] dry [German] trocken [Old English] dryge [Low German] dröög [Yiddish] טרוקן [Pali] ḍaḷha,*dʰerǵʰ-,,7,749
[Albanian] end [Old Armenian] անդ,*h₂endʰ-,,2,750
[English] flat [English] flat [Latin] latus [English] flan [English] place [English] plat [Latin] later [English] plantain [English] flet [Old English] flett [English] flathe [Latvian] plauksta [Russian] плюсна [Ancient Greek] πλάθανον [Kashubian] plecë,*pleth₂-,,15,751
[Swedish] flat [Middle English] flet [Old English] flet [Hungarian] piac [Czech] plac [Danish] flad [Norwegian Nynorsk] plass,*plat-,,7,752
[English] falcon [French] faucon [Maltese] falkun,*pol̑-,,3,753
[English] kestrel [Norwegian Bokmål] krok [Old French] croc [English] crouch [English] crochet [Swedish] kräkas [French] craquer [Italian] crocco [Latvian] gredzens,*gerg-,,9,754
[Dutch] rooster [English] roast [Italian] arrostire [German] Geräusch [Middle Dutch] roosten,*rews-,,5,755
[Latin] apex [Latin] Apulia [English] ape [Aragonese] ibón [Spanish] ibón [Northern Kurdish] av [Tajik] об [Portuguese] Ave [Persian] آب [Latvian] upe [Latin] apo [Sudovian] upa [Latin] apio [Baluchi] آپ [Irish] abhainn [Scottish Gaelic] abhainn [Ancient Greek] Ἀσωπός [Luwian] 𒄩𒀀𒁉𒅖 [Lithuanian] upė [Sanskrit] अप् [Latin] amentum [Danish] fiske [Old Persian] 𐎠𐎱𐎡𐎹𐎠 [Hittite] 𒄩𒉺𒀀 [Tocharian A] āp [Tocharian B] āp [Manx] awin [Latin] amnis [Old French] Amiens [Middle Persian] ʾp̄ [Avestan] 𐬀𐬞 [Oscan] 𐌀𐌀𐌐𐌀 [Central Kurdish] ئاو [Ancient Greek] Ἰνωπός [Bactrian] αββο [Latin] Abdua [Latin] Salapia [Latin] Axona [Norwegian Bokmål] ablegøye [Galician] Asenso [Galician] Asma [Norwegian Bokmål] aberdeen angus [Norwegian Bokmål] ablefynte,*h₂ep-,,43,756
[English] penis [Danish] penis [Dutch] penis [Ancient Greek] πέος [Sanskrit] पसस् [Irish] péineas [German] Fasel [Old English] fæsl,*pes-,,8,757
[English] rumour [English] rumor [Latin] rumor [Old Norse] rún [Ancient Greek] ῥυμός [Ancient Greek] ῥύσιον [Ancient Greek] ῥύμη [Ancient Greek] οὐρός,*rewH-,,8,758
[English] swallow [Swedish] svälja [Westrobothnian] schwȯhli,*swelk-,,3,759
[English] sparrow [Faroese] spurvur [Latin] parra [Old Norse] spǫrr [Ancient Greek] ψάρ,*spḗr,,5,760
[Latin] ibex [German] Efeu,*(h₁)ebʰ-,,2,761
[English] owl [Old English] ule [German] Eule [Faroese] ugla [Icelandic] ugla [Swedish] uv [Swedish] uggla [Danish] ugle,*up-,,8,762
[English] dromedary [Catalan] dormir [French] dormir [Portuguese] dormir [Spanish] dormir [English] trap [Dutch] trap [Italian] dormire [Ancient Greek] δρόμος [German] Treppe [Faroese] trappa [Swedish] trappa [Catalan] trampa [Spanish] trampa [Swedish] trampa [Sanskrit] द्रायति [Ancient Greek] δαρθάνω [Latin] dormio [Danish] trappe [French] trappe [Middle English] trappe [Old French] trape [Luxembourgish] Trap [English] hemerodrome [Albanian] vdjerr [Latin] Druma [Latin] Truentus [Yiddish] טרעפּ [Sardinian] drommire,*drem-,,29,763
[English] beaver [Latin] beber [Middle English] bever [Latin] fiber [German] Biber [Czech] bobr [Lower Sorbian] bobr [Polish] bóbr [Swedish] bäver [Bulgarian] бобър [Lithuanian] bebras [Russian] бобр [Faroese] bævur [Slovene] bober [Old French] bievre [French] bièvre [Irish] béabhar [Latvian] bebrs [Avestan] 𐬠𐬀𐬡𐬭𐬀 [Middle Persian] bplk' [Sanskrit] बभ्रु [Slovak] bobor [Icelandic] bifur [Old English] befer [Norwegian Nynorsk] bjor,*bʰébʰrus,,25,764
[English] otter [Dutch] otter [Middle Dutch] otter [Westrobothnian] otter [Swedish] utter [German] Otter [Faroese] otur [Icelandic] otur [Danish] odder [Corsican] lontra [Galician] lontra [Sanskrit] उद्र [Ancient Greek] ὕδρος [Ossetian] уырд [Ossetian] урдӕ [Manx] ouyr [Old Irish] odur [Middle English] oter [Norwegian Nynorsk] oter [Telugu] ఉద్రము [Hindi] ऊद [Avestan] 𐬎𐬛𐬭𐬀 [Assamese] উদ [Old English] otor [Sauraseni Prakrit] 𑀉𑀤𑁆𑀤 [Old Norse] otr,*udrós,,26,765
[English] lynx [English] low [English] lunar [French] lune [English] risk [English] lux [Dutch] los [Czech] luna [Latin] luna [Spanish] luna [English] alight [English] alight [Portuguese] lua [German] Licht [English] levin [Norwegian Nynorsk] loge [Welsh] lleuad [Middle Persian] lwc [Esperanto] luno [Ido] luno [Dutch] licht [Dutch] licht [German] licht [Hunsrik] licht [Middle Dutch] licht [Middle Dutch] licht [English] limn [Old Norse] logi [English] illustrious [Old Norse] ljós [Albanian] Leka [Swedish] låga [English] luminary [Ancient Greek] λευκός [Greek] λευκός [Old English] leoma [Old English] leoht [Old English] liehtan [Old Irish] lon [Romanian] lună [English] lown [Swedish] ljus [Swedish] ljus [English] illumine [Latin] Luca [Faroese] logn [Icelandic] logn [Old Norse] logn [Gaulish] leux [Aromanian] lunã [Slovene] luč [Icelandic] lón [Polish] ryś [Sanskrit] रोचते [Persian] روزگار [Ancient Greek] ἤλεκτρον [English] leam [Latvian] lauks [Albanian] lakuriq [Galician] lóstrego [Persian] افروختن [Icelandic] lygn [Welsh] golau [Latin] lucubro [Persian] رشت [Russian] рысь [Latin] luscus [Venetian] łuna [Vilamovian] łicht [Venetian] łuxe [Persian] رخش [Luxembourgish] Liicht [English] lumination [Baluchi] روچ [Old Saxon] liomo [Albanian] loqe [Sanskrit] लोचन [Yiddish] ליכט [Tocharian A] luk- [Tocharian B] luk- [Middle Persian] 𐭩𐭥𐭬 [Latin] Lucania [Albanian] lluke [Swedish] ljungeld [Portuguese] lobrigar [Slovak] lúč [Lithuanian] laukas [Sanskrit] रुच् [Istro-Romanian] lurĕ [Breton] gouloù [Albanian] lekë [Polish] łuczywo [Gothic] 𐌻𐌰𐌿𐌷𐌼𐌿𐌽𐌹 [Old Irish] foilsigidir [Sanskrit] लोक् [Galician] alustro [Galician] relusco [Galician] aluscar [Galician] relustro [Hittite] 𒇻𒊌𒅗𒊑 [Hittite] 𒇻𒊌𒆠𒄑𒍣 [Indonesian] rezeki [Ancient Greek] λοῦσσον [Welsh] adlewyrchu [Ancient Greek] Λούκιος [Ossetian] рухс,*lewk-,,106,766
[English] hare [English] hazy [Latin] canus [Sanskrit] शश [Welsh] ceinach [Old Prussian] sasnis,*ḱeh₂s-,,6,767
[English] fox [Alemannic German] Fuchs [German] Fuchs [Yiddish] פֿוקס [Alemannic German] fuks [Polish] fuks [Alemannic German] fòcks [Alemannic German] fuksch [Alemannic German] Fugs,*púḱsos,,9,768
[Swedish] krok [Norwegian Bokmål] gruppe [English] cram [English] crate [English] crouch [English] cripple [English] grapple [English] crutch [English] crinkle [German] Krähe [Norman] crampe [Old French] crampe [Faroese] krúpa [Swedish] krypa [French] grappe [Italian] gregge [Middle English] crucche [Icelandic] krjúpa [Old Norse] krjúpa [English] croche [French] croche [French] grappin [Indonesian] krat [Italian] gremire [Albanian] nguroj [Ancient Greek] γρύψ [Norwegian Bokmål] abelsk gruppe,*ger-,,27,769
[English] mole [Middle Dutch] mol,*molg-,,2,770
[English] mole [Middle Dutch] mol,*(s)melw-,,2,771
[Portuguese] mole [Catalan] moll [Norwegian Bokmål] moll [Spanish] muelle [Russian] молодой [Latin] mollis [Old Church Slavonic] младъ [Polish] młody [Old Prussian] maldai [Sanskrit] मृदु [Romanian] moale [Cornish] melhwes [Welsh] malwod [Breton] melc'hwed [Ancient Greek] βλαδύς [Norwegian Bokmål] a-moll [Ancient Greek] ἀμβλύς,*ml̥dus,,17,772
[Albanian] bir [Albanian] bush [Albanian] bush,*bʰuH,,3,773
[Old Irish] bir [English] brew [English] broth [Latin] brado [English] bourbon [Galician] brasa [Swedish] brasa [Spanish] hervir [Old High German] brato [Norwegian Nynorsk] brygga [Italian] fervere [Norwegian Bokmål] brenne [Old Irish] topar [Latin] ferveo [Latin] frutex [English] defervesce [English] Bourbon [French] Bourbon [Irish] bruth [Old Irish] bruth [Albanian] mbruaj [Galician] burga [Gaulish] berula [English] Borvo [Latin] defrutum [Welsh] amrwd [Dutch] bronst [Latin] Furina [Latin] fretale [Old English] bryþen [French] brouet [Norwegian Bokmål] hjemmebrent [Galician] brodio [Welsh] brwd [Norwegian Bokmål] hjembrent [Albanian] mbrus,*bʰrewh₁-,,36,774
[Middle Irish] lem [English] elm [Latin] ulmus [Albanian] buli [French] orme [Romanian] ulm [Norwegian Bokmål] alm [Swedish] alm [Italian] olmo [Portuguese] olmo [Spanish] olmo [Spanish] álamo [Icelandic] álmur [Aromanian] ulmu [Latin] Lemovices [Latin] Lemavi [Galician] Lemos [Welsh] llwyf [Old Norse] almr,*h₁élem,,19,775
[Middle Irish] lem [Old Frisian] lom [Welsh] llefrith,*h₃lemH-,,3,776
[English] nit [Old Armenian] անիծ [Ancient Greek] κονίς [Albanian] thëri,*-níd-,,4,777
[English] rim [English] rind [English] rand [Old English] rand [Old English] rima,*rem-,,5,778
[Portuguese] rim [French] rein [Occitan] ren [Spanish] riñón [Ancient Greek] φρήν [Italian] rene [Romanian] rână [Catalan] ronyó [Old Norse] grunr,*gʷʰren-,,9,779
[English] heart [Afrikaans] hart [Dutch] hart [Spanish] corazón [French] cœur [Lombard] cœur [German] Herz [Hunsrik] Herz [Danish] hjerte [Norwegian Bokmål] hjerte [Lombard] coeur [Italian] cuore [Manx] cree [Macedonian] срце [Serbo-Croatian] срце [Serbo-Croatian] srce [Faroese] hjarta [Icelandic] hjarta [Old Norse] hjarta [Portuguese] coração [Swedish] hjärta [Kashubian] serce [Lower Sorbian] serce [Polish] serce [Northern Kurdish] dil [Old Polish] sierce [Hindi] हृदय [Baluchi] دل [Persian] دل [Scottish Gaelic] cridhe [Norman] tchoeu [Baluchi] زرد [West Flemish] erte [Greek] καρδιά [Old Church Slavonic] срьдьце [Polish] kier [Luwian] 𒍝𒀀𒅈𒍝 [Belarusian] сэрца [Ukrainian] серце [Lithuanian] širdis [Hittite] 𒆠𒅕 [Old Prussian] seyr [Old Irish] cride [Gothic] 𐌷𐌰𐌹𐍂𐍄𐍉 [Occitan] còr [Ancient Greek] κῆρ [Serbo-Croatian] srdačno [Ossetian] зӕрдӕ [Tamil] இதயம் [Irish] croí [Central Franconian] Hatz [Middle Dutch] herte [Middle English] herte [Old Portuguese] coraçon [Old Spanish] coraçon [Urdu] ہردی [Old Marathi] हृदा [Yiddish] האַרץ [Friulian] cûr [Norman] tchoeur [Pashto] زړه [Mozarabic] قرجون [Ido] kordio [Cebuano] Heart [Hindi] हिया [Old Marathi] 𑘮𑘵𑘟𑘰 [Assamese] হিয়া [Bengali] হিয়া [Welsh] craidd [Avestan] 𐬰𐬆𐬭𐬆𐬛 [Luwian] 𔖪𔖱𔖪 [Mòcheno] hèrz [Lombard] cœr [Bengali] হরতন [Mozarabic] קרגּון [Alemannic German] Härz,*ḱḗr,,76,780
[English] sap [English] zabaglione [Persian] هو [Latin] sapa [Latin] sabaia,*sab-,,5,781
[Middle English] sap [Ido] savar [Old English] sefa [Latin] sapio [Ancient Greek] ἰπνός [Persian] خباره [Ancient Greek] ἕπω,*sep-,,7,782
[Welsh] ir [Irish] úr [Cornish] yr [Polish] perz,*puHrós,,4,783
[Welsh] ir [English] pure [English] pious [Portuguese] puro [Irish] úr [Cornish] yr [Sanskrit] पावक [Latin] purus [Finnish] pohtia [Ancient Greek] πτύον [Persian] پاک [Prakrit] 𑀧𑀼𑀡𑀇 [Sanskrit] पू [Sanskrit] पुनाति [Khowar] پھُونىک [Gothic] 𐌹𐌽𐍆𐌴𐌹𐌽𐌰𐌽,*pewH-,,16,784
[English] join [Portuguese] juntar [Norman] joindre [Finnish] joukko [Lithuanian] jautis [Hebrew] זוג [Romanian] ajunge [Slovak] joga [Portuguese] ioga [Hindi] योजना [Greek] ζευγάρι [Ancient Greek] ζεύγνυμι [Burmese] ယောဇနာ [Arabic] ز و ج [Gujarati] જોડવું [Ancient Greek] ζεῦγος [Old Norse] eykr [Marathi] जोडणे [Sanskrit] युग्य [Sanskrit] युज् [Sanskrit] युक्ति,*yewg-,,21,785
[English] dark [Irish] dearg [Scottish Gaelic] dearg [Tocharian A] tärkär [Tocharian B] tarkär [English] terne [Old Irish] derg [Lithuanian] dergėti,*dʰerg-,,8,786
[English] true [Old Irish] derb [Albanian] droshë,*drewh₂-,,3,787
[English] shallow [English] skeleton [English] shoal [German] schal [Afrikaans] skelet [Dutch] skelet [Ancient Greek] σκληρός [German] hellig,*(s)kelh₁-,,8,788
[English] narrow [Dutch] naar [Old English] nearu,*(s)ner-,,3,789
[English] long [French] long [Old Frisian] long [Danish] lang [Old English] lang [Faroese] langur [Icelandic] langur [French] longtemps [Latin] longus [Swedish] lång [Yiddish] לאַנג [Persian] درنگ [Bengali] দেরেঙ্গ,*dlongʰos,,13,790
[English] long [English] lung [German] Lunge [Danish] lunge [Norwegian Bokmål] lunge [Norwegian Nynorsk] lunge [Latvian] lanka [Faroese] lunga [Icelandic] lunga [Swedish] lunga [Russian] лёгкое [Old English] lungen,*lengʷʰ-,,12,791
[English] high [Swedish] hög [Swedish] hög [English] huge [German Low German] hooch [English] on high [Old Norse] hár [German] hoch [Norwegian Bokmål] høy [Norwegian Bokmål] Haugesund [Latvian] koks [Old High German] hoh [Old Saxon] hoh [Finnish] kauko- [Estonian] kauge [Norwegian Nynorsk] håg [Norwegian Bokmål] haug [Irish] cuar [Vilamovian] hūh [Ukrainian] кучма [Latgalian] kūks [Gothic] 𐌷𐌿𐌷𐌾𐌰𐌽,*kewk-,,22,792
[English] liquid [Irish] fliuch [Old Irish] fliuch [Scottish Gaelic] fliuch [Latin] delicia [Latin] lixa [Welsh] gwlyb [Welsh] gwlych [Cornish] gleb [Cornish] glyb [Welsh] gwlith [Latin] liquiritia,*wleykʷ-,,12,793
[English] melt [English] email [English] milt [Faroese] milt [Faroese] milti [Old Norse] milti [English] smolt [Ancient Greek] μέλδομαι,*(s)meld-,,8,794
[English] loss [English] leese,*lews-,,2,795
[English] house [Norwegian Bokmål] husfusel,*(s)kews-,,2,796
[English] tail [Latin] doceo [English] decent [English] pandect [Ancient Greek] δέχομαι [English] -ty [Latin] decet [Old English] tægl [Ido] docar [Ancient Greek] δεῖπνον [Sardinian] dechere [Sardinian] deghere,*deḱ-,,12,797
[English] knife [Danish] kniv [Norwegian Bokmål] kniv [Norwegian Nynorsk] kniv [Swedish] kniv [Galician] canivete [Portuguese] canivete [Marshallese] ņaib,*gneybʰ-,,8,798
[Galician] sugar [Portuguese] sugar [Icelandic] sjúga [Norwegian Nynorsk] suga [Swedish] suga [Old Norse] súga [Italian] sugo [Faroese] súgva [Danish] suge [Norwegian Bokmål] suge [Romanian] suge [Italian] succhiare [Occitan] sucar [Westrobothnian] sūg [Galician] zugar,*sug-,,15,799
[English] sword [West Frisian] swurd [North Frisian] Swērt,*seh₂w-,,3,800
[English] liver [Albanian] lis [English] loam [Icelandic] lifur [Faroese] leið [English] lin [Lithuanian] lietus [Faroese] livur [Latin] letum [Latin] litus [Latvian] liet [Lithuanian] laivas [Polish] lać [English] blin [Old English] blinnan [Albanian] lisë [Latvian] līt,*ley-,,17,801
[English] river [English] rive [Spanish] ribera [German] Reif [Icelandic] hrífa [Ancient Greek] ἐρείπω [Middle French] riviere [Old French] riviere [Middle English] rop [Galician] ribeira [Albanian] repë [Marshallese] reba [Persian] الیف [Old English] ræpan,*h₁reyp-,,14,802
[English] near [Swedish] när [Swedish] nå [English] well-nigh [Old Norse] nær [Old Norse] ná [Swedish] nära [Ancient Greek] ὄγκος [Icelandic] næstur [Old English] genugan [Alemannic German] naach [Welsh] angen [Old Irish] uic [Old Irish] icc [German Low German] noog [Sanskrit] नश् [Lithuanian] nykštys [Tocharian B] eṅk- [Old Irish] éicen [Tocharian A] eṃts-,*h₂neḱ-,,20,803
[English] dull [Scottish Gaelic] dàil [Vilamovian] duł [Gothic] 𐌳𐍅𐌰𐌻𐍃,*dʰwel-,,4,804
[English] sharp [Old High German] scarf [Bavarian] scharf [German] scharf [Norwegian Bokmål] skarp [Norwegian Nynorsk] skarp [Swedish] skarp [Icelandic] skarpur [Old Norse] skarpr [Albanian] harb,*(s)kerb-,,10,805
[Latin] far [Galician] barra [Irish] barr [Middle Welsh] barr [Scottish Gaelic] bàrr [Lithuanian] biržė [Yiddish] באָרשט [Gothic] 𐌱𐌰𐌹𐍂𐌰𐌱𐌰𐌲𐌼𐍃 [Latin] reburrus [Old English] bryrdan [Ancient Greek] φάσκον [Norwegian Bokmål] abordere,*bʰers-,,12,806
[English] vomit [English] wem [Ancient Greek] ἐμέω [Albanian] umas [Persian] بیمار [Latin] vomo [Sanskrit] वम्,*wemh₁-,,7,807
[English] suck [English] sick [French] sucer [Latin] sucus [Irish] súigh [Old Norse] sýsl [Serbo-Croatian] sukus,*sewg-,,7,808
[English] flow [French] flot [Old French] flot,*plōw-,,3,809
[English] sand [Afrikaans] sand [Danish] sand [Middle English] sand [Norwegian Bokmål] sand [Old English] sand [Swedish] sand [German] Sand [Faroese] sandur [Icelandic] sandur [Dutch] zand [Norwegian Bokmål] Kristiansand [West Frisian] sân [Old High German] sant [Old Norse] sandr [Latin] sabulum [Galician] saibro [Portuguese] saibro [Ancient Greek] ψάμαθος,*sámh₂dʰos,,19,810
[English] smoke [English] muck [Welsh] mwg [Middle English] muk [Laz] მღ,*(s)mewg-,,5,811
[English] ash [Northern Kurdish] ax [English] azalea [German] Esse [Latin] ara [Swedish] aska [Old High German] essa [Estonian] kask [Persian] خاک [English] apastron [Old Norse] arinn [Finnish] kaski [Latin] areo [Tocharian B] astare [Latin] assus [Ancient Greek] ἀζαλέος [Old Armenian] աստուճ [Welsh] odyn [Sanskrit] आस [Old Polish] ozd [Irish] asáilia [Alemannic German] Ess [Tocharian B] ās- [Ancient Greek] ἄζω,*h₂eHs-,,24,812
[English] ash [Albanian] ah [Latin] ornus [Latin] caudex [Italian] orno [Old Armenian] հացի [Romanian] urm [Ancient Greek] ὀξύα [Latgalian] ūss [Lower Sorbian] jaseń,*Heh₃s-,,10,813
[English] play [Venetian] bałar [Emilian] balēr,*bal-,,3,814
[English] space [English] spoon [Latin] spatium [Ancient Greek] σπάω [Old English] spon [Greek] σπάζω,*(s)peh₂-,,6,815
[Afrikaans] sog [English] sow [Old English] sugu [Persian] خوک [Dutch] zeug [Swedish] sugga [Westrobothnian] sågg,*suh₂kéh₂,,7,816
[Indonesian] klub [Polish] klub [English] club [English] clip [English] beclip,*glemb-,,5,817
[Galician] meter [French] mettre [Indonesian] misa [Malay] misa [Italian] mettere [Old Portuguese] missa [Portuguese] missa [Portuguese] mensagem [Polish] msza [Portuguese] mensageiro,*meyth₂-,,10,818
[Albanian] lig [Ancient Greek] ὀλίγος,*h₃ligos,,2,819
[Irish] lig [Scottish Gaelic] leig [Old Armenian] լքանեմ [Latin] linquo [Old Irish] léicid [Sanskrit] रिणक्ति,*linékʷti,,6,820
[Old English] lig [Romanian] licări [Old Norse] Loki [Portuguese] lince [English] leam [English] inlight,*leuk-,,6,821
[English] lift [English] lift [Indonesian] lift [German] Laub [Swedish] löv [Icelandic] lauf [Old Norse] lauf [Norwegian Nynorsk] lauv [Norwegian Bokmål] løv [Russian] лупить [Jamtish] louv [Old Irish] lobur,*lewp-,,12,822
[English] snow [Swedish] snö [Polish] śnieg [Old Norse] snjór [Belarusian] снег [Macedonian] снег [Russian] снег [Serbo-Croatian] снег [Sanskrit] स्नेह [Serbo-Croatian] sneg [Slovene] sneg [Slovak] sneh [Old English] snaw [Old Norse] snær [Czech] sníh [Serbo-Croatian] snijeg [Old Church Slavonic] снѣгъ [Bulgarian] сняг [Lithuanian] sniegas [Latvian] sniegs [Norwegian Nynorsk] snø [Serbo-Croatian] snig [Serbo-Croatian] снијег [Ukrainian] сніг [West Frisian] snie [Yiddish] שניי [Kashubian] snieg [Upper Sorbian] sněh [Lower Sorbian] sněg [Faroese] snjógvur [Gothic] 𐍃𐌽𐌰𐌹𐍅𐍃 [Westrobothnian] snjø [Mòcheno] schnea,*snóygʷʰos,,33,823
[Indonesian] sal [Swedish] sal [English] saloon [Old Norse] salr,*sol-,,4,824
[Catalan] fil [Portuguese] fio [Romanian] fir [English] defile [Spanish] hilo [Latin] filum [Italian] filo,*gʷʰiH-(s-)lo-,,7,825
[Irish] mana [Polish] gem [English] game [English] mint [English] minion [Polish] Montana [Italian] montagna [Albanian] mat [English] mnemonic [English] paramount [English] remain [Welsh] mynydd [English] min [English] minnow [Italian] mento [English] montage [English] Minerva [Latin] Minerva [Spanish] Minerva [Old Irish] Mana [English] Man [Old Norse] muna [English] ming [French] menton [Galician] montaña [Spanish] montaña [German] Mund [Old English] gemynd [Old English] manian [Latin] mentula [English] messuage [Ancient Greek] μνάομαι [English] montane [Occitan] montanha [Portuguese] montanha [Ancient Greek] Μοῦσα [Ancient Greek] Μοῦσα [English] mignon [French] mignon [Latin] maneo [French] montagne [Friulian] montagne [Catalan] mont [Norwegian Bokmål] munn [English] promontory [English] mone [Scottish Gaelic] monadh [Sanskrit] मन्त्रिन् [Latin] mons [Faroese] møna [Latin] minae [Romanian] munte [Breton] menez [Icelandic] mæna [Tocharian B] amāṃ [Catalan] muntanya [Ancient Greek] μένω [Greek] μένω [Maltese] muntanja [Ancient Greek] μανθάνω [Irish] adhmad [Sanskrit] मनु [French] manoir [Old French] montaigne [English] promnesia [Latin] promineo [Latin] immineo [Old Irish] admat [Old French] muntaigne [Latin] comminiscor [Romanian] mânea [Neapolitan] muntagna [Romansch] muntagna [Romansch] muntogna [Romansch] muntgogna [Old Irish] demin [Welsh] cof [English] minch [English] minchen [Tajik] мондан [Irish] meanma [Old English] myntan [Welsh] mwnwgl [Indonesian] gim [Manx] aamaid [Old Norse] munnr [Walloon] montinne [Old Frisian] muth [English] melomaniac [Norman] maontogne [Norman] mountangne [Norman] montangne [Old Irish] muinél [Albanian] mendje [Old Irish] menmae [Old Irish] muinethar [English] Minto [Ladino] montanya [Gujarati] માંદું [Urdu] مت [Sanskrit] मन् [Hindi] मत [Burmese] သမ္မတ [Gothic] 𐌼𐌿𐌽𐍃 [Middle Welsh] mynyd [Avestan] 𐬨𐬀𐬥 [Avestan] 𐬨𐬀𐬌𐬥𐬌𐬌𐬈𐬙𐬈 [English] Montagnard [French] Montagnard [Old Irish] ainmne [Hindi] माँदा [Welsh] amynedd [Ancient Greek] μίμνω [Zazaki] mendene [Hittite] 𒈪𒅎𒈠𒄿 [Sanskrit] म्ना [Sanskrit] मम्नौ [Sanskrit] मन्तृ [Sanskrit] मन्तु [Ancient Greek] δυσμενέων [Avestan] 𐬨𐬀𐬌𐬥𐬌𐬌𐬎 [Ancient Greek] μενθήρη [Old Spanish] montanna,*men-,,123,826
[English] key [Old Armenian] ծագ,*ǵogʰ-,,2,827
[English] vote [Latin] voveo,*h₁wegʷʰ-,,2,828
[Norman] vote [Galician] voto [Portuguese] voto [Telugu] ఓటు,*h₁ewegʷʰ-,,4,829
[Serbo-Croatian] san [Czech] sen [Ancient Greek] ὕπνος [Serbo-Croatian] сан [Belarusian] сон [Macedonian] сон [Russian] сон [Ukrainian] сон [Upper Sorbian] són [Old Church Slavonic] сънъ [Albanian] gjumë [Bulgarian] сън,*supnós,,12,830
[Catalan] bo [Portuguese] bom [Catalan] bon [French] bon [Indonesian] bon [Latin] bonus [Romanian] bun [Latin] bene [Latin] beo [English] bona [Spanish] bueno [English] tether [Italian] buono [Istro-Romanian] bur [Sanskrit] दोष [Ancient Greek] δύω [Corsican] bonu [Sardinian] bonu [Albanian] derë [Latin] duonus [Old Portuguese] bõo [English] chadon beni,*dew-,,22,831
[Kalasha] bo [Finnish] paksu [Ancient Greek] παχύς [Hittite] 𒉺𒀭𒆪𒍑,*bʰn̥ǵʰús,,4,832
[Serbo-Croatian] k [Serbo-Croatian] к [Polish] ku,*kom,,3,833
[Norwegian Bokmål] c [English] cycle [English] chakra [English] chakram [Lithuanian] kaklas [Galician] ciclo [Portuguese] ciclo [Spanish] ciclo [Sanskrit] चक्र [Ancient Greek] κύκλος [Polish] koło [Persian] چرخ [Polish] cykl [English] charkha [Irish] ciogal [Lower Sorbian] kólaso [Avestan] 𐬗𐬀𐬑𐬭𐬀 [Indonesian] cakra [Burmese] စက် [Newar] चाकः [Northern Kurdish] çerx [Konkani] चाक [Marathi] चाक [Assamese] চাক [ Bengali ] চাকা [Assamese] চাকি [Middle English] whele [Indonesian] cakram [Old Tamil] 𑀘𑀓𑁆𑀓𑀭𑀫𑁆 [Prakrit] 𑀘𑀓𑁆𑀓 [Hindi] चरख़ा [Urdu] چرخہ [Indonesian] siklus [Hindi] चक्का [Polish] czakra [Tamil] சக்கரம்,*kʷékʷlos,,36,834
[Serbo-Croatian] s [Lower Sorbian] z [Polish] z [Slovene] z [Ukrainian] з [Russian] с [Serbo-Croatian] с [Russian] с- [Irish] cuma [Old Church Slavonic] съ [Lower Sorbian] snědaś [Welsh] cymryd [Russian] су- [Rusyn] зо [Ukrainian] зо [Middle Welsh] kyf- [Old Church Slavonic] съ- [Ukrainian] конвалія,*ḱom,,18,835
[Czech] v [Old Czech] v [Russian] в,*h₁n̥,,3,836
[English] seep [English] soap [English] sip [English] sebaceous [Latin] sebum [Faroese] sápa [Icelandic] sápa [French] savon [Norman] savon [Romanian] seu [German] Seife [Latin] sapo [Italian] sego [Portuguese] sabão [Portuguese] sebo [Spanish] sebo [French] suif [Marshallese] joob [Yiddish] זייף [Okinawan] サフン [Catalan] sèu [Kannada] ಸಾಬೂನು,*seyb-,,22,837
[English] skein [English] scan [English] echelon [Russian] щадить [Latin] scando [Welsh] erchwyn,*skend-,,6,838
[Portuguese] ano [Tarantino] anne,*h₂et-nos-,,2,839
[English] crowd [Scots] crowdie,*grewt-,,2,840
[English] still [Lithuanian] tyla [Irish] codail [Old Irish] contuili,*(s)telH-,,4,841
[Polish] u [Persian] و [Irish] ó [Old Irish] ó [Latin] otium [Ancient Greek] αὐτός [Sanskrit] अवतार [Old Persian] 𐎢𐎫𐎠 [Serbo-Croatian] jur [Latin] ve- [Old Irish] úa [Scottish Gaelic] uaigneach [Serbo-Croatian] јур [Ancient Greek] αὖ [Ancient Greek] αὖτε [Avestan] 𐬀𐬎𐬎𐬀 [Sanskrit] अव [Ancient Greek] αὖθις [Sanskrit] उत [Sudovian] aucima [Polabian] ai̯ [Polabian] au̯,*h₂ew,,22,842
[English] shock [English] shag [Faroese] skegg [Icelandic] skegg [English] shagged [Icelandic] skaka [Swedish] skaka [Old English] sceaga [Old Norse] skaga,*(s)kek-,,9,843
[English] clutch [English] clue [English] clew [Swedish] klyka [Norwegian Bokmål] klo [Dutch] kluwen [Old English] clyccan [Norwegian Bokmål] kløne [Norwegian Bokmål] kløning,*glew-,,9,844
[English] nut [Latin] nux [Lombard] nos [Catalan] nou [Old English] hnutu [French] nope [German] Nuss [Hunsrik] Nuss [Icelandic] hnot [Old Norse] hnot [Swedish] nöt [Italian] noce [Dutch] noot [French] noix [Romanian] nuc [Old High German] nuz [Portuguese] noz [Asturian] nuez [Spanish] nuez [Danish] nød [Scottish Gaelic] cnò [Manx] cro [Irish] cnó [Welsh] cnau [Old Irish] cnú [Breton] kraoñ [Afrikaans] neut [Norman] nouaix [Faroese] nøt [Jersey Dutch] nût [Ancient Greek] χνόος [Marshallese] pinōt [Jersey Dutch] nœüt,*knew-,,33,845
[Dutch] nut [English] note [English] nait [Old English] nytt [English] neat [Swedish] nöt [Latgalian] nauda [Lithuanian] nauda [Dutch] nuttig [English] noteful [Old English] notu [Old English] notian,*newd-,,12,846
[English] stop [English] step- [English] prototype [English] type [English] archetype [Latin] stupeo [Italian] tipo [Portuguese] tipo [Spanish] tipo [Ancient Greek] τύπτω [Latin] titubo [Albanian] përtyp [Hebrew] טיפוס [Kashubian] tãpi [Polish] stopować [Old Church Slavonic] тъпати,*(s)tewp-,,16,847
[English] colt [English] kilt [Yola] caule,*gelt-,,3,848
[English] foal [Albanian] pelë,*pōlH-,,2,849
[English] gyre [English] cop [English] cop [English] cup [English] gyrate [English] gyration [German] Kopf [English] coif [English] cudgel [English] kile [Irish] guaire [English] coppe [Dutch] kogel [Ancient Greek] γῦρος [Sanskrit] गोल [Middle Irish] gúala [Ancient Greek] γυιός [Ancient Greek] ἐγγύς [Ancient Greek] γυλιός [West Flemish] kobbe [Ancient Greek] γυῖον [Ancient Greek] γύαλον [Ancient Greek] ἐγγύη [Lithuanian] gurnas,*gew-,,24,850
[English] mare [Serbo-Croatian] mora [French] cauchemar [Portuguese] mórbido [Spanish] mórbido [Albanian] merë,*mor-,,6,851
[French] rate [Luxembourgish] Ros,*kreh₁d-eh₂-,,2,852
[English] ewe [Ladino] oveja [Spanish] oveja [Portuguese] ovelha [Lithuanian] avis [English] ovine [Alemannic German] Au [Old Irish] oí [Old Norse] á [Faroese] ær [Icelandic] ær [Old Norse] ær [Latin] ovis [Romanian] oaie [Dutch] ooi [Catalan] ovella [Galician] ovella [Luwian] 𒄩𒀀𒌑𒄿𒅖 [Sanskrit] अविक [Finnish] uuhi [French] ouaille [Lower Sorbian] wójca [Sanskrit] अवि [Latvian] avs [Lycian] 𐊜𐊀𐊇𐊙 [Tocharian B] awi [Ancient Greek] οἶς [German] Aue [Scots] yowe [Latin] ovicula [Asturian] oveya [Latin] opilio [Lusitanian] oilam [Cimbrian] öbe [Alemannic German] Eisten [Tocharian B] āᵤw [English] oviculture [Old Spanish] oueja,*h₂ówis,,38,853
[French] femme [Middle French] femme [Latin] femina [Italian] femmina [Neapolitan] femmena,*dʰeh₁m̥h₁néh₂,,5,854
[Norman] femme [Ido] femina [Spanish] hembra [Walloon] feme [Norman] faume [Norman] faumme [Portuguese] fêmea,*dʰeh₁-m̥n-eh₂,,7,855
[English] hammer [Danish] hammer [Norwegian Bokmål] hammer [West Frisian] hammer [Middle English] hamer [German] Hammer [Faroese] hamar [Icelandic] hamar [Old High German] hamar [Old Saxon] hamar [Old English] hamor [Swedish] hammare [Old Norse] hamarr [Westrobothnian] hammar [Polish] kamor,*h₂eḱmoros,,15,856
[English] pass [Galician] pedir [Portuguese] pedir [Spanish] pedir [Polish] ptak [English] patina [English] petal [English] patent [Portuguese] pedido [Spanish] pedido [Latin] passus [Swedish] fjäder [Latin] pateo [Middle English] passen [Old Irish] ette [Faroese] fjøður [Icelandic] faðma [Russian] птах [Ancient Greek] πέταλος [Ancient Greek] πετάννυμι [Latin] pando [Romanian] peți [Norman] répetar [Lower Sorbian] ptašk [English] petalum [Norman] èrpéter [Albanian] shpëtoj [Welsh] edau [Irish] éis [Old Irish] éis [Norwegian Bokmål] favn [Albanian] pjetë [Latin] petilus [Ancient Greek] -πετής [Lithuanian] petys [Old Norse] fiðri [Ancient Greek] πέτηλος,*peth₂-,,37,857
[English] potable [English] imbibe [Hindi] पीना [Slovak] pivo [Manx] iu [Mongolian] пиво [Russian] пиво [Ukrainian] пиво [Ancient Greek] πίνω [Latin] vinibua [Latin] poto [Lower Sorbian] piwo [Upper Sorbian] piwo [Arabic] نبيذ [Breton] evañ [Venetian] bévar [Yakut] пиибэ [Galician] púcaro [Portuguese] púcaro [Norman] baithe [Norman] beire [Gallo] baire [Persian] نبید [Faliscan] 𐌐𐌉𐌐𐌀𐌚𐌏 [Konkani] पिव्चे [Shina] प्योनॊ [Ancient Greek] ποτής [Buryat] пивэ [Tamil] பாத்திரம்,*peh₃-,,29,858
[English] beard [Old English] beard [French] barbe [Friulian] barbe [Middle French] barbe [Norman] barbe [Old French] barbe [Welsh] barf [West Frisian] burd [German] Bart [Catalan] barba [Italian] barba [Portuguese] barba [Spanish] barba [Afrikaans] baard [Dutch] baard [Romanian] barbă [Upper Sorbian] broda [Belarusian] барада [Lithuanian] barzda [Old High German] bart [Breton] barv [Cornish] barv [Middle English] berd [Hunsrik] Baart [Luxembourgish] Baart [Old Prussian] bordus [Yiddish] באָרד [Middle Dutch] baert [Yola] bearde,*bʰardʰeh₂,,30,859
[English] bass [Polabian] borš,*bʰórsos,,2,860
[Polish] brew [English] brow [English] brae [Old English] bru [Albanian] bri [Russian] бровь [Greek] φρύδι [Tocharian B] pärwāne [Tocharian A] pärwāṃ [Sanskrit] भ्रू [Ancient Greek] ὀφρύς [Danish] bryn [Swedish] bryn [Pashto] وروځه [Old East Slavic] бръвь [Hindi] भौंह [Gujarati] ભવું [Pali] bhamu [Khowar] برُو,*h₃bʰrúHs,,19,861
[English] ebb [Faroese] av [Latin] opacus,*apó,,3,862
[French] gain [Latin] Vienna [English] vim [German] Eingeweide [Welsh] Gwynedd [Latvian] vieta [Lithuanian] vieta [Russian] воин [Finnish] vihdoin [English] voivodeship [Latin] venor [Albanian] stërvis [Irish] féith [Ancient Greek] ἱέραξ [Ancient Greek] οἶμος [Sanskrit] वी [Tocharian B] wāyā- [Ancient Greek] ἴφιος [Sanskrit] वयस् [Ukrainian] вітати,*weyh₁-,,20,863
[English] ore [Old English] ar [Spanish] alambre [French] airain [Persian] آهن [Portuguese] arame [Romanian] aramă [Latin] aenus [Baluchi] آسن [Alemannic German] eerig,*áyos,,10,864
[English] home [Lithuanian] šeima [Albanian] komb [Sanskrit] क्षेम,*tḱóymos,,4,865
[English] mock [Old French] muser,*mūg-,,2,866
[Dutch] weer [Sanskrit] वि [Ancient Greek] ἴσος [Assamese] বি- [Bengali] বি- [Sanskrit] वि- [Persian] گواه [Persian] گواشتن,*wi,,8,867
[English] suspension [Cebuano] suspensyon,*(s)péndeti,,2,868
[English] floor [Middle English] flor [Galician] leira,*pleh₂ros,,3,869
[Afrikaans] raaf [Dutch] raaf [Portuguese] quebrar [Spanish] quebrar [German] Rabe [Old High German] raban [Old English] hræfn [Icelandic] hrafn [Old Norse] hrafn [Spanish] resquebrajar [Italian] crepare [Faroese] ravnur [Danish] ravn [Norwegian Bokmål] ravn [French] crever [Romanian] crăpa [Norwegian Nynorsk] ramn [Latin] cornix [German Low German] Raav [Latin] querquedula [Old Norse] hramn,*ḱorh₂-,,21,870
[English] community [English] extremity [Italian] -ità [Latin] -itas [Norwegian Bokmål] absurditet [Norwegian Bokmål] absurditet [Irish] -ta [English] moiety [French] -té [Spanish] -dad [Latin] -tas [Norwegian Bokmål] abnormitet [Old Spanish] -tat [Romanian] -tate [Portuguese] -dade [Galician] -idade [Portuguese] -idade [Sanskrit] -ताति [Ancient Greek] -της [Spanish] -tad [English] Trinity term [Faliscan] -𐌕𐌀𐌔 [Asturian] -dá [Ancient Greek] -τας [Welsh] -dod [Old Spanish] -dat,*-teh₂ts,,26,871
[English] mark [English] mark [Swedish] mark [Old French] marc [English] marquis [Galician] marco [Galician] marca [Italian] margine [Faroese] merki [Icelandic] merki [Latin] marchio [Polish] markiz [Swedish] märke [Indonesian] merek [Indonesian] markah [Ladino] marjina [Galician] márdea,*marǵ-,,17,872
[Polish] wal [English] whale [Old English] hwæl [Swedish] val [Old Prussian] kalis [German] Wal [Faroese] hvalur [Icelandic] hvalur [Norwegian Bokmål] hval [Dutch] walvis [German] Wels [English] wels [Old Norse] hvalr [Persian] وال [Norwegian Nynorsk] kval [Latin] squalus [Ancient Greek] ἄσπαλος,*(s)kʷálos,,17,873
[English] wire [Marshallese] wea [German Low German] Wier,*weh₁iros,,3,874
[English] reason [Ancient Greek] ἀρετή [Latin] reor,*h₂reh₁-,,3,875
[English] want [English] waste [French] vain [Catalan] va [Middle English] wast [English] wane [English] evanescent [English] variety [Portuguese] vão [Italian] vano [Spanish] vano [English] wan- [Old English] wan- [Old Saxon] wan- [Latin] vanus [Scottish Gaelic] fàs [Latin] vastus [Old Norse] van- [Latin] vaco [Ancient Greek] εὖνις [Latin] varus [English] wanse [Albanian] vonë [Old Norse] vanr,*h₁weh₂-,,24,876
[English] genitor [Latin] genitor [Greek] γεννήτορας [Ancient Greek] γενέτωρ [Sanskrit] जनितृ [Ancient Greek] γεννήτωρ [Avestan] 𐬰𐬄𐬚𐬀𐬭,*ǵénh₁tōr,,7,877
[English] start [French] étron [Afrikaans] strik [Dutch] strik [Old Armenian] թարախ [Old Armenian] տառեղն,*(s)ter-,,6,878
[Polish] loch [English] lock [English] lock [English] leek [Old Norse] Loki [Albanian] flug [French] lutter [Latin] luma [Scottish Gaelic] fuiling [Albanian] vlug [English] loke [French] lucarne [Latin] luxus [Latin] luxus [Sanskrit] रोग [Manx] lagg [Romanian] lupta [Latin] luctor [Swedish] lucka [Old Irish] loing [English] louk [Old Norse] lykja [Latin] lucuns [Latin] licinus [Ancient Greek] λοξός [Latin] Lexovii [Welsh] llechwedd [Ancient Greek] λύγος [Sanskrit] रुग्ण,*lewg-,,29,879
[Middle Irish] fri [Old Irish] fri [English] weird [Albanian] jam [Latin] re- [Irish] le [English] worth [English] worth [English] evert [English] -worthy [English] stalwart [English] Urd [English] wurst [Latin] branca [Latin] rideo [Serbo-Croatian] vrsta [Slovene] vrsta [Czech] obrat [Serbo-Croatian] vrteti [Serbo-Croatian] вртети [Old English] -weard [Spanish] vértebra [English] retroussé [Persian] گشتن [Persian] گردیدن [Serbo-Croatian] врста [Sanskrit] वृत्त [English] stalworth [Sanskrit] वर्तते [Swedish] varda [Serbo-Croatian] вртјети [Serbo-Croatian] vrtjeti [Irish] frith- [Old Irish] frith- [Persian] گرد [Irish] fré [Welsh] wrth [Albanian] rris [Russian] вертеть [Lower Sorbian] wrjeśeno [Upper Sorbian] wrjećeno [English] derisible [Ancient Greek] ἐρείκη [Ancient Greek] ἔρρω [Gothic] 𐌲𐌰𐍅𐌰𐌹𐍂𐌸𐌹 [Faroese] Urð [English] Verdandi [Urdu] باٹ [Pali] vaṭuma [Prakrit] 𑀯𑀝𑁆𑀝 [Gujarati] વાટ [Kachchi] વાટ [Varli] વાટ [Assamese] বাট [Bengali] বাট [Early Assamese] বাট [Hindi] बाट [Marathi] वाटणे [Sanskrit] वृत् [Latvian] virst [Tat] gəştən [Lithuanian] verslas,*wert-,,62,880
[English] mash [Latvian] maize [Polish] miks [Ancient Greek] μίγνυμι [Polish] miksować,*meyǵ-,,5,881
[English] masker [English] milse [English] mali [English] blandish [English] blandishment [Old English] meltan,*(s)mel-,,6,882
[English] mason [Polish] mason [Portuguese] maior [English] match [English] macerate [German] machen [French] maçon [Old French] maçon [French] maquiller [Norman] machon [Polish] mecz [Portuguese] maioria [Swedish] matcha [Latin] macio [English] mackly [German] Macker [Central Franconian] maache,*mag-,,17,883
[English] mason [Polish] mason [Old English] maþa [English] mawk [French] maçon [Old French] maçon [Norman] machon [Latin] macio [Romanian] măciucă,*mat-,,9,884
[English] massacre [Middle French] massacre [Scottish Gaelic] mì- [Old Irish] mí- [Latin] Minius [Latin] Minius,*mei-,,6,885
[English] extremity [Latin] -issimus [Latin] legitimus,*-is-,,3,886
[German] hart [English] democratic [English] -crat [Ancient Greek] κράτος [English] rathe [Lithuanian] kristi [Ancient Greek] κρότος [Ancient Greek] κραταιός [Old English] hrindan,*kret-,,9,887
[Old High German] hart [Faroese] harður [Icelandic] harður [Danish] hård [Swedish] hård [French] -ard [Finnish] kerta [Old Norse] harðr [Latin] cartilago [Gothic] 𐌷𐌰𐍂𐌳𐌿𐍃 [Latvian] krēsls [Westrobothnian] hahl [Arabic] خرطال,*kert-,,13,888
[Latin] eum [Sudovian] es [Old Irish] ed [Old Frisian] -er [Latin] id [Sanskrit] इह [Sanskrit] इतर,*ís,,7,889
[Irish] il- [Irish] il [Old Irish] il [Old High German] filu [Estonian] pelgama,*pelh₁-,,5,890
[English] kidney [Dutch] nier [German] Niere [English] neer [Middle English] nere [Faroese] nýra [Icelandic] nýra [Old Norse] nýra [Swedish] njure [Ancient Greek] νεφρός [Norwegian Nynorsk] nyre [Latin] nefrones [Latin] nebrundines,*negʷʰrós,,13,891
[English] Genoa [English] Geneva [Latin] Genua,*ǵénw-eh₂,,3,892
[English] Genoa [English] octagon [English] -gon [Latin] genu [French] genou [Greek] γόνατο [Italian] ginocchio [Neapolitan] denucchio [German] Knie [Icelandic] kné [Old Norse] kné [Westrobothnian] kné [Middle English] kne [Norwegian Bokmål] kne [Norwegian Nynorsk] kne [Dutch] knie [Swedish] knä [Breton] glin [Cornish] glin [Welsh] glin [Old High German] kneo [Romanian] genunchi [Danish] knæ [Faroese] knæ [Icelandic] hné [Spanish] hinojo [Albanian] gju [Sanskrit] जानु [Ancient Greek] γόνυ [Scottish Gaelic] glùn [Tocharian B] keni [Ossetian] зоныг [Gothic] 𐌺𐌽𐌹𐌿 [Portuguese] joelho [Galician] xeonllo [Esperanto] genuo [Manx] glioon [Old Irish] glún [Irish] glúin [Catalan] genoll [Irish] -gán [Old Saxon] knio [Telugu] జానువు [Tocharian A] kanweṃ [Emilian] źnòć [Old Portuguese] gẽollo [Old Spanish] ynojo [Alemannic German] Chnüü [Avestan] 𐬰𐬁𐬥𐬎 [Hittite] 𒄀𒉡 [Latin] Genabum [Yagnobi] зонк [Alemannic German] Chnüüw [Latin] Genava [Turkish] Cenova [Ligurian] zenóggio [Old English] cneow [Gothic] 𐌺𐌽𐌿𐍃𐍃𐌾𐌰𐌽 [Ancient Greek] γνύξ [Lombard] genocc [Lombard] zeneugg,*ǵónu,,61,893
[English] group [English] crop [Norwegian Bokmål] gruppe [Norwegian Nynorsk] gruppe [English] cripple [English] croup [English] croft [Swedish] kropp [Albanian] grumbull [Italian] gruppo [Polish] grupa [Indonesian] grup [Irish] grúpa [Swedish] krympling [Faroese] krypil [Norwegian Bokmål] abelsk gruppe [Sicilian] gruppu,*grewb-,,17,894
[Sanskrit] घ [Latin] hoc [Old Church Slavonic] же [Russian] же [Polish] że [Czech] že [Slovak] že [Latin] huc [Ancient Greek] γε [Sanskrit] हि [Serbo-Croatian] jur [Serbo-Croatian] јур,*gʰe,,12,895
[Sanskrit] क [Pali] ka,*kʷós,,2,896
[Welsh] cwm [Ancient Greek] κῶμα,*ḱumbʰ-,,2,897
[English] collect [English] lexicon [Latin] lexicon [Portuguese] ler [Spanish] leer [Italian] leggere [French] lire [English] logorrhea [Latin] lego [English] leach [English] leach [English] leech [English] collection [English] elector [Latin] elector [Spanish] elector [Ancient Greek] λόγος [English] logion [Ancient Greek] λέγω [English] polylectic [Albanian] ligj [Catalan] llegir [Greek] λέω [Galician] lenda [Portuguese] lenda [Norwegian Bokmål] -log [Cebuano] kolektor [Portuguese] eleger [Albanian] zgjedh [Ancient Greek] λεξικόν [Welsh] darllen [Old English] lacu [Ligurian] lêze [Norwegian Bokmål] -ologi [Norwegian Bokmål] -logi [Dutch] laak [Marrucinian] lixs [Manx] lhaih [Tocharian A] läk- [Tocharian B] läk- [Icelandic] lexía [Norman] tchilyi [English] oligolectic [English] oligolecty [Old Portuguese] leenda [English] hemerology [Norwegian Bokmål] endokrinolog [Norwegian Bokmål] endokrinologi [Albanian] zgledh [Norwegian Bokmål] -olog,*leǵ-,,50,898
[English] image [Italian] immagine [Latin] imago [Galician] imaxe [Latin] imitor [Latin] aemulus [Indonesian] imaji [Middle English] ymage [Khowar] جمےژ [Konkani] जवळ,*h₂eym-,,10,899
[English] help [English] help [Faroese] hjálpa [Icelandic] hjálpa [German] Hilfe [Old Norse] hjalpa [Swedish] hjälpa [Finnish] kelvata [Norwegian Bokmål] hjelpe [Yiddish] הילף [Westrobothnian] hjalp,*ḱelb-,,11,900
[English] udder [Middle English] udder [Galician] ubre [Portuguese] ubre [Spanish] ubre [German] Euter [Finnish] utare [Sanskrit] ऊधस् [Sanskrit] ऊधर् [Ancient Greek] οὖθαρ [Latin] uber [Norwegian Nynorsk] jur [Westrobothnian] jur [Danish] yver [Romanian] uger [Swedish] juver [Faroese] júgur [Icelandic] júgur [Gutnish] jaur [Aromanian] udzir [Italian] ubero [Old Norse] júgr,*h₁ówHdʰr̥,,22,901
[English] memory [Old Norse] morna [English] merit [Indonesian] memori [Ancient Greek] μάρτυς [Latin] memor [Latin] mereo [Albanian] marr [Persian] شمردن [Old English] mimor [Old English] mimorian [Old English] gemimor [Sanskrit] स्मरति [Sanskrit] स्मृ [Sanskrit] स्मर [Ancient Greek] μείρομαι [English] avourneen [German Low German] mimereren [Ancient Greek] μέριμνα [Ancient Greek] Γεωμόροι,*(s)mer-,,20,902
[English] queer [Polish] queer [English] athwart [English] thwart [Galician] tortura [Portuguese] tortura [Portuguese] torturar [Portuguese] torcer [Spanish] torcer [French] tordre [Welsh] torri [Italian] torcere [Westrobothnian] tvar [Ancient Greek] ἄτρακτος [Sanskrit] तर्कु [Hittite] 𒋻𒌑𒍣 [Latin] torqueo [Sanskrit] तर्क [Catalan] tòrcer [Romanian] toarce [Latin] tricae [Swedish] tvär [Cebuano] tursi [Latin] trua [Russian] торопить [Icelandic] þari [Old Norse] þari [Sardinian] torchere,*terkʷ-,,28,903
[Dutch] eng [English] hangnail [Russian] узкий [Yiddish] ענג [Sanskrit] अंहु [Latin] angustus [Old Armenian] անձուկ [Slovak] úzky [Rusyn] узкый [Kashubian] wąsczi,*h₂énǵʰus,,10,904
[French] avoir [Middle French] avoir [Old Portuguese] aver [Italian] avere [Catalan] haver [Old Portuguese] haver [Portuguese] haver [Romanian] avea [Sassarese] abé [Welsh] gafael [Emilian] avêr [Ligurian] avéi [Norman] avaer,*gʰh₁bʰ-,,13,905
[Catalan] host [English] guest [Old Irish] gait [Faroese] gestur [Icelandic] gestur [Latin] hostis [Serbo-Croatian] gost [Slovene] gost [Old Norse] gestr [Swedish] gäst [Basque] oste [Italian] oste [Portuguese] hoste [Danish] gæst [Portuguese] hostilidade [Serbo-Croatian] гост [Romanian] oaste [Spanish] hueste [Upper Sorbian] hósć [Cebuano] hostiya [Cebuano] ostiya [Lepontic] 𐌊𐌏𐌑𐌉𐌏 [Belarusian] госць [Norwegian Bokmål] sviregast,*gʰóstis,,24,906
[Albanian] ha [Latin] omen [English] easy [English] ovation [Latin] aveo [English] oolith [Norwegian Bokmål] abominabel [English] eath [Ancient Greek] οἴομαι [Polish] jawić [Ancient Greek] ἀΐω [Sanskrit] अवति [Hittite] 𒄷𒌋𒈠𒀭𒍝,*h₂ew-,,13,907
[Albanian] ha [Finnish] kurkku [Galician] garganta [Portuguese] garganta [English] gorge [Serbo-Croatian] ждерати [Serbo-Croatian] žderati [Portuguese] devorar [Latin] gurges [Latin] voro [English] detritivore [Ancient Greek] δειράς [Lithuanian] gerti [Ancient Greek] βάραθρον [Old Armenian] ուտեմ [Russian] жрать [Latin] gurgulio [English] corvorant [Albanian] hëngra [Albanian] grij [Ancient Greek] βιβρώσκω [Polish] żreć [Lower Sorbian] gjardło [Sanskrit] गॄ [Polish] gorol [Ancient Greek] δέρη [Albanian] ngrënë [Welsh] breuant,*gʷerh₃-,,28,908
[Breton] ha [Cornish] ha [Welsh] a,*ad-gʰe,,3,909
[English] kick [Icelandic] keila,*ǵeyH-,,2,910
[Albanian] fier [Old English] fearn [Old Irish] raithnech [Welsh] rhedyn [Lower Sorbian] paproś,*p(t)erH-,,5,911
[English] sea [Latvian] siet [Old Armenian] հիանամ [Hittite] 𒅖𒄭𒈠𒀀𒀸,*sh₂ey-,,4,912
[Greek] δύο [English] dyad,*duwó,,2,913
[Ancient Greek] δώδεκα [Greek] δώδεκα,*dwoΗdeḱm̥,,2,914
[Romani] jag [English] ignite [Russian] огонь [Serbo-Croatian] огањ [Serbo-Croatian] oganj [Lithuanian] ugnis [Slovene] ogenj [Upper Sorbian] woheń [Urdu] آگ [Hindi] आग [Marathi] आग [Czech] oheň [Slovak] oheň [Polish] ogień [Bulgarian] огън [Bengali] আগুন [Bengali] অগ্নি [Italian] igne [Belarusian] агонь [Latgalian] guņs [Telugu] అగ్గి [Lower Sorbian] wogeń [Macedonian] оган [Hittite] 𒀀𒀝𒉌𒅖 [Russian] огневой [Awadhi] आगि [Bhojpuri] आगि [Bhojpuri] 𑂄𑂏𑂱 [Magahi] 𑂄𑂏𑂱 [Rusyn] огень [Albanian] En [Silesian] ôgyń [Macedonian] огин [Macedonian] огон [Slovincian] vʉɵ̯ђeń,*h₁n̥gʷnis,,35,915
[English] ham [Afrikaans] ham [Cebuano] ham [Dutch] ham [Scottish Gaelic] hama [Scottish Gaelic] cnàimh [Middle Welsh] knaw [Manx] craue [Old Irish] cnáim [Irish] cnámh [Ancient Greek] κνήμη,*kónh₂m,,11,916
[Latin] ni [Polish] nikt [Ukrainian] ні,*néy,,3,917
[Serbo-Croatian] ni [Serbo-Croatian] nikad [Serbo-Croatian] nikada [Serbo-Croatian] никад [Czech] nic [Polish] nic [Serbo-Croatian] ни [Serbo-Croatian] никада,*ney,,8,918
[Spanish] ni [Latin] neque [Gothic] 𐌽𐌹𐌷,*nekʷe,,3,919
[Welsh] ni [Middle Irish] ní [Old Irish] ní [Tocharian A] näṣ [Tocharian B] ñaś [Albanian] ngordh,* ,,6,920
[Chinese] 蜜 [Tocharian B] mit [English] mead [Czech] med [Old Czech] med [Serbo-Croatian] med [Slovak] med [Slovene] med [German] Met [Estonian] mesi [Finnish] mesi [Old English] medu [Erzya] медь [Middle English] mede [Hungarian] méz [Bulgarian] мед [Macedonian] мед [Serbo-Croatian] мед [Ukrainian] мед [Latin] medus [Latvian] medus [Lithuanian] medus [Belarusian] мёд [Russian] мёд [Faroese] mjøður [Persian] می [Polish] miód [Sanskrit] मधु [Swedish] mjöd [Old Church Slavonic] медъ [Old East Slavic] медъ [Old Ruthenian] медъ [Ancient Greek] μέθυ [Ancient Greek] μέδος [Icelandic] mjöður [Old Norse] mjǫðr [Danish] mjød [Norwegian Bokmål] mjød [Norwegian Nynorsk] mjød [Ossetian] муд [Ossetian] мыд [Old Prussian] meddo [Irish] meá [Lower Sorbian] mjod [Romanian] mied [Middle Irish] medb [Upper Sorbian] měd [Cornish] medh [Gujarati] મધ [Komi-Zyrian] ма [Persian] مل [Bactrian] μολο [Welsh] meddw [Macedonian] медовина [Westrobothnian] mjø [Assamese] মৌ [Marathi] मध [Prakrit] 𑀫𑀳𑀼 [Welsh] medd [Old Tamil] 𑀫𑀢𑀼 [Middle Irish] Medb [Early Assamese] মউ [Irish] Meadhbh [Sanskrit] मध्वद्,*médʰu,,64,921
[French] neuf [English] neon [Icelandic] neon [Romanian] neon [Central Franconian] neu [German] neu [Norman] neu [Low German] nee [Danish] ny [Norwegian Bokmål] ny [Norwegian Nynorsk] ny [Swedish] ny [Westrobothnian] ny [Catalan] nou [Romanian] nou [Spanish] nuevo [Latin] novus [Czech] nový [Slovak] nový [Esperanto] nova [Ido] nova [Italian] nuovo [Romansch] nov [Serbo-Croatian] nov [Slovene] nov [Irish] nua [Tocharian A] ñu [Galician] novo [Italian] novo [Portuguese] novo [Bulgarian] нов [Macedonian] нов [Serbo-Croatian] нов [Icelandic] nýr [Old Norse] nýr [Middle Irish] núa [Russian] новый [Ancient Greek] νέος [Greek] νέος [Belarusian] новы [Scottish Gaelic] nuadh [Faroese] nýggjur [Persian] نو [Old Church Slavonic] новъ [Breton] nevez [Lower Sorbian] nowy [Polish] nowy [Upper Sorbian] nowy [Lithuanian] naujas [Ladino] muevo [Oscan] 𐌍𐌞 [Sanskrit] नव [Mycenaean Greek] 𐀚𐀺 [Ukrainian] новий [Tocharian B] ñuwe [Kashubian] nowi [Luwian] 𒈾𒀀𒌑𒉿𒋾 [Italian] novizio [Ossetian] нӕуӕг [Ossetian] ног [Hittite] 𒉋𒀸 [Welsh] newydd [Romansch] niev [Romansch] nouv [Northern Kurdish] nû [Middle Persian] 𐭭𐭥𐭪𐭩 [Central Kurdish] نوێ [French] Niort [Aromanian] nãu [German Low German] neei [Corsican] novu [Sicilian] novu [Cornish] nowydh [Konkani] नवें [Marathi] नवे [Ligurian] nêuvo [Kachchi] નયો [Bengali] নয়া [Old Irish] nuae [Bengali] নও-,*néwos,,80,922
[Middle Irish] tre [Scottish Gaelic] tre [Old Irish] tri [Esperanto] trans [Esperanto] tra [Scottish Gaelic] tro [French] très [Spanish] tras [Old English] þurh [Ancient Greek] Τεῦκρος [Irish] thar [Irish] trí [Sanskrit] तरति [Serbo-Croatian] трајати [Serbo-Croatian] trajati [Catalan] tras- [Catalan] tra- [Italian] tra- [Portuguese] trás [Sanskrit] तॄ [Latin] Treveri [Welsh] trwy [Old Irish] tarsno [Ancient Greek] τρανής [Sanskrit] तल् [Welsh] traws,*terh₂-,,26,923
[Norwegian Bokmål] due [Old Norse] duga [Norwegian Bokmål] duge,*dʰedʰówgʰe,,3,924
[Fala] sei [Indo-Portuguese] su [Slovak] svoj [Czech] svůj [Ukrainian] свій,*swoyos,,5,925
[English] wand [Old English] wand [English] wander [English] wanderlust [English] wend [English] Vandal [German] Wand [Low German] winnen [English] Wanderwort [Swedish] vante [Old Norse] vǫndr [Norwegian Bokmål] vott [Norwegian Nynorsk] vott [Faroese] vøttur [Ancient Greek] ἴονθος,*wendʰ-,,15,926
[English] dame [Latin] domo [Danish] tam [Swedish] tam [English] tame [English] daunt [Persian] دام [Sanskrit] दम [Sanskrit] दाम्यति [Ancient Greek] δάμνημι [Ancient Greek] δαμνάω [Ancient Greek] δαμάζω [Latin] damma [Portuguese] diamante [Danish] tæmme [Welsh] dof [English] domable [Old Irish] daimid [English] dompt [Assamese] দমা [Ancient Greek] δαμάλης [Ancient Greek] ἱππόδαμος [Corsican] dumà,*demh₂-,,23,927
[English] dame [Sicilian] don [Spanish] don [English] timber [Old English] timber [Dutch] dom [Dutch] dom [Indonesian] dom [Polish] dom [Serbo-Croatian] dom [Slovak] dom [Slovene] dom [Latin] materia [Latin] dominus [German] Zimmer [English] toft [English] domestique [Middle Dutch] temen [Russian] дама [Ukrainian] дім [Swedish] tomt [Yiddish] צימער [Dutch] timmer [Middle Dutch] timmer [Old Saxon] timbar [Albanian] dhomë [Hebrew] צימר [Ancient Greek] δέμνιον,*dem-,,28,928
[English] elf [Middle English] elf [Latin] albus [Italian] albo [Old High German] alba [Slovak] labuť [French] elfe [Bulgarian] лебед [Macedonian] лебед [Umbrian] 𐌀𐌋𐌚𐌖 [Finnish] kalvas [Sanskrit] ऋभु [Latin] Albiones,*h₂elbʰós,,13,929
[Albanian] mot [Ancient Greek] μῆτις,*méh₁tis,,2,930
[French] quarante [Spanish] cuarenta [Portuguese] quarenta [Catalan] quaranta [Italian] quaranta [Sardinian] baranta,*kʷetwr̥(d)ḱomt,,6,931
[Latin] flos [French] fleur [Indonesian] flora,*bʰleh₃-s,,3,932
[Latin] arbor [Irish] ard [Sanskrit] आढ्य [Sanskrit] ऊर्ध्व [Sanskrit] ऋद्धि [Latin] arduus [Romanian] Ardeal [Faroese] ørðugur [Old Gujarati] ऊभउं [Neapolitan] arvulo [Konkani] उभो [Vaghri] અભો [Sanskrit] ऋद्ध [Sanskrit] व्यृद्ध [Sanskrit] समृद्धि,*h₃erdʰ-,,15,933
[Catalan] boc [Old High German] boc [English] buck [French] bouc [Old Armenian] բուծ [Old English] bucc [Breton] bouc'h [Avestan] 𐬠𐬏𐬰𐬀 [Welsh] bwch,*bʰuǵ-,,9,934
[Galician] con [Latvian] akmens [Baluchi] آسمان [Persian] آسمان [Old Church Slavonic] камꙑ [Swedish] hammare [Lithuanian] akmuo [Polish] kamień [Sanskrit] अश्मन् [Ancient Greek] ἄκμων [Old Persian] 𐎠𐎿𐎶𐎴 [Slovak] kameň [Faroese] himin [Gujarati] આસમાન [Rajasthani] असमाण [Baluchi] آزمان [Lithuanian] ašmuo [Kazakh] аспан [Bengali] আশমান [Sudovian] akmi [Galician] gouño,*h₂éḱmō,,21,935
[French] lune [Italian] luna [Latin] luna [Polish] luna [Slovak] luna [Slovene] luna [Spanish] luna [Portuguese] lua [Italian] Luna [Old East Slavic] луна [Old Armenian] լուսին [Romanian] lună [Catalan] lluna [Aromanian] lunã [Persian] روشن [Polish] łuna [Venetian] łuna [Istro-Romanian] lurĕ [Persian] لوخن [Westrobothnian] lyssn [Middle Persian] lwšn' [Old Prussian] lauxnos [Ligurian] luña,*lówksneh₂,,23,936
[Welsh] dawn [Irish] dán [Old Irish] dán [Latin] donum [Sanskrit] दान [Marsian] dunom [Japanese] 旦那,*déh₃nom,,7,937
[Norwegian Bokmål] Stockholm [English] stoke [English] stucco [English] stook [Polish] sztuka [Swedish] stycke [French] stuc [Ancient Greek] στυγνός [Ancient Greek] στυγερός,*(s)tewg-,,9,938
[Norwegian Bokmål] Stockholm [Dutch] holm [Galician] Galiza [Albanian] kall [English] colonel [Latvian] celt [Spanish] cumbre [Galician] galego [Italian] colmo [Galician] cume [Portuguese] cume [Lithuanian] kelias [Latin] excello [Latin] callum [Latin] culmen [Latin] columen [Romanian] culme [Latin] praecello [Latin] antecello [Latvian] ceļš [Latin] Gallaeci [Galician] cumio [Middle French] coronnel [Latin] gallaecus [German] Halde [Sudovian] kauni [Galician] cumial [Galician] cumieira [Irish] coirnéal [Ancient Greek] κέλωρ [Polish] hałda [Tocharian A] käly- [Tocharian B] käly-,*kelH-,,33,939
[Latin] casa [Latin] catinus [Albanian] thes,*ket-,,3,940
[French] taureau [Latin] taurus [Italian] toro [San Pedro Amuzgos Amuzgo] toro [Spanish] toro [Albanian] ter [Ancient Greek] ταῦρος [Czech] tur [Lower Sorbian] tur [Polish] tur [Serbo-Croatian] tur [Slovak] tur [Irish] tarbh [Scottish Gaelic] tarbh [Breton] tarv [Russian] тур [Serbo-Croatian] тур [Norwegian Bokmål] Tartu [Finnish] torvi [Faroese] tarvur [Icelandic] tarfur [Old Norse] tarfr [Old Irish] tarb [Tetelcingo Nahuatl] turo [Latvian] tauriņš [Old Church Slavonic] тоуръ [Lithuanian] tauras [Old Prussian] tauris [Finnish] teuras [Portuguese] touro [Old Norse] þjórr [Faroese] tjórur [Romanian] taur [Norwegian Bokmål] tyr [Norwegian Nynorsk] tyr [Manx] tarroo [Cornish] tarow [Welsh] tarw [Southeastern Tepehuan] tuur [Italian] tauro [Gallo] toret [Latvian] taurs [Lusitanian] taurom [Gothic] 𐍃𐍄𐌹𐌿𐍂 [Estonian] tarvas [Finnish] tarvas [Northern Tepehuan] tuúru [Gaulish] taruos [Norwegian Nynorsk] tjor [Icelandic] þjór [Old East Slavic] туръ [Old Ruthenian] туръ,*táwros,,52,941
[English] rook [Faroese] rókur [Sanskrit] कृकर [Assamese] কইৰ [Early Assamese] কৈৰা,*kerk-,,5,942
[English] line [Old English] line [English] linen [Cebuano] linen [Indonesian] linen [Danish] linje [Swedish] linje [French] lin [Indonesian] lin [Swedish] lina [Faroese] lín [Dutch] lijn [Catalan] lli [Russian] линия [Portuguese] linha [Portuguese] linho [Estonian] liin [Norman] lîn [Old Portuguese] lỹo [Asturian] llinu [German Low German] Lien [Galician] liñó [Galician] liño,*līno-,,23,943
[Latin] genus [English] genre [French] genre [Norman] genre [Sanskrit] जन [Ancient Greek] γένος [Arabic] جنس [Sanskrit] जनस् [Old Persian] 𐏀𐎴 [Old Armenian] ծին [Irish] seánra [Irish] géineas [Norwegian Nynorsk] sjanger,*ǵénh₁os,,13,944
[English] milk [English] milk [Swedish] mjölk [Middle Dutch] melc [Danish] mælk [Russian] молоко [German] Milch [Faroese] mjólk [Icelandic] mjólk [Westrobothnian] mjólk [Old English] meolc [Afrikaans] melk [Dutch] melk [Norwegian Bokmål] melk [Old Church Slavonic] млѣко [Serbo-Croatian] musti [Dutch] melken [German] melken [Middle Dutch] melken [English] milch [Czech] mléko [Old Czech] mléko [Faroese] mjólka [Icelandic] mjólka [Portuguese] mulher [Bulgarian] мляко [Slovak] mlieko [Lower Sorbian] mloko [Upper Sorbian] mloko [North Frisian] molke [West Frisian] molke [Kashubian] mlékò [Polabian] mlåkă [Gothic] 𐌼𐌹𐌻𐌿𐌺𐍃 [Belarusian] малако [Ancient Greek] ἀμέλγω [Ancient Greek] μέλκιον [Greek] αρμέγω [Norwegian Bokmål] mjølke [Norwegian Bokmål] mjølk [Norwegian Nynorsk] mjølk [Yiddish] מילך [Galician] muxir [Danish] malke [Tocharian A] malke [Serbo-Croatian] мусти [Romanian] mulge [Tocharian B] malkwer [Old Norse] mjǫlk [Albanian] mjel [Slovak] mledzivo [Vilamovian] mȧlkja [Old Irish] mlicht [English] Imbolc [Latin] mulctrum [Slovak] mĺzť [North Frisian] moolke [Latin] melca [Alemannic German] mëlch [Old Irish] mligid [Old Irish] melg [Old Swedish] miolk [Norwegian Nynorsk] mjåkk [Irish] bligh,*h₂melǵ-,,64,945
[English] carbon [English] hearth [Spanish] quemar [Norwegian Bokmål] C [Latin] cremo [Latvian] karsts [Latin] carbo,*kerh₃-,,7,946
[Romanian] pară [English] appear [Italian] parere [Portuguese] parecer [Spanish] parecer [French] paraître [Latin] pareo [Romanian] părea [Bourguignon] pairoître,*peh₂s-,,9,947
[Latin] uva [Old Armenian] այգի [Old Ruthenian] ива [Russian] ива [Serbo-Croatian] ива [Ancient Greek] ὄα [Latvian] ieva,*h₁eyHw-,,7,948
[Middle English] stien [Serbo-Croatian] stići [Serbo-Croatian] стићи [Old Irish] téit [Polish] ścigać,*stéygʰeti,,5,949
[English] grue [Danish] gru [English] ordure [Spanish] oruga [Ancient Greek] χέρσος [Catalan] eruga [Latin] eruca [Latin] hispidus [Pashto] ځیږ [English] horripilate [Latin] herna [Dutch] gruwen,*ǵʰers-,,12,950
[Old English] dag [English] figure [English] dough [English] dey [English] faint [English] feign [Swedish] deg [Italian] fingere [Serbo-Croatian] зид [Serbo-Croatian] zid [Catalan] fingir [Portuguese] fingir [Spanish] fingir [German] Teig [Danish] dej [Persian] دیگ [Latin] fingo [Icelandic] deig [Norwegian Bokmål] deig [Norwegian Nynorsk] deig [Old Norse] deig [Dutch] deeg [Ancient Greek] τεῖχος [French] feindre [Spanish] heñir [Indonesian] figur [Greek] Αθίγγανος [Hunsrik] toych [Old High German] teig [Faroese] deiggj [Yiddish] טייג [Old Irish] dingid [Latin] fitilla [Faroese] deigur [Ancient Greek] τοῖχος [Gothic] 𐌳𐌹𐌲𐌰𐌽 [Gothic] 𐌳𐌹𐌲𐍂𐌴𐌹 [Sanskrit] दिह् [Ancient Greek] θιγγάνω,*dʰeyǵʰ-,,39,951
[Afrikaans] dal [Norwegian Bokmål] dal [Swedish] dal [English] dale [English] dell [Norwegian Bokmål] Arendal [Czech] důl [Polish] dół [Lower Sorbian] doł [Norwegian Bokmål] Hallingdal [Norwegian Bokmål] Isdalen,*dʰol-,,11,952
[Welsh] dal [English] tiller [Latin] indulgeo [Old English] telga [Lithuanian] dalgis,*delgʰ-,,5,953
[Norwegian Bokmål] atom [Ancient Greek] τέμνω [Norwegian Bokmål] a-bombe [Norwegian Bokmål] atom-,*tm̥-n-h₁-,,4,954
[English] zinc [German] Zink [Polish] cynk,*(e)dont-,,3,955
[Norwegian Bokmål] actinium [Norwegian Bokmål] -ium [Norwegian Bokmål] a priori [Norwegian Bokmål] priori [Latin] -ior [Ancient Greek] -ων [Avestan] -𐬌𐬱𐬙𐬀,*-yōs,,7,956
[Slovene] ol [Dutch] aal [English] ale [Middle English] ale [Icelandic] öl [Swedish] öl [Latvian] alus [Lithuanian] alus [Danish] øl [Faroese] øl [Norwegian Bokmål] øl [Norwegian Nynorsk] øl [Old English] ealu [Ancient Greek] ἀλύδοιμος [Latin] alumen [Old Norse] ǫl [Ossetian] ӕлутон [Georgian] ლუდი [Macedonian] аловина,*h₂elut-,,19,957
[Old Norse] em [English] am [Old Irish] am [Latin] sum [Albanian] jam [Latin] esse [Greek] είμαι [German] bin [Serbo-Croatian] sam [Old English] eam [Ancient Greek] εἰμί [Polish] jestem [Swedish] äm [Old English] eom [Sanskrit] अस्मि [Old Armenian] եմ [Old Persian] 𐎠𐎷𐎡𐎹 [Faliscan] 𐌄𐌔𐌞 [Umbrian] 𐌄𐌔𐌖 [Lombard] vésser,*h₁ésmi,,20,958
[Romansch] never [Romansch] neiver [Romansch] naiver,*nígʷʰs,,3,959
[Norwegian Nynorsk] li [Galician] cheda,*ḱléyteh₂,,2,960
[Istro-Romanian] ne [Catalan] neu [Sardinian] nie [Italian] neve [Portuguese] neve [Spanish] nieve [Ancient Greek] νίφα [Romanian] nea [Old Irish] snechtae [Irish] sneachta [Sardinian] nive [Ligurian] néie [Sardinian] nibe,*snígʷʰs,,13,961
[Latin] ne [Latin] nam [Latin] enim [Greek] εκείνος [Ancient Greek] ἐκεῖνος [Ancient Greek] νή,*h₁enos,,6,962
[English] sex [Indonesian] seks,*séksus,,2,963
[English] school [Dutch] school,*(s)kʷel-,,2,964
[English] school [English] hector [English] Hector [English] ischemia [German] Sieg [German] Sieg [Welsh] hy [West Frisian] skoalle [Ancient Greek] σχολή [Ancient Greek] ἔχω [Mycenaean Greek] 𐀁𐀐 [Ancient Greek] σχῆμα [Indonesian] iskemia [Esperanto] skolo [Latin] severus [Norwegian Nynorsk] skule [Old Armenian] հեզ [Sanskrit] सहस् [Sanskrit] सहते [Hunsrik] Siegh [Ancient Greek] ὄχανον [Sanskrit] साढ [Sanskrit] अषाळ्ह [Sanskrit] अषाढ [Sanskrit] सोढ [Welsh] hael,*seǵʰ-,,26,965
[Catalan] au [Latin] avis [Italian] uccello [Galician] ave [Old Portuguese] ave [Portuguese] ave [Spanish] ave [French] oiseau [Mirandese] abe [Cornish] hos [Welsh] hwyad [Catalan] ocell [Albanian] vito [Sanskrit] वि [Old Armenian] հաւ [Ido] ucelo [Norman] weze [Norman] ouaîsé [Breton] houad [Norman] ouésé [Albanian] avdos [Norman] ouaîthé [Albanian] ysht [Ido] aviaco [Ligurian] öxéllo [Ancient Greek] οἰωνός [Corsican] acellu [Sardinian] achedda,*h₂éwis,,28,966
[Irish] saor [Scottish Gaelic] saor [Manx] seyr [Welsh] saer [Old Irish] sáer,*sapiros,,5,967
[Czech] co [Lower Sorbian] co [Polish] co [Silesian] co [Romanian] ce [Welsh] pa [Sardinian] chi [Italian] che [Latin] quid [Catalan] que [Fala] que [French] que [Indo-Portuguese] que [Occitan] que [Old Portuguese] que [Portuguese] que [Slovak] čo [Bourguignon] quoi [French] quoi [Russian] что [Belarusian] што [Rusyn] што [Serbo-Croatian] што [Corsican] chè [Old Church Slavonic] чьто [Bulgarian] що [Ukrainian] що [Ancient Greek] οὐτιδανός [Old Irish] cid [Walloon] cwè [Walloon] qwè [Albanian] çë [Manx] quoid [Scottish Gaelic] ciod,*kʷid,,34,968
[Swedish] ge [Norwegian Bokmål] gi [Icelandic] gefa [Old Norse] gefa [Norwegian Nynorsk] gje [Gothic] 𐌲𐌹𐌱𐌰𐌽,*gʰab(ʰ)-,,6,969
[Irish] ga [Old Norse] geirr [Icelandic] geir,*ǵʰays-,,3,970
[Kalasha] ar [English] awl [Finnish] ora [Old Norse] alr [Sanskrit] आरा [Vaghri] આર [Assamese] আল,*h₁ólos,,7,971
[Old Irish] ar [Irish] ár,*n̥serōm,,2,972
[Portuguese] ar [Norman] vent [English] fan [Albanian] aft [Walloon] vint [Swedish] vinge [Macedonian] ветер [Swedish] vaja [Latin] vannus [Slovene] veter [German] Wanne [Bulgarian] вятър [Polish] wiatr [Faroese] vongur [Lithuanian] vėtra [Czech] vítr [Greek] αέρας [Czech] vát [Finnish] aaria [Old Prussian] wetro [Ukrainian] вітер [Lower Sorbian] wětš [Belarusian] вецер [Upper Sorbian] wětr [Dutch] waaien [Cebuano] abaniko [Albanian] aftë [Ancient Greek] ἀτμός [Lithuanian] vėjas [Upper Sorbian] wětřik [Old Norse] vængr [Ancient Greek] ἆθλον [Indonesian] bayu [Sanskrit] वा [Albanian] vetëtin [Russian] веять [Albanian] fjur [Rusyn] вїтор [Sudovian] wiis [Polabian] v́otĕr [Old Czech] vietr [Sanskrit] वीज्,*h₂weh₁-,,42,973
[Old Portuguese] si [Lithuanian] nes [Portuguese] sim,*so,,3,974
[Portuguese] si [Spanish] sí,*sébʰye,,2,975
[Tocharian A] se [Tocharian B] soy [Ancient Greek] υἱός [Greek] γιος [Yevanic] איו [Tocharian B] soṃśke [Old Armenian] ուստր [Ancient Greek] υἱύς,*suHyús,,8,976
[English] pot [Catalan] pot [Middle English] pot,*budnós,,3,977
[French] pot [Norman] pot [Old French] pot [English] potsherd [Galician] pote [Portuguese] pote [English] poteen [Galician] pota [Irish] pota [Middle English] pot-sherd [Albanian] boçe [Albanian] bocë,*budn-,,12,978
[Portuguese] escudo [Spanish] escudo [Italian] scudo [Catalan] escut [Scottish Gaelic] sgian [Romanian] scut [Manx] skynn [Portuguese] esqui [Norman] scienche [Cebuano] eskudo,*skei-,,10,979
[English] tar [Indonesian] tar [Indonesian] ter [Old English] teoru [Irish] tarra,*derwo-,,5,980
[English] vat [English] fat [Icelandic] fat [Swedish] fat,*pod-,,4,981
[Tocharian A] lu [Tocharian B] luwo,*luheh₂,,2,982
[English] bolt [Old English] budda [French] bluter [German] Beutel [French] bourdon [Italian] buratto [Old French] bordon [Dutch] buidel,*bʰūs-,,8,983
[Albanian] po [Ancient Greek] ἐκεῖνος [Sanskrit] अ- [Phrygian] ε- [Ancient Greek] έ-,*h₁é,,5,984
[Serbo-Croatian] po [Serbo-Croatian] по,*h₂(e)po,,2,985
[English] function [Italian] fuggire [French] fuir [Spanish] huir [Latin] fugio [Ancient Greek] φεύγω [Greek] φεύγω [Latin] fungor [Swedish] fungera [Catalan] fugir [Occitan] fugir [Old Portuguese] fugir [Portuguese] fugir [Sanskrit] भोजन [Romanian] fugi [Latin] functio [Old Armenian] բուծանեմ [Sanskrit] भुज् [Sanskrit] भोग [Sanskrit] भोग्य [Old Persian] 𐎲𐎥𐎲𐎢𐎧𐏁 [Sanskrit] बुभुक्षति,*bʰewg-,,22,986
[Indonesian] huk [English] hook [Indonesian] hook [Dutch] hoek [Indonesian] hoek [Persian] چنگ [Esperanto] hoko [Persian] کج [Persian] کژ,*kog-,,9,987
[English] sole [Latvian] sist,*sey-,,2,988
[French] vache [Corsican] vacca [Latin] vacca [Asturian] vaca [Catalan] vaca [Dalmatian] vaca [Galician] vaca [Piedmontese] vaca [Portuguese] vaca [Spanish] vaca [Venetian] vaca [Romansch] vacha [Romansch] vatga [Walloon] vatche [Mayo] guaacas,*woḱéh₂,,15,989
[Latin] dator [Sanskrit] दातृ [Ancient Greek] δώτωρ,*déh₃tōr,,3,990
[English] Pella [German] Fels [Irish] aill [Sanskrit] पाषी [Prasuni] Uṣüt,*pels-,,5,991
[English] flea [French] puce [Portuguese] pulga [Spanish] pulga [Latin] pulex [Slovak] blcha [Latvian] blusa [Lithuanian] blusa [Albanian] plesht [Italian] pulce [Romanian] purice [Sanskrit] प्लुषि [Ancient Greek] ψύλλα [Old Armenian] լու [Macedonian] болва [Cebuano] pulgas [Chavacano] pulgas [Kalasha] príṣu [Khowar] پُولُوۨشُو,*plúsis,,19,992
[Welsh] bach [English] peg [English] beak [English] debacle [Ancient Greek] βακτηρία [Portuguese] báculo [Spanish] báculo [French] bâcler [Latin] beccus [Indonesian] bakteri [Turkish] bakteri,*bak-,,11,993
[English] spade [Swedish] spade [Portuguese] espada [German] Spaten [Faroese] spaði [Icelandic] spaði [Persian] سپار,*sph₂-dʰ-,,7,994
[Middle High German] alb [English] Albion [Dutch] alf [Norwegian Bokmål] elv [Norwegian Nynorsk] elv [Norwegian Bokmål] alv [Norwegian Nynorsk] alv [Swedish] alv [English] Albany [Icelandic] álfur [Old Norse] alfr [English] elven [Russian] лебедь [Corsican] albu [Ukrainian] лебідь [Hittite] 𒀠𒉺𒀸 [Ancient Greek] ἀλφός [Old Welsh] elbid [German] Alb [Faroese] álvur,*albʰós,,20,995
[Romanian] alb [English] albumen [Istro-Romanian] åb [Sardinian] albu [Irish] albaimin,*h₂élbʰos,,5,996
[English] tool [English] town [Old English] tol [Old English] frætwe [English] taw [English] adynaton [Latin] indutiae [Ancient Greek] δύναμαι,*dewh₂-,,8,997
[Latin] ignis [Sanskrit] अग्नि [Old Prussian] ugnis [Old East Slavic] огнь [Indonesian] Agni [Latvian] uguns [Pali] aggi [Gandhari] 𐨀𐨒𐨁 [Vaghri] અગ્ગ [Ashokan Prakrit] 𑀅𑀕𑀺 [Kashmiri] اۆگُن [Balinese] ᬅᬕ᭄ᬦᬶ,*h₁n̥gʷnís,,12,998
[English] bill [Serbo-Croatian] biti [Slovene] biti [Albanian] bile [Old Church Slavonic] бити [Serbo-Croatian] бити [Upper Sorbian] bić [Franco-Provençal] betar [Romanian] izbi [Kalasha] bihík [Konkani] भिव्चे [Shina] बिश़ोनॊ,*bʰeyH-,,12,999
[Latin] onus [English] exonerate [Italian] onere [Sanskrit] अनस्,*h₃énh₂os,,4,1000
[Albanian] baba [Albanian] babë [Albanian] bebë,*baba,,3,1001
[Northern Kurdish] der [Wakhi] bar [Afrikaans] deur [Dutch] deur [Slovak] dvere [Catalan] fora [Portuguese] fora [Irish] doras [Scottish Gaelic] doras [Faroese] dyr [Icelandic] dyr [Latin] foris [Lithuanian] durys [Middle Irish] dorus [Old Irish] dorus [Polish] drzwi [Spanish] fuera [Czech] dveře [Persian] در [Arabic] ترس [Ancient Greek] θύρα [Danish] dør [Norwegian Bokmål] dør [Norwegian Nynorsk] dør [Westrobothnian] dør [Old Church Slavonic] двьри [Northern Kurdish] derî [Swedish] dörr [Old Norse] dyrr [Ukrainian] двері [Latin] foras [Arabic] درقة [Polish] dwór [Serbo-Croatian] двери [Gothic] 𐌳𐌰𐌿𐍂 [Old Persian] 𐎯𐎺𐎼𐎹𐎠 [Manx] dorrys [West Flemish] deure [Galician] fóra [Romani] vudar [Serbo-Croatian] dveri [Middle Persian] 𐭡𐭡𐭠 [Yiddish] טיר [Burmese] ဒွာရ [Latvian] durvis [Central Franconian] Dür [Cebuano] puyra [Cebuano] pwera [Avestan] 𐬛𐬎𐬎𐬀𐬭 [Hindi] दर [Serbo-Croatian] dvar [Ancient Greek] θαιρός [Cappadocian Greek] θίρ [Old Church Slavonic] двьрь [Persian] دریچه [Jersey Dutch] dœr,*dʰwer-,,56,1002
[English] truth [English] trust [Norman] dû [English] tryst [Latin] durus [Portuguese] durante [Catalan] dur [French] dur [Occitan] dur [Old Prussian] druwis [Ancient Greek] δροόν [Icelandic] traust,*deru-,,12,1003
[English] real [Galician] real [Indonesian] real [Latin] res [English] rebus [Romanian] rai [Sanskrit] रयि [Russian] рай [Sanskrit] रै [Indonesian] riil,*reh₁ís,,10,1004
[Portuguese] real [English] rime [German] reimen,*rēy-,,3,1005
[Latin] alter [French] autre [Ido] altro [Italian] altro [Romanian] alt [Portuguese] outro [Cebuano] otro [Spanish] otro [Ido] alterar [Fala] otru [Romansch] oter [Romansch] auter [Norman] aut' [Mozarabic] ותרי [Ligurian] âtro [Sardinian] àteru,*h₂élteros,,16,1006
[English] sweat [English] shvitz [Latin] sudor [Spanish] sudor [Old English] swat [Swedish] svett [Dutch] zweet [German] Schweiß [German] schwitzen [French] sueur [Catalan] suor [Portuguese] suor [Italian] sudore [Icelandic] sviti [Yiddish] שוויצן [Romanian] sudoare [Franco-Provençal] suar [Norwegian Bokmål] svette [Norwegian Bokmål] svette [Norwegian Nynorsk] sveitte [Norwegian Nynorsk] sveitte [Icelandic] sveiti [Old Norse] sveiti [Catalan] exsudar [Occitan] exsudar [Portuguese] exsudar [Faroese] sveitti,*swoyd-,,27,1007
[English] manifest [Ancient Greek] θράσος [Latin] infestus [Latin] manifestus [Latvian] drošs [German] thüren [Estonian] tohtima [Ancient Greek] θάρσος,*dʰers-,,8,1008
[English] fork [Latin] furca,*ǵʰerk(ʷ)-,,2,1009
[English] fork [Dutch] vrucht [Latin] furca [Old English] forcel,*perg-,,4,1010
[Latin] labor [German] schlaff [Serbo-Croatian] slab [Serbo-Croatian] слаб [German] schlapp,*(s)leh₂b-,,5,1011
[English] regret [Swedish] gråta [Persian] زره [Old Irish] adgládathar [Sanskrit] ह्रादते [Tocharian B] krāt-,*ǵʰreh₁d-,,6,1012
[English] regret [English] great [English] nitty-gritty [English] grit,*gʰrewd-,,4,1013
[Norwegian Bokmål] gras [German] Gras [Swedish] gräs [Italian] erba [Sardinian] erba [Old Portuguese] erva [Portuguese] erva [Spanish] hierba [Danish] græs [Old English] græs [French] herbe [Faroese] grógva [Icelandic] græða [West Frisian] gers [Icelandic] gróa [Old Norse] gróa [Danish] grøn [Norwegian Bokmål] gress [Walloon] yebe [Neapolitan] evera [Hunsrik] Graas [North Frisian] Gērs [Old Norse] grœða [Norwegian Bokmål] abborgress [Norwegian Bokmål] abborgras,*gʰreH₁-,,25,1014
[English] shall [Albanian] helm [English] squeal [Lithuanian] skola [Old Norse] skulu [West Frisian] sille [Dutch] schellen [German] schellen [Middle English] schulen [Latvian] skaļš [Latvian] skatīt [German] Schelle [English] Skuld [Catalan] esquella,*skel-,,14,1015
[English] might [Afrikaans] mag [Russian] мочь [Faroese] máttur [Icelandic] máttur [Old Norse] máttr,*mógʰtis,,6,1016
[English] creed [Latin] credo [Irish] creideamh [Indonesian] kredo [Sanskrit] श्रद्दधाति [Welsh] credu [Old Irish] creitid,*ḱréddʰh₁eti,,7,1017
[Romanian] must [Latin] musca [Italian] muschio [Galician] mosto [Italian] mosto [Portuguese] mosto [Spanish] mosto [Romanian] muscă [French] moût [Galician] murcho [Portuguese] murcho [Latin] mustus [Faroese] mosi [Latin] mustax,*mus-,,14,1018
[English] holy [Scots] hail [Westrobothnian] hail [Old English] hal [Old Norse] heilsa [Icelandic] heill [Norwegian Nynorsk] heil [Old High German] heil [Faroese] heilur [Swedish] hälsa [Scots] haly,*kóh₂ilus,,11,1019
[English] doom [Middle English] doom [Danish] dom [Norwegian Bokmål] dom [Swedish] dom [Old Norse] dómr [Faroese] dómur [German] -tum [Dutch] doem [Gothic] 𐌳𐍉𐌼𐍃 [Ancient Greek] θωμός [Yiddish] ־טום [Old Norse] -dómr,*dʰóh₁mos,,13,1020
[English] Lutheran [Lithuanian] karas [Latin] Corioli,*kóryos,,3,1021
[English] arrow [Old English] earh [Ancient Greek] Ἀρκαδία [Faroese] ørvur [Faroese] ørv [Old Norse] ǫr,*h₂érkʷo-,,6,1022
[English] bow [Dutch] boeg [Ancient Greek] πῆχυς [Tajik] бозу [Tajik] боҳу [Hindi] बाज़ू [Middle Dutch] boech,*bʰeh₂ǵʰus,,7,1023
[English] ply [Spanish] llegar [English] pleach [English] flax [English] flack [English] flask [Italian] piegare [English] flagon [English] supplicate [Danish] flette [Latin] plico [Portuguese] pregar [Ancient Greek] πλέκω [Portuguese] chegada [Catalan] plegar [French] ployer [Latin] plecto [Romanian] pleca [Old English] flasce [Latin] plagium [Icelandic] flakka [Latin] Olca [Old English] fleohtan [Polish] flasza [Estonian] kompleksne,*pleḱ-,,25,1024
[Albanian] dash [English] wilderness [Latvian] dvēsele [Lithuanian] dvasia,*dʰwes-,,4,1025
[English] quash [English] pasta [Latin] pasta [Italian] percuotere [Latin] quatio [Greek] παστός [Ancient Greek] πάσσω,*kʷeh₁t-,,7,1026
[English] rash [English] rotund [Welsh] Rhys [English] rouleur,*Hreth₂-,,4,1027
[English] consume [Latin] emo [English] sumptuary [Serbo-Croatian] imati [Serbo-Croatian] имати [Latvian] ņemt [Russian] -нять [Polish] jąć,*h₁em-,,8,1028
[Faroese] mega [Icelandic] mega [Afrikaans] mag [Albanian] mund [Albanian] mund [Dutch] mogen [Gothic] 𐌼𐌰𐌲𐌰𐌽 [Swedish] mö,*magʰ-,,8,1029
[English] crook [French] croc,*greg-,,2,1030
[English] navel [Latin] umbilicus [Old Irish] imbliu [Irish] imleacán,*h₃nóbʰōl,,4,1031
[English] mast [Finnish] masto,*mazdos,,2,1032
[English] side [English] side [Old English] seomian,*sēy-,,3,1033
[Middle Irish] side [Irish] sí [Old Irish] síd,*sēds,,3,1034
[French] jambe [Norman] camp [Polish] gambit [Italian] gamba [Latin] gamba [English] gammon [Norman] changi [Latin] camba [Norman] changier [Old French] changier [Walloon] djambe,*kamp-,,11,1035
[English] net [Dutch] net [Faroese] net [Icelandic] net [Indonesian] net [Old Norse] net [West Frisian] net [English] lanyard [Latin] nassa [German] nass [Hunsrik] nass [Old High German] naz [English] Neman [French] lanière [Swedish] nät [Old English] nostle,*ned-,,16,1036
[Old Irish] net [English] nest [Italian] nido [Spanish] nido [Latin] nidus [French] nid [German] Nest [Galician] niño [Afrikaans] nes [English] nide [Catalan] niu [Manx] edd [Sanskrit] नीड [Serbo-Croatian] gnezdo [Serbo-Croatian] gnijezdo [Russian] гнездо [Serbo-Croatian] гнездо [Czech] hnízdo [Irish] nead [Scottish Gaelic] nead [Portuguese] ninho [Polish] gniazdo [Serbo-Croatian] гнијездо [Luxembourgish] Nascht [Welsh] nyth [Old Czech] hniezdo [Slovak] hniezdo [Lower Sorbian] gnězdo [Upper Sorbian] hnězdo [Ukrainian] гніздо [Belarusian] гняздо [Albanian] neth [Galician] neada [Polish] Gniezno [Yiddish] נעסט [Galician] nío [Sanskrit] नीळ [Pali] niḍḍha [Silesian] gniŏzdo,*nisdós,,39,1037
[English] needle [Latin] neo [Swedish] snöre [Danish] nål [Albanian] nus [Dutch] snoer [Swedish] nåt [Icelandic] snæri [Irish] sníomh [Welsh] nyddu [Gothic] 𐌽𐌴𐌸𐌻𐌰 [Ancient Greek] νέω [Gothic] 𐍃𐌽𐍉𐍂𐌾𐍉,*(s)neh₁-,,13,1038
[English] desiccate [English] sie [Catalan] sec [French] sec [Occitan] sec [Romanian] sec [Portuguese] seco [Spanish] seco [Ido] sika [Norman] sé [Italian] secco [Latin] siccus [English] soe [Esperanto] seka [Indonesian] seka [Portuguese] secar [Walloon] setch [Norman] saec [Ancient Greek] ἰσχνός [Ancient Greek] ἵκω,*seyk-,,20,1039
[English] pleasure [Irish] pléisiúr,*k-,,2,1040
[English] bang [Swedish] banka [Cebuano] bangs [Old Norse] banga [Bakhtiari] بنگ,*bʰen-,,5,1041
[Dalmatian] aqua [Istriot] aqua [Latin] aqua [Norwegian Nynorsk] å [Norwegian Bokmål] øy [Norwegian Bokmål] Karmøy [Norwegian Bokmål] Karlsøy [Norwegian Nynorsk] ån [Gothic] 𐌰𐍈𐌰 [Norwegian Nynorsk] åg [German] Aue [Basque] hego [Norwegian Bokmål] ABC-øyene [Norwegian Bokmål] Karlsøya [Norwegian Bokmål] Karlsøya,*h₂ékʷeh₂,,15,1042
[English] rust [German] Rost [Hunsrik] Rost [Silesian] rōst,*rudʰso-,,4,1043
[English] rust [Catalan] ros [Old Frisian] rad [Norwegian Nynorsk] rouge [Swedish] rouge [Finnish] rauta [Spanish] rojo [Vilamovian] rut [Yiddish] רויט [Welsh] rhudd [Italian] rosso [Latin] rufus [Irish] rua [English] Roy [English] rubella [English] Rubicon [English] rutilant [English] rubric [Swedish] rost [Scottish Gaelic] ruadh [Lithuanian] rudas [Lithuanian] ruda [Romanian] roșu [Romani] lolo [English] rubicon [Danish] rød [Indonesian] rubrik [Portuguese] roxo [Breton] ruz [Latin] russus [Latin] robur [Cornish] rudh [Old Irish] rúad [Manx] ruy [Dutch] rubriek [Corsican] rossu [Russian] румяный [Umbrian] 𐌓𐌖𐌚𐌓𐌖 [Irish] rúibric [Latin] rutilus [Latin] rubidus [Latin] robus [Serbo-Croatian] рђа [Serbo-Croatian] rđa [Albanian] pruth [Albanian] fruth [Old Norse] reynir [Albanian] dryshk [Persian] روناس [Lower Sorbian] rza [German] Rubrik [Pali] lohita [Sanskrit] रोहित [Persian] رودنگ [Old Norse] rjóða [Old English] reodan [Middle English] rudnen [Sanskrit] लोहित [Khowar] لۓى [Romanian] roș [Serbo-Croatian] rđav [Serbo-Croatian] рђав,*h₁rewdʰ-,,62,1044
[Irish] sine [Old Irish] sine [Scottish Gaelic] sine [Sanskrit] स्तन [Ancient Greek] παρθένος [Spanish] pestaña [Faroese] spini [Catalan] pestanya [English] spean [English] spean [Prakrit] 𑀣𑀡 [Tocharian B] päścane [Ancient Greek] στήνιον [Armenian] պստիկ [Lithuanian] spenys [Oriya] ଥନ,*pstḗn,,16,1045
[English] mail [French] malle [Indonesian] mil [Portuguese] mala [Spanish] mala [Scottish Gaelic] màla [Ancient Greek] μολγός,*molko-,,7,1046
[English] mail [Dutch] malie [Portuguese] malha,*smh₁-tleh₂,,3,1047
[Portuguese] acetileno [English] swage [English] hemlock [Romansch] suga [Asturian] soga [Catalan] soga [Galician] soga [Italian] soga [Spanish] soga [Friulian] soe [Irish] sú [Dutch] zuivel [French] suage [Old English] gesyd [Old Armenian] խոնաւ [German] sudeln,*sew-,,16,1048
[Norwegian Bokmål] acetyl [Norwegian Bokmål] acetylen [Norwegian Bokmål] -yl [Norwegian Bokmål] acetylsalisylsyre [Norwegian Bokmål] salisyl,"*swel-, *sel-",,5,1049
[English] Cologne [French] Cologne [English] culture [French] culture [Albanian] jam [Indonesian] acara [Malay] acara [English] colony [Latin] colo [Middle Irish] cul [English] cultivate [English] pulley [Macedonian] кола [Czech] kultura [Czech] kolo [Portuguese] coronel [Indonesian] kultur [Ancient Greek] τέλος [Ancient Greek] πάλαι [Ancient Greek] παλαιός [English] columnist [Welsh] pell [Dutch] cultuur [Pali] carati [Dutch] kolonel [Persian] چریدن [Lithuanian] kelias [Ancient Greek] πόλος [Polish] kolia [Ancient Greek] πέλω [Ancient Greek] τῆλε [Old Armenian] հոլով [Ancient Greek] πλήμνη [Latvian] kult [Portuguese] coluna [Old Armenian] եղանիմ [Assamese] চলা [Latin] inquilinus [Persian] چالش [Irish] cultúr [Gallo] qhultûrr [Latin] culcita [Welsh] dychwelyd [Sanskrit] चर् [Assamese] চৰা [Latvian] klaips [Tocharian B] aṅklautkatte [Tocharian A] käl- [Tocharian B] käl- [Marathi] चरणे [Gilaki] واجار [Ancient Greek] τελέθω,*kʷel-,,52,1050
[Old English] gear [Northern Kurdish] par [Faroese] ár [West Frisian] jier [Northern Kurdish] pêrar,*yeh₁r-,,5,1051
[English] obtuse [English] study [English] study [Indonesian] studi [Latin] studeo [English] stot [Persian] تند [Spanish] tundir [Latin] tundo [Latin] tudes [Sanskrit] तुद् [German] niederstoßen [Albanian] shtyj [Russian] стужа [Yiddish] שטודיע [Old Irish] dotuit [Sanskrit] तुदति [Ancient Greek] Τυνδάρεος,*(s)tewd-,,18,1052
[Irish] sail [Spanish] sauce [Portuguese] salgueiro [Romanian] salcie [Italian] salice [Scottish Gaelic] seileach [Latin] salix [Catalan] salze [Old English] sealh [Sardinian] saliche [English] sargasso [Welsh] helyg [English] Sausal [Norwegian Bokmål] acetylsalisylsyre [Sardinian] salighe [Norwegian Bokmål] salisyl [Catalan] salenca,*sl̥H-ik-,,17,1053
[English] negro [English] naked [Latin] niger [Old English] nacod [Old Norse] nǫkkviðr [Persian] برهنه [Sanskrit] नाग [Old English] nacian [Translingual] Gymnogyps [Middle Persian] LHMA [Sanskrit] नग्न [Hittite] 𒉈𒆪𒈠𒀭𒍝 [Ancient Greek] νεβρός [Assamese] নাঙঠ,*negʷ-,,14,1054
[English] nexus [French] nœud [Romanian] nod [Spanish] nudo [Italian] nodo [Catalan] nus [Latin] nodus [Finnish] nitoa [Portuguese] nó [Latin] necto,*gned-,,10,1055
[English] province [Alemannic German] Frau [English] frow [Dutch] provincie [Indonesian] provinsi [Polish] prawo [Polish] prawy [Alemannic German] Fràui [Alemannic German] frou [Yiddish] פֿרוי [Afrikaans] provinsie [Norman] provînche,*prōw-,,12,1056
[Albanian] bar [English] barley [Breton] bara [Welsh] bara [Irish] bairín [Galician] broa [Faliscan] 𐌚𐌀𐌓,*bʰars-,,7,1057
[Old Swedish] bar [Swedish] bar [English] bare [Old English] bær [Old Norse] berr [Lithuanian] basas [Old Armenian] բոկ [English] pareve [Lower Sorbian] bósy,*bʰosós,,9,1058
[French] temple [Galician] templo [Italian] templo [Old Portuguese] templo [Portuguese] templo [Spanish] templo [Italian] tempio [Romanian] tâmplă,*t(e)mp-lo-s,,8,1059
[English] Oslo [Norwegian Bokmål] Oslo [Icelandic] ás [English] Æsir [Old Norse] áss [Faroese] ásur [Old Norse] ǫ́ss,*h₂énsus,,7,1060
[English] pat [Old English] plættan [Old English] plætt,*blod-,,3,1061
[English] skin [Welsh] cen [Old Norse] hinna [Albanian] shqyej [Cornish] kenn,*sken-,,5,1062
[English] loud [Scots] lood,*ḱlewtos,,2,1063
[Spanish] vid [Italian] vite [English] withe [Portuguese] vide [Swedish] vide [German] Weide [Icelandic] víðir [Russian] ветвь [Latin] vitis [Northern Kurdish] bî [Ancient Greek] ἰτέα [Hindi] बेत [Old English] wiþig,*wéh₁itis,,13,1064
[English] Atlantis [English] tellurion [English] tellurian [English] Atlantic [Welsh] tal [Italian] togliere [Old Irish] tol [English] Atlas [Old English] þolian [Latin] tolero [English] thole [Latin] talpa [Dutch] dulden [Scottish Gaelic] tlàth [Ancient Greek] Ἄτλας [Swedish] tåla [Latin] opitulor [Sanskrit] तल [Old Saxon] tholon [English] Tellurian [Welsh] tâl [Welsh] talaith [Ancient Greek] ἔτλην [Welsh] tlawd [Ancient Greek] τάλαρος [Ancient Greek] τελαμών [Ancient Greek] τόλμα [Ancient Greek] τλήμων [Old Armenian] թաղեմ [Hindi] तला [Sanskrit] तल् [Ancient Greek] τέλλω [Ancient Greek] τάλας [Irish] tláith,*telh₂-,,34,1065
[Latin] destino [Polish] stać,*stnéh₂ti,,2,1066
[Old Portuguese] creer [Spanish] creer [Italian] credere [French] croire [Romanian] crede [Galician] crer [Portuguese] crer [Catalan] creure [Irish] creid [Manx] creid [Scottish Gaelic] creid [Ido] kredar [Norman] crianche,*ḱred dʰeh₁-,,13,1067
[Serbo-Croatian] ovca [Slovak] ovca [Slovene] ovca [Czech] ovce [Polish] owca [Ukrainian] вівця [Upper Sorbian] wowca [Umbrian] 𐌖𐌅𐌄𐌌 [Lithuanian] avinas,*h₃éwis,,9,1068
[German] biegen [English] beag [Sanskrit] भुज [Russian] бугор [Sanskrit] भुज् [Old Norse] baugr,*bʰewgʰ-,,6,1069
[Ladin] chi [Albanian] sa [Latin] quis [Latin] cuius [Albanian] s' [Hittite] 𒆪𒅖 [Luwian] 𒆪𒅖 [Ancient Greek] ἄττα [Old Armenian] ո [Sanskrit] किम् [Middle English] whanne [Tocharian B] kuce [Hittite] 𒆪𒉿𒁉 [Tocharian B] kutameṃ,*kʷís,,14,1070
[Old Irish] nem [Old Welsh] nem [Latin] nebula [German] Nebel [English] nebulous [Spanish] niebla [Tagalog] Neptuno [Old Cornish] nef [Welsh] nef [Romansch] nivel [Latin] Neptunus [Latin] nimbus [Ancient Greek] νέφος [Dutch] nevel [Italian] nebbia [Portuguese] névoa [Catalan] neula [Old High German] nebul [Czech] nebe [Scottish Gaelic] nèamh [Persian] نم [Old Church Slavonic] небо [Polish] niebo [Polish] niebiosa [Lithuanian] debesis [Luwian] 𒋫𒀊𒉺𒀸𒊭 [Polabian] nebü [Kashubian] niebò [Bulgarian] небе [Lower Sorbian] njebjo [Upper Sorbian] njebjo [Belarusian] неба [Sanskrit] नभस् [Hittite] 𒉈𒂊𒁉𒅖 [Icelandic] njóla [Esperanto] nebulo [Irish] neamh [Manx] niau [Romanian] negură [Yiddish] נעפּל [Romansch] nibel [Icelandic] nifl [Breton] neñv [Cornish] nev [Old English] genip [Galician] ámboa,*nébʰos,,46,1071
[French] puer [English] foul [Latin] puter [Catalan] pudir [Latin] puteo [Albanian] puçërr [Ossetian] фыд [Old Irish] othar [Romanian] puți [Galician] podre [Portuguese] podre [Spanish] podre [Latin] putreo [Old Armenian] փուտ [English] pyo- [Albanian] fëlliq [Icelandic] fúi [Ancient Greek] πύον [Ancient Greek] πυός,*puH-,,19,1072
[Dutch] terp [English] troop [Welsh] tref [English] artesian [Irish] baintreach [Galician] trobo [Latin] trabs [Albanian] trevë [French] Artois [Latin] Atrebates [Scottish Gaelic] aitreabh,*treb-,,11,1073
[Danish] lad [Swedish] lat,*lē(y)d-,,2,1074
[English] serpent [Catalan] serpent [Dutch] serpent [French] serpent [Spanish] serpiente [Italian] serpente [Portuguese] serpente [Catalan] serp [Romanian] șarpe [Sanskrit] सर्प [Spanish] sierpe [Italian] serpe [Portuguese] serpe [Ancient Greek] ἕρπω [Latin] serpo [Albanian] shtërpij [Spanish] sarpullido [Gujarati] સાપ [West Frisian] serpint,*serp-,,19,1075
[English] beach [English] bache [Swedish] bäck,*bʰog-,,3,1076
[Italian] Rieti [Latvian] riet [English] roar [English] roe [French] rive [Catalan] riba [Occitan] riba [Italian] ripa [Old English] reþe [Italian] riva [Latin] ravis [Icelandic] rifa [Old English] gerar [Portuguese] ribeira [English] rethe [Norman] riviéthe [Latvian] raize [Latin] Reate,*rey-,,18,1077
[French] trente [Spanish] treinta [Catalan] trenta [Italian] trenta [Portuguese] trinta [Sardinian] trinta [Latin] tricies [Latin] triciens [Tocharian B] täryāka [Gujarati] ત્રીસ,*tri(d)ḱomt,,10,1078
[Latin] lumen [Catalan] llum [Occitan] lum [Romansch] glüm,*léwksmn̥,,4,1079
[English] bunion [English] bun [English] bunch [English] bunker [Hindi] बहुत [Old High German] biga [French] beignet [Urdu] بہت [Assamese] বহুত [Bengali] বহুত,*bʰenǵʰ-,,10,1080
[Latin] radius [English] radiole [Old Armenian] առիք [Old Armenian] արդն,*reh₁t-,,4,1081
[English] drone [Albanian] dre [Ancient Greek] θρῶναξ [Limburgish] Droon,*dʰrēn-,,4,1082
[English] shadow [English] obscure [English] hoar [Ancient Greek] σκότος [Persian] سام [German Low German] Schaam [Irish] scáth [Old Irish] scáth [Breton] skeud,*(s)ḱeh₃-,,9,1083
[Irish] sí [Ancient Greek] ἵ,*sih₂,,2,1084
[English] soporific [Portuguese] soporífico [Spanish] soporífico,*swepōr,,3,1085
[English] fathom [Welsh] odi [Indonesian] pati [Welsh] hedfan [Sanskrit] पत्,*pet-,,5,1086
[Vilamovian] tok [English] dock,*dʰeu-k-,,2,1087
[Latin] in- [Sanskrit] अनु,*énu,,2,1088
[English] lathe [English] lush [Albanian] lot,*lēy-,,3,1089
[English] tern [Slovak] tiecť [Indonesian] dinas [Serbo-Croatian] teći [Serbo-Croatian] тећи [Russian] течь [Old Church Slavonic] тещи [Czech] téct [Czech] útěk [Persian] تک [Persian] تکیدن [Latin] taxus [Old Norse] þjá [Albanian] ndjek [Persian] تاختن [Old English] þeow [Lithuanian] tekėti [Old Irish] teichid [Irish] teith [Old Norse] þerna [Old Norse] þéna [Talysh] تجه [Persian] تخش [Proto-Norse] ᚦᛖᚹᚨᛉ [Old Saxon] thiorna [English] theow,*tekʷ-,,26,1090
[English] knock [Swedish] knulla [English] knell [English] nep [Sanskrit] कन्द,*gen-,,5,1091
[Dutch] Brabant [Middle Dutch] brabant [Dutch] Swifterbant,*bʰonHdeₕ₂-,,3,1092
[English] check [Persian] شهر [French] échec [English] tectonic [Urdu] شہر [English] thig [Old Persian] 𐎧𐏁𐎹𐎠𐎼𐏁𐎠 [Persian] شاه [Dutch] degen [Old Norse] þiggja [Old Persian] 𐏋 [Old Persian] 𐎧𐏁𐏂𐎶 [Polish] tkać [Latin] satelles [Sanskrit] क्षत्रिय [Gujarati] શહેર [Old Armenian] թեզան [Latvian] teikt [Sanskrit] क्षत्र [Polish] czek [Lithuanian] tekti [Ancient Greek] κτάομαι [Hindi] खाता [Cebuano] tsek [Indonesian] syah [Ancient Greek] κτέανον [Avestan] 𐬑𐬱𐬀𐬚𐬭𐬌𐬌𐬀 [Gaulish] Biatec [Ossetian] ӕхсар,*tek-,,29,1093
[Portuguese] cheque [Portuguese] xeque,*tke-,,2,1094
[English] mushroom [English] moss [Portuguese] musgo [Latin] muscus,*mews-,,4,1095
[English] borrow [English] bury [English] burrow [English] bargain [French] flamberge [Faroese] bjarga [Icelandic] bjarga [Old Norse] bjarga [Portuguese] abrigo [Old High German] burgeo [French] abri [French] abrier [English] burian [Norman] bardgîngni [Old Church Slavonic] небрѣщи [Welsh] bargeinio [Polish] borgować [Swedish] bärga,*bʰergʰ-,,18,1096
[Czech] los [English] auk [Russian] олень [Russian] олень [Ukrainian] олень [Ukrainian] олень [Irish] eala [Scottish Gaelic] eala [Latin] olor [Russian] лось [Faroese] álka [Icelandic] álka [Polish] łoś [Old Church Slavonic] ѥлень [Lithuanian] elnias [Danish] elg [Norwegian Bokmål] elg [Norwegian Nynorsk] elg [Latvian] alnis [Welsh] alarch [Persian] آل [Sanskrit] ऋश्य [Pali] issamiga,*h₁el-,,23,1097
[Old English] los [English] lese [Swedish] förlisa,*lewHs-,,3,1098
[Norwegian Bokmål] ruse [English] rocky [Latin] rauca [Romanian] arunca [Latin] runco [Latin] arrugia [Ancient Greek] ὀρύσσω [Norwegian Bokmål] abborruse [Mazanderani] برکسن,*h₃rewk-,,9,1099
[English] feast [English] feral [Ancient Greek] θεός [Mycenaean Greek] 𐀳𐀃 [Phrygian] δεως [Icelandic] dís [Old Armenian] դիք [Latin] feralis [Ancient Greek] θεσπέσιος,*dʰéh₁s,,9,1100
[Polish] ser [English] sour [Danish] sur [Kashubian] sur [Norwegian Bokmål] sur [Norwegian Nynorsk] sur [Swedish] sur [Icelandic] súr [German] sauer [Old Norse] súrr [Faroese] súrur [Afrikaans] suur [Persian] شور [Latin] rumex [Russian] сырой [Lithuanian] sūris [Bashkir] шур [Old Ruthenian] сыръ,*súHros,,18,1101
[English] marrow [Swedish] märg [Serbo-Croatian] мозак [Latin] medulla [Slovak] mozog [Persian] مغز [Dutch] merg [Bulgarian] мозък [Yiddish] מאַרך [Lithuanian] smegenys [Central Franconian] Märch [Sanskrit] मज्जन् [Old Norse] mergr [Lower Sorbian] mórzgi,*mosgʰos,,14,1102
[English] arc [Latin] arcus,*h₂erkʷos,,2,1103
[Catalan] arc [French] arc [Romanian] arc [Italian] arco [Portuguese] arco [Spanish] arco [Norwegian Bokmål] ark [Indonesian] arku [Norwegian Bokmål] A4-ark [Galician] Alcobre [Norwegian Bokmål] A3-ark [Norwegian Bokmål] A5-ark [Norwegian Bokmål] A5-papir [Indonesian] arkus,*h₂erkʷo-,,14,1104
[Romanian] tuna [English] tornado [Latin] tono [Dutch] steunen [Italian] tuonare [French] tonner [Catalan] tronar [Occitan] tronar [Spanish] tronar [Persian] تندر [Urdu] تندر [Portuguese] troar [English] Taranis [Low German] Dunner [Old High German] Donar [Ancient Greek] στενάχω,*(s)tenh₂-,,16,1105
[English] reptile [Dutch] reptiel [Indonesian] reptil,*rep-,,3,1106
[English] tire [Old Armenian] տև,*dewH-,,2,1107
[English] wheel [Danish] hjul [Norwegian Bokmål] hjul [Norwegian Nynorsk] hjul [Swedish] hjul [Dutch] wiel [Middle Dutch] wiel [Faroese] hvæl [Latin] poples,*kʷekʷlóm,,9,1108
[Aragonese] cuerno [Spanish] cuerno [Old Norse] horn [Swedish] horn [Latin] cornu [Catalan] corn [Romanian] corn [Italian] corno [Portuguese] corno [Latin] cervix [Neapolitan] craje [Bulgarian] крава [Macedonian] крава [Serbo-Croatian] крава [German] Ren [Latin] cerebrum [Latin] cras [Old East Slavic] корова [Dutch] hert [Latin] carina [Finnish] sarvi [Hungarian] szarv [English] coryphée [French] coryphée [Old English] heorot [English] hern [Albanian] thërrime [English] cairn [English] coryphaeus [Old High German] hirni [Breton] Karnag [Italian] cervice [English] saveloy [Persian] سر [Punjabi] سر [Ancient Greek] κάρυον [Swedish] hjärna [Mazanderani] سره [Upper Sorbian] kruwa [Welsh] carn [Ancient Greek] κέρας [Old Prussian] kerpetis [Kashubian] karwa [Ancient Greek] κεραός [Sanskrit] शिर [Persian] سرنا [Ancient Greek] κρατήρ [Ossetian] сӕр [Norwegian Nynorsk] hyrne [Old English] hyrne [Ancient Greek] κεραυνός [Old Norse] hyrna [Romanian] cerbice [English] hirn [Scots] hirn [Latin] crabro [Irish] ceirbream [English] carnyx [Latin] cernuus [Albanian] thanë [Avestan] 𐬯𐬁𐬭𐬀 [Middle Persian] 𐭫𐭥𐭩𐭱𐭤 [Ancient Greek] κεράννυμι [Slovincian] krʉɵ̯vă [Albanian] cërij [Serbo-Croatian] Kranj [Serbo-Croatian] Крањ [English] sarpanch [Spanish] cerviz [Old Irish] dotuit [Latin] Carnutes [Assamese] শিং [Marathi] शिंग [Sanskrit] शरभ [Galician] carnoedo [Yemeni Arabic] كر [Punjabi] ਸਿਰ [Ancient Greek] Κορυδαλλός [Ancient Greek] κάρνον [Old Spanish] ceruiz [Indonesian] sasar,*ḱerh₂-,,81,1109
[English] lip [English] label [Indonesian] label [English] lap [Dutch] lap [Indonesian] lap [German] Lappen [Latin] labarum [Latin] labo [French] lambeau [French] lèvre [Norman] lèvre [Dutch] laf [Icelandic] laf [Italian] potta [Persian] لب [Danish] læbe [Romansch] lef [Swedish] lapp [Northern Kurdish] lêv [Swedish] läpp [Zazaki] lew [Latin] labrum [Latin] lappa [French] délabrer [Romansch] leiv [English] umbelap [English] belap [Icelandic] lafa [Icelandic] leppur [Old Danish] læpæ [Old English] læppa [Hittite] 𒇷𒅁𒍣 [Hittite] 𒇷𒉺𒀀𒄑𒍣 [Galician] lambiza [Galician] lambizo,*leb-,,36,1110
[Faroese] land [Icelandic] hland [English] lant [Latin] Clanis,*klān-,,4,1111
[English] fare [Scots] fare [Faroese] fara [Icelandic] fara [Norwegian Nynorsk] fara [Westrobothnian] fera,*por-,,6,1112
[Danish] fare [Latin] porcus [Old Irish] orc [English] pork [Galician] porco [Italian] porco [Portuguese] porco [Catalan] porc [French] porc [Romanian] porc [Manx] ark [Finnish] porsas [English] farrow [Slovak] prasa [Old English] fearh [Spanish] puerco [Czech] prase [Serbo-Croatian] prase [Slovene] prase [Estonian] põrsas [Polabian] porsą [Serbo-Croatian] прасе [Irish] arcán [Lusitanian] porcom [Corsican] porcu [Sardinian] porcu [Polish] prosię [Old Norse] purka [Norwegian Nynorsk] purke [Komi-Zyrian] порсь [Ligurian] pòrco [Silesian] prosiã [Umbrian] 𐌐𐌏𐌓𐌂𐌀 [Scottish Gaelic] Arcaibh,*pórḱos,,34,1113
[English] witch [Scots] witch,*wik-néh₂-,,2,1114
[Italian] dio [Latin] dius [Sanskrit] दिव्य [Ancient Greek] δῖος [Pali] dibba [Old Tamil] 𑀢𑀺𑀯𑁆𑀯𑀺𑀬𑀫𑁆,*diwyós,,6,1115
[Old Irish] té [Scottish Gaelic] teth [Northern Kurdish] tav [Welsh] tes [Irish] teas [Serbo-Croatian] topao [Slovene] topel [Czech] teplý [Slovak] teplý [Welsh] tân [Russian] тёплый [Persian] آفتاب [Persian] تاب [Pashto] تود [Welsh] twymyn [Persian] تفت [Serbo-Croatian] топао [Kashmiri] تۆت [Manx] çheh [Latin] tepeo [Icelandic] þefa [Hindi] ताप [Persian] تفسیدن [Middle Persian] tʾp̄k' [Old English] þefian [Sanskrit] तप् [Assamese] তপত [Assamese] তাপ [Shina] تاتو [Welsh] twym [Tocharian B] tāpce [Sanskrit] तापयति [Ancient Greek] Ταβιτί [Ossetian] тӕвд [Bengali] আফতাব,*tep-,,35,1116
[Catalan] sort [French] sort [English] series [English] hero [Cebuano] hero [Latin] servo [Latin] serum [English] berserk [English] berserker [English] sorcery [English] heresy [English] insert [English] ensorcell [Spanish] suerte [English] Hermes [English] Serb [English] sorcerer [Finnish] hera [Latin] sors [Portuguese] sorte [Old Irish] serb [English] sortie [Serbo-Croatian] Srbin [English] sark [Ancient Greek] Ἑρμῆς [English] sere [Romanian] serba [German] Strudel [Polish] strudel [Ido] heroo [Persian] هرات [Galician] heroe [German] Sernf [Ancient Greek] ἥρως [Ancient Greek] εἴρω [Ancient Greek] ὁρμή [English] serac [Latin] sero [Romanian] soartă [Swedish] särk [Latin] sorbus [Latvian] sargāt [Latvian] sērs [Albanian] hirrë [Latvian] sarkans [Ancient Greek] αἱρέω [Latvian] sirpis [Sanskrit] सरत् [Latin] Sars [Galician] Sar [Galician] Sarria [Latin] Serante [Galician] Serantes [Ancient Greek] ὀρός [Czech] strdí [Old Spanish] sieruo [Sanskrit] सरित्,*ser-,,57,1117
[Danish] sort [German] schwarz [English] swart [Latin] suasum [Russian] сор [Central Franconian] zjwats [Polish] szwarc,*swerd-,,7,1118
[English] steel [Danish] stål [Norwegian Bokmål] stål [Swedish] stål [Icelandic] stál,*stak-,,5,1119
[Irish] cos [Old Irish] cos [Latin] coxa [Hindi] को [French] cuisse [Urdu] کو [Corsican] coscia [Italian] coscia [Romanian] coapsă [Catalan] cuixa [Welsh] coes [Japanese] クッション [Greek] κουτσός [Lithuanian] kiška,*koḱs-,,14,1120
[Latin] cos [Armenian] սմբուկ [Albanian] thadër [Latin] cautes,*ḱeh₃-,,4,1121
[English] farm [Latin] firma [French] ferme [Old French] ferme [Polish] ferma [Old English] feorm [Irish] feirm [Old Norse] fýri [Norman] fèrme [Welsh] fferm [Yiddish] פֿאַרם [Old Norse] fjǫrgyn,*perkʷ-,,12,1122
[Catalan] front [French] front [Italian] fronte [Spanish] frente [Romanian] frunte,*bʰron-t-,,5,1123
[English] request [English] question [English] inquiry [English] inquire [English] enquiry [English] enquire [Latin] quaero,*kʷeh₂-,,7,1124
[English] thong [Ancient Greek] σάγμα [Ancient Greek] σάττω [Old Frisian] thwong,*twenk-,,4,1125
[English] awe [Icelandic] ótti [English] hideous [Norwegian Nynorsk] agg [Swedish] agg [Old English] eglan [Gothic] 𐌰𐌲𐌻𐍉 [Gothic] 𐍉𐌲𐌾𐌰𐌽 [Ancient Greek] ἄχνυμαι [Ancient Greek] ἀχεύων,*h₂egʰ-,,10,1126
[Westrobothnian] äl [Old Norse] elja [Latvian] alva [Old Norse] eljun [Old Norse] eljan,*al-,,5,1127
[English] waste [English] waste,*wāsto-,,2,1128
[Breton] don [Serbo-Croatian] дно [Serbo-Croatian] dno [Old Prussian] dubnas [Old Church Slavonic] дъно [Irish] domhain [Manx] dowan [Latvian] dibens [Lithuanian] dugnas [Welsh] dwfn,*dʰubʰnós,,10,1129
[Sicilian] don [Spanish] don [Dutch] dom [Dutch] dom [Indonesian] dom [Lower Sorbian] dom [Old Irish] dom [Polish] dom [Serbo-Croatian] dom [Slovak] dom [Slovene] dom [Esperanto] domo [Ido] domo [Sardinian] domo [Italian] duomo [Portuguese] dono [Kashubian] dóm [Old Czech] dóm [Czech] dům [Silesian] dům [Latin] domus [French] domestique [Old Armenian] տուն [Russian] дама [Romansch] dunna [Esperanto] damo [Sanskrit] दम [Ukrainian] дім [Ancient Greek] δόμος [Italian] donzella [French] donzelle [Norman] donzelle [Corsican] domu [Sardinian] domu [Scottish Gaelic] domh [Portuguese] doméstico [Spanish] doméstico [Norman] danme [Ancient Greek] δῶμα [Avestan] 𐬛𐬀𐬨 [Ancient Greek] δῶ [Sanskrit] दम् [Ancient Greek] δάμαρ,*dṓm,,43,1130
[Latin] stamen [Gothic] 𐍃𐍄𐍉𐌼𐌰 [Ancient Greek] στάμνος [Ancient Greek] στήμων [Sanskrit] स्थामन्,*stéh₂mn̥,,5,1131
[English] course [Dutch] ros [Portuguese] correr [Spanish] correr [English] hurry [Romanian] cure [English] rush [French] courir [Old English] hors [Latin] curro [Old Norse] hross [Norwegian Nynorsk] rusa [Swedish] rusa [English] horse [Tocharian B] kwarsär [Catalan] córrer [West Frisian] hoars [Ancient Greek] ἐπίκουρος [Romanian] curge [Swedish] russ [Norman] couôrre [West Flemish] teure [Swedish] valross [Galician] corredoira [English] karozzin [Old English] horsc [Norman] couori,*ḱers-,,27,1132
[English] gaunt [Swedish] bana [Latin] defendo [English] defend [English] fend [Lithuanian] gana [Scottish Gaelic] gon [Sanskrit] ह [Latin] fustis [Faroese] gandur [Icelandic] gandur [Russian] гонять [Latin] offendo [Scottish Gaelic] gaoid [Ancient Greek] θείνω [Serbo-Croatian] žeti [Slovene] žeti [Ancient Greek] φόνος [Irish] goin [Serbo-Croatian] жети [Sanskrit] अघ्न्या [Latin] infensus [Latin] festinus [Latvian] dzīt [Ancient Greek] θνῄσκω [Lithuanian] ganyti [Lithuanian] ginti [Ancient Greek] ἔπεφνον [Middle Persian] zʾhl [Old Irish] gonaid [Sanskrit] हन् [Sanskrit] हन् [Russian] гон [Welsh] gwanu,*gʷʰen-,,34,1133
[English] yawn [Lithuanian] žiovauti,*ǵʰi-,,2,1134
[English] mane [Old English] mene [Latin] monile [English] manilla [Latin] mellum,*mony-,,5,1135
[Latin] mane [Latin] manus [Scottish Gaelic] math [Italian] maturo [Italian] domani [Spanish] mañana [Portuguese] manhã [English] mo [Occitan] deman [French] demain [Old Portuguese] mão [Portuguese] mão [Latin] manis [Romanian] mâine [Romanian] mână [Lombard] duman [Scottish Gaelic] mòine [Portuguese] maduro [Spanish] maduro [French] mûr [Scottish Gaelic] màg [Welsh] mawn [Catalan] demà [Latin] immanis [Irish] móin [Old Irish] móin [Manx] moain [Albanian] mëngjes [Mirandese] manhana [Catalan] madur [Russian] манить [Latin] Matuta [Ancient Greek] μῶλος [Latin] de mane,*meh₂-,,34,1136
[French] main [English] maniple [English] manacle [Serbo-Croatian] mah [English] unmannerly,*(s)meh₂-,,5,1137
[Old High German] riga [Sassarese] riga,*h₁reyk-,,2,1138
[English] glad [Swedish] glad,*gʰladʰ-,,2,1139
[Breton] glad [Welsh] gwlad [Old Welsh] gulat,*h₂wélh₁tis,,3,1140
[Polish] czar [Ancient Greek] τέρας [Indonesian] karma [Latin] Britannia [Welsh] peri [Central Kurdish] کردن [Persian] کردن [Southern Kurdish] کردن [Marathi] काम [Welsh] Prydain [Persian] کار [Northern Kurdish] kirin [Bakhtiari] کر [Lithuanian] keras [Sanskrit] कर्मन् [Swedish] kirra [Serbo-Croatian] чар [Serbo-Croatian] čar [Latin] Britto [Pali] kamma [Scottish Gaelic] cruth [Russian] чары [Sanskrit] कृ [Welsh] pryd [Latin] Pictus [Lithuanian] kurti [Hindi] कृति [Albanian] sarkë [Ancient Greek] πελώριος [Greek] πελώριος [Burmese] ကြိယာ [Burmese] ကိရိယာ [Avestan] 𐬐𐬀𐬭 [Middle Persian] 𐭪𐭫𐭲 [Hindi] उपकरण [Old Armenian] ճար [Latin] Parisii [Tocharian B] kerū [Ancient Greek] τείρεα [Shan] ၵရိယႃႇ [Tocharian A] karel,*kʷer-,,41,1141
[Tocharian A] tsar [Greek] χέρι [Tocharian B] ṣar [Ancient Greek] χείρ,*ǵʰésōr,,4,1142
[Catalan] saber [Portuguese] saber [Spanish] saber [French] savoir [Chavacano] sabor [Portuguese] sabor [Spanish] sabor [Romansch] saver [Romansch] saveir [Romansch] savair [Latin] sibus,*seh₁p-,,11,1143
[Danish] mug [Ancient Greek] μύκης [Latin] mucus [Latin] mugil [Latvian] mukls [Ancient Greek] μύξα [Greek] μύξα [Ancient Greek] μυκτήρ [Welsh] mign,*mew-k-,,9,1144
[Old Irish] mug [German] Magd [Old English] magu [Old Norse] mǫgr [Old English] meowle,*mogʰus,,5,1145
[French] sein [Latin] sinus [Italian] seno [Spanish] seno [Romanian] sân [Albanian] gji,*sinos,,6,1146
[English] brine [English] fray [Albanian] brit [Latin] frio [Spanish] disfrazar [Phrygian] βρειτ [Latin] frivolus [Albanian] brij [Albanian] bresë [Sanskrit] भ्री [Persian] برین,*bʰreyH-,,11,1147
[English] brine [West Frisian] brein,*mriHnós,,2,1148
[German] Freude [English] frosh [German] Frosch [Pennsylvania German] Frosch [English] frosk [Norwegian Bokmål] frosk [Norwegian Nynorsk] frosk [Faroese] froskur [Icelandic] froskur [Old Norse] froskr [Old English] frosc [Russian] прыгать [Persian] پریدن [Dutch] vors [West Frisian] froask [Yiddish] פֿרייד [Sanskrit] प्लव [Yiddish] פֿראָש [Marshallese] būro̧k,*prew-,,19,1149
[English] smite [West Frisian] smite [German] schmeißen [Swedish] smita [Dutch] smijten [Old Frisian] smitta,*smeyd-,,6,1150
[English] include [Latin] clavis [French] clou [Polish] clou [Latin] clavus [English] enclosure [English] inclusion [English] conclusion [English] enclose [Portuguese] chave [French] clé [Spanish] clavo [Latin] claudo [Welsh] clo [Italian] chiavo [Scottish Gaelic] clò [English] claviform [English] claviform [Galician] cravo [Portuguese] cravo [Irish] cló [Welsh] allwedd [Latin] clathri [English] clavicytherium [Galician] choer,*(s)kleh₂w-,,25,1151
[English] slip [Indonesian] slip,*slewb-,,2,1152
[English] slip [Indonesian] slip [Welsh] llithro,*sleyb-,,3,1153
[English] slip [Indonesian] slip [Latin] lubricus,*slewbʰ-,,3,1154
[German] Geist [Dutch] geest [Afrikaans] gees,*ǵʰeysd-,,3,1155
[English] est [Old English] est,*ān-,,2,1156
[Irish] seas [English] consistent [Norwegian Bokmål] stat [Ancient Greek] ἵστημι [Latin] sisto [Sanskrit] तिष्ठति [Old Irish] saidid [Norwegian Bokmål] ABC-statene,*stísteh₂ti,,8,1157
[English] turf [Dutch] turf [English] terve [English] topsy-turvy [German] Torf [Polish] torf [Old English] torfian [Sanskrit] दर्भ,*derbʰ-,,8,1158
[Old Norse] ars [Old English] ears [Old Armenian] ոռ [Ancient Greek] ὄρρος,*h₁orsos,,4,1159
[English] pabulum [Latin] pabulum,*peh₂-dʰlom,,2,1160
[Old English] great [English] engross [Italian] grande [Spanish] grande [Catalan] gran,*ghrewə-,,5,1161
[English] more [German] mehr [Old English] mod [Manx] mie [Latvian] mats [Latvian] meklēt,*mē-,,6,1162
[English] more [Latin] marceo,*merk-,,2,1163
[English] drake [Ancient Greek] δέρκομαι [Old English] torht [Old English] torht [English] pendragon [Sanskrit] दृष्टि [Irish] chonaic [Old Irish] adcí [Manx] honnick [Middle Irish] derc [Old Irish] derc [Sanskrit] दृश् [Sanskrit] दर्शन [Welsh] edrych [Irish] airdhirc [Middle English] torhte [Konkani] दिस्चे [Pali] diṭṭha [Assamese] দিঠক [Welsh] drych [Ancient Greek] ὑπόδρα [Old Irish] frecndairc [Middle Irish] airdircus,*derḱ-,,23,1164
[English] meek [Old Norse] mjúkr [Old Norse] myki [Swedish] mogen [Latin] emungo [Icelandic] mykja [Norwegian Bokmål] mjuk [Norwegian Nynorsk] mjuk [Swedish] mjuk,*mewg-,,9,1165
[Latin] vulpes [Romanian] vulpe [Persian] روباه [Cornish] lowarn [Breton] louarn [Indonesian] rubah [Malay] rubah [Portuguese] golpelha [Old Portuguese] golpella [Sanskrit] लोपाक [Spanish] vulpeja [Sanskrit] लोपाश [Kalasha] ḷawák [Galician] loberno,*h₂wl(o)p-,,14,1166
[Latin] nicto [English] connive [Latin] nitor [Latin] coniveo [English] nuel,*kneygʷʰ-,,5,1167
[Irish] ros [Old Irish] ros [Scottish Gaelic] ros [English] approach [English] for- [French] for- [Middle English] for- [Latin] pro [Fala] por [Galician] por [English] fret [English] opprobrium [Indonesian] pra- [Latin] protinus [Old Norse] fram [Spanish] proa [Swedish] pröva [Latin] procerus [Sanskrit] प्रथम [Italian] proda [Old Irish] ro- [Swedish] för- [Old English] profian [Norwegian Bokmål] provocatus [Gothic] 𐍆𐍂𐌰- [Indonesian] pertama [Sanskrit] प्रभा [Sanskrit] प्र- [Avestan] 𐬟𐬭𐬀 [Norwegian Bokmål] abortus provocatus [Welsh] rhag [Indonesian] pratama [Sanskrit] प्रयाण,*pro-,,33,1168
[Old Irish] ros [Albanian] presh [Ancient Greek] πράσον,*pr̥so-,,3,1169
[English] nix [Irish] nigh [Scottish Gaelic] nigh [German] Nix [English] nixie [Old English] nicor [German] Nixe [Dutch] nikker [Galician] Neda [Latin] noegeum [Avestan] 𐬥𐬀𐬉𐬥𐬌𐬲𐬀𐬌𐬙𐬌 [Sanskrit] निक्त [Sanskrit] निज् [Middle Irish] nigid,*neygʷ-,,14,1170
[Czech] rosa [Lower Sorbian] rosa [Old Czech] rosa [Polish] rosa [Serbo-Croatian] rosa [Slovak] rosa [Slovene] rosa [Upper Sorbian] rosa [Latvian] rasa [Lithuanian] rasa [Bulgarian] роса [Macedonian] роса [Russian] роса [Serbo-Croatian] роса [Ukrainian] роса [Belarusian] раса [Sanskrit] रसा,*h₁róseh₂,,17,1171
[Old Portuguese] rosa [Portuguese] rosa [Faroese] rósa [Albanian] hurdhe [Albanian] urth,*wr̥dʰo,,5,1172
[Danish] blad [Dutch] blad [Norwegian Bokmål] blad [Norwegian Nynorsk] blad [Old Saxon] blad [Old Norse] blað [Old English] blæd [Indonesian] belat,*bʰlh̥₃oto,,8,1173
[Swedish] blad [Faroese] blað,*bʰlh̥₃otom,,2,1174
[English] gab [English] inhabitant,*ghabh-,,2,1175
[Danish] ed [Norwegian Bokmål] ed [Swedish] ed [English] oath [Tocharian A] en- [Tocharian B] en- [Old Norse] eiðr [Ancient Greek] οἶτος,*h₁óytos,,8,1176
[Manx] ee [Irish] ith [Old Irish] ith [Scottish Gaelic] ith [Old Church Slavonic] питѣти [Lithuanian] pietūs [Old Irish] ithid [Russian] питать [Sanskrit] पितु,*peyt-,,9,1177
[Latin] urbs [English] verbena [Latin] verbena [French] verveine [Italian] vermena [Romanian] verbină,*werbʰ-,,6,1178
[Latin] urbs [English] yard [Norwegian Bokmål] gard [Norwegian Nynorsk] gard [Old Saxon] gard [Middle English] garth [Faroese] garður [Icelandic] garður [Old English] geard [Middle English] yerd [Albanian] gardh [Old Norse] garðr [Norwegian Bokmål] gård [Swedish] gård [Dutch] gaard [Friulian] zardìn [Dutch] gaarde [Gothic] 𐌲𐌰𐍂𐌳𐍃 [Norwegian Bokmål] abildgård,*gʰórdʰos,,19,1179
[Latin] pons [Spanish] puente [Italian] ponte [Portuguese] ponte [Catalan] pont [French] pont [Ancient Greek] ποταμός [Ido] ponto [Russian] Путин [Romanian] punte [Ancient Greek] πόντος [Armenian] հուն [Middle Armenian] հուն [Old Armenian] հուն,*pónteh₁s,,14,1180
[Latin] vulnus [Irish] fuil [Middle Irish] fuil [Old Irish] fuil [Scottish Gaelic] fuil [Old English] wæl [Latin] vello [Lithuanian] vėlė [Irish] flann [Middle Irish] flann [Scottish Gaelic] flann [Lithuanian] vėliava [Faroese] valkyrja [Icelandic] valkyrja [Old Norse] valkyrja [Ancient Greek] ἁλίσκομαι [Gothic] 𐍅𐌹𐌻𐍅𐌰𐌽 [Ancient Greek] οὐλή,*welh₃-,,18,1181
[Latin] venio [Portuguese] vir [Italian] venire [Leonese] venire [Catalan] venir [French] venir [Spanish] venir [English] convene [Romanian] veni [Ancient Greek] βαίνω,*gʷm̥yéti,,10,1182
[Latin] arx [Latin] arcanus [Norwegian Bokmål] ark [Latin] exercitus [Latin] parco [Ancient Greek] ἀρκέω [Old Armenian] արգել [Latin] arceo [Latin] Orcus [Persian] ارگ [Latin] arcera,*h₂erk-,,11,1183
[Old Norse] vita [Czech] vědět [German] wissen [Danish] vide [Old Dutch] witan [Old English] witan [Old Saxon] witan [Dutch] weten [Middle Dutch] weten [Old High German] wizzan [Old Church Slavonic] вѣдѣти [Serbo-Croatian] vedeti [Slovene] vedeti [Polish] wiedzieć [Old Armenian] գիտեմ [Slovak] vedieť [Russian] ведать [Lower Sorbian] wěźeś [Ancient Greek] οἶδα [Old Czech] věděti,*wóyde,,20,1184
[Piedmontese] vita [Norwegian Bokmål] bio- [Czech] život [Old Czech] život [Slovak] život [Welsh] bywyd [Ancient Greek] βίοτος [Norwegian Bokmål] abiogenese [Norwegian Bokmål] abiotisk,*gʷih₃wo-teh₂,,9,1185
[Latin] ulciscor [Ancient Greek] ἀλέξω [English] rakhi [Sanskrit] रक्षा [Old English] ealh [Lithuanian] alkas [Old English] ealgian [Sanskrit] रक्ष् [Ancient Greek] ἀλκή [Middle Persian] lškl,*h₂lek-,,10,1186
[Latin] aper [German] Eber [Old Ruthenian] вепръ,*h₁ep-r-,,3,1187
[Latin] opus [Sanskrit] अपस्,*h₃épos,,2,1188
[English] spew [Norwegian Bokmål] spy [Swedish] spy [Icelandic] spýja [Dutch] spuwen [Faroese] spýggja [Old Church Slavonic] пльвати [Czech] plivat [Afrikaans] spoeg [Ossetian] ту [Alemannic German] spiiwe [Kashubian] plëwac,*(s)ptyēw-,,12,1189
[Franco-Provençal] homo [Ido] homo [English] groom [Welsh] dyn [Icelandic] gumi [Old Norse] gumi [Irish] duine [Old Irish] duine [Scottish Gaelic] duine [Gothic] 𐌲𐌿𐌼𐌰 [Greek] όμηρος [Emilian] òmen [Old Saxon] gumo,*dʰǵʰm̥mō,,13,1190
[English] crust [French] croûte [Catalan] crosta [Italian] crosta [Portuguese] crosta [Spanish] costra [Romanian] crustă,*krustós,,7,1191
[English] tram [Latin] terminus [Latin] termen [Ancient Greek] τέρμα [Old Irish] druimm [English] terminalian,*térmn̥,,6,1192
[English] sorrow [Danish] sorg [Faroese] sorg [Icelandic] sorg [Norwegian Bokmål] sorg [Norwegian Nynorsk] sorg [Old Norse] sorg [Swedish] sorg [German] Sorge [Dutch] zorg [German] sorgen [Old Irish] serg,*swergʰ-,,12,1193
[Latin] veho [English] weigh [Norwegian Nynorsk] vega [Dutch] wegen [Middle Dutch] wegen [Albanian] vjedh [Albanian] vjedh [Hindi] बहना [Polish] wieźć [Ancient Greek] ϝέχω [Prakrit] 𑀯𑀳𑀇,*wéǵʰeti,,11,1194
[Latin] vinco [Italian] vincere [French] vaincre [Portuguese] vencer [Spanish] vencer [Catalan] vèncer [Romanian] învinge,*wi-n-k-,,7,1195
[Latin] vetus [Albanian] vit [Ancient Greek] ἔτος [Portuguese] velho [Italian] vieto,*wétos,,5,1196
[Romanian] via [Portuguese] viver [English] zodiac [French] vivre [Norman] vivre [Romanian] vie [Italian] vivere [Spanish] vivir [Latin] vivo [Spanish] viviente [Ancient Greek] ζάω [Catalan] viure [Polish] życie [Polish] żyć [Sanskrit] जीवति [Arabic] زي [Greek] ζω [Walloon] viker [Lower Sorbian] žyś [Gujarati] જીવવું [Mewari] जीणो [Ligurian] vîve [Sardinian] bivere [Kashubian] żëc [Sudovian] giwatti,*gʷíh₃weti,,25,1197
[English] crystal [Tocharian B] krośce [Tocharian A] kᵤraś,*krews-,,3,1198
[Catalan] vespa [Italian] vespa [Portuguese] vespa [English] wasp [French] guêpe [Czech] vosa [Bulgarian] оса [Russian] оса [Serbo-Croatian] оса [Ukrainian] оса [German] Wespe [Afrikaans] wesp [Dutch] wesp [Norwegian Bokmål] veps [Norwegian Nynorsk] veps [Spanish] avispa [Romanian] viespe [Albanian] arëz [Danish] hveps [Gallo] gésp [German Low German] Wepse [Lower Sorbian] wósa [Norwegian Nynorsk] kvefs [Old Prussian] wobse,*wobʰseh₂,,24,1199
[Latin] veto [Norwegian Bokmål] veto [Welsh] gwadu [Old Irish] doaisféna [Norwegian Bokmål] absolutt veto,*weth₂-,,5,1200
[English] teeth [Middle English] teth,*h₃dóntes,,2,1201
[German] arbeiten [Romanian] rob [Serbo-Croatian] rob [Catalan] orb [Romanian] orb [English] orphan [German] Arbeit [Finnish] orpo [Latin] orbus [Bulgarian] роб [Macedonian] роб [Serbo-Croatian] роб [Ancient Greek] Ὀρφεύς [Old Church Slavonic] рабъ [Sanskrit] अर्भ [Old Armenian] որբ [Ancient Greek] ὀρφανός [Portuguese] órfão [Italian] orbo [Macedonian] раб [Russian] робкий [Greek] ορφανός [Persian] اربون [Mycenaean Greek] 𐀃𐀞,*h₃órbʰos,,24,1202
[Latin] lex [Galician] lei [Portuguese] lei [French] loi [Spanish] ley [Romanian] lege [Italian] legge [Catalan] llei [Aromanian] leadzi,*leǵ-s,,9,1203
[Norwegian Bokmål] aber [Albanian] afat [Albanian] afër [Luxembourgish] of- [Old English] of- [Old High German] avur [English] off- [Old High German] afur [Hunsrik] awer,*apo-,,9,1204
[Corsican] serra [Persian] اره [Latin] sarrio [Baluchi] ہرگ,*sers-,,4,1205
[German] bloß [Old High German] bloz [French] éblouir [Swedish] blöt,*bʰlaw-,,4,1206
[Asturian] mano [Italian] mano [Mirandese] mano [Spanish] mano [Latin] manus,*méh₂r̥,,5,1207
[Albanian] dem [Irish] damh [Scottish Gaelic] damh,*dm̥h₂-ó-,,3,1208
[Northern Kurdish] dem [Swedish] tid [English] Yuletide [English] yahrzeit [Swedish] timme,*dī-,,5,1209
[English] whole [Old Frisian] hel [English] hallow [English] hallow [Vandalic] eils [Polish] cały [Welsh] coel,*kóylos,,7,1210
[German] ob [Latin] sub [Ancient Greek] ὑπό [Persian] اوستا [Persian] افکندن [Persian] افراشتن [Persian] باور [Persian] افروختن [Sanskrit] उप,*upó,,9,1211
[English] value [English] Walter [English] valid [Indonesian] valid [English] valiant [English] cuckold [English] Vladimir [English] valedictory [Welsh] gwaladr [English] wieldy [Lithuanian] valstybė [Latin] vellus [French] -aud [Ancient Greek] λῶμα [Ancient Greek] λάχνη [Ancient Greek] οὖλος [Old Irish] follnaithir,*h₂welh₁-,,17,1212
[English] mood [Latin] mos [Lithuanian] matyti,*moh₁-,,3,1213
[Volga German] Raum [Swedish] rum [Faroese] rúm [Icelandic] rúm [Old Norse] rúm [French] arrimer,*rowǝ-,,6,1214
[Old Irish] recht [Scottish Gaelic] reachd,*tus,,2,1215
[English] smith [Albanian] mih,*smēy-,,2,1216
[English] bulk [English] block [English] balcony [Polish] balkon [Indonesian] blok [Friulian] balcon [Venetian] balcon [Old English] bolca [Galician] balcón [Swedish] balkong [Ancient Greek] φάλαγξ [Swedish] falang [Latin] fulcio [Albanian] bligë [Latin] sufflamen [English] falanghina [Italian] falanghina [Marshallese] pirōk,*bʰelǵ-,,18,1217
[English] per [Ido] per [Indonesian] per [English] private [Portuguese] par [Spanish] par [Polish] przed [Albanian] Prishtinë [Latin] pristinus [Latin] perfidiosus [Latvian] pirksts [Albanian] perëndi,*per,,12,1218
[Portuguese] beber [Spanish] beber [French] boire [Italian] bere [Romanian] bea [Old Portuguese] bever [Latin] bibo [Old Irish] ibid [English] bibulous [Welsh] yfed [Catalan] beure [Sardinian] bibere [Latin] bibulus [Irish] ibh [Assamese] পিয়া [Ligurian] béive [Sicel] πιβε [Sardinian] bivere,*píph₃eti,,18,1219
[German] ja [English] yo [Italian] già [Indo-Portuguese] já [Portuguese] já [Yiddish] יאָ,*yē,,6,1220
[Portuguese] auto [Finnish] ajaa [English] onager [Faroese] aka [Icelandic] aka [Old Norse] aka [Old Swedish] aka [Middle Welsh] a [Welsh] mynd [Westrobothnian] aak [English] agonic [Breton] mont [Swedish] åka [Old Irish] ág [English] cogitation [French] cogitation [Tocharian A] āk [Tocharian B] āk [Galician] embaixada [Sanskrit] अजति [Indonesian] akta [Malay] akta [Old Armenian] ածեմ [Indonesian] akte [English] cogitabund [Albanian] shes [Irish] ágh [Middle Welsh] mynet [Sanskrit] अज् [Tocharian A] āk- [Tocharian B] āk- [Irish] táin [Tocharian B] ās- [Ancient Greek] ἀγός [Tocharian B] ekaññi [Sanskrit] आजि [Tocharian B] ekaññe [Tocharian A] akäṃtsune,*h₂eǵ-,,38,1221
[Albanian] edh [Danish] eg [English] oak [Swedish] ek [English] aegis [Afrikaans] eik [Dutch] eik [Faroese] eik [Icelandic] eik [Norwegian Nynorsk] eik [Old Norse] eik [Westrobothnian] eik [Lithuanian] ožys [Old Armenian] այծ [Greek] αίγα [Ancient Greek] αἴξ [Ancient Greek] αἰγίλωψ [Ancient Greek] αἰγίλωψ [Latin] aesculus [Lithuanian] ąžuolas [Albanian] dhi [Scots] aik [Old High German] eih [Albanian] enjë [Middle Dutch] eike [Marshallese] uuk,*h₂eyǵ-,,26,1222
[Latin] fuga [Ancient Greek] φυγή [Cebuano] puga,*bʰugéh₂,,3,1223
[Scottish Gaelic] gar [Old Irish] grían [Welsh] gwres,*gʷʰrenso-,,3,1224
[Latin] Londinium [Latin] linter [English] fleam [English] Plutonian [Old English] flowan [French] flotter [Scottish Gaelic] clòimh [Russian] плавать [Serbo-Croatian] plivati [Ancient Greek] πλέω [Galician] chuvia [Latin] pluit [Greek] πλένω [Russian] плот [Old English] flewsa [Old Armenian] լուանամ [Romanian] luntre [Slovak] plávať [Old French] floter [Walloon] floter [English] Plutonic [Lower Sorbian] pławiś [Sanskrit] प्लव [Old Irish] lúath [Latin] Plavis [Sanskrit] प्लु [Polish] łajba [Konkani] पोंव्चे [Persian] فرب [Ancient Greek] πλύνω [Welsh] llyw [Russian] лайба,*plew-,,32,1225
[Catalan] cabra [Portuguese] cabra [Sardinian] cabra [Spanish] cabra [Romanian] capră [French] cabriolet [Latin] caper [Italian] capra [Latin] capra [Finnish] kauris [Icelandic] hafur [French] chèvre [English] chevrotain [Scottish Gaelic] gobhar [Irish] gabhar [Manx] goayr [Old Irish] gabor [Polish] kabriolet [Faroese] havur [Welsh] gafr [Breton] gavr,*kápros,,21,1226
[Dutch] hop [Old High German] hopfo [French] houblon,*(s)keup,,3,1227
[Ancient Greek] μέλι [Ancient Greek] μέλισσα [Gothic] 𐌼𐌹𐌻𐌹𐌸,*mélit,,3,1228
[Middle Welsh] arch [English] pray [German] fragen [Dutch] vraag [German] Frage [Norman] prier [Latin] percontor [Old English] fricgan [English] frain [Latin] precor [Latin] prex [Welsh] rhegi [Northern Kurdish] pirs [Old English] frecgan [Yiddish] פֿראַגע [Lower Sorbian] pšosyś [Latin] procus [Welsh] rheg [Welsh] anrheg [Latvian] prasīt [Tocharian B] pärk- [Latin] comprecor,*preḱ-,,22,1229
[Catalan] pou [French] paver [French] puits [Italian] pozzo [Latin] puteus [Spanish] pozo [Latin] puto [Romanian] puț [Portuguese] poço [Latin] paveo [Latin] pudeo [Latin] repudium [Latin] pavio,*paw-,,13,1230
[French] pou [Spanish] piojo [Italian] pidocchio [Portuguese] piolho [Latin] paedor [Romanian] păduche [Old Portuguese] peollo,*pezd-,,7,1231
[English] hen [Portuguese] canto [Danish] høne [Norwegian Bokmål] høne [Norwegian Nynorsk] høne [Danish] hane [Norwegian Bokmål] hane [Norwegian Nynorsk] hane [Swedish] hane [Afrikaans] haan [Swedish] höna [Old High German] hano [Old Saxon] hano [Danish] charme [Icelandic] hæna [Icelandic] hani [Old Norse] hani [Faroese] høna [Persian] خواندن [Old Norse] hǿna [Romansch] chanzun [Romansch] canzun [Romansch] canzung [Romansch] canzùn [Walloon] tchant [Norman] cânchon [Hunsrik] Haan [Ossetian] хонын,*kan-,,28,1232
[Breton] hen [Welsh] hen [Latin] senex [Old Irish] sen [Irish] sean [Scottish Gaelic] sean [Italian] signore [Latvian] sens [Sudovian] sens [English] senile [Portuguese] seu [Italian] sene [Sardinian] sene [Portuguese] senhor [Lithuanian] senis [Ancient Greek] ἕνος [Gothic] 𐍃𐌹𐌽𐌴𐌹𐌲𐍃 [Sanskrit] सन [Old Armenian] հին [French] sénile [Lithuanian] senas [Manx] shenn [Irish] seanchas [Romansch] signur [Old Portuguese] sennor [Indonesian] sinyo [Sardinian] seneghe [Sardinian] seneche [Indonesian] senyur,*sénos,,29,1233
[Latin] vicesimus [English] vigesimal,*wi(h₁)ḱm̥ttós,,2,1234
[Latin] geminus [Albanian] gjysmë [Avestan] 𐬫𐬇𐬨𐬀,*yemH-,,3,1235
[English] spirit [Indonesian] spirit [Italian] spirare [English] inspire [English] fist [English] sprightly [Indonesian] spiritus [Latin] spiritus [Latin] spiro [English] fise [Sanskrit] पिच्छोरा,*(s)peys-,,11,1236
[English] murder [Old English] myrþra,*mr̥tro-,,2,1237
[Cebuano] murder [French] meurtrir,*mrtro-,,2,1238
[Latin] aries [Italian] ariete [Spanish] ariete [Romanian] arete [Portuguese] aríete [Old Irish] reithe [English] arietiform,*h₁r-i-(e)t-,,7,1239
[Latin] cancer [Latin] carcer [French] chancre [Italian] granchio [Italian] carcere [Polish] szankier,*kr-kr-,,6,1240
[Upper Sorbian] nós [Czech] nos [Lower Sorbian] nos [Norwegian Bokmål] nos [Norwegian Nynorsk] nos [Old Czech] nos [Polish] nos [Serbo-Croatian] nos [Slovak] nos [Slovene] nos [French] nez [Walloon] nez [Italian] naso [Spanish] naso [German] Nase [Belarusian] нос [Bulgarian] нос [Macedonian] нос [Russian] нос [Serbo-Croatian] нос [Norwegian Bokmål] nes [Romansch] nes [Catalan] nas [Romanian] nas [Romansch] nas [Ukrainian] ніс [Old Church Slavonic] носъ [Portuguese] narina [Spanish] narina [Bengali] নাক [Sudovian] nasis [Sanskrit] नस् [Hunsrik] Naas,*néh₂s,,33,1241
[English] wipe [English] waif [English] swive [English] vibrate [Latin] vena [Icelandic] veifa [Latin] vibro [French] goémon [Old English] wifer [Old Armenian] վէպ [Gothic] 𐌱𐌹𐍅𐌰𐌹𐌱𐌾𐌰𐌽,*weyp-,,11,1242
[English] bark [Konkani] भाज्चे,*bʰerg-,,2,1243
[English] walk [English] vagrant,*walg-,,2,1244
[Welsh] nos [Hittite] 𒉈𒆪𒊻,*nékʷts,,2,1245
[English] chief [Catalan] cap [Romanian] cap [Old English] heafod [English] chef [French] chef [Norman] chef [Esperanto] ĉefo [Swedish] huvud [Scots] heid [Polish] kapo [Icelandic] höfuð [Portuguese] capítulo [English] chieftain [Scots] chieftain [Portuguese] chefe [Norwegian Bokmål] hode [Faroese] høvd [Portuguese] cabo [Spanish] cabo [Polish] szef [Norwegian Nynorsk] hovud [Indonesian] sep [Old Norse] hǫfuð [Russian] капитулировать [Cebuano] hepe [Tagalog] hepe [Jamtish] huvu [Norwegian Nynorsk] hòvúd,*kauput-,,29,1246
[English] chest [Latin] cisterna [Dutch] kist [Afrikaans] kis [German] Kiste [Ancient Greek] κίστη [Hunsrik] Kist [Middle English] cheste,*kisteh₂,,8,1247
[English] passion [English] passive [English] patient [English] fiend [English] fend [Latin] paene [English] patience [English] impenitent [Middle English] pacient [English] pentimento [Italian] pentimento [Latin] paeniteo [Ancient Greek] πῆμα [Sanskrit] पीयति,*peh₁-,,14,1248
[English] cup [English] hovel [German] Kopf [Old Frisian] hof [Czech] kupa [Latin] cupa [Italian] cupo [Kalasha] kuí [Galician] cuba [Portuguese] cuba [Spanish] cuba [Middle English] houve [Old French] huve [Gujarati] કૂવો [Hindi] कुआँ [Assamese] কুঁৱা,*kewp-,,16,1249
[English] crack [Italian] gru [English] crane [Latin] grus [English] creak [English] grouse [English] croon [English] Grus [Swedish] kräkas [Catalan] grua [English] crake [Old Norse] kráka [Indonesian] kran [German] kreischen [Spanish] grulla [Spanish] grúa [Polish] żuraw [Slovene] žerjav [Ancient Greek] γέρανος [Portuguese] grou [Lithuanian] garnys [Danish] krage [German] kreißen [Romanian] grui [Ladino] gruya [Indonesian] keran [Albanian] kurrillë [Lithuanian] gervė [Lithuanian] girgždėti [Mycenaean Greek] 𐀐𐀩𐀙𐀂,*gerh₂-,,30,1250
[English] sneeze [English] snore [Ancient Greek] πνέω [English] neeze [Albanian] fryj [Old English] fnora [Icelandic] fnæsa,*pnew-,,7,1251
[English] lamb [Swedish] lamm,*h₁l̥h₁onbʰos,,2,1252
[French] rogue [English] roe [English] reel [German] Rogen [Swedish] rom [Old English] hrægl [Icelandic] hráki [Icelandic] hrogn [Faroese] rogn [Norwegian Bokmål] rogn [Norwegian Nynorsk] rogn [Latvian] krāce [Icelandic] hræll [Serbo-Croatian] kresati [Westrobothnian] ramm [Westrobothnian] rɑmm [Translingual] Crocidura [Ancient Greek] κρόκη,*krek-,,18,1253
[French] huitante [Italian] ottanta [Spanish] ochenta [Portuguese] oitenta [Sardinian] otanta [Ancient Greek] ὀγδοήκοντα [Catalan] vuitanta [Greek] ογδόντα,*oktōḱomt,,8,1254
[French] nonante [Italian] novanta [Portuguese] noventa [Spanish] noventa [Latin] nonaginta [Ancient Greek] ἐνενήκοντα [Catalan] noranta [Greek] ενενήντα,*h₁néwn̥(d)ḱomt,,8,1255
[Old Irish] ler [Old Irish] lind [Irish] lia [Old Irish] lín [Old Irish] díliu,*leyH-,,5,1256
[Galician] ouvir [Portuguese] ouvir [Italian] udire [Latin] audio [Spanish] oír [French] ouïr [Catalan] oir [English] audient [Romanian] auzi [Old Portuguese] ouir,*h₂ewis,,10,1257
[Old Portuguese] dizer [Portuguese] dizer [Catalan] dir [French] dire [Italian] dire [Spanish] decir [Latin] dico [Romanian] zice [Sassarese] dì [Romansch] deir [Oscan] 𐌃𐌄𐌝𐌊𐌖𐌌 [Ligurian] dî [Translingual] Dictyoptera [Emilian] dîr,*déyḱti,,14,1258
[English] leer [Old Norse] hlýr,*ḱlews-,,2,1259
[English] leer [English] lithe [Scots] luid [Middle English] lude [English] loude,*ḱlewe-,,5,1260
[English] leer [Swedish] läsa [German] lesen [Middle Dutch] lesen [Hunsrik] lese [Dutch] lezen [Afrikaans] lees [Limburgish] leuze,*les-,,8,1261
[English] scum [English] skim [Indonesian] skim [Faroese] skúm,*skew-,,4,1262
[Old Irish] gel [English] Muriel [French] Muriel [Manx] gial,*ǵʰelh₂-,,4,1263
[Old Saxon] gel [Dutch] geil,*gʰoylos,,2,1264
[Latin] calx [Serbo-Croatian] kuk [Macedonian] колк [Old English] healh,*klHk(ᵂ)-(n)-,,4,1265
[English] wreak [English] wretch [English] garçon [German] Rache [Dutch] wraak [Portuguese] garçom [Tocharian B] werke [Gothic] 𐍅𐍂𐌹𐌺𐌰𐌽,*wreg-,,8,1266
[Middle English] ymne [Old French] ymne [Galician] himno,*sh₂em,,3,1267
[English] kid [Swedish] kid [German] Kitz,*gidʰ-,,3,1268
[Latin] odi [Latin] odor [Portuguese] odor [English] heterodont [Spanish] oler [Latin] oleo [Catalan] olor [Chavacano] olor [Spanish] olor [Latin] olo [Latvian] ods [Ancient Greek] Ὀδυσσεύς [Esperanto] odoro [Lithuanian] uosti [Albanian] amë [Old Armenian] հոտ [Old Armenian] ատեմ [Albanian] amëz [Icelandic] etja [Old Norse] etja [Lithuanian] uodas [Italian] aulire [Italian] olire [Ancient Greek] ὠδίς [Ancient Greek] ὀδύνη [Ancient Greek] ὀδύσσομαι,*h₃ed-,,26,1269
[English] moor [Dutch] meren,*mēyt-,,2,1270
[Albanian] ter [German] dörren [Old Norse] þerra [Latin] torreo [Middle English] tosten [Cimbrian] dèrran,*torséyeti,,6,1271
[Romanian] lung [Italian] lungo [Slovene] dolg [Czech] dlouhý [Slovak] dlhý [Serbo-Croatian] дуг [Galician] longo [Portuguese] longo [Persian] دیر [Russian] долгий [Polish] długi [Macedonian] долг [Lithuanian] ilgas [Hindi] दीर्घ [Sanskrit] दीर्घ [Lower Sorbian] dłujki [Ancient Greek] δολιχός [Persian] دراز [Bulgarian] дълъг [Zazaki] derg [Portuguese] longínquo [Northern Kurdish] dirêj [Latvian] ilgs [Telugu] దీర్ఘము [Belarusian] доўгі [Gothic] 𐍄𐌿𐌻𐌲𐌿𐍃 [Kalasha] dríga [Ukrainian] довгий [Old English] tulge [Assamese] দীঘল [Khowar] درونگ [Rusyn] довгый [Avestan] 𐬛𐬀𐬭𐬆𐬔𐬀 [Upper Sorbian] dołhi [Old Czech] dlúhý [Kashubian] dłudżi [Sudovian] iłg [Romanian] Dolgu [Bengali] দরাজ [Bengali] দেরী,*dl̥h₁gʰós,,40,1272
[Dutch] bom [French] bonde [Piedmontese] bondon,*bʰudʰ-,,3,1273
[Norwegian Bokmål] bok [Swedish] bok [Persian] بخت [Old Persian] 𐏎 [Sanskrit] भक्ति [Old Persian] 𐎲𐎠𐎪𐎶 [Persian] بخش [Assamese] ভাত [Norwegian Bokmål] abc-bok [Middle Persian] bʾg [Old Armenian] բակ [Sanskrit] भाग [Sanskrit] भजन [Malay] bahagi [Tagalog] bahagi [Middle Persian] b'g [Avestan] 𐬠𐬀𐬑𐬙𐬀 [Sanskrit] भक्ष [Sylheti] ꠜꠣꠔ [Tocharian B] pāke [Norwegian Bokmål] ABC-bok [Kashmiri] बतॖ [Bengali] বাত [Tocharian A] pāk [Sanskrit] भज्,*bʰeh₂g-,,25,1274
[Scottish Gaelic] buil [Ancient Greek] ὄφελος [Old Armenian] աւել [Old Armenian] աւել- [Ancient Greek] ὠφέλεια,*h₃bʰel-,,5,1275
[Albanian] mos [Albanian] mo [Kalasha] mo [Persian] مه [Ancient Greek] μή [Old Armenian] մի [Ossetian] ма [Urdu] مت [Hindi] मत [Sanskrit] मा [Old Bengali] মা [Gandhari] 𐨨,*meh₁,,12,1276
[Old Irish] mos [Latin] mox [Old Irish] moch [Welsh] moch [Sanskrit] मक्षू,*moḱs,,5,1277
[Czech] zout [Latvian] aut [Latin] exuo [Lithuanian] auti [Lithuanian] avėti [Czech] obout,*h₃ew-,,6,1278
[Breton] den [Cornish] den [Manx] dooinney,*dʰéǵʰom-yo-,,3,1279
[Latin] landica [English] loom [English] loon [English] lamentation [Ancient Greek] ἀλήθεια [Czech] lát [Latin] latro [Scottish Gaelic] ràn [Latin] lancino [Latin] lessus [Ancient Greek] Λήθη [Czech] levý [Northern Kurdish] reyîn [Serbo-Croatian] lelek [Latin] lacer [Dutch] lullen [German] lullen [Ancient Greek] λαλέω [Ancient Greek] ἀληθής [Latin] larus [Latin] lateo [Latin] lamentum [Irish] láth [Hittite] 𒌋𒆷𒂊 [Albanian] leh [Welsh] llid [Latin] lolium [Polish] łajać [Belarusian] левы [Latin] lallo [Kalasha] ráik [Sanskrit] रायति [Ancient Greek] λῆρος [Ancient Greek] λακίς [Old Church Slavonic] лаꙗти [Ancient Greek] λαθίφρων [Ossetian] рӕйын,*leh₂-,,37,1280
[Irish] bos [Breton] boz,*gʷosto-,,2,1281
[Norwegian Bokmål] lik [Norwegian Nynorsk] lik [Swedish] lik [Westrobothnian] lik [Faroese] lík [Icelandic] lík,*līg-,,6,1282
[Latin] maior [Latin] magis [Ancient Greek] μείζων,*méǵh₂yōs,,3,1283
[Dutch] heg [German] Hecke,*kagʰyo-,,2,1284
[Afrikaans] oor [Dutch] oor [Swedish] öra [Old Dutch] ora [Old High German] ora [Old Saxon] ora [German] Ohr [Low German] Ohr [Pennsylvania German] Ohr [Danish] øre [German Low German] Ur [Old Norse] eyra [Old English] eare [Old Church Slavonic] оухо [Lithuanian] ausis [Macedonian] уво [Gothic] 𐌰𐌿𐍃𐍉 [Belarusian] вуха [Westrobothnian] öir,*h₂ows-,,19,1285
[Middle High German] zit [North Frisian] tid [Norwegian Bokmål] tid [Norwegian Nynorsk] tid [Old English] tid [Swedish] tid [Faroese] tíð [Icelandic] tíð [Old Norse] tíð [North Frisian] tidj [Low German] Tied [Elfdalian] taið,*dīti-,,12,1286
[English] kleptomaniac [Cebuano] klepto [English] klepto- [Latin] clepo [Albanian] qep [Gothic] 𐌷𐌻𐌹𐍆𐌰𐌽,*klep-,,6,1287
[Galician] santo [Indonesian] santo [Portuguese] santo [Indonesian] santa,*sān-,,4,1288
[Danish] stol [Norwegian Bokmål] stol [Norwegian Nynorsk] stol [Swedish] stol [Icelandic] stóll [Old Norse] stóll [Faroese] stólur,*stāl-,,7,1289
[English] lire [Old English] lira,*lekʷs-,,2,1290
[Welsh] barn [English] agree [English] grace [Czech] hora [English] bard [Dutch] bard [Polish] bard [Latin] gratia [Serbo-Croatian] gora [Slovene] gora [Ukrainian] гора [Russian] жрец [Lithuanian] geras [Old Church Slavonic] жрьтва [Irish] brath [Scottish Gaelic] brath [Old Prussian] girtwei [Lithuanian] girti [Georgian] ბარდი [Latin] gratulor [Latin] bardus [Sanskrit] गॄ [Old Polish] żerzec [Sudovian] gyr [Galician] Beresmo [Latin] Berisamum [Tocharian B] kartse [Sanskrit] गूर्ति [Breton] barzh [Avestan] 𐬔𐬀𐬌𐬭𐬌,*gʷerH-,,30,1291
[English] tale [English] tale [English] totter [Faroese] tala [Icelandic] tala [Swedish] tala [English] sedulous [English] tallow [German] Zahl [English] tilt [Icelandic] tölt [Old Norse] tjaldr [English] tolter [Ancient Greek] δόλος [Swedish] baktala [Old English] tealtrian,*del-,,16,1292
[English] out [English] utmost [Old English] ut [Russian] вы- [English] ur- [English] outen [Old Irish] od- [Ancient Greek] ὕστατος,*úd,,8,1293
[English] adder [Translingual] Natrix,*n̥h₁trih₂,,2,1294
[English] liaison [English] ally [French] lier [English] obligation [Latin] lictor [English] leech [Latin] ligo [Portuguese] liga [Swedish] liga [Romanian] lega [Italian] legare [Portuguese] ligar [Spanish] ligar [Portuguese] desligar [Catalan] lligar [Albanian] lidh,*leyǵ-,,16,1295
[Norman] gris [German Low German] grag,*gʰregʰwos,,2,1296
[Norman] gris [English] chromatic [English] grout [English] growl [English] gross [English] grill [English] grill [Latin] grandis [English] yar [Latin] furfur [German] grob [Persian] زر [Italian] digrignare [German] grollen [German] Grut [Latvian] grūst,*gʰer-,,16,1297
[Portuguese] movimento [English] move [English] motion [English] locomotion [Italian] muovere [Portuguese] mover [Spanish] mover [Spanish] moco [Tocharian B] i- [French] mouvoir [Catalan] moc [Romanian] muc [Latin] moveo [Italian] moccio [Catalan] moure [Portuguese] monco [Occitan] mòure [Spanish] mugriento [Old Irish] múnigid [Ancient Greek] μυρίος [Marshallese] m̧upi,*mew-,,21,1298
[Polish] woda [Hunsrik] Wasser [Old English] wæter [Slovincian] vʉɵ̯dą [Hunsrik] waser,*wédōr,,5,1299
[Latin] crus [Albanian] kërci,*ḱruH-,,2,1300
[English] afraid [English] affray [French] effrayer [Old French] esfreer [Albanian] e premte [Albanian] Prenda,*prāy-,,6,1301
[English] -est [Old Armenian] -ս,*-si,,2,1302
[French] né [Catalan] nat [Romanian] nat [Latin] natus [Italian] nato [Old English] -cund [Latin] gnatus [Gothic] -𐌺𐌿𐌽𐌳𐍃 [Sanskrit] जात [Prakrit] 𑀚𑀸𑀬 [Marathi] झाले,*ǵn̥h₁tós,,11,1303
[French] patois [English] patrol [French] patte,*(s)pent-,,3,1304
[English] moustache [Old High German] muntar [Ancient Greek] μαστιχάω [Italian] mostaccio,*mendʰ-,,4,1305
[Old English] gos [Icelandic] gæs [Faroese] gás [Old Norse] gás [Cebuano] gansa [Latin] ganta [Yiddish] גאַנדז [Elfdalian] gą̊s [Alemannic German] Gaas [Alemannic German] Gants,*ǵʰans-,,10,1306
[English] shackle [Scots] shackle [Polish] szekla,*skeg-,,3,1307
[English] maraud [English] mar [Pali] mussati [Persian] فراموش [Lithuanian] miršti [French] marri [Old French] marrir [Sanskrit] मृष्यति [Baluchi] شموشگ,*mers-,,9,1308
[English] whey [English] Titanic [Ancient Greek] τίνω [Irish] feic [Old Irish] cin [Persian] گزیدن [Lithuanian] keisti [Russian] чин [Old English] hwæg [Arabic] ثمن [Ancient Greek] τίω [Sanskrit] चिता,*kʷey-,,12,1309
[English] thrush [English] thrush [Irish] druid [Galician] tordo [Italian] tordo [Portuguese] tordo [Spanish] tordo [Romanian] sturz [Finnish] rastas [Catalan] tord [Ukrainian] дрізд [Lower Sorbian] drozn [Upper Sorbian] drózn [Breton] tred [Swedish] trast [Latvian] strazds [Faroese] trøstur [Old Norse] þrǫstr [Latin] turdus [Aromanian] strudz [Aromanian] sturdzu [Norwegian Bokmål] trost [Norwegian Nynorsk] trost,*trosdos,,23,1310
[English] haste [Norman] hâte,*ḱeyp-,,2,1311
[English] -er [Norwegian Bokmål] -ator [Catalan] -dor [Galician] -dor [Portuguese] -dor [Spanish] -dor [Aromanian] -tor [Latin] -tor [Romanian] -tor [Italian] -tore [Old French] -eor [Ancient Greek] -τωρ [Latin] -turio [Ligurian] -dô [Aromanian] -ãtor [Aromanian] -ãtoru [Aromanian] -toru [Norwegian Bokmål] absorbator,*-tōr,,18,1312
[English] spear [Dutch] spoor [Dutch] spoor [Latin] pars [Danish] spor [English] spurn [Old English] spere [Italian] sporco [Ancient Greek] σφαῖρα [Galician] espora [Latin] sparus [Romanian] spurc [Latin] sperno [Indonesian] sepur [Galician] esporón [Ancient Greek] σφυρόν [Ancient Greek] ἀσπαίρω [Javanese] ꦱꦼꦥꦸꦂ,*sperH-,,18,1313
[English] croak [Italian] gracchio [Italian] gracchia [Romanian] graur [Catalan] gralla [Galician] gralla [French] grolle [Latin] graculus [Spanish] grajo [Portuguese] gralha [Portuguese] gralho,*greh₂-k-,,11,1314
[English] grunt [Old English] grunnian [Swedish] grymta [Danish] grynte,*gʰrun-,,4,1315
[English] guile [Old French] guile [English] withe [English] wile [English] wattle [Old Norse] við [Icelandic] vél [Old Norse] vél [Latvian] vaina [Old Irish] féile [Irish] fial [Latvian] viegls [Old Irish] fíal,*wey-,,13,1316
[English] alight [Serbo-Croatian] lak [Dutch] licht [Middle Dutch] licht [Icelandic] léttur [Portuguese] leve [Spanish] leve [Serbo-Croatian] lagan [Irish] léim [German] leicht [Serbo-Croatian] лак [Norwegian Bokmål] lett [Romansch] lev [Old Norse] léttr [Old High German] liht [Swedish] lätt [Faroese] lættur [Old Church Slavonic] льгъкъ [Czech] lehký [Polish] lekki [Slovene] lahek [Old Armenian] արագ [Russian] лёгкий [Serbo-Croatian] лаган [Old Irish] léimm [Scottish Gaelic] leum [Romansch] leiv [Romansch] leav [Slovak] ľahký [Welsh] llai [Old Irish] lugu [Persian] رخت [Old Irish] lingid [Lithuanian] lengvas [Albanian] lëngë,*h₁lengʷʰ-,,35,1317
[Latin] pugnus [Catalan] puny [Spanish] puño [French] poing [Portuguese] punho [Romanian] pumn,*puǵnos,,6,1318
[English] chip [Polish] chip,*ǵeyb-,,2,1319
[English] knot [English] knotty [Galician] nó,*gnod-,,3,1320
[Romani] amen [Norwegian Nynorsk] oss [Swedish] oss [Sanskrit] अस्मद् [Mòcheno] ens [Gujarati] અમે [Scanian] váss [Sanskrit] अस्मान् [Sanskrit] नस् [Khowar] اسپا [Avestan] 𐬀𐬵𐬨𐬀 [North Frisian] üs [Saurashtra] ꢂꢪꢶ [Swedish] voss,*n̥smé,,14,1321
[English] amuse [German] Mücke [English] mud [German] Maul [French] amuser [English] midge [Norwegian Bokmål] mygg [Norwegian Nynorsk] mygg [Latin] muttio,*mū-,,9,1322
[English] dung [Old English] dung [Old English] dung [Old Saxon] dung [English] dungeon [Dutch] donk [Swedish] dynga [Albanian] dëng [Lithuanian] dengti,*dʰengʰ-,,9,1323
[English] miracle [Old French] miracle,*(s)meyh₂-,,2,1324
[Faroese] apa [Swedish] apa,*abō-,,2,1325
[Portuguese] vela [Old Portuguese] vea [Portuguese] véu,*weg,,3,1326
[Serbo-Croatian] meja [Slovene] meja [Serbo-Croatian] međa [Serbo-Croatian] међа,*medʰyos,,4,1327
[Jassic] dan [English] Danube [French] Danube [Serbo-Croatian] Dunav [Bulgarian] Дунав [Macedonian] Дунав [Serbo-Croatian] Дунав [Russian] Дунай [Ukrainian] Дунай [Ossetian] дон [Latin] Danubius [Italian] Danubio [Spanish] Danubio [German] Donau [Romanian] Dunăre [Czech] Dunaj [Polish] Dunaj [Slovak] Dunaj [Slovene] Dunaj [Portuguese] Danúbio [Greek] Δούναβης [Irish] Danóib [Catalan] Danubi [Old English] Donua,*déh₂nu,,24,1328
[Old Irish] rigid [Scottish Gaelic] rag [English] reach [Latin] rigo [Irish] cuibhrigh [Latin] rigeo [Old Irish] conrig [Welsh] cyfrwy [Welsh] rhwym,*Hreyǵ-,,9,1329
[French] ancestral [Spanish] ancestral [English] concede [Portuguese] conceder [Tocharian A] kätk- [Tocharian B] kätk-,*ked-,,6,1330
[English] steer [German] Stier [German] stieren [Dutch] stier [Danish] tyr,*(s)táwros,,5,1331
[English] yard [English] girth [French] jardin [Romanian] gard [Ukrainian] город [English] gird [Swedish] gård [Ancient Greek] Γόρδιον [Russian] жердь [Faroese] gjørð [Old Norse] gyrða [Old Norse] gjǫrð [Old Norse] gerða [Old Norse] gerði [Tocharian B] kerccī,*gʰerdʰ-,,15,1332
[Lithuanian] juosta [Ancient Greek] ζώννυμι [Ancient Greek] ζωστήρ,*yeh₃s-,,3,1333
[English] -y [Middle English] -y [Dutch] -ig [German] -ig [Norwegian Bokmål] -ig [Old Saxon] -ig [Swedish] -ig [English] agonic [Old Saxon] -ag [English] Homeric [Middle English] -ik [Norwegian Bokmål] abbedverdighet [English] barnacle [Pennsylvania German] -ich [Saterland Frisian] -ich [West Frisian] -ich [Sanskrit] -इक [Latvian] -īgs [Lithuanian] -iukas [Latin] -cus [Ancient Greek] -κός [Gothic] -𐌲𐍃 [Old Norse] -ugr [Old Norse] -igr [Arabic] زمزريق [Norwegian Bokmål] abiotisk [Arabic] أريج [Spanish] Marción [English] Marcion [Latin] Marcion [Norwegian Bokmål] A-klinikk [Norwegian Bokmål] a-klinikk,*-kos,,32,1334
[English] step [Indonesian] step [Serbo-Croatian] stupiti [Serbo-Croatian] ступити [Ukrainian] ступити [Russian] ступить [Czech] stoupit,*stab-,,7,1335
[Indonesian] step [English] steep [English] steep [English] stoop [Scots] stap [Old English] stupian,*(s)tewb-,,6,1336
[English] strap [Ancient Greek] στραβός [Ancient Greek] στρέφω [Spanish] estrabismo [Ancient Greek] στρεβλός [Ancient Greek] στρόβος,*strebʰ-,,6,1337
[English] ski [English] scatter [English] sheath [English] sheathe [Latin] scutum [English] sheave [English] shift [English] sciolism [German] Scheibe [Czech] cep [English] prescient [French] écu [Romanian] ști [Latin] scio [Irish] scian [English] shoad [English] kyle [Latin] scutra [Old Irish] scían [Old Irish] scíath [Cimbrian] siar [Old Irish] sceid [Old English] sceada [Polish] szyb [Welsh] amcan [Ancient Greek] σκεδάννυμι,*skey-,,26,1338
[English] dune [Gaulish] dunon,*dʰuHnom,,2,1339
[Finnish] kesä [Russian] осень [Polish] jesień [Pali] sassa [Slovak] jeseň [Old Prussian] assanis [Sanskrit] सस्य [Sanskrit] सस,*(s)h₁es-,,8,1340
[French] gland [Latin] glans [Russian] жёлудь [Italian] ghianda [Czech] žalud [Portuguese] lande [Polish] żołądź [Greek] βελανίδι [Galician] landra [Bulgarian] жълъд [Romanian] ghindă [Ancient Greek] βάλανος [Latvian] zīle [Ukrainian] жолудь [Lower Sorbian] žołź [Macedonian] желад [Old Czech] želud [Serbo-Croatian] želud [Serbo-Croatian] желуд [Upper Sorbian] žołdź [Lithuanian] gilė,*gʷelh₂-,,21,1341
[English] oven [Icelandic] ofn [Swedish] ugn [Sanskrit] उखा [Norwegian Bokmål] ovn [Marshallese] obwin,*aukw-,,6,1342
[Manx] fee [English] wick [Dutch] wiek [German] wickeln [Irish] figh [Scottish Gaelic] figh [Middle English] weke [German] Wickel,*weg-,,8,1343
[West Frisian] fee [Finnish] poro [Dutch] vee [Middle Dutch] vee [Swedish] fä [Italian] pecora [Pennsylvania German] Vieh [Hittite] 𒇻 [Latin] pecus [Faroese] fæ [Old Armenian] ասր [Old French] fieu [German] Viech [Ligurian] pêgoa,*peḱu-,,14,1344
[English] member [Tocharian B] misa [Serbo-Croatian] meso [Latin] membrum [Bengali] মাস [Czech] maso [Old Czech] maso [Russian] мясо [Irish] mír [Old Church Slavonic] мѧсо [Hindi] मांस [Polish] mięso [Konkani] मास [Old Armenian] միս [Ancient Greek] μηρός [Slovak] mäso [Ukrainian] м'ясо [Latvian] miesa [Lower Sorbian] měso [Latgalian] mīsa [Tocharian B] mīsa [Lithuanian] mėsa [Belarusian] мяса [Assamese] মাংস [Bengali] মাংস [Gothic] 𐌼𐌹𐌼𐌶 [Assamese] মঙহ [Rusyn] мнясо [Silesian] miynso [Sanskrit] मांस् [Kashubian] miãso,*mḗms,,31,1345
[Finnish] myydä [Latin] migro [Ancient Greek] ἀμείβω,*h₂meygʷ-,,3,1346
[English] mega- [Dutch] mega- [English] Majesty,*meǵh₂s,,3,1347
[English] drop [English] droop [Ancient Greek] θρύπτω [Limburgish] Dröpp,*dʰrewb-,,4,1348
[Polish] drop [English] trot [Scots] trot [Russian] дрофа [German] Trappe [Romanian] dropie [Macedonian] дропла,*dreh₂-,,7,1349
[English] urine [Malay] urin,*uh₁r-,,2,1350
[English] anus [Catalan] anus [Dutch] anus [Finnish] anus [French] anus [Latin] anus [Romanian] anus [Swedish] anus [Irish] anas [Portuguese] elo [Italian] anello [Romanian] inel [Spanish] anillo [French] anneau [Catalan] anell [Hebrew] אנאלי,*h₁eh₂no-,,16,1351
[Indonesian] uterus [Latin] uterus [Sanskrit] उदर [Ancient Greek] ὕδερος [Sudovian] wendoris,*úderos,,5,1352
[English] grab [English] grave [English] grave [Romanian] groapă [English] groove [English] greave [English] grapple [Albanian] gropë [German] Grube [English] yerk [Catalan] garba [Latin] garba [Occitan] garba [Spanish] garba [French] gerber [English] yark [Persian] پذیرفتن [French] agripper [Irish] greim [Scottish Gaelic] greim [Albanian] kruaj [German] grapschen [Albanian] grabë [Norwegian Bokmål] grøft [Polish] grzebać [Sanskrit] ग्रभ् [Sanskrit] ग्रह् [Braj] गहन [Macedonian] грабне [Gothic] 𐌲𐍂𐌰𐌱𐌰 [Konkani] घेव्चे [Sanskrit] गृभ्णाति [Gothic] 𐌲𐍂𐌰𐌱𐌰𐌽 [Arabic] جريب [Norwegian Bokmål] grøftefyll [Old Irish] greimm [Sanskrit] गृह्णाति,*gʰrebʰ-,,37,1353
[Polish] grab [Serbo-Croatian] grab [Serbo-Croatian] граб,*grābʰ-,,3,1354
[English] bi- [Latin] bi-,*duwo,,2,1355
[English] oat [Middle English] ote [Icelandic] eitill,*h₁eyd-,,3,1356
[English] chew [English] cheek [Latin] gingiva [Old English] ceowan [French] gencive [Spanish] encía [Italian] gengiva [Portuguese] gengiva [Dutch] kaak [Swedish] tugga [Icelandic] tyggja [Norwegian Nynorsk] tyggja [Persian] جویدن [Romanian] gingie [Catalan] geniva [Norwegian Bokmål] tygge [Polish] żuć [Alemannic German] chüüwe [Ukrainian] жувати,*ǵyewh₁-,,19,1357
[English] gum [Dutch] guit [Icelandic] gaula [Lithuanian] gomurys [Old Norse] geyja,*ǵʰeh₂w-,,5,1358
[English] median [Indonesian] median [English] middle [Slovene] med [Indonesian] medan [English] meridian [English] mid [English] mid [English] moiety [English] Media [English] mezzanine [French] mezzanine [Old English] middangeard [Irish] mí [Ancient Greek] μέσος [Greek] μέσος [Hindi] में [Latin] medius [Romansch] mez [Old Irish] mide [Russian] меж [Bulgarian] между [Russian] между [Romanian] miez [Lithuanian] medis [Ancient Greek] Μεσσάπιος [Czech] mezi [Persian] میدان [English] Middle Earth [Serbo-Croatian] među [Latgalian] mežs [Latvian] mežs [Serbo-Croatian] међу [Persian] میان [Portuguese] médio [Portuguese] meio [Persian] بیشه [Urdu] میں [English] imell [Luxembourgish] Mëtt [Slovak] medzi [Hindi] मध्य [Sanskrit] मध्य [Hindi] माध्यम [Latin] Messapii [Konkani] मदी [Assamese] মাজ [Bengali] মাঝ [Indonesian] madya [Occitan] mièg [Sudovian] mejdo [Old Ruthenian] майданъ,*médʰyos,,52,1359
[Lower Sorbian] bob [Latin] faba [English] bean [German] Bohne [Spanish] haba [Icelandic] baun [Old Norse] baun [Italian] fava [Portuguese] fava [Swedish] böna [Faroese] bøn [Bulgarian] боб [Russian] боб [French] fève [Faroese] bøna [Danish] bønne [Norwegian Nynorsk] baune,*bʰabʰ-,,17,1360
[English] under [Cebuano] ander [English] under- [Italian] imo [Old Saxon] undar- [Faliscan] 𐌉𐌚𐌓𐌀,*n̥dʰér,,6,1361
[Dutch] zwijn [English] swine [Norwegian Nynorsk] su [Old English] su [Norwegian Nynorsk] svin [English] hog [French] soc [Irish] soc [English] socket [Latin] sus [Ancient Greek] ὗς [Ancient Greek] σῦς [Gothic] 𐍃𐍅𐌴𐌹𐌽 [Sanskrit] सूकर [Czech] svině [English] hoggan [Welsh] hwch [Vilamovian] zaoj [Lower Sorbian] swinja [Urdu] سؤر [Afrikaans] swyn [Hindi] सूअर [Indonesian] soket [Ossetian] хуы,*suH-,,24,1362
[Afrikaans] bier [Dutch] bier [Alemannic German] Bier [German] Bier [Old English] beor [Old Norse] bjórr,*bʰews-,,6,1363
[Irish] fiú [Serbo-Croatian] veseo [Romanian] vesel [Serbo-Croatian] vesel [Persian] به [Sanskrit] वसु [Old Irish] fíu [English] Visigoth [Serbo-Croatian] весео [Welsh] gwiw [Scottish Gaelic] fiù [Ancient Greek] ἐΰς [Gothic] 𐌹𐌿𐍃𐌹𐌻𐌰 [Latin] Vesunna [Gothic] 𐌹𐌿𐍃𐌹𐌶𐌰 [Latin] Bellovesus,*h₁wésus,,16,1364
[Old Norse] ló [English] lea [English] leigh [Old English] leah [Burmese] လောက [Mon] လောက [Albanian] lakë,*lówkos,,7,1365
[Asturian] venti [Italian] venti [French] vingt [Norman] vingt [Catalan] vint [Occitan] vint [Spanish] veinte [Galician] vinte [Portuguese] vinte [Venetian] vinti [Sanskrit] विंशति [Aromanian] yinghits [Norman] vîngt [Friulian] vincj [Avestan] 𐬬𐬍𐬯𐬀𐬌𐬙𐬌,*h₁wih₁ḱm̥ti,,15,1366
[English] hat [English] heed [English] hood [German] Hut [Latin] cassis [Irish] hata [Swedish] hatt [Persian] خود [Yiddish] הוט [Ossetian] худ [Latin] cudo [Welsh] cadw,*kadʰ-,,12,1367
[Italian] vera [English] ferrule [Latin] viria,*weyh₁ros,,3,1368
[Italian] ubriaco [English] sober [Italian] ubriacare [Ancient Greek] νηφάλιος [Middle French] yvre [Old French] yvre [Hittite] 𒂊𒆪𒍣 [Tocharian A] yok- [Tocharian B] yok-,*h₁egʷʰ-,,9,1369
[English] semi- [Italian] semi- [Latin] semi- [Ancient Greek] ἡμι- [Sanskrit] सामि,*sēmi,,5,1370
[English] poly- [Dutch] poly- [French] poly- [Norwegian Nynorsk] poly- [Ancient Greek] πολύς [English] polylectic,*polh₁ús,,6,1371
[English] freckle [Faroese] frøkna [English] sprack,*sp(h)er(e)g-,,3,1372
[Latin] dos [Afrikaans] dosis [Dutch] dosis [Hiligaynon] dosis [Indonesian] dosis [Latin] dosis [Spanish] dosis [Tagalog] dosis [German] Dosis [Ancient Greek] δόσις [Sanskrit] दिति,*déh₃tis,,11,1373
[Romanian] nor [English] inenubilable [Spanish] nube [French] nue [Spanish] nublo [Italian] nuvolo [Catalan] núvol [English] obnubilate [Welsh] nudd,*(s)newdʰ-,,9,1374
[English] stare [English] stern [English] strand [English] torpedo [Cebuano] torpedo [Dutch] torpedo [English] distil [English] steal [German] Strähne [Ancient Greek] στερεός [Faroese] strond [Italian] strofinare [Portuguese] estéril [Spanish] estéril [Latin] torpeo [Latin] sterilis [Latin] strenuus [Albanian] shterrë [German] streifen [Albanian] shtjerrë [Latin] stiria [Esperanto] sterila [Ancient Greek] στεῖρος [Gothic] 𐍃𐍄𐌰𐌹𐍂𐍉,*ster-,,24,1375
[Swedish] stare [Old English] stær [Latin] sturnus,*storo-,,3,1376
[Slovak] hmla [Czech] mlha [Serbo-Croatian] magla [Slovene] megla [Polish] mgła [Russian] мгла [Serbo-Croatian] магла [Greek] ομίχλη [Ancient Greek] ὀμίχλη [Lower Sorbian] mła [Belarusian] імгла [Rusyn] молга [Ukrainian] імла,*h₃migʰleh₂,,13,1377
[Slovak] priateľ [Serbo-Croatian] prijatelj [Slovene] prijatelj [Romanian] prieten [Polish] przyjaciel [Lower Sorbian] pśijaśel [Bulgarian] приятел [Silesian] przŏć [Russian] приязнь,*priH-,,9,1378
[Serbo-Croatian] где [Czech] kde [Slovak] kde [Serbo-Croatian] gde [Serbo-Croatian] gdje [Serbo-Croatian] gdi [Serbo-Croatian] гдје,*kwu-dʰē,,7,1379
[English] hail [Scots] hail [Old English] hægl [Icelandic] hagl [Norwegian Bokmål] hagl [Norwegian Nynorsk] hagl [Old High German] hagal [Old Saxon] hagal [Swedish] hagel,*kagʰlos,,9,1380
[Catalan] ona [Old Portuguese] onda [Portuguese] onda [Spanish] onda [English] ithe [Old English] yþ [Icelandic] unnur [Yiddish] אינד,*unt-,,8,1381
[Vilamovian] ona [Dutch] on- [Vilamovian] ȫne [Tocharian B] āñu,*anew,,4,1382
[Czech] ono [Old Czech] ono [Tocharian B] intsu,*h₁énos,,3,1383
[English] -ish [Norwegian Bokmål] menneske [Dutch] -s [Indonesian] -is [English] -esque [Slovak] -sky [Danish] -sk [Norwegian Bokmål] -sk [Norwegian Bokmål] -isk [Swedish] -isk [Lower Sorbian] -ski [Slovene] -ski [Norwegian Bokmål] abelsk [Czech] -ský [Slovak] -ský [Norwegian Bokmål] abessinsk [Norwegian Bokmål] absolutistisk [Norwegian Bokmål] abkhasisk [Lithuanian] -iškas [Yiddish] ־יש [Norwegian Bokmål] apostolisk [Luxembourgish] -esch [Latin] -iscus [Latvian] -isks [Faroese] -iskur [Faroese] -skur [Vilamovian] -yś [Gothic] -𐌹𐍃𐌺𐍃 [Russian] -ской [Norwegian Bokmål] vegansk [Ancient Greek] -ίσκος [Norwegian Bokmål] A4-menneske [Old Norse] -skr [Old Norse] -iskr [Norwegian Bokmål] aboriginsk [Norwegian Bokmål] abyssinsk [Norwegian Bokmål] abyssinisk [Norwegian Bokmål] absurdistisk [Norwegian Bokmål] a-menneske [Norwegian Bokmål] A-menneske [Norwegian Bokmål] abderittisk [Norwegian Bokmål] abelsk gruppe [Norwegian Bokmål] ablativisk [Norwegian Bokmål] abolisjonistisk,*-iskos,,44,1384
[English] -eth [Dutch] -st [Old Armenian] -յ [Old Irish] áigthiu,*-ti,,4,1385
[English] -eth [Ancient Greek] τρίτος [Latin] -tus [Ancient Greek] -τος [Greek] -τος [Ligurian] -étto [Sanskrit] -त,*-tós,,7,1386
[Faroese] sova [Swedish] sova [Russian] спать [Danish] sove [Norwegian Bokmål] sove [Czech] spát [Latin] sopor [Hindi] सोना [Persian] خواب [Urdu] خواب [Urdu] سونا [Czech] usnout [Old Church Slavonic] съпати [Swedish] sömn [Polish] spać [English] sweven [Latin] sopio [Norwegian Bokmål] søvnig [Norwegian Nynorsk] søvnig [Slovak] spať [Bulgarian] спя [Russian] уснуть [Belarusian] спаць [Portuguese] soporífero [Spanish] soporífero [Old Swedish] symn [English] sweb [Lower Sorbian] spaś [Persian] خفتن [Lower Sorbian] spański [Kalasha] prasúik [Assamese] সপোন [Ancient Greek] εὕδω [Assamese] সপান [Old Czech] spáti,*swep-,,35,1387
[French] marcher [Portuguese] margem [Cebuano] martsa,*merg-,,3,1388
[Finnish] käärme [Czech] červ [Slovak] červ [Russian] червь [Serbo-Croatian] crv [Macedonian] црв [Serbo-Croatian] црв [Slovene] črv [Upper Sorbian] čerw [Polish] czerw [Lower Sorbian] cerw [Belarusian] чарвяк [Ukrainian] черв'як [Tajik] кирм [Zazaki] qırm [Latvian] kurmis [Latgalian] kurms [Macedonian] црвец,*kʷr̥mis,,18,1389
[Italian] olla [Latin] olla [Spanish] olla [Romanian] oală,*Hukʷsleh₂,,4,1390
[Italian] olla [Latin] olla [Spanish] olla [Romanian] oală [Ancient Greek] ἰπνός,*Hukʷ-,,5,1391
[English] Xanthippe [Portuguese] cão [Spanish] cano [Latin] Mons Casinus [Tocharian B] kāswo,*ḱas-,,5,1392
[English] Xanthippe [Ancient Greek] ὠκύς [Welsh] diog [Latin] ocior [English] hippic,*h₁eḱ-,,5,1393
[Serbo-Croatian] krv [Slovak] krv [Czech] krev [Old Czech] krev [Ukrainian] кров [Macedonian] крв [Serbo-Croatian] крв [Ancient Greek] κρέας [Greek] κρέας [Serbo-Croatian] kri [Slovene] kri [Kashubian] krew [Polish] krew [Lower Sorbian] kšej [Polabian] kråi [Sanskrit] क्रविस् [Welsh] crau [Irish] cró [Old Irish] crú [Ukrainian] крів,*kréwh₂s,,20,1394
[English] mattock [Russian] метать [Russian] метать [Irish] meitheal,*met-,,4,1395
[English] Neptune [English] Neptunian [Tocharian B] iprer,*nebʰ-,,3,1396
[Pali] sukka [Persian] سوختن [Ancient Greek] κύκνος [Persian] سوگ [Sanskrit] शोक [Persian] سوگند [Albanian] thek,*ḱewk-,,7,1397
[English] -ing [Swedish] -ande [Ancient Greek] -ων [Persian] نده [Ancient Greek] -ας [Latin] -ns,*-onts,,6,1398
[English] carol [English] yawl [Danish] jolle [Swedish] jolle [Dutch] jol [Latin] alvus [Ancient Greek] αὐλός [German] Jolle [Greek] αυλός,*h₂ewlos,,9,1399
[Galician] sebe [Latin] saepio [Latin] saepis [Latin] saepes [Latin] sepes,*seh₂ip-,,5,1400
[Norwegian Bokmål] Praha [Bulgarian] праг [Macedonian] праг [Serbo-Croatian] праг,*porgos,,4,1401
[Asturian] fame [Galician] fame [Italian] fame [Old Portuguese] fame [Spanish] fame [Portuguese] fome [Spanish] hambre [French] faim [Latin] fames [Catalan] fam [Ladino] ambre [Latin] fessus [Romanian] foame [Ladino] fambre [Ladino] פﬞאמברי,*dʰH-,,15,1402
[English] malt [Latvian] malt,*meld-,,2,1403
[English] debris [French] briser [Old French] brisier,*bʰrest-,,3,1404
[Albanian] maj [Albanian] madh [Albanian] menjë,*mh₂sd-,,3,1405
[Czech] ostrov [Old Czech] ostrov [Slovak] ostrov [Bulgarian] остров [Macedonian] остров [Russian] остров,*strow-,,6,1406
[Romanian] ostrov [English] logorrhea [English] maelstrom [English] stream [Pali] sota [Danish] strøm [English] Salisbury [Ancient Greek] Στρυμών [Old Church Slavonic] строуꙗ [Dutch] stroom [English] endorheic [Irish] sruth [Old Irish] sruth [Scottish Gaelic] sruth [Greek] ρεύμα [Ancient Greek] ῥεῦμα [Pali] savati [Latvian] strauts [Old Armenian] գետառ [Faroese] streymur [English] Soar [Lithuanian] srovė [Upper Sorbian] trumjeń [Welsh] ffrwd [Ancient Greek] ῥεῖθρον [Indonesian] setrum [Sanskrit] स्रुव [Lithuanian] srūti,*srew-,,28,1407
[English] marry [Latin] mas [Welsh] merch [Welsh] morwyn [Ancient Greek] μεῖραξ,*méryos,,5,1408
[Czech] prsť [Slovak] prsť [Slovene] prst [Romanian] praf [Czech] prach [Serbo-Croatian] prah [Slovene] prah [Norwegian Bokmål] Helsingfors [Old Norse] fors [Old Church Slavonic] прахъ [Russian] прах [Serbo-Croatian] прах [Lower Sorbian] proch [Polish] proch [English] Proserpina [Italian] Proserpina [Latin] Proserpina [Bulgarian] пръст [Hittite] 𒉺𒀊𒈦𒀸𒍣 [Old East Slavic] порохъ [Latin] persillum [Persian] پاشیدن,*pers-,,22,1409
[Portuguese] dedo [Spanish] dedo [Latin] digitus [Italian] dito [French] doigt [Galician] dedal [Portuguese] dedal [Spanish] dedal [Sardinian] didu [Sardinian] dighitu [Sardinian] dighidu,*deyǵ-,,11,1410
[Old Irish] tech [Ancient Greek] στέγος [Ancient Greek] τέγος,*(s)tégos,,3,1411
[English] -fold [Old Norse] -faldr,*-poltos,,2,1412
[English] broom [English] brim [Galician] bramar [English] brame [Middle English] brom [Latin] fremo [French] frémir [Sanskrit] भ्रमर [Ancient Greek] βρέμω [French] bramer [Sanskrit] भ्रमरक [Sanskrit] भ्रम् [Galician] bremar,*bʰrem-,,13,1413
[Slovak] kosť [Catalan] costa [Galician] costa [Italian] costa [Latin] costa [Portuguese] costa [Old Church Slavonic] кость [Old East Slavic] кость [Russian] кость [Bulgarian] кост [Serbo-Croatian] кост [Czech] kost [Old Czech] kost [Serbo-Croatian] kost [English] coaster [Portuguese] costas [Polish] kość [French] côte [Spanish] cuesta [Romanian] coastă [English] coast [Lower Sorbian] kósć [Upper Sorbian] kósć [Spanish] entrecot [Rusyn] кість [Polish] kuesta [Kashubian] kòsc,*kost-,,27,1414
[English] ex- [Indonesian] eks-,*eǵ-,,2,1415
[English] -ed [English] tabulate [Latin] -atus [Welsh] -edig [Russian] бокаж [Ligurian] -òu,*-eh₂tos,,6,1416
[Icelandic] linna [Old English] linnan [Faroese] linur [Icelandic] linur,*leyh₂-,,4,1417
[Sardinian] linna [Italian] legno [Romanian] lemn [Spanish] leño [Italian] legna [Catalan] llenya,*leǵ-no-,,6,1418
[Old East Slavic] весь [Albanian] vis [Latin] villa [Serbo-Croatian] vas [Latin] vicus [Italian] vico [Old English] wic [Dutch] wijk [Ancient Greek] οἶκος [Old English] wrixlan [Serbo-Croatian] ves [Slovak] ves [Mycenaean Greek] 𐀺𐀒 [Sanskrit] विश् [English] -wich [Old Saxon] wik [Persian] ویس [Gothic] 𐍅𐌴𐌹𐌷𐍃 [Latvian] viesis [Galician] Vigo [Portuguese] Vigo [Albanian] amvisë [Albanian] Vitorja [Tocharian B] īke [Latgalian] vīss [Lithuanian] viešas,*weyḱ-,,26,1419
[English] tong [English] tough [German] Zange [Icelandic] tengja [Albanian] darë [Polish] obcęgi [Greek] δαγκώνω [Ancient Greek] δάκνω [Sanskrit] दशति [Hindi] डसना [Ancient Greek] δαγκάνω [Ancient Greek] ὀδάξ [Ancient Greek] δήξ [Kashmiri] دٲر [Kashmiri] दऻर [Sanskrit] दाढिका,*denḱ-,,16,1420
[Afrikaans] ek [Old High German] ih [Kalasha] آ [Gurjar Apabhramsa] हउं [Old Gujarati] हउं [Sauraseni Apabhramsa] हउं,*éǵh₂om,,6,1421
[Tocharian B] ek [Ancient Greek] ἄνθρωπος [Pali] akkhi [Tocharian A] ak [Ancient Greek] ὤψ [Sudovian] augi [Sanskrit] अक्षि [Polabian] våťü [Kalasha] eč [Middle English] eie [Ancient Greek] ὄψ [Gujarati] આંખ [Prakrit] 𑀅𑀘𑁆𑀙𑀺 [Kachchi] અખ [Vaghri] અખ્ખ [Assamese] আখি [Sanskrit] अनक्ष्,*h₃ókʷs,,17,1422
[Low German] över [Swedish] över [German] über [Icelandic] yfir [Old Norse] yfir [Faroese] yvir,*upéri,,6,1423
[English] deft [English] daft [Czech] doba [Italian] fabbro [Latin] faber [Romanian] faur [Yiddish] פֿאַבריק [Persian] دفنوک,*dʰh₂ebʰ-,,8,1424
[English] smart [English] smart [Latin] merda [Italian] mordere [Portuguese] morder [Spanish] morder [Ancient Greek] σμερδνός [Latin] mordeo [German] schmerzen [Old English] smeart [Polish] śmierdzieć [Ancient Greek] σμερδαλέος [Ladino] modrer,*(s)merd-,,13,1425
[English] wise [Swedish] vis [Westrobothnian] vis [Old English] wis [Old High German] wis [Old Saxon] wis,*weydstos,,6,1426
[English] stub [English] stupid [Irish] toll [Galician] tol [Galician] atolar [Portuguese] atolar [Galician] atol [French] Toulon [Galician] tola [Latin] Toletum [English] gelbstoff,*(s)tew-,,11,1427
[Latin] facetus [Latin] fax [Lithuanian] žvakė,*ǵʰweh₂k-,,3,1428
[Latin] melior [French] meilleur [Spanish] mejor [Italian] migliore [Portuguese] melhor [Catalan] millor,*mélyōs,,6,1429
[Northern Kurdish] asin [Latin] aes [Old Armenian] հայ [Norwegian Nynorsk] eir [Old Norse] eir [Northern Kurdish] hesin [Sanskrit] अयस् [Avestan] 𐬀𐬌𐬌𐬀𐬵 [Pashto] وسپنه,*h₂éyos,,9,1430
[English] much [Swedish] mycket [Portuguese] mas [Icelandic] mikill [Old Norse] mikill [Portuguese] magnífico [Norwegian Bokmål] mye [Swedish] mycken [Old Norse] mjǫk,*meǵh₂-,,9,1431
[English] wait [Cornish] gol [English] vigil [Latin] vigil [Swedish] vakna [Indonesian] baja [Indonesian] baja [Swedish] vaken [Welsh] gŵyl [French] guetter [Old English] wacan [Indonesian] vigili [Sanskrit] वाज [Norwegian Bokmål] våken [Scottish Gaelic] fèill [Sanskrit] वज्र [Old Irish] féil [Manx] feaill [Irish] féile [Hindi] बुज़ुर्ग [Catalan] aguaitar [Catalan] guaitar [Norman] dgetter [Old Persian] 𐎺𐏀𐎼𐎣 [Old French] gaitier [Indonesian] waja [Indonesian] waja [Galician] agaitar [Middle English] wacche [Gothic] 𐍅𐌰𐌺𐌰𐌽 [Westrobothnian] veetj,*weǵ-,,31,1432
[Fala] sobre [Portuguese] sobre [Serbo-Croatian] из [Lithuanian] iš [Serbo-Croatian] iz,*eḱs,,5,1433
[English] liminal [Cornish] elin [Welsh] elin [Old Novgorodian] локоть [Russian] локоть [Norwegian Bokmål] albue [Serbo-Croatian] lakat [Northern Kurdish] aren [Czech] loket [Old Czech] loket [Old Norse] alin [Serbo-Croatian] лакат [Old Church Slavonic] лакъть [Ancient Greek] ὠλένη [Polish] łokieć [Bulgarian] лакът [Latin] limus [Latvian] elkonis [Slovak] lakeť [Gothic] 𐌰𐌻𐌴𐌹𐌽𐌰 [Sanskrit] अरत्नि [Old Norse] ǫln [Old Persian] 𐎠𐎼𐏁𐎴𐎡 [Kamkata-viri] āřa,*Heh₃l-,,24,1434
[English] frock [German] Rock,*kreḱ-,,2,1435
[Latin] filius [Ligurian] fìggio,*dʰeh₁ylios,,2,1436
[Faroese] hol [Westrobothnian] hȯhl,*kuH-,,2,1437
[Old English] hol [English] challenge [Old English] helan [Welsh] celwydd,*kēl-,,4,1438
[English] gnat [English] gnit [German] Gnitze,*gʰneHdʰn-,,3,1439
[English] dirt [Old Norse] dríta,*dʰreyd-,,2,1440
[English] cede [Latin] cedo [Norwegian Bokmål] aksessoar,*ḱyesdʰ-,,3,1441
[Italian] anima [English] animus [Latin] animus [Portuguese] animus [English] animadvert [Greek] άνεμος [Ancient Greek] ἄνεμος [Portuguese] ânimo [Old Armenian] հողմ [Mycenaean Greek] 𐀀𐀚𐀗 [Oscan] 𐌀𐌍𐌀𐌌𐌞𐌌,*h₂enh₁mos,,11,1442
[Norwegian Bokmål] med [Ancient Greek] μετά [Khmer] មិថុនា [Yiddish] מיט [Norwegian Bokmål] à poeng med [Norwegian Bokmål] a poeng med,*meth₂,,6,1443
[Old English] med [English] meed [German] Miete [Ancient Greek] μισθός [Persian] مزد [Persian] مژده [Sanskrit] मीळ्ह [Sanskrit] मीढ [Ossetian] мызд,*misdʰós,,9,1444
[Latin] -ulum [Russian] зеркало [Latin] -culum [Latin] -crum,*-tlom,,4,1445
[English] birch [Portuguese] freixo [Spanish] fresno [Bulgarian] бреза [Macedonian] бреза [Serbo-Croatian] бреза [Italian] frassino [French] frêne [Ukrainian] береза [Romanian] frasin [Catalan] freixe [Ossetian] бӕрз [Norwegian Bokmål] bjerk [Westrobothnian] bjerk [Latin] farnus [Romanian] breaz,*bʰerHǵos,,16,1446
[Aragonese] tierra [Asturian] tierra [Spanish] tierra [Portuguese] terra [Dutch] dor [English] thirst [French] terre [Icelandic] þurr [Breton] tir [Cornish] tir [Old Welsh] tir [Welsh] tir [English] Tyrol [German] dörren [Scottish Gaelic] tìr [Walloon] tere [Irish] tur [German] Durst [Romanian] țară [Old English] þurst [Old Norse] þyrstr [Old Norse] þorskr [Old Norse] þorsti [Urdu] ترس [Faroese] tosti [German] Dürre [Dutch] dorst [Ancient Greek] τέρσομαι [Irish] tír [Old Irish] tír [Ido] durstar [Manx] çheer [Latin] tescum [Irish] turadh [Scottish Gaelic] turadh [Old Saxon] thurst [Old Irish] terc [Norman] tèrre [Konkani] तान [Albanian] djerr [Norman] Tithol [Irish] tíor [Old Norse] þorna [Gothic] 𐌰𐍆𐌸𐌰𐌿𐍂𐍃𐌾𐌰𐌽 [Old English] þyrre [Pali] taṇhā [Old Norse] þurka [Old Norse] þerrir [Ancient Greek] ταρσός [Cimbrian] dórre,*ters-,,50,1447
[Latin] templum [Latin] tempus [Latin] aestimo [English] tomo- [Galician] Tambre [Latin] Tamaris,*temh₁-,,6,1448
[Swedish] skull [Old Norse] skuld [Swedish] skuld,*(s)kéltis,,3,1449
[Latin] -or [Italian] -ore,*-ōs,,2,1450
[French] chouette [Russian] говорить [Bulgarian] говоря [English] chough [Old High German] kumo [Swedish] kaja [Cimbrian] kaum [German] kaum [Persian] گفتن [Finnish] kaivata [Old English] ciegan [Dutch] kauw [Greek] γοητεία [Galician] choia [Middle Persian] gwptn' [Yiddish] קוים,*gewH-,,16,1451
[French] soufre [Italian] zolfo [Spanish] azufre [Galician] enxofre [Portuguese] enxofre [Romanian] sulf [Old Spanish] sufre [Italian] solfo [Galician] xofre [Catalan] sofre [Aromanian] scljifur,*swelplos,,11,1452
[Galician] lista [Italian] lista [Polish] lista [Indonesian] lis [Indonesian] lis,*leizd,,5,1453
[Gaulish] enter [Catalan] entre [Fala] entre [French] entre [Portuguese] entre [Spanish] entre [Romanian] între [Irish] idir [Old Irish] eter [Scottish Gaelic] eadar [Spanish] entrecot [Scottish Gaelic] eadar- [Oscan] 𐌀𐌍𐌕𐌄𐌓,*h₁enter,,13,1454
[Latin] quartus [Swedish] kvart,*kʷeturtos,,2,1455
[English] scour [French] cure [Catalan] cura [Galician] cura [Italian] cura [Latin] cura [Portuguese] cura [Spanish] cura [Latin] quaero [Scottish Gaelic] faic [Old Irish] adcí [Manx] faik [Gaulish] pissiumi,*kʷeys-,,13,1456
[French] dent [Norman] dent [Piedmontese] dent [Romansch] dent [Italian] dentale [Spanish] diente [Romansch] daint [Romanian] dinte [Portuguese] tridente [Bengali] দাঁত [Ligurian] dénte,*h₃dénts,,11,1457
[English] bane [Swedish] bane,*gʷʰon-on-,,2,1458
[Irish] each [Ancient Greek] ἵππος [Aragonese] yegua [Spanish] yegua [Latin] equus [Old English] eoh [Sanskrit] अश्व [Tocharian A] yuk [Romanian] iapă [Old Armenian] էշ [Finnish] hepo [Icelandic] jór [Old Norse] jór [Mycenaean Greek] 𐀂𐀦 [Laki] اسب [Persian] اسب [Greek] ίππος [Tocharian B] yakwe [Luwian] 𒊍𒍪𒉿𒀸 [Sinhalese] අශ්වය [Old Persian] 𐎠𐎿 [Baluchi] اسپ [Ossetian] ефс [Lithuanian] ašva [Old Prussian] aswinan [Old Irish] ech [Manx] agh [Avar] чу [Pali] assa [Pashto] اس [Baluchi] اپس [Abkhaz] аҽы [Judeo-Tat] гӀэсб [English] hippic [Avestan] 𐬀𐬯𐬞𐬀 [English] Epona [Luwian] 𔑮𔐓𔗵𔗬 [Indonesian] aswa [Prakrit] 𑀆𑀲 [English] equiculture [Tat] əs,*h₁éḱwos,,41,1459
[Italian] guanto [Swedish] vante [Catalan] guant [Ladin] guant [Old French] guant [Norwegian Bokmål] vott [Norwegian Nynorsk] vott [Faroese] vøttur,*wondʰnú-,,8,1460
[Norman] por [Portuguese] porca,*porḱ-,,2,1461
[Albanian] para [Albanian] prij,*pr̥H-e/o-s,,2,1462
[Latin] octavus [Old Ruthenian] осмъ [Old Ruthenian] осмый,*oḱtṓwos,,3,1463
[Latin] solus [English] solace [English] console [English] exhilarate [Ancient Greek] ἵλαος [Latin] solor [Ancient Greek] ἱλάσκομαι [Russian] слать,*selh₂-,,8,1464
[Latin] calix [Albanian] hall [English] helter-skelter [German] schielen [Ancient Greek] κῶλον [Persian] شلوار [Latin] calcar [English] skelly [Dutch] scheel [German] scheel [Persian] شل [English] askile [Old Armenian] խուլ [Albanian] çalë [Albanian] shkal [Ancient Greek] σκώληξ [Ancient Greek] σκαληνός [Hindi] सलवार [Latvian] klaips [Ancient Greek] σκολιός [Ancient Greek] κυλίνδω [Lithuanian] klanas [Mazanderani] اشکل [Lithuanian] sklypas,*(s)kel-,,24,1465
[Latin] -ulus [Faliscan] -𐌄𐌋𐌏𐌔,*-elós,,2,1466
[Latin] -ulus [Norwegian Bokmål] cappella [English] radiole [Norwegian Bokmål] nivå [Norwegian Bokmål] vanilje [Faliscan] -𐌄𐌋𐌏𐌔 [Hindi] -ईला [Norwegian Bokmål] dyskalkuli [Albanian] -ull [Norwegian Bokmål] abstraksjonsnivå,*-lós,,10,1467
[Norwegian Bokmål] cappella [Norwegian Bokmål] vanilje,*-e-lós,,2,1468
[English] wade [Albanian] va [French] vader [English] invasive [Old English] wadan [Swedish] vada [Latin] vado [Albanian] vete [French] gué [Spanish] evasión [Corsican] andà,*weh₂dʰ-,,11,1469
[English] verve [English] verbose [Russian] врать [English] Wanderwort [English] rhetic [Old Church Slavonic] врачь [Sanskrit] व्रत [Persian] باور [Old Armenian] առաւիր [Old Armenian] վեռ [Punjabi] ਵਰਤ [Punjabi] ورت [Gothic] 𐍅𐍂𐍉𐌷𐍃,*werh₁-,,13,1470
[Russian] сердце [Rusyn] сердце [Sanskrit] हृदय [Sanskrit] हृद्,*ḱr̥d-,,4,1471
[French] flan [Indonesian] flan [Spanish] flan,*pl̥h₂t-,,3,1472
[Old English] flan [Scots] flane [Norwegian Bokmål] flein [Old Norse] fleinn,*pleyn-,,4,1473
[French] poche [Irish] póca [Old French] puche [German] piekfein,*buk-,,4,1474
[English] thrall [Danish] træl [Old English] þræl [Icelandic] þræll [Old Norse] þræll [Faroese] trælur [Swedish] träl,*trāgʰ-,,7,1475
[Portuguese] silva [Icelandic] sulla [English] swelter [English] swill [Icelandic] sultur [Icelandic] sull [German] Schwelle [Old Norse] svalr [Westrobothnian] syll [Old French] selve [German] schwelen [Tajik] хӯрдан [English] sweal [Westrobothnian] schwȯhli [Yagnobi] хварак [Ancient Greek] εἵλη [Old English] swelan [Old Norse] sollr [Old English] geswelge [Old English] swillan,*swel-,,20,1476
[Latin] ira [English] oestrus [Ancient Greek] οἶστρος [Dutch] IJssel,*h₁eys-,,4,1477
[English] ire [Latin] Issa [English] Salii [Galician] Ézaro [Sanskrit] इष्,*h₁eysh₂-,,5,1478
[English] din [Dutch] deun [Swedish] dån [Sanskrit] ध्वनि [Middle English] dynne,*dʰwen-,,5,1479
[Welsh] cad [Irish] cath [Old Irish] cath [Scottish Gaelic] cath [Manx] cah [Galician] Cadarnoxo [Ancient Greek] κότος,*kéh₃tus,,7,1480
[Latin] corvus [English] cormorant [Galician] corvo [Italian] corvo [Portuguese] corvo [Spanish] cuervo [Albanian] korb [Catalan] corb [Romanian] corb [French] corbeau,*ḱorh₂wós,,10,1481
[Latin] crocio [Lithuanian] kriokti,*k(V)r-,,2,1482
[English] retrograde [English] retrograde [English] plantigrade [Portuguese] grau [Latin] gradus [Spanish] grada [Spanish] grado [Latin] gradior [Welsh] grym [Portuguese] degrau [English] unguligrade,*gʰredʰ-,,11,1483
[Latin] nudus [English] nake [Corsican] nudu,*nogʷ-,,3,1484
[Czech] otec [Serbo-Croatian] otec [Slovak] otec [Bulgarian] отец [Macedonian] отец [Russian] отец [Serbo-Croatian] отац [Old Irish] aite [English] athel [Irish] oide [Scottish Gaelic] oide [Dutch] ette [Albanian] atë [Old Church Slavonic] отьць [Polish] ojciec [Latin] atta [Slovene] oče [Hittite] 𒀜𒋫𒀸 [Upper Sorbian] wótc [Gothic] 𐌰𐍄𐍄𐌰 [Ancient Greek] ἄττα [Kashubian] òjc [Ossetian] ӕда [Lower Sorbian] wóśc [North Frisian] aatj [Ukrainian] отець [Belarusian] айцец,*átta,,27,1485
[French] faux [Spanish] hoz [Latin] falx [Latin] falco [Catalan] falç [Italian] falce [Romanian] falce [Sicilian] fauci [Occitan] fauç [Sardinian] falche,*dʰelk-,,10,1486
[Norman] faux [Italian] falciare [Portuguese] foice [Norman] faûcil'ye [Norman] faûchi [Galician] fouce [Gallo] faoucher,*dhalk-,,7,1487
[English] virus [Indonesian] virus [Latin] virus [English] virulent [Tocharian A] wäs [Ancient Greek] ἰός [Sanskrit] विष [Italian] virulento [Portuguese] virulento [Spanish] virulento [Tocharian B] wase [Middle Irish] fí [Indonesian] bisa [Kalasha] biṣ [Ancient Greek] ἰόεις,*wisós,,15,1488
[Manx] mac [Middle Irish] mac [English] en masse [Welsh] magu [Ancient Greek] Μακεδών [Greek] μήκος [Ancient Greek] μῆκος [Old Irish] macc [Latin] macies [Primitive Irish] ᚋᚐᚊᚔ [Old Irish] doformaig,*meh₂ḱ-,,11,1489
[English] brand [English] brand [French] brand [Swedish] brand [English] brawl [English] brian [Old French] branc [Norwegian Bokmål] Gudbrandsdalen,*bʰrenu-,,8,1490
[English] scion [French] scion,*geye-,,2,1491
[English] pick [English] puke [English] pocket [Indonesian] pol [English] pout [Italian] piccolo [English] poll [English] pose [English] pock [Latin] bulla [Latvian] bura [Irish] buidéal [German] fauchen [Arabic] بوم [French] pochette [Latin] bullio [English] buller [Dutch] pokken [Dutch] pok [Old English] geposu [Old English] pohha [German] Pocke [Old English] pocc [Ladin] pitl [Norwegian Bokmål] buljong,*bew-,,25,1492
[Old French] morsel [English] morceau [French] morceau,*merə-,,3,1493
[Latin] folium [Portuguese] folha [Irish] bile [French] feuille [Spanish] hoja [French] bille [Italian] foglia [Catalan] fulla [Romanian] foaie [Dutch] foelie,*bʰolh₃yom,,10,1494
[English] foremost [Danish] frem,*pr-,,2,1495
[English] foremost [English] -most,*-mHo-,,2,1496
[Latin] cinis [Welsh] bachgen [English] nook [Esperanto] cindro [Ido] cindro [Latvian] kost [Latin] recens [English] nief [Swedish] nacke [Spanish] ceniza [French] cendre [Italian] cenere [Welsh] cenedl [Hindi] कन्या [Marathi] कन्या [Sanskrit] कन्या [Romanian] cenușă [Russian] начало [Portuguese] cinza [Sanskrit] कनीन [Danish] nakke [Catalan] cendra [Russian] начать [Mazanderani] کیجا [Walloon] cinde [Irish] céad [Norman] chendre [Albanian] qyrë [Albanian] qytë [Old Portuguese] cĩisa [Hindi] कनीज़ [Old English] hnocc [Middle Irish] cét- [Old Irish] cét- [Old Church Slavonic] начинати,*ken-,,35,1497
[French] traire [Italian] trarre [Galician] traer [Spanish] traer [Galician] tratar [Portuguese] tratar [Spanish] tratar [Latin] trama [Italian] trattare [Catalan] treure [Latin] tergus [Romanian] trage [Latin] tragula [Latin] tragum [Greek] τράτα [Galician] tralla,*tragʰ-,,16,1498
[Old Irish] aire [Welsh] rhy [Polish] pierwszy [Ancient Greek] πρό [Russian] про [Ukrainian] про [Istro-Romanian] prvi [Serbo-Croatian] prvi [Slovene] prvi [Serbo-Croatian] први [Lithuanian] pirmas [Czech] prvý [Slovak] prvý [Macedonian] прв [Latvian] pirmais [Old Church Slavonic] прьвъ [Ancient Greek] πρῷρα [Ancient Greek] πρόσω [Kamkata-viri] pāćeř [Ancient Greek] πρόμος,*pró,,20,1499
[Italian] pelo [Portuguese] pelo [Spanish] pelo [English] peloton [French] poil [Norwegian Bokmål] pille [Romanian] păr [Portuguese] pelar [Latin] pilus [Catalan] pèl [Norman] pé [English] horripilate [Norwegian Bokmål] abortpille,*pil-,,13,1500
[Catalan] cul [French] cul [Ladin] cul [Lombard] cul [Italian] culo [Old Spanish] culo [Spanish] culo [Romanian] cur [Portuguese] cu [Old Irish] cúl [Latin] cucullus [Norman] tchu,*kuH-l-,,12,1501
[Irish] il [Old Irish] il [Hindi] प्रायः,*pélh₁us,,3,1502
[Old English] heord [Hungarian] csorda [Romanian] cârd [Swedish] hjord [French] harde [Icelandic] hjörð [Irish] crios [Scottish Gaelic] crios [Old French] herde [Persian] کرد [Faroese] hjørð [Welsh] crys [Romanian] cireadă,*kerdʰ-,,13,1503
[Romanian] duce [Catalan] dur,*déwketi,,2,1504
[Swedish] regn [Persian] رخت [Sanskrit] रच्,*rek-,,3,1505
[Manx] keck [Macedonian] кака [Russian] какать [Catalan] cagar [Galician] cagar [Portuguese] cagar [Middle Armenian] քաք [Old Armenian] քակոր [Romanian] căca [Persian] ککه [Ancient Greek] κάκκη [Polish] kakać,*kakka-,,12,1506
[Hunsrik] schwarz [Pennsylvania German] schwarz [German] Schwarz [Pennsylvania German] Schwarz [Faroese] svartur [Icelandic] svartur [Old High German] swarz [Old Norse] svartr [Norn] svart [Norwegian Bokmål] svart [Norwegian Nynorsk] svart [Swedish] svart [Central Franconian] schwatz [Pennsylvania German] schwatz,*swordo-,,14,1507
[English] tumor [Latin] tuber [English] tomb [English] tumour [English] thimble [Ancient Greek] σῶμα [Spanish] tocino [Ancient Greek] τίτυρος [Ancient Greek] Τιτυός [Galician] tobo [Cebuano] tosino [Galician] toco [Latin] tomentum [Persian] توان [Old Armenian] թուխ [Latin] obturo [Old Armenian] թոյն [Latin] turgeo [Galician] touciño [Galician] tosca [Latin] turio [Galician] touceira [Albanian] tytë [Galician] touca [Latin] tuccetum [Latin] tutulus [Galician] touta [Galician] touza [Galician] toutizo [Galician] toutelo [Galician] touticeira [Ancient Greek] τύφη [Galician] touzo [Galician] toucelo [Old Norse] þysja [Ancient Greek] σῶς [Latin] tucca,*tewh₂-,,37,1508
[English] bake [Old English] bacan [Faroese] baka [Icelandic] baka [Old Norse] baka [Swedish] baka [Dutch] bakken [Ancient Greek] φώγω [Armenian] բոկ [Yiddish] באַקן [Middle Armenian] բոկեղ [Ancient Greek] βέκος,*bʰeh₃g-,,12,1509
[Faroese] kot [Polish] koc,*gudnó-,,2,1510
[Latin] lis [Old Irish] liid,*(s)leyH-,,2,1511
[Latin] moneo [English] summon [English] mentor,*monéyeti,,3,1512
[Latin] argentum [French] argent [Norman] argent [Old Spanish] argent [Italian] argento [Spanish] argento [Old Armenian] արծաթ [Romanian] argint [Old Irish] argat [Romansch] argient [Romansch] argien [Old Spanish] ariento [Faliscan] 𐌀𐌓𐌂𐌄𐌍𐌕𐌄𐌋𐌏𐌌 [Sanskrit] रजत [Corsican] argentu [Sicilian] argentu [Ligurian] argénto [Avestan] 𐬆𐬭𐬆𐬰𐬀𐬙𐬀,*h₂r̥ǵn̥tóm,,18,1513
[Latin] iocus [English] joke [English] Yule [Welsh] iaith [French] gêne,*yek-,,5,1514
[Latin] tata [Portuguese] teta [Spanish] teta [Old Ruthenian] тата [Dutch] tiet [Italian] tetta [French] tette [German] Titte [Italian] zizza [Old English] titt [Sanskrit] तत,*tata-,,11,1515
[Latin] vagina [English] amain [Norwegian Bokmål] vanilje,*wag-,,3,1516
[Slovak] hora [Belarusian] гара,*gwerH-,,2,1517
[Latin] -osus [Galician] -oso [Indonesian] -wan [Ancient Greek] -εις [Sanskrit] -वत्,*-wénts,,5,1518
[Latin] -osus [Galician] -oso,*-to-,,2,1519
[Romanian] par [Catalan] pal [Chavacano] palo [Italian] palo [Spanish] palo [Galician] pau [Portuguese] pau [Old Portuguese] pao [French] pieu [Cebuano] pawo,*peh₂ǵ-slos,,10,1520
[English] quay [English] hedge [Middle English] hegge [Latin] cohum [Scottish Gaelic] cidhe,*kagʰyóm,,5,1521
[Indonesian] mes [English] mesh [Old English] mæscre [Latvian] mazgāt [Latvian] mezgls,*mezg-,,5,1522
[Catalan] blanc [Dalmatian] blanc [French] blanc [English] blanch [Spanish] blanco [English] blank [Galician] branco [English] blench [Afrikaans] bliksem [Dutch] bliksem [French] blanchir [Old French] blanchir [Old Church Slavonic] блискъ [Swedish] blixtra [Latin] fligo [Italian] biacca [Bourguignon] blianc [Norman] bllànc [Norman] bllaunc [Sardinian] biancu [Sassarese] biancu [Sicilian] biancu [Bourguignon] blian [Scanian] blánker [Lithuanian] blizgas [Indonesian] blangko [Marshallese] būļan̄kōj [Old Ruthenian] блакитный,*bʰleyǵ-,,28,1523
[Friulian] blanc [Occitan] blanc [Old English] blanc [Old French] blanc [Old Occitan] blanc [Walloon] blanc [Istriot] bianco [Ladin] blanch [Old English] blæc [English] blanquette [French] blanquette [Old English] blanca [Old Portuguese] branco [Norman] blianc [Asturian] blancu,*bhleg-,,15,1524
[English] frigid [Portuguese] frígido [Spanish] frígido [Italian] frigido [Latin] frigeo,*sriges-,,5,1525
[Ido] ma [Old Irish] mag [English] master [Indonesian] master [English] mickle [Latin] maximus [Icelandic] mjög [English] magistery [Ancient Greek] μέγας [Greek] μέγας [English] menhir [Hebrew] מאי [English] masterly [Ancient Greek] μεγάλος [Greek] μεγάλος [Persian] مه [Faroese] mikil [Middle Welsh] mael [Old English] micel [Latin] ingens [Esperanto] mastro [Albanian] madh [Albanian] më [Sanskrit] मह [Indonesian] Mei [Old Armenian] մեծ [Scots] Mey [Sanskrit] महत् [Northern Kurdish] mezin [Danish] megen [Tocharian B] māka [Latin] Maius [Latin] Mogontiacum [English] magnoperate [Welsh] -fa [Galician] Méixamo [Avestan] 𐬨𐬀𐬰 [Old Irish] maige [Indonesian] maha- [Ancient Greek] ἄγαν [Ancient Greek] ἀγαυός,*méǵh₂s,,41,1526
[English] awn [Finnish] akana [Latin] agna [Sanskrit] अशनि,*aḱanā,,4,1527
[Latin] lapis [French] loupe [Indonesian] lup [Latgalian] lopa [Latin] lepos [Old English] loppe [Ancient Greek] λέπαδνον [Ancient Greek] λώπη,*lep-,,8,1528
[English] wroth [Middle English] wroth [English] writhe [Swedish] vred [Swedish] vrida [Latin] veratrum [Old Norse] vríða,*wreyt-,,7,1529
[Welsh] tra [Welsh] dros,*treh₂-,,2,1530
[English] camp [Italian] cambiare [Italian] cambio [Latin] cambio [Ancient Greek] κάμπτω [Greek] κάμπτω [English] campanile [Old Armenian] քամակ [Latin] cambium [Old Frisian] komp [Italian] cangiare [Italian] cangia [Sicilian] canciari [Ancient Greek] καμάρα [Albanian] këmbë [Latin] camur [Classical Syriac] ܩܡܪܐ [Latin] cumera [Arabic] كمر [Galician] Camba [Sicilian] cangiari,*kh₂em-,,21,1531
[Catalan] camp [English] champagne [Sanskrit] कपट [Ancient Greek] κάμπη [Ancient Greek] καμψός [Ancient Greek] καμπή,*kh₂emp-,,6,1532
[Latin] caecus [Italian] cieco [Spanish] ciego [Romanian] ceață [Portuguese] cego [Welsh] coeg [Irish] caoch [Scottish Gaelic] caoch [Catalan] cec [Serbo-Croatian] ciča [Serbo-Croatian] цича [Old Irish] cáech [Sanskrit] केकर,*kéh₂ikos,,13,1533
[English] puisne [Albanian] pas [English] puny [Persian] پس [Ancient Greek] ποτί,*pós,,5,1534
[English] hoof [Icelandic] hófur [Old Frisian] hof [Norwegian Nynorsk] hov [Swedish] hov [Old Norse] hófr [German] Huf [Faroese] hógvur [Faroese] hóvur [Czech] kopyto [Lower Sorbian] kopyto [Polish] kopyto [Dutch] hoef [Russian] копыто [Avestan] 𐬯𐬀𐬟𐬀 [Sanskrit] शफ [Norwegian Nynorsk] hóv,*ḱoph₂ós,,17,1535
[Latin] fur [Romanian] fur [Italian] furo [Portuguese] furão [Ancient Greek] φώρ,*bʰṓr,,5,1536
[English] hill [Portuguese] colina [Ancient Greek] κολώνη,*kl̥Hnís,,3,1537
[Slovak] šošovica [English] opium [Latin] opium [Albanian] gjak [Polish] soczewica [Russian] чечевица [Ancient Greek] ὀπός [Latin] sappinus [Belarusian] сачавіца,*sokʷos,,9,1538
[Latin] -a [Latin] forda [Ancient Greek] -η [Ancient Greek] -α,*-éh₂,,4,1539
[Serbo-Croatian] -a [Serbo-Croatian] -а,*-ōd,,2,1540
[German] Liebe [Vilamovian] łiwa [Hunsrik] Lieb [Pennsylvania German] Lieb,*lubʰ-,,4,1541
[Latin] -inus [French] -in [Welsh] -in [English] -ine [Italian] -ino [Spanish] -ino [Old Norse] -inn [English] belluine [Old Armenian] -այն [Latvian] -ains [Ancient Greek] -ινος [Lithuanian] -inis [Urdu] کری [Hindi] हस्ती [Ligurian] -ìn [Sanskrit] -इन् [Hindi] करी,*-iHnos,,17,1542
[Latin] sagus [English] sickle [Latin] seges [Latin] segnis,*seg-,,4,1543
[Latin] Celtae [Latin] clava [English] glaive [English] holly [Latin] gladius [Galician] celta [Italian] gladio [Irish] Cillian [Irish] cuileann [Scottish Gaelic] cuileann [Ancient Greek] κλάω [English] claviform [Greek] κλάνω [Latin] percello [Ancient Greek] κόλαφος [Persian] کلنگ [Latvian] kļūt [Polish] kłóć [Ancient Greek] σκῶλος [Old Norse] hlunnr [Irish] colg,*kelh₂-,,21,1544
[Catalan] merda [Galician] merda [Italian] merda [Portuguese] merda [French] merde [Spanish] mierda,*smerd-h₂-,,6,1545
[Serbo-Croatian] svet [Slovene] svet [Macedonian] свет [Serbo-Croatian] свет [Czech] svatý [Old Church Slavonic] свѧтъ [Slovak] svätý [Lower Sorbian] swěty [Silesian] świynty [Kashubian] swiãti,*ḱwentos,,10,1546
[Serbo-Croatian] svet [Serbo-Croatian] свет [Javanese] séta [Lithuanian] šviesa [Ukrainian] квітка [Punjabi] ਚਿੱਟਾ [Sanskrit] श्वित्र [Old Punjabi] ਚਿਟਾ [Punjabi] چٹا [Avestan] 𐬯𐬞𐬀𐬉𐬙𐬀,*ḱweyt-,,10,1547
[English] rest [English] rest [Swedish] rast [Albanian] resht,*ros-,,4,1548
[French] triste [Galician] triste [Italian] triste [Norman] triste [Portuguese] triste [Spanish] triste [Catalan] trist [Friulian] trist [Occitan] trist [Piedmontese] trist [Romanian] trist [Portuguese] tristeza [Dutch] driest [Faroese] tristur [Latin] tristis [German] dreist [Italian] tristo [Venetian] tristo [Old English] þriste,*tréystis,,19,1549
[Romanian] des [English] dense [Ancient Greek] διδάσκω [Latin] densus [Latin] dumus [Ancient Greek] ἐδάην,*dens-,,6,1550
[English] fancy [English] fantasy [Ancient Greek] φαίνω,*bʰh₂nyéti,,3,1551
[English] spouse [English] espouse [Esperanto] spozo [Ido] spozo [Latin] spopondi [Ancient Greek] σπένδω,*spend-,,6,1552
[Danish] bro [Norwegian Bokmål] bro [Swedish] bro,*bʰruh-,,3,1553
[Kalasha] bro [English] Burgundy [French] Bourgogne [Sanskrit] बृहत् [Latin] Burgundia [English] Bragança [Portuguese] Bragança [Norman] Bourgouongne [English] Brigantia [Latin] Brigantia [Latin] Brigantium [Avestan] 𐬠𐬆𐬭𐬆𐬰𐬀𐬧𐬙 [Spanish] Braganza [English] Bregenz [German] Bregenz [Latin] Brigantes,*bʰérǵʰonts,,16,1554
[English] -ible [Norwegian Bokmål] pille [Latin] -ula [Czech] -dlo [Latin] -bulum [Latin] -bula [Latin] -brum [Latin] -bra [Norwegian Bokmål] abortpille,*-dʰlom,,9,1555
[English] rare [English] rine,*er(e)-,,2,1556
[English] rare [English] rear [English] rear,*ḱroHs-,,3,1557
[English] scant [English] shand,*(s)ḱem-,,2,1558
[English] crab [Swedish] krabba [Norwegian Bokmål] krabbe [Norwegian Nynorsk] krabbe [Old Swedish] krabbe,*grobʰ-,,5,1559
[English] fen [English] Pannonia [Italian] Pannonia [Latin] Pannonia [Irish] eanach [Sanskrit] पङ्क [Galician] panasco,*pen-,,7,1560
[English] cappuccino [Italian] capo [Italian] chef [German] Haupt [Faroese] høvur [Danish] hoved [Italian] kapò,*káput,,7,1561
[Catalan] fang [Italian] fango [French] fange,*penk-,,3,1562
[Swedish] stake [English] stack [Ancient Greek] στέγω [Upper Sorbian] stóh [Polish] stóg,*steg-,,5,1563
[English] herd [Sanskrit] शर्ध [Ancient Greek] κόρθυς,*ḱerdʰ-,,3,1564
[English] lank [English] flank [Italian] fianco [Portuguese] flanco [Spanish] flanco [Persian] خنج [Old English] hlinc [Norman] flianc [Old English] hlenca,*kleng-,,9,1565
[Danish] grave [Norwegian Bokmål] grave [German] Grab [Faroese] grava [Norwegian Nynorsk] grava [Icelandic] grafa [Old High German] grap [Old English] græf [Swedish] gräva [Icelandic] gröf [Danish] grav [Swedish] grav,*gʰrābʰ-,,12,1566
[Norwegian Bokmål] grave [Portuguese] grave [Spanish] grave [Indonesian] guru [Polish] guru [Portuguese] guru [English] brute [French] grief [Indonesian] bruto [Norwegian Bokmål] accent grave [Latin] gravis [Catalan] greu [Romanian] greu [Hindi] गुरु [Sanskrit] गुरु [Italian] greve [Persian] گران [Ancient Greek] βαρύς [Greek] βαρύς [Portuguese] gravidade [Latin] brutus [Lithuanian] girna [Punjabi] ਗੁਰੂ [Macedonian] варија [Gothic] 𐌺𐌰𐌿𐍂𐌿𐍃 [Garhwali] गर्रु [Ligurian] grâve [Garhwali] गरु [Bakhtiari] گریوا [Latgalian] gryuts [Avesta] 𐬔𐬊𐬎𐬭𐬎𐬱,*gʷréh₂us,,31,1567
[English] puck [English] Puck,*(s)pāug(')-,,2,1568
[English] kite [German] Kauz [English] Keats,*gū-,,3,1569
[English] kite [English] bequest [English] chitterlings [English] quethe [Italian] betulla [Spanish] abedul [Portuguese] bétula [French] bouleau [Latin] botulus [Irish] beith [Scottish Gaelic] beith [Galician] bido [Old French] boul [Old Armenian] կոչեմ [Gothic] 𐌵𐌹𐌸𐌰𐌽 [Icelandic] kveða [Old Norse] kveða [Portuguese] vidoeiro [Welsh] bedw [Sanskrit] जतु [Galician] bidueiro [Sanskrit] गद्य [Prakrit] 𑀚𑀉 [Catalan] bedoll [Tocharian B] kātso [Galician] bídalo [Galician] bedulo [Galician] bedugo [Persian] ژدوار [Sanskrit] गदति [Swedish] kväda [Tocharian A] kāts [Sanskrit] गद्,*gʷet-,,33,1570
[English] skink [English] shank [Galician] camiño [Manx] keim [French] échanson [Portuguese] escanção [Macedonian] шега [Old Irish] cingid [Ancient Greek] σκάζων [Greek] σκάζω [French] échansonne,*(s)keng-,,11,1571
[Sanskrit] बुद्ध [Kashmiri] ब्वद,*bʰudʰtós,,2,1572
[English] glove [Dutch] loef [Faroese] lógvi,*lāp-,,3,1573
[Latin] levir [Russian] деверь [English] levirate [Albanian] dajë [Lithuanian] dieveris [Hindi] देवर [Sanskrit] देवर [Ancient Greek] δαήρ [Sanskrit] देवृ [Serbo-Croatian] dever [Macedonian] девер [Serbo-Croatian] девер [Old English] tacor [Italian] levirato [Kalasha] diór [Sanskrit] देवन् [Torwali] دے [Punjabi] ਦਿਓਰ [Prakrit] 𑀢𑁂𑀯𑀭,*dayh₂wḗr,,19,1574
[Latin] socer [Swedish] svåger [Old English] sweor [Russian] свёкор [German] Schwager [Hindi] ससुर [Italian] suocero [Aromanian] socru [Romanian] socru [Spanish] suegro [Sanskrit] श्वशुर [Ancient Greek] ἑκυρός [Middle Dutch] sweer [Galician] sogro [Portuguese] sogro [Swedish] svär- [Catalan] sogre [Asturian] suegru [Serbo-Croatian] свекар [Yiddish] שוואָגער [Yiddish] שווער [Belarusian] свёкар [English] swager [Bulgarian] свекър [Kalasha] išpášur [Khowar] اِشپاشُور [Gandhari] 𐨯𐨿𐨤𐨭𐨂𐨪 [Friulian] suesar [Assamese] শহুৰ [Early Assamese] শশুৰ [Kashmiri] ہِہُر [Gothic] 𐍃𐍅𐌰𐌹𐌷𐍂𐌰 [German] Schwäher [Pali] sasura [Kashmiri] ہیُٛہُر [Bengali] শ্বশুর [Bengali] হউর [Bengali] শউর,*swéḱuros,,38,1575
[Latin] socrus [Old Church Slavonic] свекрꙑ [Sanskrit] श्वश्रू [Spanish] suegra [Albanian] vjehrrë [Yiddish] שוויגער [German] schwieger- [Polish] świekra [Danish] sviger- [Kalasha] isprés [Welsh] chwegr [Assamese] শাহু [Early Assamese] শাশু [Old English] sweger [Pali] sassū [Prakrit] 𑀲𑀸𑀲𑀽 [Silesian] szwigra [Romani] sasuj [Old Polish] świekrew,*sweḱrúh₂,,19,1576
[Latin] lima [English] slime [Cornish] lym [Dutch] lijm [Middle Dutch] lijm [Dutch] slijk [Sanskrit] आलय [Breton] lemm [Welsh] llym [Ancient Greek] λεῖμαξ [German Low German] Slacke [Silesian] szlajfować,*sley-,,12,1577
[Ancient Greek] ἀνήρ [Indonesian] nara [Czech] mrav [Slovak] mrav [Sanskrit] नर [Sanskrit] नृ [Persian] نر [Lithuanian] noras [Oscan] 𐌍𐌉𐌉𐌓 [Umbrian] 𐌍𐌄𐌓𐌚 [Old Armenian] այր [Phrygian] αναρ [Ossetian] нӕл [Latin] Nero [Latin] Neri [Polish] narów [Latin] neriosus [Avestan] 𐬥𐬀𐬭 [Sanskrit] नर्य [Indonesian] nara- [Messapic] 𐌍𐌄𐌓,*h₂nḗr,,21,1578
[Indonesian] inter- [Latin] inter [Sanskrit] अन्तर् [Breton] etre [Albanian] ndër [Indonesian] antar-,*h₁entér,,6,1579
[Czech] deset [Serbo-Croatian] deset [Slovene] deset [Norwegian Bokmål] fjortis [Slovak] desať [Russian] десять [Bulgarian] десет [Macedonian] десет [Serbo-Croatian] десет [Polish] dziesięć [Old Church Slavonic] десѧтъ [Kashubian] dzesãc [Lithuanian] dešimt [Albanian] dhjetë [Lower Sorbian] źaseś [Upper Sorbian] dźesać [Old Prussian] dessīmts [Kashubian] dzesińc [Romanian] desetină,*déḱm̥t,,19,1580
[Latin] avunculus [Norwegian Bokmål] onkel [Catalan] oncle [French] oncle [Middle French] oncle [Occitan] oncle [Old French] oncle [Romanian] unchi [Norman] aonclle [Norman] oncl'ye [Norwegian Bokmål] filleonkel,*h₂euh₂-n-tlo,,11,1581
[English] pine [English] pituitary [Latin] pinus [Ancient Greek] Ἰουερνία [Lithuanian] pienas [Sanskrit] पयस् [Sanskrit] पीवस् [Ancient Greek] πιττάκιον [Latin] pinguis [Manx] Nerin [English] piceous [Latin] opimus [Danish] irer [Tocharian B] pitke [Ancient Greek] πίων [Ancient Greek] πιμελή [Ancient Greek] πίτυς [Old Irish] íath [Sanskrit] पीपिवस्,*peyH-,,19,1582
[English] nursery [English] nausea [English] nauseate [Latin] no [Ancient Greek] νάω [Persian] شنا [Ancient Greek] νῆσος [Hindi] नहाना [Old Irish] snaid [Sanskrit] स्नान [Sanskrit] स्नाति [Ancient Greek] νέω [Assamese] সাঁতোৰা [Hindi] नहान [Middle Irish] snáid [Sanskrit] स्नात [Ossetian] найын,*(s)neh₂-,,17,1583
[Czech] strom [Slovak] strom [Latin] tener [Albanian] trim [Catalan] terme [French] terme [Latin] terreo [Ancient Greek] τρέμω [Portuguese] término [Spanish] término [Latvian] tur [Romanian] țărm [Italian] termine [Galician] termo [Portuguese] termo [Latin] termes [Dutch] drillen [Ossetian] тӕрин [Lithuanian] tarnas [English] thro [Latin] tricae [Old English] þyrel [Old English] þyrel [Silesian] strům [English] tharm [Latvian] tirgus [Ancient Greek] τέρην [Old English] þyrlian [Avestan] 𐬙𐬀𐬎𐬭𐬎𐬥𐬀,*ter-,,29,1584
[English] scrap [Swedish] skrapa [Dutch] schrapen,*skreb-,,3,1585
[Latin] tot [Ancient Greek] τόσος [Sanskrit] तति,*toti,,3,1586
[Faroese] ok [Icelandic] ok [Old Norse] ok [Swedish] ok [Old High German] joh [English] zygote [Occitan] jo [English] yoke [Italian] zigomo [Romanian] jug [Spanish] yugo [English] yogi [Portuguese] jugo [Finnish] ies [Old English] geoc [Estonian] ike [Catalan] jou [Serbo-Croatian] igo [Slovene] igo [German] Joch [Dutch] juk [Latin] iugum [Sanskrit] युग [Persian] یوغ [Italian] giogo [Danish] åg [French] joug [Bulgarian] иго [Macedonian] иго [Old Church Slavonic] иго [Russian] иго [Serbo-Croatian] иго [Hindi] योग [Czech] jho [Lithuanian] jungas [Gothic] 𐌾𐌿𐌺 [Latvian] jūgs [Hittite] 𒄿𒌑𒃷 [Welsh] iau [Polabian] jaiďü [Ancient Greek] ζυγόν [Kashubian] jigò [Kashubian] jugò [Norwegian Bokmål] åk [Norwegian Nynorsk] åk [Serbo-Croatian] zigota [Portuguese] zigoma [Greek] ζυγός [Classical Syriac] ܙܘܓܐ [Torwali] یو [Georgian] უღელი [Classical Syriac] ܙܘܘܓܐ [Tocharian A] yokäm [Konkani] जु [Marathi] जुंव [Kalasha] ǰu [Breton] yev [Middle English] ȝok [Polish] jogin [Southeastern Tepehuan] yuuꞌ [Cimbrian] jòch,*yugóm,,61,1587
[Interlingua] vulpe [Corsican] volpe [Italian] volpe [Lithuanian] lapė,*h₂wl(o)p,,4,1588
[English] seal [Old English] sul [Malay] sil [English] sullow [Old English] sulh [Albanian] hulli [Ancient Greek] ἕλκω [Ancient Greek] ὁλκός,*selk-,,8,1589
[English] ill [Westrobothnian] ill [Old Norse] illr,*h₁elk-,,3,1590
[English] heal [Latin] caelebs,*koyl-,,2,1591
[Old English] æfnan [Latin] opto [Scots] evin [Latin] opinor,*op-,,4,1592
[Slovak] jed [Old Church Slavonic] ꙗдъ,*h₁ed-u-,,2,1593
[English] spur [English] spare [English] spare [English] sprint [English] spore [English] sprawl [Icelandic] spara [Ancient Greek] σπόρος [Old English] spær [English] spray [Polish] spray [Portuguese] spray [Latin] spira [Latin] sporta [Spanish] espuela [Greek] σπείρα [Portuguese] esporo [Latin] spurius [Albanian] shperr [English] sprent [English] diasporal [Ancient Greek] σπεῖρα [Ancient Greek] σπεῖρον [Ancient Greek] σπαρνός [Ancient Greek] σπάργανον [Welsh] sbâr [Silesian] szporować,*sper-,,27,1594
[English] hip [English] hip [Italian] cubare [Latin] cubo [Italian] covare [Welsh] cysgu [Faroese] hjúpa [Persian] غوز [Breton] kousket [Sanskrit] कुब्ज [Faliscan] 𐌂𐌖𐌐𐌀𐌕 [Assamese] কুঁজ [English] decubation,*ḱewb-,,13,1595
[Albanian] hip [English] cuff [English] scuffle [English] shove [Old English] scufan [German] schieben [German] schöpfen [English] Chopin [Dutch] schuiven [Middle Dutch] schuven [Polish] skubać [Westrobothnian] skuuv [Polish] szybować,*skewbʰ-,,13,1596
[English] rye [Lithuanian] rugys [Dutch] rogge,*Hrugʰís,,3,1597
[Swedish] mild [Swedish] Mjölner [English] Mjollnir [German] Mjölnir [Icelandic] Mjölnir [Russian] молния [Old Armenian] մաղթ [Welsh] mellt,*meldʰ-,,8,1598
[English] pomegranate [English] churl [Norwegian] Karl [English] grogram [Albanian] grua [Slovene] zrel [Northern Kurdish] gir [Norwegian Bokmål] grecque [Persian] زر [Ancient Greek] Γραικός [Polish] karzeł [Persian] زال [Persian] زرمان [Avestan] 𐬰𐬭𐬎𐬎𐬁𐬥 [Ancient Greek] γέρας [Konkani] जुनें [Sanskrit] जीर्यति [Ukrainian] зріти [Ancient Greek] Γραῖα [Sanskrit] जॄ [Norwegian Bokmål] Karlsøya,*ǵerh₂-,,21,1599
[English] society [Romanian] soț [Latin] socius [English] socio- [Portuguese] sociedade [Norman] sociêté [Italian] soccio [Indonesian] sositet,*sokʷ-yo-,,8,1600
[English] stamp [Malay] setem,*stemb-,,2,1601
[English] terror [Indonesian] teror,*tre-,,2,1602
[Latin] amita [Galician] amo [Galician] ama [Swedish] tant [Latin] amma [Dutch] tante [Indonesian] tante [Norwegian Bokmål] tante [Norwegian Bokmål] filletante,*amma-,,9,1603
[Walloon] pus [Faroese] fles [English] pluri- [Icelandic] flasa [Westrobothnian] flasa [Old Portuguese] chus [Italian] piùe,*plē-,,7,1604
[Latin] vanga [Ancient Greek] ὀφνίς,*wogʷʰni-,,2,1605
[English] scab [English] shave [English] scabrous [Swedish] skava [German] schaben [Latin] scabo [Icelandic] skafa [English] scrab [Punjabi] ਖੰਭਾ [Westrobothnian] skäva [Sanskrit] स्कम्भ [Welsh] ysgafn [Ancient Greek] σκάπτω,*skabʰ-,,13,1606
[English] deed [Icelandic] dáð [Old Norse] dáð [Old Frisian] ded [Danish] dåd [Norwegian Nynorsk] dåd [Swedish] dåd [Old English] dæd [Afrikaans] daad [Dutch] daad [Ancient Greek] θέσις [English] fetial,*dʰéh₁tis,,12,1607
[English] tuyere [French] tuyau [Norman] tuyau [Latvian] tuvs [Latgalian] tyvs,*tu-,,5,1608
[Latin] debilis [Hindi] बल [Sanskrit] बल [English] Bolshevism [Ancient Greek] βελτίων [Greek] βελτιώνω [Old Armenian] պեղեմ [Ancient Greek] βέλτερος,*bel-,,8,1609
[English] shite [Old English] scite,*sḱeyd-,,2,1610
[Old Spanish] buscar [Portuguese] buscar [Spanish] buscar,*bhudh-skō,,3,1611
[English] strand [Swedish] strand [Faroese] strond,*(s)trAnt-,,3,1612
[English] -s [Old English] -es [Old Saxon] -es [Yola] -es,*-es,,4,1613
[English] stretch [Russian] страшный [Scottish Gaelic] treun [Scottish Gaelic] treòir [Albanian] shtriqem [Irish] treoir [Old Irish] trén [Breton] trec'h,*(s)treg-,,8,1614
[Albanian] -u [Albanian] -i,*-osyo,,2,1615
[English] haver [Scots] haver [Swedish] havre [Old English] hæfer,*kapro-,,4,1616
[Italian] aurora [Latin] aurora [Portuguese] aurora [Ancient Greek] Ἠώς [Ancient Greek] ἠώς [Sanskrit] उषस् [Cebuano] awrora,*h₂éwsōs,,7,1617
[Scots] spay [English] spy [English] scope [German] spähen [French] épier [Scots] spae [Icelandic] spá [Faroese] spáa [Central Kurdish] سپاس [Persian] سپاس [Galician] espía [Spanish] espía [Italian] spiare [Icelandic] spegill [Old Norse] spegill [Catalan] espiar [Galician] espiar [Portuguese] espiar [Spanish] espiar [Old Spanish] espia [Portuguese] espelho [Old Armenian] սպաս [Latin] specus [Swedish] spå [Indonesian] skop [Sanskrit] पश्यति [Cebuano] espiya [Shina] पश्योनॊ [Proto-Norse] ᛋᛒᛡ,*speḱ-,,29,1618
[Scots] wast [Latin] vesper [Italian] ovest [Old Armenian] գիշեր [Ancient Greek] ἕσπερος [Alemannic German] Vësper,*wek(ʷ)speros,,6,1619
[English] wrap [English] ribald [Italian] ribaldo,*werp-,,3,1620
[Old English] rap [Swedish] rep [Icelandic] reipi [Albanian] rrip [Dutch] reep,*roypnós,,5,1621
[English] chauvinism [Latin] calva [Latin] calvus,*kl̥H-,,3,1622
[German] Saale [Old Armenian] եղտիւր [Pali] saras [Ancient Greek] ἕλος [Sanskrit] सरस् [Old Marathi] सरा [Old Marathi] 𑘭𑘨𑘰 [Sanskrit] सरित्,*sélos,,8,1623
[Latin] pala [Portuguese] pá [Galician] paa,*pak-slo-,,3,1624
[English] tight [Scots] ticht,*tenkt-,,2,1625
[Dutch] wees [English] widow [Esperanto] vidvo [Albanian] ve [Dutch] weduwe [German] Witwe [Russian] вдова [Ukrainian] вдова [Serbo-Croatian] udova [Old Church Slavonic] въдова [Czech] vdova [Slovak] vdova [Slovene] vdova [Portuguese] viúva [Polish] wdowa [Latin] vidua [Ancient Greek] ἠΐθεος [Sanskrit] विधवा [Ossetian] идӕдз [Serbo-Croatian] удова [Romanian] văduvă [Middle English] widwe [Gothic] 𐍅𐌹𐌳𐌿𐍅𐍉 [Old Irish] fedb [Prakrit] 𑀯𑀺𑀳𑀯𑀸 [Old English] widuwe [Old High German] wituwa [Afrikaans] weduwee,*h₁widʰéwh₂,,28,1626
[English] target [English] targe [French] targe [German] Zarge [Albanian] drizë,*derǵʰ-,,5,1627
[Ludian] bard [Veps] bard [Old East Slavic] борода [Russian] борода [Ukrainian] борода [Finnish] parta [Karelian] parta [Latin] barba [Kashubian] barda [Kashubian] broda [Lower Sorbian] broda [Polish] broda [Latvian] bārda [Karelian] parda [Livvi] pardu [Old Norse] barð,*bʰardʰéh₂,,16,1628
[Swedish] svärd [Faroese] svørð,*su̯r̥dhom,,2,1629
[English] tray [Faroese] trúgv,*drewo-,,2,1630
[English] tray [English] tray [Ancient Greek] δράξ [Ancient Greek] δράσσομαι,*dregʰ-,,4,1631
[English] yea [Old English] gif [Sanskrit] यद् [Sanskrit] यदा [Hindi] जो,*Hyós,,5,1632
[English] need [Old English] neod [Latin] nuntius [Sanskrit] नु [Old Irish] adnoí [Ancient Greek] νεύω,*new-,,6,1633
[Latin] lituus [Latin] liquis,*(e)lAi-,,2,1634
[English] trick [English] trek [German] Treck,*dreg-,,3,1635
[Welsh] cil [Scottish Gaelic] cùil [Irish] cúil,*kuH-lo-,,3,1636
[English] unguent [English] ointment [Catalan] untar [Galician] untar [Portuguese] untar [Spanish] untar [Romanian] unge [English] inunction [Ancient Greek] θρίαμβος [French] oindre [Latin] ungo [Galician] ungüento [Spanish] ungüento [Portuguese] ungir [Spanish] ungir [English] kouign-amann [Sanskrit] अञ्ज्,*h₃engʷ-,,17,1637
[English] ingot [English] gust [English] goit [English] ungodly [Latin] futilis [Tocharian A] ku- [Tocharian B] ku- [Portuguese] difuso [Serbo-Croatian] звати [Ukrainian] звати [Old Armenian] ձագար [Sanskrit] होत्र [Latin] geusiae [Sanskrit] हु [Tocharian B] eñcuwo [Ancient Greek] χόανος [Ancient Greek] χοῦς [Ancient Greek] χύτλον [Ancient Greek] ζετραία [Greek] προχοΐδα [Sanskrit] हव्य [Tocharian A] añcu [Tocharian A] kutk- [Tocharian B] kutk-,*ǵʰew-,,24,1638
[English] fetter [English] impeachment [English] fetch [English] fet [English] fet [Old English] feter [Serbo-Croatian] pasti [Serbo-Croatian] пасти [Sanskrit] पद [Latin] oppidum [Old English] feccan [Ancient Greek] πεδίον [Old English] fetian [Swedish] fjätter [English] piepowder [Ancient Greek] πηδάω [Polish] paść [Latgalian] pāda [Ancient Greek] πέδιλον [Swedish] fjät [Kashmiri] سَپدُن,*ped-,,21,1639
[English] spark [Danish] spurv [Westrobothnian] spȧrr,*sperg-,,3,1640
[Italian] ogni [English] opulent [Irish] obair [Scottish Gaelic] obair [Latin] optimus [Portuguese] ótimo [Latin] obsidianus [English] magnoperate [Mycenaean Greek] 𐀃𐀞 [Ancient Greek] ὄμπνη,*h₃ep-,,10,1641
[Portuguese] -oso [English] carious,*-went-,,2,1642
[English] -th [Norwegian Bokmål] bilde [Norwegian Bokmål] billed- [Norwegian Bokmål] billed-ABC [Norwegian Bokmål] billed-abc [Norwegian Bokmål] bilde-,*-iteh₂,,6,1643
[English] funk [English] spunk,*(s)peng-,,2,1644
[English] glow [English] gloss [Afrikaans] glas [Dutch] glas [Old Saxon] glas [German] Glas [Icelandic] gler [Esperanto] glaso [Old English] glæs [Central Franconian] Jlas [Hunsrik] Glaas [Welsh] gleuaden [Indonesian] gliter,*ǵʰel-,,13,1645
[English] exculpatory [English] whelm [Ancient Greek] κόλπος,*kʷelp-,,3,1646
[Sanskrit] स्निह् [English] snew [Romanian] ninge [Latin] ningit [Ancient Greek] νίφω [Old Irish] snigid [Dutch] snuwen [Middle Dutch] snuwen [Irish] snigh [Latin] ninguit [Latvian] snigt [Lithuanian] snigti,*sneygʷʰ-,,12,1647
[Sanskrit] वच् [English] vouch [Tocharian A] wak [Czech] věc [Breton] komz [Irish] fuaim [Scottish Gaelic] fuaim [Northern Kurdish] gotin [Old English] wom [Old English] woma [Old English] weman [Persian] واک [Faroese] váttur [Latvian] vāci [Icelandic] vottur [Icelandic] Omi [Ancient Greek] ὄσσα [Sanskrit] वचस् [Mazanderani] واجار,*wekʷ-,,19,1648
[Sanskrit] आसन [Ancient Greek] ἧμαι,*h₁ḗsti,,2,1649
[Macedonian] лето [Serbo-Croatian] leto [Slovak] leto [Slovene] leto [Kashubian] lato [Polish] lato [Serbo-Croatian] lito [Serbo-Croatian] ljeto [Bulgarian] лято [Ukrainian] літо [Lower Sorbian] lěśe [Belarusian] лета [Serbo-Croatian] љето,*leh₁tom,,13,1650
[Faroese] skriva [Galician] escribir [Icelandic] skrifa [Portuguese] escrita [Old Portuguese] escrever [Portuguese] escrever [Manx] screeu [Old Irish] scríbaid,*skreybʰ-,,8,1651
[English] clay [English] climb [English] clothe [Latin] glis [Old High German] kleini [Old English] clæg [Afrikaans] klei [Dutch] klei [Latin] glutus [Bulgarian] клей [Russian] клей [Polish] glon [Danish] kline [Norwegian Bokmål] kline [Yiddish] קליי [Middle English] clothen [Ancient Greek] γλία [Ancient Greek] γλίνη [Ancient Greek] γλοιός [Ancient Greek] γλίσχρος,*gley-,,20,1652
[Norwegian Bokmål] -on [Latin] -us [Latin] -ere [Norwegian Bokmål] aceton [English] dhoop [Ancient Greek] -ος [Ancient Greek] -ος [Ancient Greek] -ου [Ancient Greek] -ειν [Sanskrit] -अ [Sanskrit] -अस्,*-os,,11,1653
[English] glabrous [Latin] glaber,*gʰleh₂dʰ-,,2,1654
[French] serf [Italian] servo [Portuguese] servo [Spanish] siervo,*ser-wo-,,4,1655
[Old Norse] laki [English] welkin [Scottish Gaelic] failc [Albanian] lëng [Cornish] golhi [Latvian] valks [Latvian] valgs [Albanian] ulmej [Welsh] golchi,*welg-,,9,1656
[Russian] голова [English] callow [Dutch] kol [Persian] کل [Icelandic] kollur [Russian] голый [Lithuanian] galėti [Lithuanian] galia [Sudovian] kałfa,*gelH-,,9,1657
[Swedish] -en [Old English] geond,*i-,,2,1658
[English] observe [Old High German] saro [Old English] searu,*serw-,,3,1659
[Irish] lag [Old Irish] lac [Ancient Greek] λαγῷος [English] lage [Ancient Greek] λαγών [Ancient Greek] λαγαρός [Ancient Greek] λωγάνιον,*(s)leh₁g-,,7,1660
[Danish] vad [Swedish] vad [Old English] wæd [Italian] guado [Middle English] wath [Old Portuguese] vao,*wadʰom,,6,1661
[Romanian] vad [Portuguese] vau [Spanish] vado [Latin] vadum [Galician] vao,*wh₂dʰóm,,5,1662
[English] slender [English] luge [French] luge [English] slither [Italian] slittare [English] slidder [Persian] سریدن,*sleydʰ-,,7,1663
[Czech] pizda [Polish] pizda [Serbo-Croatian] pizda [Slovak] pizda [Slovene] pizda [Albanian] pill [Romanian] pizdă [Russian] пизда [Serbo-Croatian] пизда [Ukrainian] пизда [Lithuanian] pyzda [Albanian] pidh [Belarusian] пізда [Old Prussian] peisda [Old Novgorodian] пиꙁда,*písdeh₂,,15,1664
[English] dance [Indonesian] dansa [Latin] temo,*tens-,,3,1665
[English] usual [Ancient Greek] φέρω [Latin] utor,*h₃eyt-,,3,1666
[English] easy [English] eath,*h₂éwtus,,2,1667
[Spanish] queso [Indonesian] keju [Malay] keju [Sardinian] casu [Galician] queixo [Italian] cacio [Old Portuguese] queijo [Portuguese] queijo [Icelandic] kæsa [Romanian] caș [Fala] quexio [Mirandese] queiso [Old Leonese] kesos [Persian] کتغ [Konkani] उकड्चे [Marathi] उकडणे [Ladino] kézo,*kwat-,,17,1668
[English] pandemic [English] democratic [English] betide [Old Irish] dál [Mazanderani] داز [Persian] داس,*deh₂-,,6,1669
[Czech] cena [Polish] cena [Serbo-Croatian] cena [Slovak] cena [Slovene] cena [Bulgarian] цена [Macedonian] цена [Russian] цена [Serbo-Croatian] цена [English] penal [Galician] pena [Portuguese] pena [Latin] poena [Esperanto] puni [Old Church Slavonic] цѣна [Lithuanian] kaina [Serbo-Croatian] cijena [Belarusian] цана [Ukrainian] ціна [Ancient Greek] ποινή [Serbo-Croatian] цијена [Old Armenian] քէն [Persian] کین [Portuguese] pênalti,*kʷoynéh₂,,24,1670
[Italian] cena [Spanish] cena,*kért-s-nh₂,,2,1671
[Portuguese] muito [Italian] molto [Spanish] mucho [French] moult [Romanian] mult,*ml̥tos,,5,1672
[Dutch] doen [Polish] dziać [Sanskrit] अधात्,*dʰéh₁t,,3,1673
[Latin] hir [Albanian] dorë [Nimadi] हाथ [Sanskrit] हस्त [Bactrian] λιστο [Malvi] हात [Hindi] हस्ती [Pali] hattha,*ǵʰes-,,8,1674
[Irish] gob [Scottish Gaelic] gob [French] joue [Polish] dziobać [Catalan] galta [Occitan] gauta [Lithuanian] žabas,*ǵebʰ-,,7,1675
[Albanian] ur [English] ember [Latin] uro [Ancient Greek] εὕω [Old Norse] ím [Swedish] imma [Burmese] ဥဏှဂူ [Konkani] हून [Old Marathi] उन्ह [Old Marathi] 𑘄𑘡𑘿𑘮 [Old Norse] eimyrja [Old Norse] eimr [Sanskrit] प्रत्युष्ट [Kashmiri] وُشُن,*h₁ews-,,14,1676
[Czech] bor [Czech] borový [Czech] boroví,*bʰor-u-,,3,1677
[Catalan] gola [Galician] gola [Italian] gola [Portuguese] gola [Spanish] gola [English] gullet [Romansch] gula [French] gueule [Scottish Gaelic] goil [English] deglutition [Welsh] bala [Old French] goule [Romanian] gură [English] gular [Italian] ghiotto [Albanian] gojë [Latin] gluttio [Persian] گلو [Latin] ingluvies [Latvian] dziļš [Norman] dgeule [Ancient Greek] βούλομαι [Sanskrit] गल [Konkani] गळो [Northern Kurdish] gewrî [Assamese] গল,*gʷel-,,26,1678
[Swedish] hals [Icelandic] Helsingjaeyri [English] Elsinore [Italian] Elsinore [Yiddish] האַלדז [Finnish] Helsingör [Swedish] Helsingör,*kólsos,,7,1679
[Latin] pilum [Latin] pila,*pis-tlo-,,2,1680
[English] bristle [Old English] byrst,*bʰr̥stís,,2,1681
[English] lazy [Latin] lar [Sanskrit] लषति [Latin] largus [Latin] lascivus [Ancient Greek] λιλαίομαι,*las-,,6,1682
[English] haw [Norwegian Bokmål] hage [Norwegian Nynorsk] hage [Swedish] hage,*kagʰom,,4,1683
[Kalasha] haw [Sanskrit] हल,*ǵʰh₁ol-,,2,1684
[Latin] -o [English] instigator [Latin] -edo [Norwegian Bokmål] dyskalkuli [Albanian] -onje,*-h₃onh₂-,,5,1685
[Latin] mors [French] mort [Galician] morte [Italian] morte [Portuguese] morte [Spanish] muerte [Indonesian] mortem [Serbo-Croatian] смрт [Serbo-Croatian] smrt [Romanian] moarte [Lithuanian] mirtis,*mértis,,11,1686
[Latin] amo [Old Norse] ama [Ancient Greek] ὄμνυμι,*h₃emh₃-,,3,1687
[English] wry [English] wry [Latin] rica [Old English] wrigian [Danish] vrikke [Dutch] wrikken [Russian] решить [English] wrick [Low German] wriggen [Ancient Greek] ῥοικός [Ancient Greek] ῥικνός [Lithuanian] raištis [Old Armenian] երէզ,*wreyḱ-,,13,1688
[English] dreg [English] dross [Albanian] dra [Latin] faex [Albanian] ndrag [Latin] fraces,*dʰrā́ks,,6,1689
[English] shower [Galician] cairo,*(s)ḱēwer-,,2,1690
[Norwegian Bokmål] mål [Norwegian Bokmål] a-mål,*mōd-,,2,1691
[English] starve [German] sterben [Dutch] sterven [Old High German] sterban [Westrobothnian] stärv,*(s)terp-,,5,1692
[English] starve [German] sterben [Ancient Greek] στέρφος,*sterbʰ-,,3,1693
[English] lather [Ancient Greek] λουτρόν [Galician] ludro [Galician] Ludrio [Galician] Ludro [Swedish] lödder,*lówh₃trom,,6,1694
[Latin] alum [Sanskrit] आलु,*h₂eHlu,,2,1695
[Latin] alga [Romanian] algă [Old Norse] æla [Catalan] l'Alguer [English] Alghero [Italian] Alghero [Portuguese] Alghero [Old Armenian] աղկաղկ [Spanish] Alguer,*alg-,,9,1696
[Latvian] apse [Russian] осина,*apsā,,2,1697
[Tocharian B] auk [Pali] ahi [Persian] اژدها [Swedish] igel [Greek] φίδι [Ancient Greek] ὄφις [Sanskrit] अहि [Telugu] అహి [Khowar] اىى [Northern Kurdish] zîha,*h₁ógʷʰis,,10,1698
[English] bide [Danish] bie [Latin] fido [Italian] fidare [Alemannic German] beite [Galician] fiúza,*bʰéydʰeti,,6,1699
[Old English] brant [Old Norse] brant [Swedish] brant [English] brink [Old Norse] barmr [Faroese] brattur [Icelandic] brattur [Norwegian Bokmål] bratt,*bʰren-,,8,1700
[English] brad [Czech] brzda [Slovak] brzda,*bʰrusdʰos,,3,1701
[Spanish] canto [Italian] cantina [English] canteen [Ancient Greek] κανθός [Cebuano] kantil,*kh₂ndʰ-,,5,1702
[English] cog [English] cog [Dutch] kogge,*gugā,,3,1703
[English] clad [Pennsylvania German] glee [German] klein [English] clayey [Swedish] klister [English] clinker-built [English] gley [Yiddish] קליין [Middle Armenian] կաղջին [Welsh] glynu [Swedish] klägg,*gleh₁y-,,11,1704
[English] dint [Old English] dene [English] ding [Faroese] detta [Old Norse] detta [English] dunt [Albanian] gdhend [Albanian] dungë,*dʰen-,,8,1705
[Galician] doer [Portuguese] doer [Italian] dolere [Spanish] doler [Romanian] durea [Catalan] doldre [Latin] doleo,*dolh₁éyeti,,7,1706
[English] dole [Polish] dzielić [Russian] делить [Serbo-Croatian] dijeliti [Serbo-Croatian] deliti [Serbo-Croatian] делити [Serbo-Croatian] дијелити [Albanian] dëllinjë [Bulgarian] деля,*dʰayl-,,9,1707
[Portuguese] dor [Latin] dolor [English] dolour [Irish] dealbh [Scottish Gaelic] dealbh [Ancient Greek] Δαίδαλος [Latin] dolium [Latvian] dalīt [Albanian] dalloj [Icelandic] tálma [Latin] Taulantii [Old Irish] delb [Latin] Tolentinum [Welsh] delw [Bulgarian] делея [Ancient Greek] Ταυλάντιοι [Ancient Greek] δαίδαλος [Breton] delwenn,*delh₁-,,18,1708
[English] dun [English] doze [Serbo-Croatian] ваздух [Serbo-Croatian] vazduh [Serbo-Croatian] дух [Serbo-Croatian] duh [Serbo-Croatian] gušiti [Serbo-Croatian] гушити,*dʰews-,,8,1709
[English] fay [Latvian] pāksts,*paḱ-,,2,1710
[English] fay [English] feague,*pōḱ-,,2,1711
[English] fard [French] fard [English] Erc [English] furrow [Latin] pulcher [Italian] porca [Latin] porca [Latin] perca [French] farder [Old English] færbu [Albanian] prënjkë [Old English] furh [Ancient Greek] περκνός [Ancient Greek] πέρκος [Ancient Greek] πρόξ [Ancient Greek] πρώξ [Ancient Greek] πέρκη [Welsh] erch [Middle English] forow,*perḱ-,,19,1712
[English] ere [Ancient Greek] ἦρι,*h₂éyeri,,2,1713
[English] fief [English] enfeoff,*peku-,,2,1714
[Irish] focal [Scottish Gaelic] facal [Manx] fockle [Old Irish] focul,*wokʷtlom,,4,1715
[English] hove [Faroese] koppur,*keup-,,2,1716
[English] hod [French] hocher,*(s)ket-,,2,1717
[Serbo-Croatian] hod [Serbo-Croatian] ход [Macedonian] оди,*sod-,,3,1718
[English] holt [Portuguese] clérigo [Old Portuguese] crerigo,*kald-,,3,1719
[English] hunker [German] hocken [Old Norse] húka [Dutch] huiken,*kuk-néh₂,,4,1720
[English] hue [Old English] hiew [Swedish] hy [Latvian] cūka [Latvian] caurs [Lithuanian] šaukti [Latvian] kukainis [Latgalian] cyuka [Ukrainian] ґиґнути,*kew-,,9,1721
[English] hone [Albanian] thyej [Albanian] shpërthej,*ḱeh₃i-,,3,1722
[English] intuit [Latin] tueor [Albanian] tërë [Albanian] tanë,*tewH-,,4,1723
[English] idol [Ancient Greek] εἶδος [Japanese] アイドル [Chinese] 愛抖露 [Sanskrit] वेदस् [Korean] 아이돌,*wéydos,,6,1724
[English] junco [Latin] iuncus,*yoy-ni-,,2,1725
[Latin] macer [Danish] mager [Dutch] mager [German] mager [Norwegian Bokmål] mager [Norwegian Nynorsk] mager [Swedish] mager [English] meager [West Frisian] meager [English] macilent [English] meagre [Ancient Greek] μακρός [Old Irish] mér [Faroese] magur [Icelandic] magur [Old Norse] magr [French] maigre [Manx] mair [Galician] magro [Italian] magro [Portuguese] magro [Spanish] magro [Catalan] magre [Occitan] magre [Afrikaans] maer [Scottish Gaelic] meur [Irish] méar [Romanian] macru [Irish] macra- [Westrobothnian] mæger [Greek] μακρύς [Yiddish] מאָגער [Middle English] megre,*mh₂ḱrós,,33,1726
[English] maw [Welsh] min [Latvian] maks [Lithuanian] makas [Russian] мошна,*mak-,,5,1727
[Dutch] kern [Faroese] kjarni [Icelandic] kjarni,*ǵerh₂-n-on-,,3,1728
[English] meed [Old Church Slavonic] мьзда,*misdʰ-,,2,1729
[Italian] mica [Latin] mica [French] mie [Romanian] mică [Galician] miga [Portuguese] miga [Spanish] miga,*smeyg-,,7,1730
[Latin] mica [Latin] mico [Welsh] dychmygu,*meyk-,,3,1731
[Swedish] mod [Ancient Greek] Μοῦσα,*mō-,,2,1732
[Catalan] mort [French] mort [Romanian] mort [Spanish] muerto [Galician] morto [Italian] morto [Portuguese] morto [Russian] мёртвый [Czech] mrtvý [Serbo-Croatian] mrtav [Slovene] mrtev [Serbo-Croatian] мртав [Ancient Greek] βροτός [Latin] mortuus [Polish] martwić [Bulgarian] мъртъв [Slovak] mŕtvy [Ukrainian] мертвий,*mr̥twós,,18,1733
[English] nave [Finnish] napa [Estonian] naba [Persian] ناف [Pashto] نو,*h₃nebʰ-,,5,1734
[English] nitty [Latin] niteo [Latin] renideo [Welsh] nwyf [Gothic] 𐌽𐌹𐌳𐍅𐌰,*ney-,,5,1735
[English] nubile [Latin] nubo,*snewbʰ-,,2,1736
[Albanian] pall [English] spill [Swedish] spilla [Albanian] fjalë [Albanian] flas [Latin] spolium [English] splot [Albanian] popël [English] speld [Old English] splott [Old English] spelc [Albanian] pallua [Norwegian Bokmål] flein,*(s)pel-,,13,1737
[English] paean [Ancient Greek] παίω [Latvian] pļaut,*pēu-,,3,1738
[Indonesian] pol [English] poll,*bolno-,,2,1739
[English] preen [German] Pfriem [Dutch] priem,*brewn-,,3,1740
[Norman] sage [Old Spanish] sabio [Spanish] sabio [Norman] saver [Portuguese] sábio [Romansch] suarar [Romansch] savurar [Romansch] savurer [Old Irish] sáer,*sap-,,9,1741
[English] sib [English] sib [English] sib [English] Sabine [Latin] Sabinus,*sebʰ-,,5,1742
[Old English] sima [Icelandic] síma,*seh₁i-,,2,1743
[Latin] situs [Sanskrit] क्षय [Sanskrit] क्षीयते [Old Marathi] 𑘖𑘲𑘕𑘜𑘹 [Ancient Greek] φθίω,*dʰgʷʰey-,,5,1744
[English] sloe [Dutch] slee [Welsh] lliw [Latin] luror [German] Schlehe,*(s)leh₃y-,,5,1745
[Norwegian Nynorsk] sen [English] sinew [Norwegian Nynorsk] sene [Ancient Greek] νεῦρον [Latin] nervus,*snḗh₁wr̥,,5,1746
[English] sough [English] swoon [Ancient Greek] ἠχή [Latin] vagio [Middle English] swei [Ancient Greek] ἰάχω,*(s)weh₂gʰ-,,6,1747
[English] sparge [Romanian] sparge [Spanish] esparcir [Italian] spargere [Latin] spargo [Sanskrit] पर्जन्य [Danish] fregne [Catalan] espargir [Portuguese] espargir [Sardinian] isparghere,*(s)pregʰ-,,10,1748
[Dutch] tas [French] tas [Icelandic] teðja [English] tath [English] tath,*dāy-,,5,1749
[Turkish] tas [Latin] temo [Ancient Greek] τέχνη [Serbo-Croatian] tesati [Latin] texo [Old Armenian] տաշեմ [Russian] тесать [Albanian] teshë [Albanian] tollë [Alemannic German] Tatse,*tetḱ-,,10,1750
[Swedish] torr [Old Norse] þurr,*térsus,,2,1751
[English] whet [Old English] hwettan [Latin] triquetrus,*kʷeh₁d-,,3,1752
[English] whit [English] wight,*wekti-,,2,1753
[Afrikaans] vis [Dutch] vis [Zealandic] vis [French] piscine [Faroese] fiskur [Icelandic] fiskur [Portuguese] piscina [Spanish] piscina [Yiddish] פֿיש [Danish] fiske [Gothic] 𐍆𐌹𐍃𐌺𐍃 [Old Swedish] fisker [Kabuverdianu] pêxi [Cimbrian] visch [Dutch Low Saxon] visch [Middle Dutch] visch,*pisḱ-,,16,1754
[Latin] vis [Ancient Greek] ἴς,*wéyh₁s,,2,1755
[English] woe [English] wail [German] weinen [Latvian] vai [Esperanto] ve [Albanian] vaj [Ancient Greek] οἴ,*wáy,,7,1756
[English] yammer [Old English] geomor [Sanskrit] यच्छति [Sanskrit] यम् [Assamese] যাচ,*yem-,,5,1757
[English] wrest [English] wrest,*wreiḱ-,,2,1758
[Sicilian] rapu [French] rave [Italian] rapa [Spanish] rabo,*rap-,,4,1759
[Tagalog] bale [Italian] valere [French] valoir [Catalan] valer [Portuguese] valer [Spanish] valer [Latin] valeo,*h₂wl̥h₁éh₁yeti,,7,1760
[English] bream [French] brème [Dutch] brasem [Norman] brême [German] Brasse,*bʰerek-,,5,1761
[English] chimera [English] goad [Galician] inverno [Italian] inverno [Portuguese] inverno [Spanish] invierno [Sanskrit] पुरोहित [Norwegian Nynorsk] geir [Sanskrit] हित [Sanskrit] हिम् [Kalasha] héman [Sassarese] inverru,*ǵʰey-,,12,1762
[English] crate [German] kratzen [French] gratter [Latin] grosa [Indonesian] krat [English] cratch [Albanian] gërresë,*gred-,,7,1763
[French] draper [English] drape [English] drub,*dʰreb-,,3,1764
[English] dowel [Galician] dala [French] douille,*dʰel-,,3,1765
[English] drab [Latin] drappus [Ancient Greek] δρῶπαξ,*drep-,,3,1766
[English] drab [Lithuanian] drebėti [Old English] drepe [Czech] drobit [Latin] drappus [Ancient Greek] τρέφω [English] dreve [Russian] дребезжать [Czech] droby,*dʰrebʰ-,,9,1767
[Danish] drab [Old Norse] drepa [Westrobothnian] drepa [Swedish] dräpa,*dhrebh-,,4,1768
[Indonesian] fauna [English] Fauna [Norwegian Bokmål] teater [Ancient Greek] θεάομαι [Ancient Greek] θαῦμα [Latin] Faunus [Norwegian Bokmål] absurdteater,*dʰeh₂u-,,7,1769
[English] firth [Latin] quercus [English] frith [Old English] fyrhþe [Old English] furh [Galician] cerquiño [Galician] carqueixa [Latin] Querquerni [Galician] cerqueiro,*pérkus,,9,1770
[English] flaw [English] placate [Old Norse] fló [Tocharian B] plāk-,*plāk-,,4,1771
[English] fright [German] Furcht [Albanian] frikë,*pr̥k-,,3,1772
[English] fret [Ancient Greek] ὄνομαι,*h₃enh₂-,,2,1773
[English] geld [Dutch] geld [English] yield [English] yield [German] Geld [Faroese] gjald [Icelandic] gjald [Faroese] gjalda [Icelandic] gjalda [Old Norse] gjalda [Old Irish] gell [Swedish] gälla [Dutch] gelden [Swedish] gäld [English] yauld [Galician] xolda [Westrobothnian] gääll [Old Frisian] ielda [Old Frisian] ield [Swedish] gälda,*gʰeldʰ-,,20,1774
[Polish] glans [Old High German] glanz [German] Glanz [Polish] glanc,*gʰlond-o-,,4,1775
[Polish] glans [Polish] glanc,*gʰlend-,,2,1776
[English] gleam [English] glitter [English] gloom [English] glint [Irish] grinn [Scottish Gaelic] grinn [English] glim [Dutch] glimmen [German] glimmen [Middle Dutch] glimmen [Danish] glimt [Welsh] gloyw [English] gloomies [Ancient Greek] χλιαίνω,*ǵʰley-,,14,1777
[English] glee [Ancient Greek] χλεύη,*gʰlew-,,2,1778
[English] gang [Danish] gang [Old English] gang [Faroese] ganga [Icelandic] ganga [Norwegian Nynorsk] ganga [Old Norse] ganga [Swedish] gånga [English] gay [Indonesian] gay [Hindi] जांघ [Faroese] gongdur [Sanskrit] जङ्घा [Old Norse] gengi [Old Norse] gengr [Sanskrit] जंहस् [Lithuanian] žengti,*ǵʰengʰ-,,17,1779
[English] hag [Icelandic] haga [Sanskrit] शक्ति [German] behagen [Old Irish] géc [Hindi] सकना [Latvian] sakne [Hindi] सकत [Latvian] sakas [Gujarati] શાખા [Sanskrit] शक्,*ḱak-,,11,1780
[English] heap [Albanian] qipi,*koupos,,2,1781
[English] howl [German] heulen [Sanskrit] शुक [Magahi] 𑂮𑂳𑂏𑂹𑂏𑂰 [Ancient Greek] κωκύω [Tocharian B] kauk- [Lithuanian] kaukti [Sanskrit] कौति,*kū-,,8,1782
[English] knead [German] kneten [Dutch] knabbelen [German] knabbern [Old Church Slavonic] гнести [Russian] гнести [Icelandic] hnoða [Russian] гнобить [Polish] gnębić,*gnet-,,9,1783
[English] lack [Dutch] lak [Middle Dutch] laken [Old Norse] lakr,*lok-néh₂-,,4,1784
[English] lame [English] loom [Old English] gelome [Albanian] lëmsh,*lem-,,4,1785
[English] lap [Indonesian] lap [Latin] verbena [English] rhapsody [English] warp [English] warp [English] envelop [German] Wurf [Old English] weorpan [German] Würfel [French] envelopper [French] développer [Lithuanian] varpas [Polish] wierzba [Middle English] wlappen [Middle English] lappen [Middle English] wrappen [Latin] verber [Old French] guerpir [French] déguerpir [Albanian] vrap [Icelandic] varp [Old Norse] varp [Ancient Greek] ῥάπτω [Swedish] värpa [Yiddish] ווערפֿל,*werb-,,26,1786
[English] lap [Latin] lambo [Ancient Greek] λοβός [French] laper [Italian] lappare [Norman] labouother,*leh₂b-,,6,1787
[English] lithe [Latin] lentus,*lentos,,2,1788
[English] lithe [Albanian] lëndoj,*lento-,,2,1789
[English] limp [English] limp [German] Lumpen,*(s)lemb-,,3,1790
[Norwegian Nynorsk] lest [Norwegian Nynorsk] leist,*lóystos,,2,1791
[Polish] lot [Albanian] flak [Russian] полёт [Old Irish] lachu [Bulgarian] полет [Macedonian] полет,*lek-,,6,1792
[English] prate [English] prat,*brodno-,,2,1793
[English] reap [English] ripe,*h₁reyb-,,2,1794
[English] reef [English] rib [Old English] rift [Galician] ripa [Arabic] رف [Czech] žebro [Old Church Slavonic] ребро [Serbo-Croatian] ребро [Ancient Greek] ἐρέφω [Swedish] ribba [Galician] ripiar,*h₁rebʰ-,,11,1795
[West Frisian] reach [Russian] ракита [Old English] ragu,*h₂erkʷ-,,3,1796
[English] retch [German] Rachen,*kreg-,,2,1797
[English] retch [English] rink [English] rax [English] rackie [Old English] recen [Old English] racente [English] rackan,*reǵ-,,7,1798
[English] retch [Old English] reccan [Old Norse] rekja [Swedish] räcka [German] recken [Middle Dutch] recken [Dutch] rekken [Old Saxon] rekkian,*h₃roǵéyeti,,8,1799
[Latin] saliva [Russian] соловей,*solH-,,2,1800
[English] sedge [Old English] secg,*sak-,,2,1801
[English] rout [English] robe [Polish] roba [English] reif [Latgalian] rups [Galician] roubar [Old Norse] rjúfa [Polish] raut [Sanskrit] लुप्त [Sanskrit] लुप्त [Sanskrit] लोप्त्र,*Hrewp-,,11,1802
[English] rout [Icelandic] hrjóta [Old Saxon] hradamus [Icelandic] hraustur [Old English] hreaþemus [German] rütteln,*kreu-,,6,1803
[English] sheer [German Low German] schier [Swedish] skär [Gothic] 𐍃𐌺𐌴𐌹𐍂𐍃,*sḱēy-,,4,1804
[English] sigh [German] Sieg [Russian] ссать [German] seihen [Ancient Greek] Σῖρις [Russian] сцать [Ancient Greek] ἰκμάς [Ancient Greek] τρύγοιπος,*seykʷ-,,8,1805
[Czech] sled [Serbo-Croatian] sled,*h₃sleidʰ,,2,1806
[English] slice [French] éclisse,*sleyd-,,2,1807
[Scottish Gaelic] snag [Ancient Greek] κνώδων [Persian] خاییدن,*k(ʷ)end-,,3,1808
[English] smack [German] schmecken [Yiddish] געשמאַק [Yiddish] שמעקן,*smegʰ-,,4,1809
[English] spry [Icelandic] sprækur [Westrobothnian] spräker,*(s)preg-,,3,1810
[English] snap [German] Schnabel [Latin] novacula [Swedish] snöd,*ksnew-,,4,1811
[English] stag [Russian] стог [Old English] stacga [Middle English] stagge,*stegʰ-,,4,1812
[English] stang [Indonesian] setang,*stengʰ-,,2,1813
[English] starch [Swedish] stark [Faroese] sterkur [Icelandic] sterkur [Norwegian Bokmål] sterk [Norwegian Nynorsk] sterk [Westrobothnian] stärk [Danish] stærk [Polish] strzec [Ancient Greek] στέργω [Welsh] serch,*sterg-,,11,1814
[English] stark [English] stark [Old Norse] þróttr,*(s)terg-,,3,1815
[English] sty [English] acrostic [English] stair [Ancient Greek] στόχος [Old English] stigan [Ancient Greek] στίχος [Latin] vestigium [Scottish Gaelic] staidhre [Irish] staighre [Latin] vestigo [Ancient Greek] στίξ [English] stight,*steygʰ-,,12,1816
[English] lewd [English] leed [Scottish Gaelic] laoidh,*lēw-,,3,1817
[English] thane [Ancient Greek] τέκνον [Ancient Greek] τίκτω [Latin] taxus [Ancient Greek] τοκεύς,*teḱ-,,5,1818
[Irish] tart [Old Irish] tart,*térstus,,2,1819
[English] thrive [Latin] turpis [English] frother [Ancient Greek] τρέπω [Latin] trepidus [English] frover [Persian] سبک [English] thrave [Ancient Greek] ἀποτρέπω,*trep-,,9,1820
[Albanian] tend [Romanian] tunde [French] tondre [Galician] tona [Latin] tendo [Latin] tondeo [English] ostent [Old Irish] teinnid,*tend-,,8,1821
[English] twine [English] twine,*dwisnós,,2,1822
[French] troll [Norwegian Bokmål] troll [Norwegian Nynorsk] troll [Swedish] troll,*derǝ-,,4,1823
[English] wallow [Italian] volgere [Latin] verpa [Romanian] holba,*welw-,,4,1824
[English] Yule [Scots] Yule [Old English] geola [English] Yuletide [Faroese] jól [Icelandic] jól [Old Norse] jól [Old English] geol,*yekə-,,8,1825
[German] Frau [Old English] freo [Russian] правый [Old English] frea [Galician] Froila [Hunsrik] Fraa [Pennsylvania German] Fraa [Rhine Franconian] Fraa,*proHwo-,,8,1826
[English] message [English] miss [Latin] mitto [Latin] muto [French] més- [Latvian] mīt [English] Michaelmas term [Sanskrit] मिथस्,*meytH-,,8,1827
[English] singe [Latvian] sīks,*senk-,,2,1828
[Albanian] esh [German] Igel [Dutch] egel [Icelandic] ígulker [Ossetian] уызын [Lithuanian] ežys [Old Armenian] ոզնի [Latvian] ezis [Ancient Greek] ἐχῖνος [Swedish] igelkott [West Frisian] ychel [Old Norse] ígull [Greek] αχινός [Faroese] igulker [Albanian] eshk [Latgalian] ezs,*h₁eǵʰis,,16,1829
[English] holocaust [Finnish] kulo [Ancient Greek] καίω,*keh₂w-,,3,1830
[English] babble [French] babiller [Old French] babillier,*bʰa-bʰa-,,3,1831
[Latin] adeps [Latin] libo [Ancient Greek] ἀλείφω,*h₂leybʰ-,,3,1832
[Hindi] मेघ [Middle English] myst [Armenian] մուժ [Persian] میغ [Polish] mżyć [Middle English] mysty [Ossetian] мигъ,*h₃meygʰ-,,7,1833
[English] nesh [English] nesh,*knēs-,,2,1834
[English] fern [German] Farn [Persian] پر [Sanskrit] पर्ण [Hindi] पान [Konkani] पान [Marathi] पान [Old Gujarati] पान [Ashkun] pār [Latvian] spārns [Lithuanian] sparnas [Kalasha] pọ̃ [Assamese] পাণ [Hindi] फर्न,*pornóm,,14,1835
[English] thaw [English] tabulate [English] Thames [Latin] Tina [Latin] tabes [Latin] tinca [Ancient Greek] τήκω [Old Armenian] թանչ [Old Armenian] թան [Old Armenian] թանամ [Old English] þan [Latin] Tiberis [Dutch] desem [Latin] tabum [English] thone [Old English] þæsma [Latin] Tifernus [Latin] Tamarus [Latin] Timavus [Old Armenian] թաթաւեմ [Galician] Támoga [Galician] Támega [Galician] Tambre [Galician] Tamuxe [Old Norse] þiðinn [Ossetian] тайын,*teh₂-,,26,1836
[Albanian] resh [Latin] rorarii,*h₁rṓs,,2,1837
[English] pamper [Indonesian] pamper [English] pamp,*bamb-,,3,1838
[Afrikaans] suiker [English] saccharine [Serbo-Croatian] šećer [Marshallese] juga [Indonesian] sakar [Malay] sakar [Indonesian] saka [Scottish Gaelic] siùcar [Crimean Tatar] şeker [Turkish] şeker [Polish] cukier [Sanskrit] शर्करा [Portuguese] açúcar [English] jaggery [Karachay-Balkar] шекер [Kazakh] шекер [Serbo-Croatian] cukar [Bengali] শর্করা [Gujarati] શર્કરા [Classical Syriac] ܫܟܪ [Latin] saccharon [Kaingang] asuka [Marshallese] jukwa [Burmese] သကြား [Cebuano] Sugar [Sanskrit] शर्कर [Xhosa] iswekile [Ancient Greek] κρόκη [Sotho] tswekere [Old Ruthenian] сахаръ [Old Ruthenian] цукоръ,*ḱorkeh₂,,31,1839
[Galician] xeno [Italian] germe [Latin] germen [Old Portuguese] irmão [Portuguese] irmão [Latin] genimen [Sanskrit] जनिमन् [Aragonese] chirmán,*ǵénh₁mn̥,,8,1840
[Irish] Éire [Latin] Hibernia [Ancient Greek] Ἰουερνία [Middle Irish] Ériu [Old Irish] Ériu [Welsh] Iwerddon [Breton] Iwerzhon [Scottish Gaelic] Èirinn [Cornish] Iwerdhon,*piHweryon-,,9,1841
[English] rame [French] écrier,*(s)kerey-,,2,1842
[English] hierarch [Ancient Greek] ἱερός,*ish₁ros,,2,1843
[Portuguese] sacro [English] sacrilege [Latin] sacer [Latin] sacer [Latin] sancio [Latin] sacrosanctus [Latin] Sancus [Latin] sagmen [Latin] samentum [Indonesian] sakrilegi [Welsh] hagr,*seh₂k-,,11,1844
[Latin] sto [English] stanza,*sth₂éh₁yeti,,2,1845
[Latin] sto [Russian] таить,*(s)teh₂-,,2,1846
[Italian] rogare [Romanian] ruga [Portuguese] rogar [Middle French] prerogatif,*h₃roǵ-,,4,1847
[English] shift [Indonesian] sif [Old English] sciftan,*skeyb-,,3,1848
[Latvian] aka [English] ettle,*okʷ-,,2,1849
[French] jardin [Old Portuguese] jardin,*gʰordʰos,,2,1850
[Latin] magister [Central Kurdish] تر [Persian] تر [Ancient Greek] -τερος [Latin] -ter [Welsh] -ter [Welsh] -der,*-teros,,7,1851
[English] owe [Old Norse] eiga [Gothic] 𐌰𐌹𐌲𐌰𐌽 [Sanskrit] ईष्टे,*h₂eh₂óyḱe,,4,1852
[English] harry [Ancient Greek] κοίρανος [Old English] hergian,*koryos,,3,1853
[Latin] temere [Persian] تاریک [Sanskrit] तमस् [Persian] تم [Latin] Tamesis [Old Irish] temel [Sanskrit] तमस्वत् [Avestan] 𐬙𐬆𐬨𐬀𐬵 [Sanskrit] तमिस्रा [Sanskrit] तमिस्र [Avestan] 𐬙𐬄𐬚𐬭𐬀,*témHos,,11,1854
[Italian] spesso [French] épais [Cebuano] espeso [Galician] espeso [Spanish] espeso [Latin] spissus [Portuguese] espesso [Catalan] espès,*spidtos,,8,1855
[English] worry [Scots] worry [English] urgent [German] würgen [Old English] wyrgan [Swedish] varg [Old Norse] vargr [Dutch] worgen [Dutch] wurgen [Afrikaans] wurg [Elfdalian] warg [Old English] wiergþu,*werǵʰ-,,12,1856
[Italian] fiume [Latin] fluor [Friulian] flum [Old French] flum [Romansch] flum [Romansch] flem [Romansch] flüm [Latvian] blāvs,*bʰlew-,,8,1857
[English] possess [Pali] pati [Sanskrit] पति [Lithuanian] pats [Persian] بد [Ancient Greek] πόσις [Latin] potis [Urdu] پتی [Telugu] పతి [English] vardapet [Middle Persian] -pt' [Ancient Greek] πότνια [Old Polish] poćbiega [Avestan] 𐬞𐬀𐬌𐬙𐬌 [Gujarati] પતિ [Balinese] ᬧᬢ᭄ᬢᬶ [Prakrit] 𑀧𑀇,*pótis,,17,1858
[English] dexter [Spanish] diestro [Italian] destro [Portuguese] destro [Catalan] destre,*deḱs(i)-tero-,,5,1859
[Italian] scrivere [Spanish] escribir [French] écrire [Latin] scribo [English] shrift [English] short shrift [Romanian] scrie [Icelandic] hrífa [Catalan] escriure [Ancient Greek] σκάριφος [Polish] grzbiet [Latin] scarifo,*(s)kreybʰ-,,12,1860
[Corsican] mille [French] mille [Italian] mille [Latin] mille [Sardinian] mille [Tarantino] mille [Catalan] mil [Galician] mil [Portuguese] mil [Spanish] mil [Hungarian] ezer [Romanian] mie [Ancient Greek] χίλιοι [Pashto] زر [Greek] χίλια [Pali] sahassa,*ǵʰéslom,,16,1861
[English] wang [Albanian] ungjetë,*wenk-,,2,1862
[Dutch] wang [Old English] wange [English] wanger,*wenǵ-,,3,1863
[English] hump [Dutch] homp,*kumb-,,2,1864
[English] castigate [Latin] castrum [English] chatelaine [Latin] careo [Latin] castro [English] carious [Latin] cassus [Latin] castus [Sanskrit] शस्त्र [Latin] cossus [Prakrit] 𑀲𑀲 [Ancient Greek] κεάζω,*ḱes-,,12,1865
[English] woo [English] prevaricate,*wā-,,2,1866
[Middle English] woo [Spanish] guay [Latin] vae [Swedish] ve [English] oy vey [Old English] wa [Old Irish] fae [Catalan] guai [Portuguese] guai [Russian] увы [Scots] wae [Gothic] 𐍅𐌰𐌹 [Yiddish] אוי וויי [Ancient Greek] οὐαί [Turkish] vay [Westrobothnian] väj mä [Welsh] gwae [Old Armenian] վայ [Welsh] gwaedd [Persian] وای [Serbo-Croatian] авај [Serbo-Croatian] avaj,*wai,,22,1867
[Italian] figlia [Romansch] figlia [Italian] figlio [Romansch] figl [Aragonese] fillo [Galician] fillo [Old Portuguese] fillo [Romansch] fegl [Faliscan] 𐌚𐌉𐌋𐌄𐌏 [Mozarabic] פליו,*dʰeh₁y-li-os,,10,1868
[English] dusk [Old English] dox,*dʰuh₂s-,,2,1869
[Norwegian Bokmål] a posteriori [Latin] post [Norwegian Bokmål] posteriori,*pósti,,3,1870
[English] dim [Old Norse] dimmr,*dʰem-,,2,1871
[English] sink [Afrikaans] sink [Dutch] zinken [Icelandic] sökkva [Faroese] søkka [Swedish] sjunka [Old Norse] søkkva [Ido] sinkar [Gothic] 𐍃𐌹𐌲𐌵𐌰𐌽,*sengʷ-,,9,1872
[Old Saxon] flod [Swedish] flod,*pléh₃tus,,2,1873
[Old Irish] gelid [Latin] gluttio,*gʷlew-,,2,1874
[English] whisper [Swedish] vissla,*ḱweys-,,2,1875
[English] meadow [Welsh] medi [Latin] meto,*h₂met-,,3,1876
[English] stream [Norwegian Bokmål] strøm [Norwegian Bokmål] Tromsø [Norwegian Bokmål] Troms [Icelandic] straumur [Old Norse] straumr [Swedish] ström [Norwegian Nynorsk] straum [Faroese] streymur [German Low German] Stroom [Yiddish] שטראָם [Norwegian Bokmål] Troms og Finnmark,*srowmos,,12,1877
[English] grade [English] gradual [Ukrainian] градус,*gʰradʰ-,,3,1878
[Albanian] meh [Albanian] mut [Albanian] muf [English] mundation [Ancient Greek] μύω,*mewH-,,5,1879
[English] cobbler [English] coif [Swedish] kopp [English] cub [Icelandic] kobbi,*gup-,,5,1880
[French] trotter [Albanian] dreng [Spanish] trotar,*dreu-,,3,1881
[English] whisk [English] ooze [Latin] viscus [English] bison [Indonesian] bison [Latin] viridis [English] weasand [Latin] virga [German] Wiese [Latin] vireo [Czech] bizon [Polish] bizon [Romanian] bizon [Old English] wase [Sanskrit] विष्णु [Lithuanian] vaisius [Welsh] gwyar [Sanskrit] विक्रम [Sanskrit] विष् [Cimbrian] biiza [Sanskrit] वीड् [Romanian] Vișeu,*weys-,,22,1882
[Latin] Iuno [Italian] Giunone,*dyúh₃onh₂-,,2,1883
[English] rush [Russian] розга [Old Norse] reyrr [Latin] restis,*resg-,,4,1884
[Pali] jānāti [Norwegian Bokmål] kunst [Old Norse] kenna [Persian] دانستن [Northern Kurdish] zanîn [Sanskrit] जानाति [Lithuanian] žinoti [Hindi] जानना [Persian] شناختن [Assamese] জানা [Bengali] জানা [Middle Welsh] adnabot [Norwegian Bokmål] kjendis [Bakhtiari] دونا [Gujarati] જાણવું [Old Gujarati] जाणिवउं [Welsh] adnabod [Marathi] जाणणे [Assamese] জনা [Konkani] जाण्चे [Kamkata-viri] źāña [Kamkata-viri] zāře [Ashokan Prakrit] 𑀚𑀸𑀦𑀢𑀺 [Norwegian Bokmål] abstrakt kunst [Norwegian Bokmål] A-kjendis [Norwegian Bokmål] a-kjendis,*ǵn̥néh₃ti,,26,1885
[Latin] iuvo [Albanian] ndihmë,*h₁ewH-,,2,1886
[English] yarn [Danish] garn [Icelandic] garn [Norwegian Bokmål] garn [Norwegian Nynorsk] garn [Old High German] garn [Swedish] garn [Old English] gearn,*ǵʰorn-,,8,1887
[Czech] úzký [Spanish] angosto [Old Church Slavonic] ѫзъкъ [Italian] angusto [Romanian] îngust [Swedish] ånger,*h₂enǵʰu-,,6,1888
[English] sundry [Old Irish] sain [Sanskrit] सनुतर् [Welsh] gwahân [Tocharian B] snai,*senH-,,5,1889
[Latin] magnus [English] magnality [Italian] magno [Sardinian] mannu [Spanish] maño,*m̥ǵh₂nós,,5,1890
[Latin] ora [Tocharian B] ārtar,*h₁erh₂-,,2,1891
[English] flint [English] flinder [English] flenser [Irish] slinn [German] Flenser,*splind-,,5,1892
[English] galore [English] lucrative [English] lucre [Icelandic] laun [Irish] luach [Scottish Gaelic] luach [Swedish] lön [Old Irish] lour [Old Irish] lóg [Latin] lucrum [Romanian] lucru [Latin] Laverna [Welsh] llawer [Ancient Greek] λεία [Ancient Greek] ἀπολαύω [Esperanto] lukri [Ancient Greek] λαρός,*leh₂w-,,17,1893
[Old Polish] naw [Latvian] nāve [Norwegian Bokmål] nåe [Norwegian Nynorsk] nåe,*neh₂wis,,4,1894
[English] mold [English] mould [Icelandic] mygla [Westrobothnian] møgel,*mewk-,,4,1895
[English] mold [Middle English] molde [Sanskrit] मूर्धन्,*ml̥Hdʰṓ,,3,1896
[Welsh] gaeaf [English] gimmer [Irish] geimhreadh [Avestan] 𐬰𐬌𐬌𐬃 [Scottish Gaelic] geamhradh [Breton] goañv [Santali] ᱦᱤᱢ [Manx] geurey [Old Irish] gaimred [Cornish] gwâv [Old Norse] gymbr [Cornish] gwav,*ǵʰyem-,,12,1897
[Afrikaans] mis [Faroese] mis- [Icelandic] mis- [Old Norse] mis- [Dutch] missen,*meyt-,,5,1898
[Breton] mil [Welsh] mil [Scottish Gaelic] mial [Portuguese] minhoca [Old Irish] míl [Galician] miñoca [Ancient Greek] μῆλον [Manx] meeyl [Irish] míol [Galician] mioca,*(s)meh₁l-,,10,1899
[Old Saxon] forth [Dutch] voort [Old English] forþ [Persian] پرت,*pr̥to-,,4,1900
[Asturian] este [Portuguese] este [Spanish] este [Faroese] eystur,*aus-,,4,1901
[English] silent [Latin] sileo [Old English] salnes,*seyl-,,3,1902
[English] custom [English] costume [French] costume [Galician] costume [Italian] costume [Old French] costume [Portuguese] costume [English] consuetude [Old French] consuetude [French] coutume [Middle French] coustume [Old French] coustume [Latin] consuetudo [Old French] custume [Latin] consuesco [Latin] consuetus [English] kastom [Tok Pisin] kastom,*swe-dʰh₁-sk-,,18,1903
[English] sacred [Middle English] sacren,*sh₂krós,,2,1904
[English] tinsel [Old English] scinan [Old Norse] skína,*(s)ḱeh₁y-,,3,1905
[English] tinsel [English] boon,*dū-,,2,1906
[English] hunger [Italian] cingere [Portuguese] cinto [Romanian] cinge [Latin] cingo [Spanish] ceñir [Norman] cheindre [Portuguese] cingir [English] Minto [English] hunger stone [Ancient Greek] κάγκανος,*kenk-,,11,1907
[Indonesian] gul [Romanian] rug [Italian] rovo [Persian] گل [Spanish] rubo [Hindi] गुल [Latin] rubus [Middle Persian] gwl,*wr̥dʰo-,,8,1908
[English] crockery [English] crock,*growg-,,2,1909
[English] dreck [Dutch] drek [Italian] sterco [Spanish] estiércol [Latin] stercus [Old English] þreax [Romanian] șterc,*(s)terǵ-,,7,1910
[Indonesian] forum [Latin] forum [Sanskrit] द्वार [Marathi] दार [Gujarati] બારી [Kashmiri] دٲر [Kashmiri] दऻर,*dʰworom,,7,1911
[English] align [Cebuano] lino [Italian] lino [Spanish] lino [Latin] linum [Indonesian] lini,*līnom,,6,1912
[Irish] suí [Scottish Gaelic] suidhe [Latin] solium [Welsh] sedd [Old Irish] suide,*sodyom,,5,1913
[German] Eid [Norwegian Nynorsk] eid [Old High German] eid [Faroese] eiður [Icelandic] eiður [Afrikaans] eed [Dutch] eed,*oyt-,,7,1914
[Old Church Slavonic] из [Russian] из [Albanian] ith [Slovene] iz [Manx] agh,*eǵʰs,,5,1915
[English] verge [Swedish] värk [Serbo-Croatian] vrgnuti [Serbo-Croatian] вргнути,*werg-,,4,1916
[French] verge [Galician] verga [Italian] verga [Portuguese] verga [Spanish] verga [Latin] virga,*wisgeh₂,,6,1917
[Finnish] aura [Romanian] arat [Old Norse] arðr [Breton] arar [Galician] arado [Portuguese] arado [Spanish] arado [Italian] aratro [Bulgarian] рало [Macedonian] рало [Old Church Slavonic] рало [Old East Slavic] рало [Russian] рало [Serbo-Croatian] рало [Ukrainian] рало [Livvi] adru [Greek] άροτρο [Latin] aratrum [Old Armenian] արօր [Ancient Greek] ἄροτρον [Catalan] arada [Lithuanian] arklas [Slovak] radlo [Belarusian] рала [Slovincian] rädło [Lower Sorbian] radło [Polish] radło [Upper Sorbian] radło [Swedish] årder [Welsh] aradr [Irish] arathar [Polish] redło [Westrobothnian] áł,*h₂érh₃trom,,33,1918
[Romansch] bov [Esperanto] bovo [Ido] bovo [Telugu] గోవు,*gʷōws,,4,1919
[French] cinquante [Spanish] cincuenta [Catalan] cinquanta [Italian] cinquanta [Latin] quinquaginta [Portuguese] cinquenta [Ligurian] çinquànta [Sardinian] chimbanta,*penkʷēḱomt,,8,1920
[French] soixante [Spanish] sesenta [Portuguese] sessenta [Italian] sessanta [Sardinian] sessanta [Latin] sexaginta [Catalan] seixanta,*sweḱsḱomt,,7,1921
[Welsh] huan [Yiddish] זון,*sh̥₂uén,,2,1922
[English] isogloss [Ancient Greek] ἰσχύς,*wi-,,2,1923
[English] wagon [Dutch] wagon [Indonesian] wagon [Dutch] wagen [Icelandic] vagn [Swedish] vagn [Bavarian] vogn [Middle English] wayn [Faroese] vagnur,*woǵʰnos,,9,1924
[English] ooze [Sanskrit] वसा,*wóseh₂,,2,1925
[English] arithmetic [Italian] aritmetico [Dutch] aritmetica [Italian] aritmetica [Indonesian] aritmetika [French] arithmétique [Portuguese] aritmética [Spanish] aritmética [German] arithmetisch [Portuguese] aritmético [Spanish] aritmético [Latin] arithmeticus [Latin] arithmetica [Middle English] arsmetrike [Old French] arismetique [Latvian] aritmētisks [Latvian] aritmētika,*h₂ri-dʰh₁-mó-s,,17,1926
[English] lamp [Afrikaans] lamp [Irish] lao [Ancient Greek] λάμπω [Cornish] leugh [Lithuanian] liepsna [Old Irish] lóeg [Manx] lheiy [Welsh] llo [Latin] limpidus [Latin] lepor [Latvian] lāpa,*leh₂p-,,12,1927
[English] lox [English] lax [Tocharian B] laks [Sanskrit] लाक्षा [German Low German] Las [Ossetian] лӕсӕг,*laḱs-,,6,1928
[Polish] sutra [Sanskrit] सूत्र,*súh₁trom,,2,1929
[English] nudge [English] acnestis [Scottish Gaelic] cnàmh [Swedish] nåt [German] Nut [Welsh] cnoi [Irish] cogain,*kneh₂-,,7,1930
[English] kink [Sanskrit] गञ्ज [Ancient Greek] γαγγαίνειν [Old English] gecanc [Old English] canc,*gang-,,5,1931
[English] kink [Scottish Gaelic] gagan [Czech] houžev [Old Norse] kengr,*gengʰ-,,4,1932
[Romanian] baltă [Greek] βάλτος,*bʰelH-,,2,1933
[English] sprint [Polish] sprint [English] sprent,*sprend-,,3,1934
[Romanian] ghiuj [Albanian] gjysh,*suHsos,,2,1935
[Romanian] mazăre [Albanian] modhull,*meh₂ǵʰ-ulo,,2,1936
[Afrikaans] murg [German] Mark [Norn] mergi [Icelandic] mergur [Norwegian Nynorsk] merg [Norwegian Bokmål] marg [Scots] marrae,*mozgos,,7,1937
[Romanian] vatră [Old Irish] áith [Albanian] vatër [Northern Kurdish] agir [Persian] آذر [Latin] ater [Old Armenian] այրեմ [Avestan] 𐬁𐬙𐬀𐬭 [Latin] Atella,*h₂eh₁ter-,,9,1938
[Irish] -as [Old Irish] -as [Manx] -ys,*-ad,,3,1939
[Latin] -is [Latin] magis,*-is,,2,1940
[Old Irish] -e [Latin] -ia [Norwegian Bokmål] abbedi [Norwegian Bokmål] abstinens [Norwegian Bokmål] -ologi [Norwegian Bokmål] -logi [Ancient Greek] -ία [Sanskrit] -ईय [English] hemerology [Ancient Greek] -ια [Norwegian Bokmål] endokrinologi [Norwegian Bokmål] abstinenssymptom [Norwegian Bokmål] seanse,*-h₂,,13,1941
[Serbo-Croatian] -e [Serbo-Croatian] -е,*-e,,2,1942
[English] smuggle [Czech] zámek [Swedish] smyga [Czech] odemykat [Czech] zamykat [Old English] smeag [Indonesian] smokel,*smewk-,,7,1943
[Ido] avo [Manx] oe [Old Irish] úa [Primitive Irish] ᚐᚃᚔ,*h₂ewh₂yos,,4,1944
[Esperanto] beladono [Dutch] belladonna [Finnish] belladonna [Latin] belladonna [Russian] белладонна [Galician] beladona [Portuguese] beladona [Serbo-Croatian] beladona,*bʰléh₃tus,,8,1945
[Italian] udire [Spanish] oír [French] ouïr [Catalan] oir [Norman] ouï [Romanian] auzi [Norman] ouir,*h₂ew-is-d-,,7,1946
[Norwegian Bokmål] stor [Old Norse] stórr,*steh₂-r-,,2,1947
[Galician] Galiza [Galician] galego [Latin] Gallaeci [Latin] gallaecus,*kl̥H-ní-s,,4,1948
[Latin] burdo [Ancient Greek] βραδύς [Latin] gurdus,*gʷr̥dus,,3,1949
[Italian] freddo [Spanish] frío [Romanian] frig [Portuguese] frio [Lombard] fregg [Sardinian] frighidu [Sardinian] frittu,*sriHgos-,,7,1950
[English] sear [German] sohr,*sh₂ews-,,2,1951
[Portuguese] cervo [Latin] cervus [Romanian] cerb [Spanish] ciervo [Welsh] carw [Catalan] cérvol,*ḱr̥h₂wós,,6,1952
[Italian] giungere [Spanish] uncir [French] joindre [Latin] iungo [Lithuanian] jungti [Sanskrit] युनक्ति,*yunégti,,6,1953
[Romanian] merge [Latin] mergo [Sanskrit] मग्न [Sanskrit] मज्जति [Assamese] মজা [Assamese] মুজা,*mesg-,,6,1954
[English] travesty [Latin] vestis [Tocharian B] wastsi [Gothic] 𐍅𐌰𐍃𐍄𐌹,*wéstis,,4,1955
[German] alt [Old Dutch] alt [Old High German] alt [Central Franconian] aod [Afrikaans] oud [Dutch] oud [Scots] auld,*altós,,7,1956
[Irish] buachaill [Scottish Gaelic] buachaill [Ancient Greek] βουκόλος [Breton] bugel [Old Irish] búachaill [Manx] bochilley [Welsh] bugail [English] boukólos rule,*gʷowkólos,,8,1957
[English] paltry [Serbo-Croatian] platno [Macedonian] платно [Serbo-Croatian] платно [Russian] полотно,*polto-,,5,1958
[English] cleave [Old English] cleofan [Faroese] klúgva [Swedish] klyva [English] clive [Danish] kløve [Icelandic] kljúfa [Old Norse] kljúfa [English] cleve [Old Saxon] kliovan [Ancient Greek] γλύφω [Latin] glubo [Russian] глубь [English] coelanaglyphic,*glewbʰ-,,14,1959
[English] cleave [Dutch] kleven [Afrikaans] kleef [English] clive [Middle Dutch] cliven [Central Franconian] klevve [Middle Dutch] cleven,*gleybʰ-,,7,1960
[Albanian] kall [Albanian] kem,*kʷh₂wep-,,2,1961
[Italian] grandine [Polish] grad [Serbo-Croatian] grad [Bulgarian] град [Serbo-Croatian] град [Latin] grando [Romanian] grindină,*greh₃d-,,7,1962
[Galician] buio [Latin] badius,*badyo-,,2,1963
[English] hatchet [English] capon [Polish] kopać [Albanian] çapë [Portuguese] capão,*kop-,,5,1964
[English] hull [Latin] Caledonia [English] Calais [Sanskrit] कल्य [Welsh] caled [Cornish] kales [Albanian] kolmë,*kal-,,7,1965
[English] twi- [Old English] twi- [English] vituperate [Latin] dubito [Latin] vitium [Icelandic] tví- [Old Norse] tví- [Latin] dubius [Old Irish] díabul,*dwi-,,9,1966
[Latin] flamen [English] flail [English] flagellum,*bʰlag-,,3,1967
[English] Vernon [Albanian] verr [Old Armenian] գերան,*wern-,,3,1968
[Danish] år [Norwegian Nynorsk] år [Icelandic] ár [Old Norse] ár [Westrobothnian] jår [Westrobothnian] ǫ́r,*yōr-,,6,1969
[English] inner [Phrygian] ας [Latvian] iekša [Old Norse] nyrðri [Old Norse] innri [Old Norse] norðarri [English] Inner,*h₁en,,7,1970
[English] gallows [Old English] gealga [German] Galgen [Finnish] salko [Danish] galge [Hungarian] szál [Afrikaans] galg [Dutch] galg [French] jauge [Faroese] gálgi [Icelandic] gálgi [Old Armenian] ձաղկ [Polish] gałgan,*ǵʰalgʰ-,,13,1971
[Norwegian Bokmål] -ment [Norwegian Bokmål] -ment [Latin] -mentum [Norwegian Bokmål] ajournement,*-mn̥teh₂,,4,1972
[English] -ize [Italian] -izzare [German] -isieren [Italian] -eggiare [Lombard] -izà [Dutch] -iseren,*-idyé-,,6,1973
[English] nervous [Danish] sene [Tocharian B] ṣñor [Ossetian] нуар [Sanskrit] स्नावन् [Pali] nahāru [Hindi] स्नायु [Sanskrit] स्नायु,*snéh₁wr̥,,8,1974
[English] fumble [Latin] papilio [German] fummeln [Latin] poples [Icelandic] fálma,*pal-,,5,1975
[English] obscene [Latin] caenum [Latin] cunio,*ḱweyn-,,3,1976
[English] obscene [Dutch] scheef [Greek] σκαιός,*skeh₂iwo-,,3,1977
[Swedish] sig [Icelandic] svo [Westrobothnian] seg [Westrobothnian] sä,*se,,4,1978
[English] bigamy [Spanish] yerno [Ancient Greek] γάμος [Greek] γάμος [Italian] genero [Latin] gener [Ancient Greek] γαμβρός [Greek] γαμπρός [Romanian] ginere [Portuguese] genro [Albanian] zemër [Galician] xenro [Persian] داماد [Turkish] damat [Sicilian] ienniru [Sicilian] jenniru [Albanian] dhëndër [Friulian] zinar [Aromanian] dziniri [Hindi] जमाई [Sanskrit] जामातृ [Oriya] ଜ୍ୱାଇଁ [Konkani] जांवंय [Kalasha] ǰamów [Assamese] জোঁৱাই [Early Assamese] জমাই [Assamese] জঙাই [Marathi] जावई [Avestan] 𐬰𐬁𐬨𐬁𐬙𐬀𐬭,*ǵem-,,29,1979
[Irish] bóthar [Welsh] beidr [Old Irish] téit [Sanskrit] इत,*h₁itós,,4,1980
[Danish] nav [Danish] navle,*h₃nobʰ-,,2,1981
[Latvian] ogle [English] wonga [Serbo-Croatian] угаљ [Serbo-Croatian] ugalj [Slovak] uhlie [Slovene] ogel [Lithuanian] anglis [Russian] уголь [Old Church Slavonic] ѫгль [Czech] uhel [Sanskrit] अङ्गार [Polish] węgiel [Serbo-Croatian] ugljen [Serbo-Croatian] угљен [Albanian] thëngjill [Konkani] इंगाळो [Indonesian] anggara [Bulgarian] въгъл,*h₁óngʷl̥,,18,1982
[English] trough [Irish] trach,*drukós,,2,1983
[Portuguese] -ico [Northern Kurdish] -î,*-ikos,,2,1984
[French] trop [English] thorp [Italian] troppo [Persian] تالار [Mazanderani] تلار,*trab-,,5,1985
[Irish] fáinne [Scottish Gaelic] fàinne,*h₁eh₂n-,,2,1986
[Irish] ól [Old Irish] ól,*péh₃tlom,,2,1987
[Norwegian Bokmål] -het [German] Schild [Pennsylvania German] Schild [Norwegian Bokmål] abbedverdighet [Yiddish] שילד [Norwegian Bokmål] uforsonlighet [Norwegian Bokmål] abgeschmackthet,*(s)keyt-,,7,1988
[Irish] fada [Manx] foddey,*wasdʰos,,2,1989
[Swedish] äpple [Faroese] epl,*abl-,,2,1990
[Latin] heri [Greek] χθες [Ancient Greek] χθές [Sanskrit] ह्यस् [English] yester- [English] hesternal [Albanian] dje [Welsh] ddoe [Breton] dec'h,*dʰǵʰyés,,9,1991
[Ido] mikra [Dutch] smaad [English] smicker [German] schmähen [Old Norse] smá,*smēyg-,,5,1992
[Old Irish] bile [French] billon,*bʰolyo-,,2,1993
[Galician] fino [Portuguese] fino,*dʰnh₂-,,2,1994
[Sardinian] nura [Old Norse] snor [Catalan] nora [Galician] nora [Portuguese] nora [Sicilian] nora [Italian] nuora [Old English] snoru [Old Church Slavonic] сноха [Russian] сноха [Friulian] nore [Romanian] noră [Asturian] nuera [Old Spanish] nuera [Spanish] nuera [Serbo-Croatian] snaha [Slovene] snaha [Czech] snacha [Ancient Greek] νυός [Old Armenian] նու [Bulgarian] снаха [Serbo-Croatian] снаха [Latin] nurus [Aromanian] norã [Serbo-Croatian] snaja [Serbo-Croatian] снаја [Old Marathi] सुन [Polish] snecha [Bactrian] ασνωυο [Konkani] सून [Sanskrit] स्नुषा [Pali] suṇisā [Old Marathi] 𑘭𑘳𑘡 [Alemannic German] Schnuer [Ossetian] ностӕ,*snusós,,35,1995
[Latin] ludo [Latin] ludus,*leyd-,,2,1996
[Italian] cerebro [Spanish] cerebro [German] Hirn [Lithuanian] širšė [German] Hornisse [Danish] hjerne [Czech] sršeň [Bulgarian] стършел [Slovene] sršen [Polish] szerszeń [Dutch] hoorntje [Icelandic] hjarni [Old Norse] hjarni,*ḱerh₂s-,,13,1997
[French] jeune [Spanish] joven [Romanian] june [Faroese] ungur [Icelandic] ungur [Catalan] jove [Occitan] jove [English] juvenile [Norwegian Nynorsk] ung [Swedish] ung [Manx] aeg [Middle High German] junc [Romansch] giuven [Hindi] जवान [Italian] giovane [Old Church Slavonic] юнъ [Russian] юный [Aragonese] choven [Portuguese] juventude [Ido] yuna [Pashto] ځوان [Old French] juene [Lombard] gioven [Romansch] gioven [Middle French] ieune [Portuguese] jovem [Tajik] ҷавон [Lithuanian] jaunas [Venetian] xovane [Slovak] junák [Belarusian] юны [Ligurian] zoêno [Walloon] djonne [Occitan] jovenòt [Lombard] giovena,*h₂yuh₁en-,,35,1998
[Persian] ب [Sanskrit] बहिस्,*bʰe,,2,1999
[Ido] maskula [Lithuanian] marti [Albanian] mërkosh,*meryo,,3,2000
[English] willow [Middle English] wylow,*welik-,,2,2001
[Polish] nad [Polish] nade,*h₂neh₃,,2,2002
[Romansch] punt [Romansch] pùnt,*pont-,,2,2003
[Irish] mór [Old Irish] mór [Welsh] mawr [Old Welsh] maur [Breton] meur [Cornish] meur,*moh₁ros,,6,2004
[Irish] deas [Scottish Gaelic] deas [Manx] jiass,*deḱswo-,,3,2005
[Manx] ard [Old Irish] ard [Scottish Gaelic] àrd,*h₃erdʰwós,,3,2006
[Czech] zlý [Old Czech] zlý [Slovak] zlý [Latin] fallo [Serbo-Croatian] zao [Slovene] zel [Russian] злой [Old Church Slavonic] зълъ [Lower Sorbian] zły [Polish] zły [Upper Sorbian] zły [Sanskrit] ह्वरति [Serbo-Croatian] зао [Macedonian] зол [Belarusian] злы [Sanskrit] ह्वृ [Kashubian] złi,*ǵʰwel-,,17,2007
[Scottish Gaelic] ro [English] prothesis,*pro,,2,2008
[Dutch] crèche [French] crèche,*g(')rībh-,,2,2009
[Serbo-Croatian] lek [Serbo-Croatian] лек,*loykʷós,,2,2010
[Irish] liath [Scottish Gaelic] liath [English] fallow [Manx] lheeah [Old Irish] líath [Old Armenian] ալի [Welsh] llai [Lower Sorbian] płowy [Polish] płowy [Ancient Greek] πελλός,*pelH-,,10,2011
[German] weiß [Swedish] vit [Hindi] श्वेत [Faroese] hvítur [Icelandic] hvítur [Old High German] wiz [Hindi] सफ़ेद [Pennsylvania German] weiss [Old Norse] hvítr [Norn] hvid [Central Franconian] wies [West Frisian] wyt [Vilamovian] wajs [Norwegian Bokmål] hvit [Persian] سپهر [Gujarati] સફેદ [Westrobothnian] gwit [Gandhari] 𐨯𐨤𐨡 [Middle Persian] spyt',*ḱweytos,,19,2012
[Irish] donn [Scottish Gaelic] donn,*dusnos-,,2,2013
[Irish] donn [Old Irish] donn [Irish] Donn,*dʰus-no-,,3,2014
[Indonesian] rua [Old Portuguese] rua [Portuguese] rua [Italian] ruga [German] grob,*krewp-,,5,2015
[English] debut [Cebuano] debu,*bʰeud-,,2,2016
[English] stool [Slovak] stôl,*stoh₂los,,2,2017
[English] calumny [Lithuanian] šiltas [Catalan] caldre [Italian] calere [Latin] caleo [French] chaloir [Latin] calvor [Sanskrit] शारद [Middle Persian] ŠNT [Sanskrit] शरद् [Danish] læ [Bactrian] σαρλο [Sanskrit] शरदा,*ḱelh₁-,,13,2018
[Corsican] anca [English] haunch [Portuguese] âncora [Persian] آکج [Sanskrit] अंकुश,*ang-,,5,2019
[English] nook [Dutch] neuken [Icelandic] hnykkja [Old English] hnocc,*knewg-,,4,2020
[Ido] dika [Irish] tiubh [Breton] tev [Old Irish] tiug,*tegus,,4,2021
[English] shingle [Latin] scandula,*skhed-,,2,2022
[Breton] dour [Welsh] dŵr [Cornish] dowr [Old Irish] dobur [Irish] dobhar [Polish] debrza [Old Polish] debrz,*dʰubʰrós,,7,2023
[English] volition [English] ululation [Latin] -tim [Latin] -atim [Norwegian Bokmål] abstraksjon [Norwegian Bokmål] absolusjon [Portuguese] -ção [Latin] -tio [English] vermiculation [English] lumination [Ancient Greek] -σις [Norwegian Bokmål] abbreviasjon [Norwegian Bokmål] aberrasjon [Norwegian Bokmål] ablasjon [Norwegian Bokmål] abstraksjonsevne [Norwegian Bokmål] abstraksjonsplan [Norwegian Bokmål] abstraksjonsnivå [Sanskrit] -ति,*-tis,,18,2024
[English] tabulate [Latin] aestus [Latin] -tus [Ancient Greek] -τύς,*-tus,,4,2025
[Portuguese] curvo [Spanish] curvo,*(s)krengh-,,2,2026
[English] fane [Latin] pannus [Swedish] fana [Vilamovian] fōn [Galician] anaco [Hunsrik] Faan,*peh₂n-,,6,2027
[Russian] январь [Hebrew] ינואר,*ei-,,2,2028
[Russian] май [Cebuano] May [Hebrew] מאי [Indonesian] Mei [Scots] Mey,*magya,,5,2029
[Latin] coquo [Spanish] cocer [Tagalog] kusi [Serbo-Croatian] peći [Polish] piec [Sanskrit] पचति [Russian] печенье [Norwegian Bokmål] koke [Albanian] pjek [Ancient Greek] πέπων [Assamese] পকা [Marathi] पिकणे [Norwegian Bokmål] kokt egg [Welsh] pobi [Norwegian Bokmål] himkok,*pékʷeti,,15,2030
[Old English] ceol [Old Saxon] kiol,*gawl-,,2,2031
[Albanian] var [English] Warren [English] urinator [Albanian] varg [Old Norse] vari [Old Armenian] գերի [Ancient Greek] ἀείρω [Lithuanian] virti [Latin] Varus [Latin] Avara [Greek] συναίρεση [Lithuanian] apvaras [Ancient Greek] ἀπαυράω [Ancient Greek] ἀρτάω,*h₂wer-,,14,2032
[Italian] felice [Galician] feliz [Portuguese] feliz [Romanian] ferice [Sardinian] felighe [Sardinian] felitze,*dʰeh₁-lw-i,,6,2033
[Spanish] pájaro [Italian] passero [Romanian] pasăre [Portuguese] pássaro [French] passereau,*p(e)t-tro-,,5,2034
[Spanish] yerno [Italian] genero [Latin] gener [Romanian] ginere [Portuguese] genro [Galician] xenro [Sicilian] ienniru [Sicilian] jenniru [Old Portuguese] genrro [Friulian] zinar [Aromanian] dziniri,*ǵm̥ros,,11,2035
[Spanish] uña [Romanian] unghie [English] hangnail [French] ongle [Ancient Greek] ὄνυξ [Greek] νύχι [Portuguese] unha [Latin] unguis [Catalan] ungla [Old Armenian] եղունգն [Old Portuguese] unna [English] unguligrade [Old Armenian] մագիլ [Assamese] নখ [Bengali] নখ,*h₃negʰ-,,15,2036
[Norwegian Bokmål] øre [Czech] ucho [Old Czech] ucho [Slovak] ucho [Icelandic] eyra [Serbo-Croatian] uho [Slovene] uho [Faroese] oyra [Portuguese] orelha [Serbo-Croatian] уво [Norwegian Nynorsk] øyra [Norwegian Nynorsk] øyre [Ukrainian] вухо,*h₂ous-,,13,2037
[Latin] ulcus [Sanskrit] अर्शस् [Ancient Greek] ἕλκος,*h₁élḱos,,3,2038
[Polish] brzoza [Albanian] bredh [Dutch] berk [Serbo-Croatian] breza [Slovak] breza [Slovene] breza [Russian] берёза [Old East Slavic] береза [Lithuanian] beržas [Sanskrit] भूर्ज,*bʰerHǵós,,10,2039
[English] glide [German] gleiten [Dutch] glijden [Swedish] glida,*ǵʰleydʰ-,,4,2040
[English] grim [English] grim [English] grum [English] groundly [English] grame [English] grame [Norwegian Bokmål] grunn [Norwegian Bokmål] grunn [Norwegian Bokmål] Porsgrunn [Ancient Greek] χρόμαδος [Old English] grimm [Ancient Greek] χρόμος [Ancient Greek] Χρεμέτης [Ancient Greek] χρέμψ,*gʰrem-,,14,2041
[English] inkling [English] inkle,*h₁eng-,,2,2042
[Indonesian] sonde [Polish] sonda [French] sonder,*swembʰ-,,3,2043
[Latin] satis [Scottish Gaelic] sàth [Welsh] haid,*sh₂tis,,3,2044
[Alemannic German] Gülle [Swedish] göl,*ǵʰeyh₁-,,2,2045
[Portuguese] falso [Norman] faller [Cebuano] palso,*gʰwel-,,3,2046
[English] sunder [German] sonder,*snter-,,2,2047
[Greek] φόβος [Russian] бегать [Polish] biegać [Albanian] dëboj [Slovak] bežať [Slovak] behať [Lower Sorbian] běžaś [English] hodophobic [Ukrainian] біг [Ukrainian] Фоб,*bʰegʷ-,,10,2048
[English] crib [Old French] crevice [French] écrevisse,*grebʰ-,,3,2049
[Swedish] fjäril [Icelandic] fiðrildi [Old English] fifealde [Westrobothnian] førel,*pāpel-,,4,2050
[English] moratorium [English] remora [Latin] mora [Persian] گماشتن,*mere,,4,2051
[French] piquer [French] bouder,*beu-,,2,2052
[Portuguese] fé [English] fidelity [English] bidon [French] bidon [Italian] bidello [Latin] fidelia,*bʰidʰ-,,6,2053
[Portuguese] mugir [English] musette [French] musette [Italian] muggire [Latin] mugio [Romanian] mugi,*mug-,,6,2054
[Portuguese] murmúrio [Latin] murmur,*mormur-,,2,2055
[Galician] peor [Spanish] peor [Latin] peior [French] pire [Italian] peggiore [Galician] pior [Portuguese] pior [Catalan] pitjor,*ped-yōs,,8,2056
[Tsakonian] α [Old Norse] sú [Sanskrit] सा,*séh₂,,3,2057
[Italian] carbone [French] charbon [Catalan] cremar [Galician] queimar [Portuguese] queimar [Spanish] carbón [Cebuano] karbon [Portuguese] carvão [Romanian] cărbune,*ker,,9,2058
[English] delve [Old English] delf,*dʰelbʰ-,,2,2059
[Spanish] jabalina [Old French] javelot,*gʰabʰlos,,2,2060
[English] hew [English] hog [English] haggis [Old English] heawan [Persian] کشتن [Old Norse] hǫggva [Latin] cudo [Tocharian B] kau- [Tocharian A] ko- [Lithuanian] kūjis [Tocharian B] kaut- [Northern Kurdish] kuştin,*kewh₂-,,12,2061
[Dutch] bidden [Welsh] gweddïo [Old Irish] guidid [Irish] guigh [Scottish Gaelic] guidh,*gʷʰédʰyeti,,5,2062
[English] prothesis [English] prosthesis [Bengali] প্রতি,*próti,,3,2063
[Czech] já [Old Czech] jáz [Ormuri] اَز,*eǵHóm,,3,2064
[English] Minerva [Spanish] Minerva,*men-es-weh₂,,2,2065
[Latin] Minerva [Polish] Minerwa,*menesweh₂,,2,2066
[English] gnocchi [Sanskrit] कन्द,*gnew-,,2,2067
[English] heath [Swedish] hed [Latin] bucetum [English] Cheatham,*kayt-,,4,2068
[English] asp [Swedish] asp [Westrobothnian] asp [Faroese] øsp [Welsh] aethnen,*Hosp-,,5,2069
[English] livid [English] slivovitz,*sliwo-,,2,2070
[English] slick [English] slike [English] slike [English] slitch,*sleyg-,,4,2071
[English] scandal [Ancient Greek] σκάνδαλον [Old Armenian] սանդուղք [Old Armenian] շանթ [Slovak] škandál,*skand-,,5,2072
[Galician] bula [Galician] bosta [Portuguese] bosta,*gʷew-,,3,2073
[French] ventre [Galician] ventre [Italian] ventre [Old Portuguese] ventre [Latin] vesica [Spanish] vientre [Romanian] vintre [Latin] venter [German] Wanst [Sanskrit] वस्ति,*wend-tri-,,10,2074
[Portuguese] ventre [Ido] ventro,*wend-tri,,2,2075
[Swedish] ner [Swedish] neder,*niter,,2,2076
[Latin] anguis [Old High German] unc [Russian] уж [Polish] wąż [Lithuanian] angis [Old Prussian] angis [Lower Sorbian] wuž [Upper Sorbian] wuž [Ukrainian] вуж [Old East Slavic] ꙋжь [Italian] angue [Sicilian] anghidda [Old Armenian] օձ [Old Irish] escong [Albanian] thnegël [Latvian] odze [Czech] užovka [Slovak] užovka [Silesian] wōnż,*h₂éngʷʰis,,19,2077
[Latin] ius [Sanskrit] यूष [Sanskrit] यूस्,*yúHs,,3,2078
[Albanian] trim [Ancient Greek] τρέμω [French] craindre [Tocharian B] tremi [Esperanto] tremo [Latin] tremo [Portuguese] estremecer [Galician] tremer [Portuguese] tremer [Spanish] tremer [Tocharian A] tärm- [Norman] tremblier [Ancient Greek] τρόμος [Greek] τρόμος [Lombard] stremí [Lombard] stremísser,*trem-,,16,2079
[English] mitch [English] mooch [Latin] muger [French] musser,*(s)mūg-,,4,2080
[English] sallow [Scots] sauch [Middle English] salow,*sh₂lk-,,3,2081
[Swedish] dolk [Old English] dalc,*dʰalg-,,2,2082
[Macedonian] чад [Russian] чад,*kʷēd-o-,,2,2083
[English] sorrel [Latvian] sauss,*saus-,,2,2084
[Romanian] citi [Serbo-Croatian] čitati [Slovene] čitati [Serbo-Croatian] читати [Sanskrit] चित्त [Welsh] pwyll [Slovak] čítať,*kʷeyt-,,7,2085
[German] Abend [Yiddish] אָוונט,*epi,,2,2086
[German] After [Faroese] eftir [Icelandic] eftir [Swedish] efter [Norwegian Bokmål] etter [Norwegian Nynorsk] etter [Westrobothnian] ätter [Old Norse] eptir [Old Norse] ept,*apotero,,9,2087
[German] Atem [Yiddish] אָטעם [Middle English] athem,*h₁eh₁tmén-,,3,2088
[Old Irish] a [Old Irish] a/Old Irish,*ésyo,,2,2089
[English] Don [Latin] Danubius [English] Doncaster [English] Istria [Ancient Greek] Τάναϊς [English] Dniester [Persian] دنیدن [Russian] Днепр [Sanskrit] धन [Ancient Greek] θνῄσκω [Latin] Danaster [Bengali] দিনেমার [Norwegian Bokmål] aberdeen angus,*dʰenh₂-,,13,2090
[German] Grund [Yiddish] גרונט,*gʰr̥mtu-,,2,2091
[German] Halm [English] caramel [Serbo-Croatian] slama [Serbo-Croatian] слама [Galician] colmo [Portuguese] colmo [English] haulm [Czech] sláma [Ancient Greek] κάλαμος [Lower Sorbian] słoma [Polish] słoma [Upper Sorbian] słoma [Russian] солома [Ukrainian] солома [Latin] culmus [Galician] colmea,*ḱolh₂mos,,16,2092
[Indonesian] Juni [Old Saxon] jung [Vilamovian] jung [Scots] Juin,*yuwn̥kós,,4,2093
[German] Laster [Old Irish] locht,*lok-,,2,2094
[German] Plane [Latin] floccus [Westrobothnian] bḷåi,*bʰlok-,,3,2095
[English] Vandal [Polish] Wandal,*wendʰ-eh₂-,,2,2096
[German] Wade [Latin] vatius [Latin] vatax [Latin] vascus,*wat-,,4,2097
[Latin] anguilla [Albanian] ngjalë [Ancient Greek] ἔγχελυς,*h₂engʷʰ-,,3,2098
[Old English] cu [Yiddish] קו [Albanian] gak [Northern Kurdish] golik,*gʷōus,,4,2099
[Welsh] cu [Norwegian Bokmål] heim [Finnish] heimo [Norwegian Bokmål] hjem [Old Prussian] caymis [Irish] caomh [Scottish Gaelic] caomh [French] hameau [Lithuanian] kaimas [Norwegian Bokmål] hjemme [Old Norse] heimr [Old Irish] Cóemgen [Yiddish] היים [Gothic] 𐌷𐌰𐌹𐌼𐍃 [Latvian] saime [English] Cuff [Breton] kuñv [Old Irish] cóem [Norwegian Bokmål] hjemmebrent [Norwegian Bokmål] hjembrent [Norwegian Bokmål] heimert [Norwegian Bokmål] himkok [Sudovian] aucima,*ḱóymos,,23,2100
[English] embassy [Old Armenian] եդ [Indonesian] ambasade,*-,,3,2101
[English] bison [Indonesian] bison [Czech] bizon [Polish] bizon [Romanian] bizon,*wisAn-,,5,2102
[English] sam [Old English] sam- [Old High German] sami-,*sēmi-,,3,2103
[Old Irish] sam [Welsh] haf [Cornish] hav [Irish] samhradh [Faroese] summar [Manx] sourey [Old Irish] samrad [Cornish] hâv [Jamtish] somarr,*sm̥-h₂-ó-,,9,2104
[English] cleg [Ancient Greek] γλωχίς,*glōgʰ-s,,2,2105
[English] blate [Old Irish] blíadain [Welsh] blwydd [Albanian] blehurë [Latin] Blaedarus [Old Armenian] խայտաբղէտ,*bʰleyd-,,6,2106
[English] wald [English] wald,*waldʰ-,,2,2107
[Bulgarian] Господ [Macedonian] Господ [Serbo-Croatian] Господ [Serbo-Croatian] Gospod [Latin] hospes [Old Church Slavonic] господь [Russian] господь,*gʰóstipotis,,7,2108
[Serbo-Croatian] rijeka [Serbo-Croatian] река [Serbo-Croatian] reka [Serbo-Croatian] ријека,*(H)rey-,,4,2109
[English] morn [Dutch] morgen [Norwegian Bokmål] morgen [Old Norse] morginn [Afrikaans] môre [Old Norse] myrginn [Jersey Dutch] mârxe [Jersey Dutch] mârge [Jersey Dutch] mârxje,*mr̥Hko,,9,2110
[Indonesian] raja [Malay] raja [English] rajah [Cebuano] rajah,*h₃rḗǵ-ō,,4,2111
[English] staple [English] staple [English] distaff [English] steven [Latvian] stabs [Serbo-Croatian] stopa [Old Church Slavonic] стопа [Serbo-Croatian] стопа [Ukrainian] стопа [Ancient Greek] σταφυλή [Old Church Slavonic] стоборъ [Latin] teba [Latin] Taburnus [Polish] stąpać,*stebʰ-,,14,2112
[Galician] veo [German] Eingeweide [Galician] virar [Latin] vicia [Old Church Slavonic] вѣтвь [Russian] венец [Old Church Slavonic] вѣньць [Russian] веник [Russian] венок [Pashto] وله [Persian] بید [Old Armenian] գի [Lithuanian] vilti [Czech] vít [German Low German] Wier [Lithuanian] vainikas [Polish] wianek [Latin] vitus [Ancient Greek] ἴτυς [Ancient Greek] οἶσος [Old Irish] imfen [Galician] trasvirar [Galician] envear [Old Irish] arfen [Persian] استویهاد,*weh₁y-,,25,2113
[English] ischemia [Ancient Greek] αἷμα [Indonesian] iskemia,*say-,,3,2114
[Latin] scopa [Old English] sceaft [Ancient Greek] σκήπτω,*skeh₂p-,,3,2115
[Belarusian] мозг [Russian] мозг [Serbo-Croatian] mozak [Czech] mozek [Polish] mózg [Middle English] marow,*mosgʰós,,6,2116
[Albanian] herr [Dutch] frons [Albanian] harmi [Czech] šermovat [English] sharn [Polish] szermierz [Ancient Greek] σκαίρω [Ancient Greek] σκιρτάω,*sker-,,8,2117
[Irish] allas [Old Irish] allas [Scottish Gaelic] allas [Hindi] आटा [Old Armenian] աղամ [Ancient Greek] ἀλέω [Punjabi] ਆਟਾ [Tocharian B] alāᵤ [Tocharian B] alāsk- [Niya Prakrit] 𐨀𐨚,*h₂elh₁-,,10,2118
[Sardinian] sera [Sardinian] sero,*seh₁-ro-,,2,2119
[Northern Kurdish] dest [Central Kurdish] دەست [Old Persian] 𐎭𐎿𐎫 [Pashto] لاس,*ǵʰóstos,,4,2120
[Serbo-Croatian] strela [Slovak] strela [Slovene] strela [Macedonian] стрела [Russian] стрела [Serbo-Croatian] стрела [Czech] střela [Old Church Slavonic] стрѣла [Polish] strzała [Latvian] strēle,*strel-,,10,2121
[Serbo-Croatian] jebati [Slovene] jebati [Serbo-Croatian] јебати [Slovak] jebať [Ancient Greek] Ζέφυρος [Ancient Greek] οἴφω [Macedonian] ебе [Pashto] غوول [Lower Sorbian] jebaś [Slovincian] jåbac [English] Zephyrette [Sanskrit] यभ् [Ancient Greek] ζόφος [Tocharian B] yäp- [Old Church Slavonic] ебати,*h₃yebʰ-,,15,2122
[English] brit [Westrobothnian] brut [Swedish] bryta [Icelandic] breyta [Latin] frit [Galician] britar [Latin] frutex [Albanian] brydhët [Norwegian Bokmål] abborbråte,*bʰrewd-,,9,2123
[Russian] время [Old East Slavic] веремѧ,*wertmen,,2,2124
[Old English] hosp [French] houspiller,*kūd-,,2,2125
[Latin] dico [Norwegian Bokmål] abdisere [Norwegian Bokmål] abdikasjon [Norwegian Bokmål] abdisering,*deyḱ-s,,4,2126
[Westrobothnian] hu [Swedish] hud [Faroese] húð [Icelandic] húð [Old Norse] húð,*kuHtis,,5,2127
[Polish] koń [English] hind [Slovak] kôň [Lower Sorbian] kóń [Upper Sorbian] kóń [Silesian] kůń [Ancient Greek] κεμάς [Sanskrit] शम,*ḱem-,,8,2128
[Bulgarian] вечер [Macedonian] вечер [Russian] вечер [Serbo-Croatian] вечер [Esperanto] vespero [Ido] vespero [Czech] večer [Serbo-Croatian] večer [Slovak] večer [Slovene] večer [Polish] wieczór [Scottish Gaelic] feasgar [Upper Sorbian] wječor [Belarusian] вечар [Ukrainian] вечір [Lower Sorbian] wjacor [Latvian] vakars [Manx] fastyr [Old Irish] fescor [Gallo] vépreil,*wekʷsperos,,20,2129
[German] scheren [English] har [Latin] cardo [German] schier [Italian] scherzare [Lithuanian] skėrys,*(s)kerd-,,6,2130
[German] Rahmen [Polish] rama,*rem(w)-,,2,2131
[English] Dover [Middle Welsh] dwfyr,*dʰubrós,,2,2132
[Estonian] iva [Finnish] jyvä [Hindi] जौ [Scottish Gaelic] eòrna [Finnish] eväs [Sanskrit] यव [Shina] یو [Lithuanian] javas [Irish] eorna [Kalasha] žo [Ancient Greek] ζειά [Old Armenian] ջով,*yéwos,,12,2133
[Latin] bitumen [Scottish Gaelic] bìth,*gʷétu,,2,2134
[Ancient Greek] κλέος [Kashubian] słowo [Lower Sorbian] słowo [Old Polish] słowo [Polish] słowo [Upper Sorbian] słowo [Scottish Gaelic] cliù [Ancient Greek] Κλεάνωρ [Belarusian] слова [Irish] clú [Old Irish] clú [Welsh] clyw [Sanskrit] श्रवस् [Albanian] shquaj [Mycenaean Greek] 𐀐𐀩𐀺,*ḱléwos,,15,2135
[German] Kalb [Icelandic] kálfur [Faroese] kálvur [Norwegian Bokmål] kalv [Norwegian Nynorsk] kalv [Swedish] kalv,*gʷolbʰo-,,6,2136
[Latin] repo [Persian] رفتن [English] reptatorial [Aghwan] 𐕙𐔰𐕡,*h₁reh₁p-,,4,2137
[Sanskrit] कृष्ण [Albanian] sorrë [Finnish] harjus [Old Church Slavonic] чрьнъ [Serbo-Croatian] crn [Old Prussian] kirsnan [Lithuanian] kirsnas [Serbo-Croatian] црн [Pali] kaṇha [Kalasha] kríṣna [Gandhari] 𐨐𐨁𐨮𐨸 [Torwali] کیِݜن [Gujarati] કૃષ્ણ,*kr̥snós,,13,2138
[Latin] pinna [Sanskrit] स्फ्य,*(s)piHn-,,2,2139
[Finnish] ansa [Latin] ansa [Lithuanian] ąsa,*h₂emseh₂,,3,2140
[Norwegian Bokmål] grill [Latin] cratis,*kr̥tis,,2,2141
[Romanian] ara [Portuguese] arar [Spanish] arar [Italian] arare [Dutch] eren [Middle Dutch] eren [Polish] orać [Old Norse] erja [Gothic] 𐌰𐍂𐌾𐌰𐌽 [Old Irish] airid [Welsh] aredig,*h₂éryeti,,11,2142
[English] bawl [Latin] baubor,*bau-,,2,2143
[Faroese] hundur [Icelandic] hundur [Old Norse] hundr,*ḱʷn̥tós,,3,2144
[Faroese] hestur [Norwegian Bokmål] hest [English] henchman [Persian] خنگ [Norwegian Bokmål] hestkuk,*ḱanḱest-,,5,2145
[English] gravamen [Tocharian B] kärweñe [Tocharian A] kärwañ,*gʷreh₂-,,3,2146
[English] mizzle [Faroese] míga [Icelandic] míga [Lithuanian] myžti,*meiǵʰ-,,4,2147
[Latin] Ceres [Polish] Ceres,*ḱerēs,,2,2148
[Latin] peto [Ancient Greek] πετεινός [Greek] πετεινός [Sanskrit] पतति [Ancient Greek] πέτομαι [Indonesian] patri [Greek] πτηνό [Welsh] ehedydd [Greek] ιπτάμενος [Greek] πετάω [Ancient Greek] ἵπταμαι [Greek] ίπταμαι,*péth₂eti,,12,2149
[Italian] bruno [Romansch] brin [Old English] beorma [Romansch] bregn [Romansch] brün [Albanian] bjerr [Albanian] burbuqe [Corsican] brunu,*bher-,,8,2150
[Czech] myslet [Serbo-Croatian] мислити [Serbo-Croatian] misliti [Ancient Greek] μῦθος,*muHdʰ-,,4,2151
[Old English] har [Latvian] ciets,*key-,,2,2152
[Russian] первый [Kashubian] piérwi [Bulgarian] първи [Old Polish] pierwy,*pr̥h₂wós,,4,2153
[Swedish] nog [Ancient Greek] φέρω [Old English] genog [German] genug [Old Norse] gnógr [German] genügen [Albanian] kënaq [Latin] nanciscor,*h₂eh₂nóḱe,,8,2154
[English] orzo [Italian] orzo [Romanian] orz [French] orge [Galician] orxo [Latin] hordeum [Latin] horreum [Old Portuguese] orjo,*ǵʰr̥sdeyom,,8,2155
[English] kipe [Icelandic] kippa [German Low German] Kiepe [Saterland Frisian] Kiepe [Ossetian] зилын [Danish] kejte,*gey-,,6,2156
[Tajik] на [Yagnobi] на,*né,,2,2157
[Old Polish] sok [Polish] sok [Serbo-Croatian] sok [Slovene] sok,*sokʷós,,4,2158
[Icelandic] kol [Indonesian] kol [Norwegian Nynorsk] kol [Old Norse] kol [Swedish] kol [Afrikaans] kool [Dutch] kool [Norwegian Bokmål] kull,*gʷol-,,8,2159
[Czech] starý [Slovak] starý [Old Norse] stórr [Lithuanian] storas,*steh₂-ro-,,4,2160
[German] strack [Dutch] strak [Old English] stræc [Old English] stræc,*streg-,,4,2161
[German] Knie [Turkish] Cenova,*ǵnéwo-,,2,2162
[English] thereabout [Tocharian B] yapoy [Tocharian A] ype [Sanskrit] आपयति,*h₁ep-,,4,2163
[Latin] aetas [Ancient Greek] ἀεί [Welsh] oes [Irish] aois [Ancient Greek] αἶνος,*h₂ey-,,5,2164
[Latin] aut [Ligurian] ò,*h₂ewti,,2,2165
[English] ming [Old English] gemang [Latvian] mīksts,*menk-,,3,2166
[English] Uranian [Sanskrit] वर्षा [Sanskrit] वर्षति [Assamese] বৰষ [Khowar] بوۨشىک,*h₁wers-,,5,2167
[Faroese] mis- [Icelandic] mis- [Old Norse] mis-,*mitto,,3,2168
[Faroese] rapa [Swedish] rapp [Icelandic] hrapa,*krb(ʰ)-,,3,2169
[English] murk [English] murk [English] murk [Galician] mero [Serbo-Croatian] мрак [Serbo-Croatian] mrak [Ancient Greek] μαυρός [Galician] morca [Albanian] marrtë [Albanian] marrtë,*mergʷ-,,10,2170
[Latin] septuaginta [Old Armenian] եօթանասուն,*septḿ̥dḱomt,,2,2171
[Portuguese] setenta [Spanish] setenta [French] septante [Italian] settanta [Catalan] setanta [Sardinian] setanta,*septm̥̄ḱomt,,6,2172
[Portuguese] cela [Italian] cella [Classical Syriac] ܩܠܐ,*ḱelnā,,3,2173
[Latin] cortex [Russian] через [Russian] чрез,*(s)kert-,,3,2174
[English] lede [Norwegian Nynorsk] lyd [English] leud [Alemannic German] Lüüt [Old Norse] lýðr,*h₁léwdʰis,,5,2175
[Italian] seta [French] soie [Catalan] seda [Portuguese] seda [Spanish] seda [Latin] saeta,*séh₂ito-,,6,2176
[Latvian] kraut [Old Church Slavonic] крꙑти [Czech] krýt [Lithuanian] krovinys,*krewH-,,4,2177
[English] scherzo [Italian] scherzo,*(s)kerǝd-,,2,2178
[Danish] rug [Norwegian Bokmål] rug [Norwegian Nynorsk] rug [Hungarian] rozs [Serbo-Croatian] raž [Slovak] raž [Serbo-Croatian] раж [Old High German] rocko [Old Norse] rugr [Old English] ryge [Russian] рожь [Faroese] rugur [Icelandic] rúgur [Swedish] råg [Westrobothnian] råg [Slovene] rž [Bulgarian] ръж,*wrugʰyo-,,17,2179
[Old High German] amma [Old Norse] amma,*amma,,2,2180
[Old Irish] á [Latvian] osta [Sanskrit] आस् [Lithuanian] uostas [English] orature,*h₁óh₃s,,5,2181
[English] clump [Afrikaans] klomp [Dutch] klomp [English] clomp [Albanian] gjemb [German] Klumpen,*glembʰ-,,6,2182
[Faroese] eitur [Swedish] etter [Westrobothnian] eiter,*h₂oyd-,,3,2183
[Faroese] elska [Old Norse] elska [Old Norse] elgr [English] Alaunus,*el-,,4,2184
[Faroese] fagur [Icelandic] fagur [Old Norse] fagr [English] vang [Norwegian Bokmål] fager [Norwegian Nynorsk] fager [Swedish] fager [Westrobothnian] fager,*ph₂ḱ-,,8,2185
[Old Norse] gamall [English] eld [Old English] eald,*h₂eltós,,3,2186
[Swedish] hitta [English] hote,*keyd-,,2,2187
[Bulgarian] без [Russian] без [Ukrainian] без [Polish] bez [Slovak] bez [Slovene] brez [Polish] beze [Slovak] bezo,*bʰeǵʰ-,,8,2188
[Faroese] maður [Icelandic] maður,*mánu-,,2,2189
[Welsh] mynd [English] mantle [Breton] mont [Norman] manté [Latin] mantum [Middle Welsh] mynet,*menH-,,6,2190
[Icelandic] sjálfur [Old Norse] sjalfr [German] selbst [Dutch] zelf [Faroese] sjálvur [Swedish] själv [Norwegian Bokmål] selv [Norwegian Nynorsk] sjølv [English] silf [Dutch] zelf- [Norwegian Nynorsk] sjølv’u [Norwegian Nynorsk] sjav’e,*selbʰ-,,12,2191
[Faroese] súpa [Old English] supan [West Flemish] zop,*sewb-,,3,2192
[Icelandic] sætur [Dutch] zoet [Old English] swete [Swedish] söt [Westrobothnian] syt [Faroese] søtur [Norwegian Bokmål] søt [Westrobothnian] søt [Swedish] sött [Danish] sød [Gaulish] suados [Afrikaans] soet [Pennsylvania German] siess [Old Norse] sǿtr [Old Swedish] söter,*sweh₂dus,,15,2193
[Faroese] tími [Icelandic] tími [Old Norse] tími,*tī-,,3,2194
[Icelandic] fet [Hittite] 𒁉𒂊𒁕𒀭 [Ancient Greek] πέδον [Old Armenian] հետ [Swedish] fjät,*pedóm,,5,2195
[Old Norse] við [Old English] wiþþe,*weyt-,,2,2196
[Old Norse] við [Middle Dutch] weder [Transylvanian Saxon] weder [Russian] второй [Old Church Slavonic] въторъ,*wi-tero-,,5,2197
[Faroese] leggur [Icelandic] leggur,*(H)lak-,,2,2198
[Icelandic] snúa [Old Norse] snúa [English] sny [Scottish Gaelic] snàthad [Irish] snáthaid [Welsh] nodwydd,*sneh₁-,,6,2199
[Faroese] ætla [Icelandic] ætla [English] ettle,*ok-,,3,2200
[German] schweben [Latin] supo [Yiddish] שוועבן [Gothic] 𐌼𐌹𐌳𐌾𐌰𐍃𐍅𐌴𐌹𐍀𐌰𐌹𐌽𐍃,*ksweybʰ-,,4,2201
[Old English] tir [Latvian] daiļš [Old Norse] tírr,*dey-,,3,2202
[Old English] guþ [Old Norse] gunnr [Sanskrit] हति,*gʷʰéntis,,3,2203
[Breton] maro [Irish] marbh [Scottish Gaelic] marbh [Old Irish] marb,*mr̥wós,,4,2204
[Kazakh] хром [English] grist [French] regretter [Middle French] regretter [Catalan] crom,*gʰrew-,,5,2205
[Latin] cedo [Norwegian Bokmål] aksessoar,*ḱye,,2,2206
[German] springen [Icelandic] springa [Swedish] springa [Yiddish] שפּרינגען [Ancient Greek] σπέρχω,*sprenǵʰ-,,5,2207
[Norman] tither [Cebuano] tiro [Middle French] tirer [Cebuano] tira [French] attirer,*derə-,,5,2208
[Northern Kurdish] mî [Old Prussian] moasis,*móysos,,2,2209
[Albanian] mund [Albanian] mund [Albanian] mund,*meHndʰ-,,3,2210
[Indonesian] verano [Spanish] verano [Danish] vår [Swedish] vår [Old Norse] vár [Romanian] vară [Scots] voar [Old Armenian] գարուն [Greek] έαρ [Portuguese] verão [Old Church Slavonic] весна [Ancient Greek] ἔαρ [Sardinian] veranu [Sardinian] beranu,*wésr̥,,14,2211
[English] cadence [Portuguese] cair [Walloon] tchair,*ḱad-,,3,2212
[Pohnpeian] ain [Manx] yiarn [Gothic] 𐌴𐌹𐍃𐌰𐍂𐌽,*h₁ēsh₂r̥no-,,3,2213
[German] Trauer [Hunsrik] Trauer [Luxembourgish] Trauer [English] dreary [Old English] dreor [Dutch] treurig [Ancient Greek] θρυλίσσω,*dʰrews-,,7,2214
[German] dunkel [Yiddish] טונקל,*dʰengʷ-,,2,2215
[Faroese] øks [Norwegian Bokmål] øks [Icelandic] öxi [Swedish] yxa [Ancient Greek] ἀξίνη [Danish] økse [Old Norse] øx [Westrobothnian] iks,*h₂egʷs-ih₂-,,8,2216
[Danish] ørn [Faroese] ørn [Icelandic] örn [Swedish] örn,*h₃or-no-,,4,2217
[German] Morgen [Low German] Morgen [Greek] μόλυβδος [Polish] morga [Ancient Greek] μάρπτω [Low German] Morrn [Polish] mórg,*merkʷ-,,7,2218
[Faroese] hors [Middle English] hors [Serbo-Croatian] гусар [Faroese] ross [Serbo-Croatian] gusar,*kers-,,5,2219
[Latin] lenis [Latin] letum [Galician] lousa [Portuguese] lousa [Scottish Gaelic] tàrlaidh [Irish] tarlaigh [Lithuanian] lėnas [Old Irish] adcomla [Old Irish] foceird [Latgalian] lāns [Lithuanian] lėtas,*leh₁-,,11,2220
[English] scree [Latin] criso [Old Norse] hreiðr,*(s)kreyt-,,3,2221
[Serbo-Croatian] kolo [Slovene] kolo [Russian] колесо [Ukrainian] колесо [Romanian] caleașcă,*kʷekʷlom,,5,2222
[English] stipend [Italian] pendere [French] pendre [Old English] spann [Portuguese] pender [Spanish] pender [Old English] finta [Middle English] spanne [French] épanouir [English] vilipend [French] empan [German] Spanne,*(s)pend-,,12,2223
[Latin] cara [Ancient Greek] κάρα [English] harns [Sanskrit] शीर्षन्,*ḱérh₂sō,,4,2224
[Old English] blæd [English] emblement [Old French] blet,*bhlēdh-,,3,2225
[Swedish] fyr [Portuguese] fona,*ph₂wṓr,,2,2226
[English] languid [English] languor [Latin] lactes [English] lask [Latin] langueo [Old English] slæc,*(s)leg-,,6,2227
[English] puri [English] necropolis [English] poliorcetics [Sanskrit] पुर् [Greek] πολιορκητικός [Balinese] ᬧᬸᬭᬷ [Old Javanese] purī,*tpelH-,,7,2228
[Serbo-Croatian] zlato [Serbo-Croatian] злато,*ǵʰólh₃tom,,2,2229
[Russian] сыр [Yiddish] זויער,*suHrós,,2,2230
[English] throng [Swedish] trång [German] Drang [Old High German] dringan [English] thring,*trenkʷ-,,5,2231
[English] micturate [Ancient Greek] ὀμείχω [Latin] meio [Albanian] përmjerr [Middle Dutch] migen [Sanskrit] मीढ,*h₃meyǵʰ-,,6,2232
[Norwegian Bokmål] bilde [Norwegian Bokmål] -else [Norwegian Bokmål] billed- [Norwegian Bokmål] billed-ABC [Norwegian Bokmål] billed-abc [Norwegian Bokmål] bilde- [Norwegian Bokmål] anelse,*-ih₂,,7,2233
[Norwegian Nynorsk] drage [Norwegian Bokmål] dra [Norwegian Nynorsk] dra [Swedish] dra [Westrobothnian] dragas [English] dretch [Low German] dregen [Gutnish] dräga,*dʰreǵ-,,8,2234
[Old English] mænan [English] mean [Polish] mienić,*meyn-,,3,2235
[Latin] laevus [Macedonian] лев [Esperanto] liva [Ancient Greek] λαιός [Lower Sorbian] lěwy,*leh₂iwos,,5,2236
[Norwegian Bokmål] leve [Faroese] liva,*leip-,,2,2237
[English] Winchester [Albanian] vë [Latin] Venta,*h₁wen-,,3,2238
[Latin] quot [Ancient Greek] πόσος [Greek] πόσος [Hindi] कति [Nepali] कति [Sanskrit] कति [Indonesian] kuotum [Urdu] کتی,*kʷoti,,8,2239
[Tocharian B] ost [Tocharian A] waṣt,*weh₂s-,,2,2240
[Latin] nosco [Albanian] njeh,*ǵn̥h₃sḱéti,,2,2241
[Sanskrit] दर्पण [Assamese] দাপোণ,*derp-,,2,2242
[Albanian] im [Albanian] imtë [Albanian] imtash,*is,,3,2243
[Irish] im [Scottish Gaelic] ìm [Old Irish] imb [Latin] unguen,*h₃engʷen-,,4,2244
[Norwegian Bokmål] Kristiansund [Norwegian Bokmål] Haugesund [Norwegian Bokmål] sund [Norwegian Bokmål] Egersund,*swm̥tóm,,4,2245
[Serbo-Croatian] ceo [Serbo-Croatian] cio [Serbo-Croatian] цио [Serbo-Croatian] цео,*koylos,,4,2246
[Latin] neco [English] nectar [English] necropolis [Latin] nex [Italian] annegato [Persian] گناه [Irish] éag [Scottish Gaelic] eug [Old Portuguese] nozir [Ancient Greek] νέκυς [Ancient Greek] νέκταρ [Sanskrit] नश् [Tocharian B] näk- [Bengali] গুনাহ,*neḱ-,,14,2247
[Latin] iubeo [Sanskrit] युद्ध [Albanian] josh [Assamese] যুঁজ [Hindi] जूझना [Sanskrit] युध्यते [Assamese] যুঁজা [Early Assamese] যুঝ [Sanskrit] युध्य [Sanskrit] युध् [Konkani] झूंज [Sanskrit] योद्धृ [Sanskrit] योध्य,*Hyewdʰ-,,13,2248
[Latin] rapio [Ancient Greek] ἐρέπτομαι [Albanian] rrjep [Galician] rauto,*h₁rep-,,4,2249
[Pali] kisa [Indonesian] kurus [Sanskrit] कृश,*kr̥ḱós,,3,2250
[Spanish] daño [Romanian] daună [Portuguese] dano,*dh₂pnom,,3,2251
[Albanian] ato [Albanian] ata,*ḱís,,2,2252
[Latin] ops [Norwegian Bokmål] offiser [Norwegian Bokmål] ABC-offiser [Norwegian Bokmål] abc-offiser [English] Ops,*h₃ep-(i)-,,5,2253
[Lithuanian] pati [Sanskrit] पत्नी [Mycenaean Greek] 𐀡𐀴𐀛𐀊 [Prakrit] 𑀧𑀢𑁆𑀢𑀻,*pótnih₂,,4,2254
[Serbo-Croatian] gaz [Serbo-Croatian] газ,*gʷā-,,2,2255
[Cornish] perna [Persian] خریدن [Caló] quinar [Middle Cornish] prena [Welsh] prynu [Old Irish] crenaid [Breton] prenañ [Sanskrit] क्रीणाति [Assamese] কিন,*kʷrinéh₂ti,,9,2256
[Latin] perna [Sanskrit] पार्ष्णि [Ancient Greek] πτέρνη [Gothic] 𐍆𐌰𐌹𐍂𐌶𐌽𐌰 [Persian] پاشنه [Kalasha] paṣní [Dutch] verzen,*tpḗrsneh₂,,7,2257
[German] Blick [Luxembourgish] Bléck,*bʰleyg-,,2,2258
[Latin] fallo [Ancient Greek] σφάλλω,*(s)gʷʰh₂el-,,2,2259
[Galician] pobreza [Portuguese] pobreza,*pau-,,2,2260
[Portuguese] padecer [Dutch] passie,*pe(i)-,,2,2261
[Spanish] hombro [Old Armenian] ուս [Romanian] umăr [Galician] ombro [Ladino] ombro [Old Spanish] ombro [Portuguese] ombro [Latin] umerus [Portuguese] úmero [Gothic] 𐌰𐌼𐍃,*h₃émsos,,10,2262
[Latin] miror [Latin] mirus,*sméyros,,2,2263
[Portuguese] máquina [Cebuano] madyik,*meh₂gh-,,2,2264
[Old English] hruse [Indonesian] kristal [Finnish] rouhia [Irish] criostal [Latvian] krusa [Persian] رخنه,*krus-,,6,2265
[English] cinder [Ancient Greek] ἄνθραξ [Old English] sinder [German] Sinter,*sendʰro-,,4,2266
[Old English] geap [Albanian] gaboj,*gʰeub(ʰ)-,,2,2267
[Norwegian Bokmål] -ig [English] -ic [Indonesian] -ik,"*-kos, *-ḱos",,3,2268
[English] Gael [Irish] Gael [Welsh] Gwynedd [Old Armenian] վայր [Old Irish] Goídel [Lithuanian] vidus [Breton] Gouezel,*weydʰ-,,7,2269
[Russian] дно [Ukrainian] дно,*dʰubnos,,2,2270
[Old English] dæl [Old Church Slavonic] долъ,*dʰal-,,2,2271
[Albanian] fink [French] pinson [Sanskrit] फिङ्गक [Assamese] ফিঙ [Assamese] ফিঙা,*(s)pingos,,5,2272
[Spanish] colina [Italian] collina [Venetian] cołina [Dutch] hil [Friulian] culine,*kolən-,,5,2273
[Albanian] bli [Albanian] bli,*bʰlen-,,2,2274
[Old English] hæft [German] -haft [Welsh] caeth [Irish] cacht [Old Irish] cacht,*kh₂ptós,,5,2275
[Norwegian Bokmål] Finnmark [Old Irish] mruig [Norwegian Bokmål] Troms og Finnmark,*morǵ-,,3,2276
[Irish] brod [Manx] brod [Scottish Gaelic] brod [Welsh] brath,*bʰresdʰ-,,4,2277
[Russian] который [Alemannic German] weder [Latin] uter [Polish] który [Kashubian] chtëren [Lower Sorbian] kótary [Sanskrit] कतर [Ancient Greek] πότερος [Slovak] ktorý [Latvian] katrs [Upper Sorbian] kotryž [Silesian] kery [Old Church Slavonic] которꙑи [Old Church Slavonic] котерꙑи,*kʷóteros,,14,2278
[English] cudgel [Dutch] kogel,*gewgʰ-,,2,2279
[Finnish] vilja [Estonian] vili,<!-- *wil(i)jo- -->,,2,2280
[English] grapple [French] grappe [French] grappin [Albanian] zgrip,*grep-,,4,2281
[Old Norse] hljóð [Old Danish] liud,*ḱlew-to-,,2,2282
[Norwegian Bokmål] eik [Norwegian Bokmål] Egersund,*h₂éyǵs,,2,2283
[Welsh] hel [Old Irish] selg [Persian] هشتن [Old Armenian] արձակ [Sanskrit] विसर्ग,*selǵ-,,5,2284
[Swedish] orka [Westrobothnian] gvórk,*wṛǵ-,,2,2285
[Icelandic] björk [Swedish] björk [Czech] bříza [Faroese] bjørk [Norwegian Bokmål] bjørk [Norwegian Nynorsk] bjørk [Latvian] bērzs [Lower Sorbian] brjaza [Belarusian] бяроза [Old Prussian] berse [Luxembourgish] Bierk,*bʰerHǵs,,11,2286
[Sanskrit] क्षालयति [Old Norse] skola,*kʷsel-,,2,2287
[Irish] bodhar [Scottish Gaelic] bodhar [Breton] bouzar [Old Irish] bodar [Manx] bouyr [Sanskrit] बधिर [Welsh] byddar,*bʰodʰHrós,,7,2288
[Old French] brachet [Middle English] rache [Spanish] braco [Old Irish] braigid,*bʰreh₂g-,,4,2289
[Indonesian] lamina [Latin] lamina,*stelh₃-,,2,2290
[French] honte [English] hean [English] hean [Albanian] keq,*kaw-,,4,2291
[Malay] eka- [Malay] eka [Kashmiri] اۆگُن,*óykos,,3,2292
[Malay] eka- [Persian] یک [Ancient Greek] οἶος [Persian] ـی,*óywos,,4,2293
[English] sark [Swedish] särk,*swerg-,,2,2294
[Catalan] fama [Italian] fama [Romanian] faimă,*bʰeh₂-mā-,,3,2295
[Portuguese] fama [Spanish] fama,*bheh₂-mā-,,2,2296
[Latin] bebo [Latin] balo,*bē-,,2,2297
[Greek] αδελφός [Sanskrit] स [Hindi] हज़ार [Baluchi] ہزار [Urdu] ہزار [Persian] هزار [Greek] αδελφή [Parthian] 𐫍𐫀𐫖𐫍𐫏𐫡𐫉 [Russian] су- [Bengali] হাজারী,*sm̥-,,10,2298
[Irish] inis [Old Irish] inis [Ancient Greek] νειός,*en-,,3,2299
[English] siphon [Latin] sipho,*twi-,,2,2300
[English] Dagda [Old Irish] Dagdae,*dʰagʰo-,,2,2301
[Italian] articolo [Ancient Greek] ἀρτύς,*h₂r̥tús,,2,2302
[English] raffle [French] déraper [Cebuano] rapol,*(s)kreb(h)-,,3,2303
[Latin] miser [Ancient Greek] μῦθος [Hindi] मिथ्या [Ancient Greek] μῖσος [Latin] maereo [Assamese] মিছা [Bengali] মিছা,*mēwdʰ-,,7,2304
[Old French] tirer [Serbo-Croatian] дерати,*derH-,,2,2305
[Lithuanian] kasa [Portuguese] castro [Albanian] korr [Old Prussian] kexti [English] hards [Ancient Greek] ξύλον [Old Irish] cír [Dutch] zier [English] ciron [Icelandic] haddur [Czech] kostrč [Norwegian Bokmål] Hallingdal,*kes-,,12,2306
[Faroese] alda [Icelandic] alda,*Holdʰ-,,2,2307
[Dutch] zoeken [Afrikaans] soek [Latin] sagio [Greek] οδηγός [Manx] ynsee [Old Saxon] sokian [Norwegian Bokmål] søke [Alemannic German] sueche [Norwegian Bokmål] abortsøkende [Norwegian Bokmål] abortsøker [Ancient Greek] ὁδηγός [Old Norse] sǿkja,*séh₂gyeti,,12,2308
[Indonesian] ikura [Hungarian] ikra [Polish] ikra [Serbo-Croatian] ikra [Slovak] ikra [Macedonian] икра [Russian] икра [Serbo-Croatian] икра [Romanian] icre,*ikʷ(e)r-,,9,2309
[Indonesian] ikura [Old Ruthenian] икра [Persian] جگر [Latin] iecur [Sanskrit] यकृत् [Ancient Greek] ἧπαρ [Italian] epa [Old Armenian] լեարդ [Greek] ήπαρ [Latin] gigeria [Serbo-Croatian] džigerica [Serbo-Croatian] џигерица [Kalasha] žạ́ŋgu [Prakrit] 𑀚𑀕 [Sindhi] जेरो,*Hyékʷr̥,,15,2310
[Dutch] midden [German] Mitte [Old High German] mitti [Old Norse] miðr [Icelandic] miður [Portuguese] média [Portuguese] metade [Portuguese] meia [English] mediant [Gothic] 𐌼𐌹𐌳𐌾𐌹𐍃,*medʰyo-,,10,2311
[Old High German] liska [French] laîche [Albanian] lerë,*leu,,3,2312
[Icelandic] vega [Old Norse] vega [Danish] veje [Swedish] väga,*wéǵʰe-,,4,2313
[English] debauch [Swedish] bjälke,*bhelg-,,2,2314
[Swedish] äga [Swedish] äga,*eik-,,2,2315
[English] newest [Kamkata-viri] nūštař [Kamkata-viri] nūštrak,*néwisth₂os,,3,2316
[Persian] کس [Lithuanian] kūšys [Sanskrit] कुक्षि [Pashto] کوس [Kalasha] kuč,*kuḱis,,5,2317
[Latin] caballus [Ancient Greek] καβάλλης,*kebʰ-,,2,2318
[Italian] maggiore [Gallurese] magghjori,*m̥ǵh₂yós,,2,2319
[Kashubian] noga [Lower Sorbian] noga [Polish] noga [Polish] noga [Serbo-Croatian] noga [Slavomolisano] noga [Slovene] noga [Central Kurdish] نینۆک [Baluchi] ناہن [Baluchi] ناکن [Tocharian B] mekwa [Kashubian] nokc,*h₃nṓgʰs,,12,2320
[Ancient Greek] πνεῦμα [Albanian] frymë,*pnéwmn̥,,2,2321
[English] thud [Old English] þeon [Old English] þeowan,*tūk-,,3,2322
[Old Irish] luid [Ancient Greek] ἦλθον [Old Irish] téit,*h₁ludʰét,,3,2323
[Swedish] ärm [Old Norse] ermr,*h₂erm-i(e)h₂-,,2,2324
[Old Irish] coll [Old Norse] hasl,*koselos,,2,2325
[Dutch] bijten [Afrikaans] byt,*bʰéydt,,2,2326
[Afrikaans] vroeg [Dutch] vroeg [German] früh,*proh₁-,,3,2327
[Dutch] koorts [Hindi] जलना [Irish] gual [Scottish Gaelic] gual [Torwali] جلو [Manx] geayl [Middle Irish] gúal [Persian] زغال [Konkani] जळ्चे [Tocharian B] śoliye,*ǵwelH-,,10,2328
[German] noch [Yiddish] נאָך,*nū-kʷe-,,2,2329
[Old Irish] noch [Manx] croo [Irish] cruth [Old Irish] cruth,*,,4,2330
[Venetian] lach [Serbo-Croatian] локва,*lokus,,2,2331
[Dutch] snijden [Icelandic] sneiða [Icelandic] sníða [Swedish] snida [English] snithe [Yiddish] שנײַדן [Limburgish] snieje,*sneyt-,,7,2332
[Afrikaans] vreemd [Dutch] vreemd,*perəm-,,2,2333
[Latin] gallus [Albanian] gjuhë,*gols-o-,,2,2334
[English] frith [Yiddish] פֿרײַנד [Hunsrik] Freind,*prēy-,,3,2335
[English] housel [English] housel [Romanian] sfânt [Polish] święty [Russian] святой [Old English] husl [Latvian] svēts [Lithuanian] šventas,*ḱwen-,,8,2336
[English] jaunce [Old Norse] gapa [Ancient Greek] χάσκω [Tocharian B] kāyā,*ǵʰeh₂-,,4,2337
[Dutch] genezen [Ancient Greek] ναός [Ancient Greek] νόστος [Ancient Greek] ναίω [Ancient Greek] νέομαι [Ancient Greek] νόσφι [Ancient Greek] ναιετάω [Ancient Greek] Νέητον [Ancient Greek] νᾱϝός,*nes-,,9,2338
[Greek] φως [Greek] φωτιά [Ladino] fota [Ancient Greek] φάος,*bʰéh₂os,,4,2339
[Italian] calvo [Portuguese] calvo [Spanish] calvo [Catalan] calb [Cebuano] kalabera,*klh₂wós,,5,2340
[Ancient Greek] πόλις [Greek] πόλη [Ancient Greek] πτόλις [Norwegian Bokmål] abderitt [Norwegian Bokmål] abderittisk,*tpólHis,,5,2341
[Ancient Greek] στόμα [Greek] στόμα,*stomn̥,,2,2342
[Ancient Greek] ἐρυθρός [Italian] rubino [Italian] robusto [Portuguese] robusto [Spanish] robusto [Italian] rovere [Latin] ruber [Sanskrit] रुधिर [Italian] rubro [Walloon] rodje [Ligurian] rôe [Corsican] rubru,*h₁rudʰrós,,12,2343
[Ancient Greek] βάρβαρος [Latin] blatero [Latin] balbus [Albanian] belbët,*balb-,,4,2344
[Ancient Greek] ἡμέρα [Old Armenian] օր [Greek] ημέρα [Ancient Greek] ἦμαρ,*h₂eh₃mr̥,,4,2345
[Ancient Greek] σάρξ [English] retrenchment [Latin] truncus [Welsh] twrch,*twerḱ-,,4,2346
[English] Niall [Latvian] naids [Old Armenian] անիծանեմ [Sanskrit] निन्दा [Sanskrit] निद्,*h₃neyd-,,5,2347
[Ancient Greek] δεξιός [Greek] δεξιός [Lithuanian] dešinė [Hindi] दक्षिण [Marathi] दक्षिण [Hindi] दाहिना [Albanian] djathtë [Gothic] 𐍄𐌰𐌹𐌷𐍃𐍅𐌰 [Gothic] 𐍄𐌰𐌹𐌷𐍃𐍅𐌰 [Kalasha] drã́č̣ụi [Prakrit] 𑀤𑀓𑁆𑀔𑀺𑀡 [Early Assamese] ডাহিন,*deḱs-,,12,2348
[Romanian] arin [German] Erle [Old Norse] elri [Dutch] els [French] alise [Old English] alor [Middle English] aldre [Russian] ольха [Old Norse] ǫlr [Old Norse] elrir [Latgalian] eļksnis,*h₂élis-,,11,2349
[Ancient Greek] ἰχθύς [Latgalian] zivs [Latvian] zivs [Lithuanian] žuvis [Old Armenian] ձուկն [Sudovian] żuwo,*dʰǵʰu-,,6,2350
[Ancient Greek] ἄνθος [Welsh] anner [Albanian] endë [Sanskrit] अन्धस्,*h₂éndʰos,,4,2351
[Ancient Greek] τρέμω [Persian] ترسیدن [Northern Kurdish] tirsîn [Ancient Greek] τρέω [Sanskrit] त्रसति [Ancient Greek] τρήρων,*tres-,,6,2352
[Ancient Greek] εὖ [Irish] so- [Old Armenian] հ- [Sanskrit] सु- [Irish] eo- [Telugu] సు- [Avestan] 𐬵𐬎 [Ancient Greek] ἐΰς [Ancient Greek] ἐσθλός [Avestan] 𐬵𐬎𐬨𐬀𐬥𐬀𐬵 [Welsh] hy-,*h₁su-,,11,2353
[Ancient Greek] τεσσαράκοντα [Greek] σαράντα [Cebuano] kwarenta,*kʷetwr̥̄ḱomt,,3,2354
[Ancient Greek] ξηρός [Hindi] क्षार [Latin] seresco [Northern Kurdish] kizir,*kseros,,4,2355
[Ancient Greek] ἀήρ [Ancient Greek] ἦρι,*h₂ewsḗr,,2,2356
[Ancient Greek] ψύχω [Ancient Greek] ψάω [Albanian] badër [Ancient Greek] ψόφος [Sanskrit] प्साति,*bʰes-,,5,2357
[Ancient Greek] ὑγιής [Greek] υγεία,*h₂yu-gʷih₃-,,2,2358
[Ancient Greek] ῥήγνυμι [Ancient Greek] ῥωχμός [Ancient Greek] ῥώξ,*wreh₁ǵ-,,3,2359
[Ancient Greek] τριάκοντα [Latin] triginta [Sanskrit] त्रिंशत् [Avestan] 𐬚𐬭𐬌𐬯𐬀𐬙,*tridḱómt,,4,2360
[Ancient Greek] καρπός [English] Carpathians,*kʷerp-,,2,2361
[Ancient Greek] θέρος [Polish] żar [Old Armenian] ջեր [Sanskrit] हरस्,*gʷʰéros,,4,2362
[Ancient Greek] ὀρχέομαι [Ancient Greek] ἔρχομαι [Greek] έρχομαι,*h₁ergʰ-,,3,2363
[Ancient Greek] πεντήκοντα [Greek] πενήντα,*penkʷēḱomth₂,,2,2364
[English] tvorog [Persian] ترخینه,*twerH,,2,2365
[Tocharian A] kus [Tocharian B] kᵤse,*kʷusó,,2,2366
[Galician] rapar [Portuguese] rapar [Old French] ramper,*(s)kreb-,,3,2367
[Ancient Greek] ἔθω [Latin] soleo,*swe-dʰh₁-,,2,2368
[Ancient Greek] βάθος [Ancient Greek] βαθύς,*gʷeh₂dʰ-,,2,2369
[Ancient Greek] δέω [Mycenaean Greek] 𐀆𐀆𐀕𐀜,*deh₁-,,2,2370
[Sanskrit] आराम [Persian] آرام [Old Armenian] Արամ [Ancient Greek] ἔραμαι [Persian] پدرام [Lithuanian] rimti [Sanskrit] रम् [Persian] بدرام [Lithuanian] rimtas [Avestan] 𐬭𐬀𐬨𐬀𐬌𐬙𐬌,*h₁rem-,,10,2371
[Albanian] bri [Ancient Greek] Βρεντέσιον,*bʰrendos,,2,2372
[Catalan] bri [French] brin [Welsh] brwyn [Spanish] brenca,*bʰrugh-no-,,4,2373
[Finnish] osa [Sanskrit] अंश [Pali] aṃsa,*h₁ónḱos,,3,2374
[Scots] steven [German] Stimme,*stomen-,,2,2375
[Irish] achar [Sanskrit] अश्रि [Ancient Greek] ὄκρις [Latin] ocris [Welsh] ochr [Old Norse] ǫgr,*h₂óḱris,,6,2376
[Dutch] helen [Middle Dutch] helen [Welsh] celu [Latin] occulo [Old Irish] ceilid,*ḱéleti,,5,2377
[English] demiurge [Ancient Greek] δῆμος,*deh₂mos,,2,2378
[English] demiurge [English] epitrachelion [Latin] -ius [Ancient Greek] -ιος [Norwegian Bokmål] aksessoar,*-yós,,5,2379
[English] temporize [Persian] تافتن [Persian] تنبسه,*temp-,,3,2380
[Spanish] pulmón [Romansch] lom [Italian] polmone [French] poumon [Latin] pulmo [Romanian] plămân [Romanian] plămân [Sanskrit] क्लोमन् [Ancient Greek] πλεύμων [Old Spanish] pulmon [Catalan] pulmó [Romansch] lomm,*pléwmō,,12,2381
[Swedish] annan [Low German] anner [Pennsylvania German] anner [Yiddish] אָדער [Latvian] otrs,*ánteros,,5,2382
[English] hame [English] chemise [Old Portuguese] camisa [Old Spanish] camisa [Portuguese] camisa [Ido] kamizo [Latin] camisia [Ido] kamizolo [Persian] سموت [Indonesian] kemeja [Principense] kamiza [Tetum] kamiza [Chavacano] kamisa [Guinea-Bissau Creole] kamisa [Indonesian] kamisa [Kabuverdianu] kamisa [Ladino] kamisa [Tagalog] kamisa,*ḱam-,,18,2383
[Romanian] bărbat [Latin] barbatus,*bʰardʰéh₂tos,,2,2384
[Latin] glis [Sanskrit] गिरि [Arabic] جرذ [Ancient Greek] γαλέη [Galician] leirón,*gl̥h₁éys,,5,2385
[Old Norse] verja [Albanian] vesh [Gothic] 𐍅𐌰𐍃𐌾𐌰𐌽,*woséyeti,,3,2386
[Catalan] carro [Galician] carro [Occitan] carro [Portuguese] carro [Spanish] carro,*ḱr̥s-o-,,5,2387
[English] quern [Middle English] quern [Sanskrit] ग्रावन् [Russian] жёрнов [Lithuanian] girna [Tocharian B] kärweñe [Irish] bró [Old Irish] brao [Tocharian A] kärwañ,*gʷréh₂wō,,9,2388
[Irish] rath [Sanskrit] पुरुष [Latin] pario [Old Irish] ernaid [Ancient Greek] ἔπορον [Welsh] rhad,*perh₃-,,6,2389
[Persian] نماز [Sanskrit] नमस्ते [Latin] nemus [Sanskrit] नमस् [Sanskrit] नमस्कार [Ancient Greek] νέμος [Sanskrit] नमस्कार्य [Sanskrit] नमस्विन् [Sanskrit] नमस्वत्,*némos,,9,2390
[Punjabi] سنگھ [Sanskrit] सिंह [Old Armenian] ինձ [Punjabi] ਸਿੰਘ [Oriya] ସିଂହ,*sinǵʰo-,,5,2391
[Persian] مرد [Old English] morþ [Old Armenian] մարդ [Persian] مرده [Romani] mulo [Old Church Slavonic] мрьтвъ [Northern Kurdish] mêr [Sanskrit] मृत [Erzya] мирде [Bakhtiari] ميره [Hindi] मुआ [Gujarati] મૂઉં [Ancient Greek] μορτός [Marathi] मेले [Avestan] 𐬨𐬆𐬭𐬆𐬙𐬀 [Bengali] মরদ,*mr̥tós,,16,2392
[Romanian] prag [Serbo-Croatian] prag [Old Church Slavonic] прагъ,*porg-o-,,3,2393
[Urdu] موت [Russian] мыть [Rohingya] mut [Czech] mýt [Hindi] मूत [Rajasthani] मूत [Serbo-Croatian] miti [Albanian] mizë [Serbo-Croatian] мити [Kalasha] mútra [Rusyn] мыти [Kashubian] mëc,*muH-,,12,2394
[English] riff [Ancient Greek] πραπίς [Old Armenian] կերպ [Albanian] kurm [Sanskrit] कृपा,*krep-,,5,2395
[Latin] eheu [Sanskrit] अहो,*ehew,,2,2396
[English] steal [Irish] seilide [Sanskrit] त्सर् [Scottish Gaelic] seilche,*tsel-,,4,2397
[Lithuanian] koks [Old Irish] cách [Manx] dagh [Cornish] pob [Welsh] pob [Middle Welsh] pawb,*kʷeh₂-kʷo-,,6,2398
[Spanish] raer [Latin] rado [Romanian] rade [French] raser [Italian] rasare [Catalan] raure,*rh₁d-dʰ-,,6,2399
[Albanian] jap [Albanian] ap,*h₁op-eio/e-,,2,2400
[Sanskrit] अमृत [English] pomander [Ancient Greek] ἄμβροτος [Gujarati] અમી [Assamese] অমিয়া [Assamese] অমিয় [Indonesian] amerta [Old Tamil] 𑀅𑀫𑀼𑀢𑀫𑁆 [Old Tamil] 𑀅𑀫𑀺𑀭𑁆𑀢𑀫𑁆 [Tamil] அமிர்தம்,*n̥mr̥tós,,10,2401
[Sanskrit] अभ्र [Gujarati] ابر [Persian] ابر [Ancient Greek] ἀφρός [Ancient Greek] ὄμβρος [Ossetian] арв [Northern Kurdish] ewr [Hindi] अब्र [Pali] abbha [Tocharian B] iprer [Shina] اڙو,*n̥bʰrós,,11,2402
[Sanskrit] क्षेत्र [Mycenaean Greek] 𐀑𐀴𐀕𐀙 [Ancient Greek] κτίζω [Albanian] komb [Ancient Greek] κτίλος,*tḱey-,,5,2403
[Sanskrit] यम [Latin] Remus [Albanian] gjem [Avestan] 𐬫𐬇𐬨𐬀,*yémHos,,4,2404
[Irish] mala [Latvian] mala [Scottish Gaelic] mala [Latgalian] mola [Norwegian Bokmål] Jūrmala,*ml̥Hdʰo-,,5,2405
[English] crutch [German] Krücke [Middle English] crucche [Swedish] krycka [Pennsylvania German] Grick [West Flemish] krikke [Silesian] kryka,*grewg-,,7,2406
[Latin] lacertus [Latin] lacca,*Hlak-,,2,2407
[Dutch] mank [Dutch] verminken,*man-ko-,,2,2408
[Northern Kurdish] havîn [Old Armenian] ամ [Old Armenian] ամառն [Sanskrit] समा,*semh₂-,,4,2409
[Hindi] यहाँ [Ashokan Prakrit] 𑀇𑀥 [Bilaspuri] इक्खा [Bilaspuri] 𑚂𑚊𑚶𑚸𑚭,*h₁i-dʰe-,,4,2410
[Lithuanian] pisti [Galician] pisar [Portuguese] pisar [Spanish] pisar [Pali] pisati [Latin] pinso [Russian] пест [Polish] pchać [Latin] Pilumnus [Sanskrit] पिशाच [Konkani] पीट [Assamese] পিহা [Kashubian] pchac [Middle Armenian] փշատ [Ancient Greek] πτισάνη,*peys-,,15,2411
[English] shend [Dutch] schande [Old English] scand,*(s)kem-,,3,2412
[Czech] len [Old Czech] len [Polish] len [Lower Sorbian] lan [Livonian] lina [Lithuanian] linas [Slovak] ľan,*lino-,,7,2413
[Norwegian Bokmål] kor [Ancient Greek] χορός,*ǵʰoros,,2,2414
[Latgalian] kur [Albanian] kë,*kʷu-,,2,2415
[Latin] hortus [Italian] orto [Old Portuguese] orto [Welsh] gardd [Ancient Greek] χόρτος [Irish] gort [Spanish] Cortes [Spanish] huerto [Galician] horta [Portuguese] horta,*ǵʰortós,,10,2416
[English] clepe [Latin] clango [Ancient Greek] κλάζω,*gal-,,3,2417
[Slovak] mech [Baluchi] میش [Persian] میش [Sanskrit] मेष [Polish] miech [Latvian] maiss [Kalasha] meṣ [Old Norse] meiss [Lithuanian] maišas,*moysós,,9,2418
[Slovak] pavúk [Slovene] pajek [Lower Sorbian] pawk [Upper Sorbian] pawk [Belarusian] павук [Ukrainian] павук,*h₂enkos,,6,2419
[Russian] мак [Serbo-Croatian] мак [Ukrainian] мак [Lower Sorbian] mak [Polish] mak [Serbo-Croatian] mak [Slovak] mak [Slovene] mak,*meh₂kos,,8,2420
[Westrobothnian] sapp [Danish] svamp,*swombʰ-,,2,2421
[Latin] corbis [Welsh] cors [Latin] scirpus [Icelandic] skreppa [Icelandic] skreppa,*(s)kerbʰ-,,5,2422
[Icelandic] jaki [English] ickle [Westrobothnian] jeka [Old English] gicel [Welsh] iâ [Hittite] 𒂊𒃷 [Welsh] iäen,*h₁yeg-,,7,2423
[Danish] stund [Faroese] stund [Old English] stund [Old Norse] stund [Swedish] stund [English] stound [Swedish] stöd [Westrobothnian] stånn,*stut-,,8,2424
[English] rit [German] ritzen,*wrid-néh₂-,,2,2425
[Northern Kurdish] baran [Central Kurdish] باران [Persian] باران [Baluchi] گوارگ,*weh₁r-,,4,2426
[Czech] jelen [Welsh] elain,*h₁el-en-i-,,2,2427
[English] wray [Old Norse] róg [Old English] wroht [Old English] wroht [Old English] wregan,*were-,,5,2428
[Albanian] arg [Albanian] ergjëz,*Horgʰi,,2,2429
[Dogri] घर [Marathi] घर [Nepali] घर [Old Gujarati] घर [Hindi] घराना [Gujarati] ઘર [Assamese] ঘৰ [Dogri] 𑠍𑠤 [Sanskrit] गेह,*gʰr̥dʰós,,9,2430
[Swedish] skola [Faroese] skúli,*seǵhe-,,2,2431
[Scottish Gaelic] talamh [Manx] thalloo [Old Irish] talam,*tl̥-mon-,,3,2432
[English] poliorcetics [Latin] sarcina [Latin] sarcio [Ancient Greek] ὅρκος [Greek] πολιορκητικός [Ancient Greek] ἕρκος,*serḱ-,,6,2433
[Swedish] ört [Faroese] urt,*wrd-,,2,2434
[Latin] sido [Sanskrit] सीदति [Ancient Greek] ἵζω [Welsh] syth [Polish] siąść [Silesian] siednōńć,*sísdeti,,6,2435
[Sanskrit] दूत [Old Persian] 𐎯𐎢𐎼𐎡𐎹 [Old Armenian] երկայն [Pashto] لرې,*dweh₂-,,4,2436
[English] gracile [Latin] gracilis [Latin] cracens,*kerḱ-,,3,2437
[Scottish Gaelic] taigh [Manx] thie [Manx] çhagh [Manx] çhaagh,*tegos,,4,2438
[Middle Irish] fis [Irish] fios [Scottish Gaelic] fios [Latin] visus [Manx] fys [Old Irish] fius [Welsh] gwŷs,*wéydtus,,7,2439
[Norman] mur [Occitan] mur [Old French] mur,*mei,,3,2440
[Italian] amaro [French] amer [Portuguese] amargo,"*h₃em-, *h₂eh₃m-",,3,2441
[Faroese] króna [Portuguese] coroa [Old Portuguese] corõa,*kor,,3,2442
[Pali] kimi [Persian] کرم [Lithuanian] kirmis [Latvian] cirmenis [Old Prussian] girmis [Sanskrit] कृमि [Old Irish] cruim [Albanian] krimb [Ossetian] калм [Irish] cruimh [Indonesian] kermi [Georgian] ყირმიზი [Romani] kirmo,*kʷŕ̥mis,,13,2443
[German] Draht [Old English] þræd [Old Norse] þráðr [Faroese] tráður [Danish] tråd [Norwegian Bokmål] tråd [Norwegian Nynorsk] tråd [Swedish] tråd [Polish] drut,*treh₁-tu-,,9,2444
[Latin] dirus [Old Armenian] երկն [Ancient Greek] δέος [Sanskrit] द्वेष्टि [Ancient Greek] δειλός,*dwey-,,5,2445
[French] fesse [Italian] fesso [Latin] fissus,*bʰidtós,,3,2446
[Polish] cześć [Serbo-Croatian] čast [Slovene] čast [Russian] честь [Ukrainian] честь [Serbo-Croatian] част [Czech] čest [Bulgarian] чест [Macedonian] чест [Serbo-Croatian] чест [Romanian] cinste [Slovak] česť [Russian] перечень [Lower Sorbian] cesć [Russian] чтить [Upper Sorbian] česć [Russian] перечесть,*(s)kʷit-tis,,17,2447
[Latin] undecim [Sardinian] undighi,*óynom déḱm̥t,,2,2448
[Russian] ещё [Serbo-Croatian] još [Serbo-Croatian] још [Ukrainian] ще [Serbo-Croatian] јоште [Slovak] ešte [Belarusian] яшчэ [Macedonian] уште [Bulgarian] още,*h₁esk(ʷ)e(h₁),,9,2449
[Old Church Slavonic] градъ [Sanskrit] ह्रादुनि,*ǵʰreh₃d-,,2,2450
[Lower Sorbian] serp [Yiddish] סערפּ,*sr̥p-,,2,2451
[Latin] talea [Latin] talla,*teh₂l-,,2,2452
[Latin] ripa [Romanian] râpă,*h₁réypeh₂,,2,2453
[Latin] tonus [Ancient Greek] τόνος [Sanskrit] तान,*tónos,,3,2454
[Latvian] abi [Ancient Greek] ἄμφω,*ambʰow,,2,2455
[Latin] Gaius [Ancient Greek] γαῦρος [Ancient Greek] γαίω,*geh₂w-,,3,2456
[English] sere [Hindi] सूखा [Latin] autumnus [Ancient Greek] αὐστηρός [Northern Kurdish] hişk [Latgalian] sauss [Sanskrit] शुष्क [Ancient Greek] αὔω [Romani] śuko,*h₂sews-,,9,2457
[Latin] levis [Ancient Greek] λεῖος,*leh₁y-u-,,2,2458
[Irish] leac [Scottish Gaelic] leac,*pl̥keh₂,,2,2459
[Aragonese] peito [Galician] peito [Portuguese] peito [Romanian] piept [Italian] petto [Aromanian] cheptu [Sardinian] pettus [Aromanian] chieptu,*peg,,8,2460
[Latin] rudis [Latin] rudus [Czech] rváček [Latin] ruspor [Latin] rullus,*Hrew-,,5,2461
[English] prandial [Latin] prandium,*pr̥h₃mós,,2,2462
[Galician] febre [Portuguese] febre,*dʰegʷhris,,2,2463
[Irish] fuar [Scottish Gaelic] fuar [Welsh] oer [Old Irish] úar [Latin] autumnus [Old Armenian] ոյծ [Manx] feayr [Latvian] auksts [Old Irish] úacht,*h₃ewǵ-,,9,2464
[Sardinian] binti [Greek] είκοσι [Ancient Greek] εἴκοσι [Albanian] -zet [Pashto] شل,*wídḱm̥ti,,5,2465
[Sudovian] maz [Lithuanian] mažas,*meǵʰ-,,2,2466
[Latvian] roka [English] wroo,*wrenk-,,2,2467
[English] to- [Dutch] te- [Middle Dutch] te- [Old Saxon] te- [English] twistle [English] twissel,*dwis-,,6,2468
[Westrobothnian] yppe [Norwegian Bokmål] åpen,*up,,2,2469
[Catalan] sonda [Norman] sonder [Persian] شمر,*swem(bh)-,,3,2470
[Latin] cuius [Latin] cuius,*kʷosyos,,2,2471
[Slovene] bolha [Russian] блоха [Ukrainian] блоха [Bulgarian] бълха [Polish] pchła [Czech] blecha [Lower Sorbian] bcha [Upper Sorbian] tcha [Lower Sorbian] pcha [Upper Sorbian] pcha [Belarusian] блыха [Slovincian] pχlȧ [Old East Slavic] блъха,*bʰluseh₂,,13,2472
[English] bleah [Latin] fluo [Lithuanian] bliauti,*bʰlewH-,,3,2473
[Slovene] ščet [Czech] štět,*kwek-,,2,2474
[Serbo-Croatian] crep [Serbo-Croatian] цријеп [Serbo-Croatian] crijep [Serbo-Croatian] цреп,*kerpos,,4,2475
[Czech] milý [Old Czech] milý [Slovak] milý [Old East Slavic] милъ,*meyl-,,4,2476
[Czech] drahý [Slovak] drahý,*dor-,,2,2477
[Czech] losos [Serbo-Croatian] losos [Slovak] losos [Slovene] losos [Serbo-Croatian] лосос [Polish] łosoś [Danish] laks [Elfdalian] laks [Norwegian Bokmål] laks [Norwegian Nynorsk] laks [Lower Sorbian] łosos [Upper Sorbian] łosos [Yiddish] לאַקס [Belarusian] ласось,*laks-,,14,2478
[Old English] lim [Icelandic] lím [Latin] linum,*lei-,,3,2479
[French] frapper [Icelandic] skrafa,*(s)krep-,,2,2480
[Middle English] sauf [Welsh] saff,*solh₂wós,,2,2481
[Czech] hrdlo [Slovak] hrdlo,*gʷr̥h₃tlóm,,2,2482
[Italian] torre [Latin] tollo [Irish] téaltaigh,*tl̥néh₂ti,,3,2483
[Indonesian] kepala [Sanskrit] कपाल,*káp-ōl,,2,2484
[Serbo-Croatian] lani [Slovene] lani [Serbo-Croatian] лани,*ol-ney,,3,2485
[Albanian] arrë [Slovene] oreh [Ukrainian] горіх,*areyis-,,3,2486
[Bulgarian] много [Russian] много [Rusyn] много [Serbo-Croatian] много [Serbo-Croatian] mnogo,*monogʰos,,5,2487
[Latvian] putra [Polish] pytać [Latin] praeputium [Old Irish] úath,*pew-,,4,2488
[Finnish] paimen [Lithuanian] piemuo,*poh₂-i-mn̥,,2,2489
[Albanian] elb [Ancient Greek] ἄλφιτον [Ancient Greek] ἄλφι,*h₂élbʰit,,3,2490
[Albanian] zot [Sanskrit] विश्पति [Avestan] 𐬬𐬍𐬯𐬞𐬀𐬌𐬙𐬌,*wiḱpótis,,3,2491
[Albanian] yll [Albanian] hyll,*h₁us-los,,2,2492
[Albanian] yll [Albanian] hyll,*h₂us-los,,2,2493
[French] rôtir [Catalan] rostir [Occitan] rostir [Old French] rostir [Galician] rustrir [Polish] ruszt [Dutch] Reusel,*reus-,,7,2494
[Latin] putus [Norwegian Bokmål] konto [Sanskrit] पूत,*puHtós,,3,2495
[Serbo-Croatian] кал [Serbo-Croatian] kal,*keh₂los,,2,2496
[Old English] blæge [Dutch] blei [West Frisian] blei [English] blay,*bʰleyk-,,4,2497
[Portuguese] vulgo [Westrobothnian] väli,*wel,,2,2498
[Albanian] mut [Czech] odemknout [Czech] zamknout [Sanskrit] मोक्ष [Sanskrit] मुच्,*(s)mewk-,,5,2499
[Albanian] bajgë [Serbo-Croatian] balega [Serbo-Croatian] балега,*bolgʷ-,,3,2500
[Albanian] bukur [Albanian] bukël,*bʰoHu-,,2,2501
[Albanian] brez [Lithuanian] briauna,*breun-,,2,2502
[Latvian] daina [Lithuanian] daina [Sudovian] daina [Irish] dian [Scottish Gaelic] dian [Lithuanian] didelis [Old Irish] dían [Ancient Greek] δίω,*deyh₁-,,8,2503
[Serbo-Croatian] vrh [Latvian] virsa [Serbo-Croatian] врх,*wr̥su-,,3,2504
[Serbo-Croatian] gutati [Serbo-Croatian] гутати [Macedonian] голта [Macedonian] голтне,*glewt-,,4,2505
[Dutch] stolp [Serbo-Croatian] stuba [Czech] blb [Latvian] stulbs [Old Swedish] stiælpa,*stl̥b-,,5,2506
[Middle English] beden [Sanskrit] बोधति [ Bengali ] বোঝা,*bʰéwdʰeti,,3,2507
[Romanian] cârmă [Serbo-Croatian] krma,*kʷr-m-,,2,2508
[Serbo-Croatian] krma [Slovene] krma,*ḱrh₃-mo-,,2,2509
[Slovak] žltý [Belarusian] жоўты,*ǵʰl̥h₃tós,,2,2510
[Finnish] aisa [Slovak] oje [Slovene] oje,*h₂oyHsos,,3,2511
[Lithuanian] šerys [Russian] шерсть,*ḱer(s)-,,2,2512
[Swedish] kramp [French] crampe [Norman] crampe [Old French] crampe,*grem-,,4,2513
[Old English] hweol [Old Norse] hjól,*kʷékʷléh₂,,2,2514
[Serbo-Croatian] kraj [Serbo-Croatian] крај,*kroh₁(y)-,,2,2515
[Finnish] tulkki [Latin] loquor [Old Church Slavonic] тлъкъ [Sanskrit] तर्क [Old East Slavic] тълкъ [Old Irish] adtluchedar,*telkʷ-,,6,2516
[Faroese] torv [Norwegian Bokmål] torv [Swedish] torv,*dorbh-,,3,2517
[Old English] æfter [Proto-Norse] ᚨᚠᛏᛖᚱ,*h₂epoteros,,2,2518
[Norwegian Bokmål] ende [Norwegian Bokmål] endelse [Norwegian Bokmål] a-endelse,*-h₂yéti,,3,2519
[Old English] clænsian [Icelandic] klénn [Alemannic German] chlii,*g(e)lēi-,,3,2520
[Old English] dafen [German] täppisch,*dʰabʰ-,,2,2521
[Old English] hearm [Persian] شرم [Hindi] शर्म [Ossetian] ӕфсӕрм [Bengali] শারমেন্দাগী,*ḱormo-,,5,2522
[Old English] lædan [Old English] inlædan,*leit-,,2,2523
[Old English] læce [Ancient Greek] λύγξ [Latin] lugeo [Ancient Greek] λευγαλέος [Old Armenian] լուծանեմ [Lithuanian] laužas,*lewǵ-,,6,2524
[Old English] sweart [West Flemish] zwort,*swordos,,2,2525
[English] scathe [Scottish Gaelic] sgìth [Faroese] skaði [Icelandic] skaði [Old Norse] skaði [Swedish] skada [Ancient Greek] ἀσκηθής [Polish] szkoda [Scottish Gaelic] sgonn [Irish] scíth [Low German] Schaad,*(s)keh₁t-,,11,2526
[Indonesian] saka [Indonesian] saki [Sanskrit] सखि,*sokʷH-,,3,2527
[Old English] swifan [English] sweam,*swey-,,2,2528
[Latin] stratus [Ancient Greek] στρατός,*str̥h₃tós,,2,2529
[Old English] werig [Old Norse] ǿrr,*h₂weH-,,2,2530
[Old Norse] þungr [Latin] temo [Czech] táhnout [Old Norse] þyngja [Russian] тугой [Lithuanian] tingus [Westrobothnian] tȳnj [Polish] tęga,*tengʰ-,,8,2531
[Faroese] leður [Icelandic] leður [Old English] leþer [Dutch] leder [Swedish] läder [Middle Irish] lethar [Welsh] lledr,*létrom,,7,2532
[German] Ruß [Alemannic German] Ruus,*kreH(u)d-,,2,2533
[German] Ast [Ancient Greek] ὄζος [Old Armenian] ոստ [Gothic] 𐌰𐍃𐍄𐍃,*h₃ósdos,,4,2534
[Manx] blass [Cornish] blas [Irish] blas [Middle Irish] blas [Scottish Gaelic] blas [Welsh] blas [Old Irish] mlas [Manx] blayst,*mel-s-,,8,2535
[German] Brunnen [Norwegian Bokmål] brønn [Norwegian Bokmål] abessinierbrønn,*bʰrun-,,3,2536
[Norman] foule [Old English] flacor [English] fulth,*pelə-,,3,2537
[French] râper [Old High German] raspon,*(s)krebʰ-,,2,2538
[German] Geige [English] geg [Middle Low German] gige [Alemannic German] Guege,*gʰeyǵʰ-,,4,2539
[German] Glocke [Old High German] klocca [Faroese] klokka [Old Norse] klokka [Swedish] klocka [Middle Dutch] clocke [Danish] klokke [Norwegian Bokmål] klokke [Norwegian Nynorsk] klokke [Saterland Frisian] Klokke [Middle English] clokke,*klēg-,,11,2540
[Old High German] ginada [Old Dutch] ginatha [Old Saxon] ginatha,*net-,,3,2541
[Icelandic] hefja [Faroese] hevja [Danish] hæve [Swedish] häva [Gothic] 𐌷𐌰𐍆𐌾𐌰𐌽,*kh₂pyé-,,5,2542
[German] Köder [Old High German] querdar,*gʷérh₃-tro-s,,2,2543
[Russian] жить [Lithuanian] gyventi [Galician] vivenda [Portuguese] vivenda [Belarusian] жыць [Venetian] vìvar [Hindi] जीना [Pali] jīvati [Rusyn] жыти [Northern Kurdish] jîn,*gʷeih₃w-,,10,2544
[German] Scheune [Italian] custode [Irish] cuisle [Scottish Gaelic] cuisle [Faroese] skýggj [Hunsrik] Schot [Old English] hwicce [Ancient Greek] σκεῦος [Westrobothnian] sjy [Polish] szumieć,*(s)kew-,,10,2545
[German] Schwager [Polish] szwagier [Danish] svoger [Danish] sviger-,*swēḱurós,,4,2546
[Old High German] faso [Polish] pasmo,*pē̆s-,,2,2547
[Esperanto] nevo [Ido] nevo [Persian] نوه [Esperanto] nepo [Ido] nepoto,*h₂népōts,,5,2548
[Latin] sugo [Polish] Saona [Latin] Sauconna,"*sewg-, *sewk-",,3,2549
[English] atter [Old Armenian] այտ [Old Armenian] այտնում [Latin] aemidus,*h₂eyd-,,4,2550
[Italian] cece [Ligurian] çéixou [Sardinian] chigher [Sardinian] chighere [Sardinian] chichere [Sardinian] chicher,*ḱiḱer-,,6,2551
[Serbo-Croatian] niz [Russian] низ [Serbo-Croatian] низ [Serbo-Croatian] niz-,*nei-ǵʰ-,,4,2552
[Lithuanian] kalti [Albanian] kalli,*kolH-,,2,2553
[Latin] scato [Swedish] skatt,*skat-,,2,2554
[Old High German] smero [Irish] smior [Swedish] smör [Polish] smar [West Frisian] smoar [German] Schmer [Old English] smeoru,*smérus,,7,2555
[Old Prussian] gerwe [Sudovian] gerwe [Lower Sorbian] žorawa,*gerh₂ōws,,3,2556
[Old High German] swangar [Lithuanian] sunkus,*sʷenk-,,2,2557
[Spanish] entero [Romanian] întreg [Indonesian] antero [Portuguese] inteiro,*n̥-th₂g-ro-,,4,2558
[Breton] draen [Welsh] draen [Scottish Gaelic] droigheann [Irish] draighean,*dʰergʰ-,,4,2559
[Albanian] mih [German] mischen [Lithuanian] maišyti [Old English] miscian [Old High German] miskan [Irish] meisce [Persian] آمیختن [Irish] measc [Manx] meshtey [Scottish Gaelic] measg [Sanskrit] मेक्षयति [Yiddish] מישן [Sanskrit] मिच्छति,*meyḱ-,,13,2560
[German] faul [Luxembourgish] faul [Dutch] vuil [Icelandic] fúll [Old Norse] fúll [Yiddish] פֿױל [Yiddish] פֿויל,*pū-,,7,2561
[English] dryad [French] dryade [Polish] driada,*derew(o)-,,3,2562
[Old Prussian] Perkuns [Latvian] pērkons,*perkʷunos,,2,2563
[Scottish Gaelic] bùrach [Spanish] abrigar,*bhergh-,,2,2564
[Sanskrit] मूत्र [Assamese] মূত [Bengali] মুত,*múHtrom,,3,2565
[Old Norse] múgr [Old English] muga [Dutch] mok [German] Mugel [German Low German] Muck,*muk-,,5,2566
[German] stampfen [French] estamper [Spanish] estampida [Italian] stampita,*stembʰ-,,4,2567
[German] wehen [Ancient Greek] ἄημι [Sanskrit] वाति [Old English] wawan [Polish] wiać [Prakrit] 𑀯𑀸𑀇,*h₂wḗh₁ti,,6,2568
[Swedish] kål [Faroese] kál,*kaw(ǝ)l,,2,2569
[Swedish] må [Polish] móc [West Frisian] meie [Yiddish] מעגן,*(me)mógʰe,,4,2570
[Norwegian Bokmål] kasus [Norwegian Nynorsk] kasus,*kad-,,2,2571
[Latin] hostia [Indonesian] hosti,*ǵʰostiyo-,,2,2572
[Latin] latro [Ancient Greek] λάτρις [Icelandic] leðja,*leh₂t-,,3,2573
[Armenian] նետ [Middle Armenian] նետ [Old Armenian] նետ [Persian] نای [Sanskrit] नड [Middle Persian] nʾd,*nedo-,,6,2574
[Norwegian Bokmål] ablativ [Norwegian Bokmål] ablativisk [Norwegian Bokmål] ablativform,*-iHwós,,3,2575
[Dutch] grammatica [Indonesian] gramatika [Old English] grammatic,*gerebh-,,3,2576
[Irish] lia [Old Irish] lia,*yōs,,2,2577
[Latin] braca [Latin] suffrago [Latin] bracae [Galician] ofraxe [Galician] sofraxe,*bʰrāg-,,5,2578
[Hindi] दीप [Sanskrit] दीप्,*dyew(p)-,,2,2579
[Persian] ی [Ancient Greek] ὅς [Sanskrit] यथा [Ancient Greek] ἕως [Ancient Greek] ἡλίκος [Ancient Greek] ἦμος [Sanskrit] यत्रा [Sanskrit] यत्र [Sanskrit] यावत्,*yós,,9,2580
[Galician] calo [Portuguese] calo,*kal,,2,2581
[English] connubial [English] nuptials,*sneubho-,,2,2582
[Italian] cavo [Spanish] cavo [Galician] cova [Portuguese] cova [Galician] covo [Catalan] cau [Portuguese] côncavo,*ḱówHwos,,7,2583
[Irish] cuan [Scottish Gaelic] cuan [Middle Irish] cúan,*kapno-,,3,2584
[Latin] decus [Irish] Lughaidh [Old Irish] Lugaid,*déḱos,,3,2585
[French] boudin [Swedish] padda,*bed-,,2,2586
[Old Armenian] երեկ [Ancient Greek] Ἔρεβος [Icelandic] rökkur [Sanskrit] रजस् [Old Norse] røkkr [Gothic] 𐍂𐌹𐌵𐌹𐍃,*h₁régʷos,,6,2587
[Old Armenian] գայլ [Irish] faol [Middle Irish] fáel,*waylos,,3,2588
[Old Armenian] ութսուն [Latin] octoginta,*oḱtódḱomt,,2,2589
[Albanian] vang [Albanian] vangë,*wen(H)g-,,2,2590
[Latin] vitrum [Portuguese] vidro,*wed-ro-,,2,2591
[Italian] oliva [Middle English] olyve,*h₁loiwom,,2,2592
[Latin] oliva [Polish] oliwa,*h₁loywom,,2,2593
[Old Armenian] ոչ [Ancient Greek] οὐ,*()  kʷid,,2,2594
[Hindi] मन [Sanskrit] मनस् [Ancient Greek] μένος [Awadhi] मनु [Avestan] 𐬨𐬀𐬥𐬀𐬵 [Punjabi] ਮਨ [Assamese] মন [Magahi] 𑂧𑂢,*ménos,,8,2595
[Sanskrit] पृथ्वी [Sanskrit] पृथिवी,*pl̥th₂éwih₂,,2,2596
[Old Armenian] կամ [Ancient Greek] βαίνω [Latvian] gaita [Old Irish] baid [Manx] baase [Irish] bás [Middle Irish] bás [Old Irish] bás [Old Armenian] կալ [Pashto] غوول [Latvian] gatavs [Old Irish] atbaill [Sanskrit] गा,*gʷeh₂-,,13,2597
[Irish] iora [Scottish Gaelic] feòrag,*h₂i-h₂uer,,2,2598
[Hindi] सुनना [Scottish Gaelic] cluinn [Irish] cluin [Manx] cluin [Old Irish] rocluinethar [Sanskrit] शृणोति [Assamese] শুনা [Assamese] শুন,*ḱl̥néwti,,8,2599
[Macedonian] сув [Serbo-Croatian] сув [Serbo-Croatian] suv [Old Church Slavonic] соухъ [Slovene] suh [Polish] suchy,*h₂sowsos,,6,2600
[English] nepenthes [Ancient Greek] πένθος [Old Irish] césaid [Irish] céas,*kʷendʰ-,,4,2601
[Swedish] kvarn [Norwegian Bokmål] kvern,*gʷerewn-,,2,2602
[Portuguese] cancelar [English] conger [Latin] conger [Persian] زنگ [Latvian] kuņģis [Albanian] kungull [Albanian] gungë [Old Norse] kǫngull [Bengali] জাম,*geng-,,9,2603
[Portuguese] vibrar [Latin] vibex,*weyb-,,2,2604
[Galician] instalar [Portuguese] instalar [Spanish] instalar [Catalan] instal·lar,*stelǝ-,,4,2605
[Latin] ames [Ancient Greek] ἡνία,*h₂em-,,2,2606
[Spanish] ayuno [Italian] digiuno [Portuguese] jejuar [Romanian] ajun [Portuguese] jejum [Galician] xaxún,*Hyeh₂ǵ-yu-,,6,2607
[Cebuano] botas [Czech] bedna [Latin] buttis [English] bullace,*bʰeHw-,,4,2608
[Sanskrit] अर्थ [Faroese] jørð,*h₁ert-,,2,2609
[Hindi] आँसू [Hindi] अश्रु [Rajasthani] आंहू [Dogri] अत्थरूं,*h₂eḱru-,,4,2610
[Portuguese] evacuar [Portuguese] vácuo [Norman] viède,*ewə-,,3,2611
[Galician] forrar [Swedish] famn,*pat-,,2,2612
[Portuguese] texugo [Galician] teixugo [Latin] taxo,*teḱs-,,3,2613
[Italian] filtro [Ancient Greek] πλάδος,*peld-,,2,2614
[Galician] graba [Norwegian Bokmål] grøft [Galician] groba [Norwegian Bokmål] grøftefyll,*gʰróbʰ-,,4,2615
[Dutch] kers [Ancient Greek] γράω [Danish] kræs [Middle Dutch] kerse,*gras-,,4,2616
[English] extenuate [Serbo-Croatian] tutanj,*tenh₂-,,2,2617
[Sanskrit] उत्तर [Ancient Greek] ὑστέρα [Ancient Greek] ὕστερος [Greek] ύστερος [Pali] uttara,*údteros,,5,2618
[Latin] postulo [Persian] پرسیدن [Sanskrit] पृच्छति [Latin] posco [Old Armenian] հարցանեմ [Northern Kurdish] pirsîn [Gujarati] પ્રશ્ન [Middle Welsh] erchi [Welsh] erchi [Hindi] पूछना [Gujarati] પૂછવું [Kalasha] phúčik [Marathi] पुसणे [Avestan] 𐬞𐬆𐬭𐬆𐬯𐬀𐬌𐬙𐬌,*pr̥sḱéti,,14,2619
[Latin] restauro [Latin] instauro,*steh₂u-ro-,,2,2620
[Latin] turba [Ancient Greek] ὀτρύνω,*(s)twerH-,,2,2621
[Slovene] veja [Old Church Slavonic] вѣꙗ,*woh₁yéh₂,,2,2622
[Latin] ricinus [Sanskrit] रिक्षा [Persian] رشک,*rik-,,3,2623
[Hindi] रोज़ [Marathi] रोज,*léwkos,,2,2624
[French] charme [Basque] harri [Welsh] carreg [Latin] carpinus [Sanskrit] कर्कट [Italian] carpine [Romanian] carpen [Sanskrit] खर [Albanian] gërthje,*kh₂er-,,9,2625
[Hindi] गाना [Punjabi] گانا [Greek] γοητεία [Lithuanian] gauja [Persian] نیایش [Konkani] गाव्चे [Sanskrit] गायति [Assamese] গোৱা [Assamese] গা [Marathi] गाणे [Ancient Greek] γοάω,*geH-,,11,2626
[Polish] czy [Serbo-Croatian] če [Slovene] če [Ukrainian] чи,*kʷī,,4,2627
[Old Polish] czas [Polish] czas [Albanian] kohë,*kʷeh₁s-,,3,2628
[Polish] łączyć [Latgalian] lūgs [Lithuanian] lankas [Lithuanian] linksmas,*lenk-,,4,2629
[Latin] Dalmatia [Albanian] djalë [Latin] Dalmatae [Lithuanian] dėlė [Albanian] delme,*dʰeh₁-l-,,5,2630
[Portuguese] pálido [Ancient Greek] πελιτνός [Latin] palleo [Ancient Greek] πελιδνός,*pelito-,,4,2631
[Danish] branche [Old Norse] rá [Danish] vrå,*wrónkeh₂,,3,2632
[Galician] pomba [Portuguese] pomba [Romanian] porumb,*pal-wo,,3,2633
[Italian] cretino [Spanish] cretino,*gʰrey-,,2,2634
[Spanish] crisma [Ancient Greek] χρίω [Sanskrit] घृ,*gʰrēy-,,3,2635
[Portuguese] grosso [Latin] grossus,*gʷres-,,2,2636
[Czech] čelo [Serbo-Croatian] čelo [Slovak] čelo [Slovene] čelo [Bulgarian] чело [Macedonian] чело [Russian] чело [Serbo-Croatian] чело,*kelh₃os,,8,2637
[Polish] deszcz [Serbo-Croatian] dažd [Slovene] dež [Macedonian] дожд [Serbo-Croatian] дажд [Slovak] dážď [Serbo-Croatian] dežđ [Upper Sorbian] dešć,*dus-dyu-,,8,2638
[Baluchi] جنگ [Persian] زدن [Sanskrit] हन्ति [Polish] gnać [Old Armenian] ջնեմ [Kalasha] hṍ.ik,*gʷʰénti,,6,2639
[Russian] ебать [Sanskrit] यभति [Polish] jebać [Ukrainian] їбати [Belarusian] ябаць [Marathi] झवणे [Konkani] झव्चे [Kalasha] žạ́wik [Ukrainian] єбати,*h₃yébʰeti,,9,2640
[English] ert [Ancient Greek] ἄρδις,*h₂erdi-,,2,2641
[Latin] Scipio [Dutch] schabouwelijk [Latin] scopio [Latin] scipio,*skap-,,4,2642
[Romanian] grum [Italian] grumo [Spanish] grumo [French] grumeau [German] kraulen,*gar-,,5,2643
[Mycenaean Greek] 𐀞𐀳 [French] fange [English] vinew,*pan-,,3,2644
[English] tumescence [English] tumefy,*tum-éh₁-,,2,2645
[Scottish Gaelic] fras [Ancient Greek] ἕρση,*h₁wérseh₂,,2,2646
[Ancient Greek] ἄρθρον [Latin] -brum [Latin] -bra,*-dʰrom,,3,2647
[Latvian] diena [Old Prussian] dēinā,*déi-no-,,2,2648
[Swedish] jäst [Ancient Greek] ζέω [English] zythology [Assamese] ইটা [Polish] garować,*yes-,,5,2649
[Old Irish] fén [Irish] féan,*weǵʰnos,,2,2650
[Old Irish] lá [Old Irish] laithe,*leh₁t-,,2,2651
[Irish] mín [Irish] maoth [Scottish Gaelic] maoth [Lithuanian] mielas [Latin] mitis [Latvian] mīls [Sanskrit] मियेध [Sanskrit] मयस्,*meyh₁-,,8,2652
[Russian] лён [Ancient Greek] λίνον,*linom,,2,2653
[Ancient Greek] γάλα [Greek] γάλα,*glakt-,,2,2654
[Sanskrit] नाथ [Old Dutch] ᚨᚾᚾ [Pali] nātha [Ancient Greek] ὄνειαρ [Old Irish] anai,*h₃neh₂-,,5,2655
[Latin] fors [Old Armenian] բարդ,*bʰértis,,2,2656
[Faroese] vaska [Old Norse] vaska [Swedish] vaska [French] gâcher [Danish] vaske [Norwegian Bokmål] vaske [Italian] guazzare [Cebuano] waswas,*wod-,,8,2657
[Latin] uncus [Latvian] anka [Lithuanian] anka [Ancient Greek] ὄγκος [Sanskrit] अङ्क [Marathi] आकडा,*h₂ónkos,,6,2658
[Latin] frons [Galician] frundío,*bʰron-d-,,2,2659
[Latin] daps [Ancient Greek] δάπτω,*deh₂p-,,2,2660
[Persian] چاقو [Persian] چکش,*keku-,,2,2661
[Irish] fearg [Middle Irish] ferg,*werHǵéh₂,,2,2662
[Russian] седьмой [Lithuanian] septintas,*septmós,,2,2663
[Russian] ткань [Russian] ткать [Albanian] ndryqem,*trūk-,,3,2664
[Italian] tosse [Portuguese] tosse [French] toux [Romanian] tuse,*tud-ti-s-,,4,2665
[Italian] seguire [Italian] segugio [Sanskrit] सचते [Old Irish] seichithir,*sékʷetor,,4,2666
[Latin] Hibernia [Ancient Greek] Ἰουερνία [Manx] Nerin,*piHwer-,,3,2667
[Irish] nathair [Scottish Gaelic] nathair [Breton] naer [Welsh] neidr,*nh₁trih₂,,4,2668
[Latin] lanius [Latin] lacinia [Galician] laceira,*leh₂k-,,3,2669
[Middle Irish] -ach [Old Irish] -ach [Welsh] -og [Persian] ـی,*-eh₂kos,,4,2670
[Galician] esterno [Portuguese] esterno,*stern-,,2,2671
[Russian] ржать [Polish] rżeć,*rewǵ-,,2,2672
[Galician] vasca [Galician] fasquía,*wedʰH-,,2,2673
[Italian] lieve [Hindi] लघु [Sanskrit] लघु [Ancient Greek] ἐλαχύς [Old Irish] lagat [Sanskrit] रघु [Shina] لوکو,*h₁léngʰus,,7,2674
[Latin] liceo [Latin] licet [Latin] liceor,*leyk-,,3,2675
[Latvian] tilts [English] thill,*tel-,,2,2676
[Dutch] darm [English] tharm [Ancient Greek] τόρμος,*tórmos,,3,2677
[Scottish Gaelic] ogha [Old Persian] 𐎱𐎢𐏂,*peh₂u-,,2,2678
[Tocharian B] ette [Tocharian A] āñc,*h₁n̥dʰér,,2,2679
[Hindi] छिपकली [Sanskrit] शेप,*ḱéypos,,2,2680
[Esperanto] fiasko [Polish] fiasko [Latin] plaga [Esperanto] plekti [Albanian] flashkët,*plek-,,5,2681
[Old Norse] siðr [Old English] sidu,*swedʰ-,,2,2682
[Latin] macero [Polish] macerować,*meh₂ḱeseh₂ti,,2,2683
[Irish] neart [Scottish Gaelic] neart [Old Irish] nert [Manx] niart,*h₂ner-to-,,4,2684
[Latvian] sāls [Old Armenian] աղտ,*sal-,,2,2685
[Spanish] destornillador [Spanish] desatornillar,*torh₂no-,,2,2686
[Swedish] stel [Norwegian Nynorsk] styrd [Icelandic] stirður [Ancient Greek] στῆριγξ,*ster,,4,2687
[Spanish] oruga [Catalan] eruga [Latin] eruca [Italian] ruca,*ǵʰer(s)-uk-eh₂,,4,2688
[Irish] galar [Scottish Gaelic] galar [Welsh] galar,ro-,,3,2689
[Galician] vizo [Old Portuguese] viço [Portuguese] viço,*wi-tio-,,3,2690
[Esperanto] vespo [Cornish] gohi [Upper Sorbian] wosa [Welsh] gwchi,*wóps,,4,2691
[Czech] žito [Serbo-Croatian] žito [Lower Sorbian] žyto,*gʷeHi-to-,,3,2692
[Swedish] Näcken [Faroese] nykur [Old Norse] nykr,*nigʷ-,,3,2693
[Czech] játra [Serbo-Croatian] jetra [Slovene] jetra [Serbo-Croatian] јетра [Lower Sorbian] jětša [Upper Sorbian] jatra,*h₁entrom,,6,2694
[Czech] drozd [Polish] drozd [Serbo-Croatian] drozd [Slovak] drozd [Macedonian] дрозд [Russian] дрозд [Serbo-Croatian] дрозд [Slovene] drozg [Lithuanian] strazdas,*trósdos,,9,2695
[Scottish Gaelic] caidil [Manx] caddil,*(s)tel-,,2,2696
[Irish] boireann [Albanian] gur [English] barnacle [Cornish] brennik,*gʷr̥H-,,4,2697
[Urdu] پروت [Sanskrit] पर्वन् [Ancient Greek] πεῖραρ,*pérwr̥,,3,2698
[Old Persian] 𐎧𐏁𐎹𐎠𐎼𐏁𐎠 [German] Auerhuhn [Ancient Greek] ἄρσην [Sanskrit] वृषन्,*wérsēn,,4,2699
[Middle Irish] slige [Ancient Greek] λίγδος [Old Irish] sligid,*sleyǵ-,,3,2700
[Irish] coirce [Scottish Gaelic] coirce,*kokro-,,2,2701
[Scottish Gaelic] cruithneachd [Ancient Greek] λικμάω [Ancient Greek] νεῖκος [Irish] cruithneacht [Welsh] gwenith [Welsh] nithio,*neyk-,,6,2702
[Norwegian Nynorsk] yrkja [Ancient Greek] ἔρδω,*wr̥ǵyéti,,2,2703
[Breton] teir [Welsh] tair,*tisres,,2,2704
[Czech] svatba [Norwegian Nynorsk] seg,*swe-,,2,2705
[Danish] havn [Faroese] havn [Faroese] høvn,*kopno-,,3,2706
[Norwegian Bokmål] fus [Norwegian Nynorsk] fus,*pn̥tstós,,2,2707
[Icelandic] seiður [Old Norse] seiðr,*soytós,,2,2708
[Faroese] hvonn [Old Norse] hvǫnn,*ḱwenHdʰ-,,2,2709
[Faroese] dorg [Greek] τράτα,*dʰerāgʰ-,,2,2710
[English] cicerone [Italian] cicerone,*ḱiker-,,2,2711
[Latin] ruo [Old Church Slavonic] роути [Sardinian] ruere [Welsh] rhuthro [Ancient Greek] ἐπορούω [Persian] رمبیدن [Ancient Greek] ὀρούω,*h₃rew-,,7,2712
[Latin] ruo [Russian] рыть [Icelandic] rýja,*(H)rewH-,,3,2713
[Swedish] ämna [Norwegian Bokmål] evne [Norwegian Bokmål] absorberingsevne [Norwegian Bokmål] absorpsjonsevne [Norwegian Bokmål] abstraksjonsevne,*h₃op-,,5,2714
[Persian] انگشت [Sanskrit] अङ्ग [Sanskrit] अङ्गुष्ठ [Ossetian] ӕнгуылдз [Pali] aṅguṭṭha [Tocharian B] āṅkär [Punjabi] ਅੰਗੂਠਾ [Vaghri] આંગ [Tocharian A] ānkar [Tat] əngüşt,*h₂eng-,,10,2715
[Persian] سفید [Persian] سپید [Bengali] সফেদ,*ḱweytós,,3,2716
[Persian] لاغر [Old English] lungor [Greek] ελαφρός [Ancient Greek] ἐλαφρός,*h₁ln̥gʷʰrós,,4,2717
[Faroese] siður [Icelandic] siður,*swe-dh-,,2,2718
[Faroese] hvassur [Swedish] vass [Old English] hwæs,*kʷh₁dstós,,3,2719
[Faroese] kærur [Norn] kårr,*kār-,,2,2720
[Faroese] bráður [Icelandic] bráður [English] brath [Swedish] bråd,*bʰrē-,,4,2721
[Russian] грудь [Ukrainian] грудь [Latin] frendo,*gʷʰrendʰ-,,3,2722
[Faroese] eiði [Icelandic] eiði [Faroese] eið,*h₁y-,,3,2723
[Albanian] plak [Albanian] plakem,*pl̥h₂-ko-,,2,2724
[Latin] cavus [Irish] cuas,*ḱowh₁ós,,2,2725
[Latvian] lācis [Lithuanian] lokys [Latgalian] luocs,*tel-k-,,3,2726
[Persian] شدن [Northern Kurdish] çûn [Ancient Greek] σεύω,*kyew-,,3,2727
[Greek] κλειδί [Ancient Greek] κλείς [Latin] claustrum [Albanian] qos [Italian] chiovo,*kleh₂u-,,5,2728
[Baluchi] دست [Persian] دست [Persian] دس [Tajik] даст [Assamese] হাত [Bengali] হাত [Middle Persian] 𐭩𐭣𐭤 [Khowar] هوست [Khowar] ھوست,*ǵʰés-to-,,9,2729
[English] fraudulence [Swedish] droppe [Albanian] dromcë [Sanskrit] ध्रुति,*dʰrew-,,4,2730
[Persian] دوش [Sanskrit] दोस् [Latvian] paduse [Tajik] дӯш,*dóws,,4,2731
[Persian] دوش [Sanskrit] दोषा,*dowséh₂,,2,2732
[Faroese] ryggur [Westrobothnian] röigg,*(s)krewk-,,2,2733
[Ancient Greek] κατά [Welsh] can-,*ḱm̥-teh₂,,2,2734
[Persian] تن [Sanskrit] तनू [Sanskrit] तनु [Middle Persian] tn' [Avestan] 𐬙𐬀𐬥𐬎,*tenuh₂-,,5,2735
[Norwegian Bokmål] endokrin [Ancient Greek] κρίνω [Greek] κρίνω [Norwegian Bokmål] endokrinolog [Norwegian Bokmål] endokrinologi,*krinyéti,,5,2736
[English] whin [French] Louvain [Latin] obscenus,*ḱʷeyn-,,3,2737
[Romanian] tată [Latgalian] tēte,*tatás,,2,2738
[Swedish] lider [Westrobothnian] lir [Latin] clitellae [Gothic] 𐌷𐌻𐌴𐌹𐌸𐍂𐌰,*ḱléytreh₂,,4,2739
[Torwali] سے [Prakrit] 𑀲𑁂𑀉,*seih₂-,,2,2740
[Latin] invitus [Ancient Greek] εἰκῇ [Ancient Greek] ἑκών [Sanskrit] वश् [Ancient Greek] ἀέκητι [Ancient Greek] ἕκηλος,*weḱ-,,6,2741
[Persian] بز [Talysh] быз,*bʰūǵ-o-s,,2,2742
[Ancient Greek] λαός [Phrygian] λαϝαγταει [Norwegian Bokmål] fjompenisse,*leh₂wos,,3,2743
[Lower Sorbian] socha [Polish] socha,*sokh₂o-,,2,2744
[Persian] ابرو [Urdu] ابرو [Hindi] अब्रू [Konkani] भुव [Northern Kurdish] birû,*h₃bʰruH-,,5,2745
[Latin] pumex [Ossetian] фынк,*(s)poH(y)-,,2,2746
[Persian] آراستن [Tajik] оростан,*rê-dh,,2,2747
[Persian] شستن [Sanskrit] क्षुद्र [Assamese] খুদ,*k⁽ʷ⁾sewd-,,3,2748
[Persian] گه [Assamese] গু [Bengali] গু [Nepali] गु [Nepali] गुहु [Pali] gūtha,*g(ʷ)uH-,,6,2749
[Persian] اشک [Lithuanian] ašara [Latvian] asara [Persian] ارس [Tocharian B] akrūna [Tocharian A] ākär,*h₂éḱru,,6,2750
[Latin] caseus [Tetum] keiju [Sanskrit] क्वथते [Sanskrit] क्वथित [Gothic] 𐍈𐌰𐌸𐌾𐌰𐌽 [Sanskrit] क्वथन,*kwh₂et-,,6,2751
[Persian] خواستن [Tajik] хостан [Sanskrit] स्वादिष्ठ [Sanskrit] स्वाद [Gothic] 𐍃𐌿𐍄𐌹𐍃 [Ancient Greek] ἥδομαι,*sweh₂d-,,6,2752
[Baluchi] گرگ [Central Kurdish] گرتن,*gʰrebh₂-,,2,2753
[English] trow [Sanskrit] द्रु [Old English] treg [English] sheltron [Albanian] drënjë,*drew-,,5,2754
[Latvian] slinks [Albanian] lekur [English] sleck,*(s)lēg-,,3,2755
[Persian] شاخ [Persian] شاخه [Sanskrit] शाखा [Prakrit] 𑀲𑀸𑀳𑀸,*ḱókh₂eh₂,,4,2756
[French] chatouiller [Norman] catouoilli,*geyd-,,2,2757
[English] chasma [Ancient Greek] χάνος [Ancient Greek] χαῦνος [Ancient Greek] χανδός,*ǵʰan-,,4,2758
[English] chasma [German] gaffen [Dutch] gapen [Ancient Greek] χάσκω [Ancient Greek] χηλός [Ancient Greek] χήμη,*ǵʰeh₁y-,,6,2759
[Norwegian Nynorsk] miga [Khowar] مک [Sanskrit] मेहति [Shina] म्योनॊ [Norwegian Nynorsk] mige,*h₃méyǵʰeti,,5,2760
[Dutch] manco [Italian] manco [Portuguese] manco [Spanish] manco [Latin] mancus,*mh₂n-ko-,,5,2761
[Norwegian Bokmål] skole [Norwegian Bokmål] abnormskole,*sǵʰ-h₃-léh₂,,2,2762
[Latin] omentum [Breton] amann [Manx] eeym [Welsh] ymenyn,*h₃éngʷn̥,,4,2763
[Lithuanian] lenta [Albanian] lëndë,*lenteh₂,,2,2764
[Ancient Greek] κενός [Greek] κενός [Old Armenian] սին,*ḱen-,,3,2765
[Latin] iuxta [Italian] iugero [Latin] iugerum [Sanskrit] योगस्,*yéwgos,,4,2766
[Albanian] ther [Albanian] thërrmoj [Albanian] këthap,*ḱeh3-(i-),,3,2767
[Italian] membro [Portuguese] membro,*memso-,,2,2768
[Persian] بره [Sanskrit] उरण [Malay] biri-biri [Ancient Greek] ἀρήν [Tajik] барра [Old Armenian] գառն [Latin] vervex [Bashkir] бәрәс [Ancient Greek] εἶρος [Ossetian] уӕрыкк [Sardinian] arveghe,*wr̥h₁ḗn,,11,2769
[French] maint [Old French] maint,*monegʰ-,,2,2770
[Ancient Greek] Αἴολος [Ancient Greek] αἰόλος,*welwel-,,2,2771
[Lithuanian] gesti [Lithuanian] gadinti orą,*g(ʷ)edʰ-,,2,2772
[Lithuanian] gesti [Ancient Greek] σβέννυμι [Latvian] gaist [Russian] гаснуть [Tocharian A] käs- [Tocharian B] käs- [Latvian] dzēst,*(s)gʷes-,,7,2773
[Spanish] caricatura [Cebuano] karo [Galician] carreira [Portuguese] carreira,*kr̥s-o-,,4,2774
[Romanian] mândru [Russian] мудрый,*mondʰh₁ros,,2,2775
[Old English] munan [Latin] memini [Ancient Greek] μέμονα,*memóne,,3,2776
[Czech] dutý [Polish] dąć [Lithuanian] dumti [Ossetian] дымын,*dʰemH-,,4,2777
[English] tantra [Assamese] তাঁত,*ten-tlo-/*tn̥-tlo-,,2,2778
[Polish] tantra [Sanskrit] तन्त्र,*téntlom,,2,2779
[Danish] myre [Papiamentu] fruminga [Papiamentu] vruminga,*morwi,,3,2780
[Lithuanian] kruša [Ancient Greek] κρούω [Tocharian A] kärn- [Tocharian B] kärn-,*krows-,,4,2781
[Russian] железа [Old Armenian] գեղձք,*gʰelǵʰ-,,2,2782
[Icelandic] hvolpur [Faroese] hvølpur,*(s)kʷAl-,,2,2783
[Icelandic] hvolpur [Faroese] hvølpur,*(s)kale-,,2,2784
[French] falaise [Norman] falaise [Italian] falesia,*pelis-,,3,2785
[Italian] scindere [Latin] scindo [Norwegian Bokmål] abscisse [Ashkun] ćina [Waigali] ćina [Sanskrit] छिनत्ति [Norwegian Bokmål] abscisseakse,*skinédti,,7,2786
[Slovene] žolč [Polish] żółć [Russian] желчь,*ǵʰlh₃-,,3,2787
[Latgalian] kauls [Latvian] kauls [Ancient Greek] καυλός [Lithuanian] kaulas,*keh₂ulós,,4,2788
[Old Armenian] գիշեր [Portuguese] azeviche [Avestan] 𐬑𐬴𐬀𐬞𐬀𐬥 [Avestan] 𐬑𐬴𐬀𐬞 [Galician] acibeche,*kʷsep-,,5,2789
[Greek] αλάτι [Greek] αλιεία,*séh₂l-,,2,2790
[Ancient Greek] βλέπω [Ancient Greek] βλέφαρον,*gʷlep-,,2,2791
[Greek] κάνω [Ancient Greek] κάμνω [Ancient Greek] κομέω,*kem(H)-,,3,2792
[English] rud [Middle English] ruden [Latin] rubeo [Old Polish] rdzieć,*h₁rudʰéh₁ti,,4,2793
[Persian] جشن [Urdu] جشن [English] jentacular [Middle Persian] yẕdʾn' [Avestan] 𐬫𐬀𐬰𐬀𐬙𐬀 [Sanskrit] यजति [English] yasht [Sanskrit] यज्यु [Sanskrit] यज् [Sanskrit] यजत,*h₁yaǵ-,,10,2794
[Albanian] zjarr [Albanian] zjarm,*gʷʰer-mós,,2,2795
[Russian] кашель [Dutch] hoesten [Russian] кашлять [Irish] casacht [Hindi] खाँसना [Hindi] खाँसी [Sanskrit] कासते [Assamese] কাহ [Ukrainian] кашляти,*kʷeh₂s-,,9,2796
[Dutch] vlo [Icelandic] fló [Old Norse] fló [Old English] fleah [Yiddish] פֿלוי,*plówkos,,5,2797
[Albanian] shteg [Albanian] shteg,*stóygʰos,,2,2798
[Welsh] cau [Breton] kêr [Latin] caulae [Sanskrit] कक्ष,*kagʰ-,,4,2799
[Icelandic] drjúpa [Ancient Greek] θρόος,*dʰreu-,,2,2800
[Albanian] verë [Albanian] venë,*woy(h₁)neh₂-,,2,2801
[English] ing [Ancient Greek] ἄγκος [Sanskrit] अङ्कस् [Latin] ancus [Latin] ancus [Old Armenian] անկիւն [Georgian] ანკესი,*h₂énkos,,7,2802
[Ancient Greek] Κύκλωψ [Translingual] Cyclops,*pḱú-klōps,,2,2803
[Ancient Greek] Δελφοί [Ancient Greek] δελφύς [Ancient Greek] δελφίς [Hindi] गर्भवती [Avestan] 𐬔𐬀𐬭𐬆𐬡𐬀 [Ancient Greek] δέλφαξ,*gʷelbʰ-,,6,2804
[Norwegian Bokmål] -isme [Norwegian Bokmål] absolutisme [Norwegian Bokmål] veganisme [Ancient Greek] -μός [Norwegian Bokmål] Donaldisme [Norwegian Bokmål] absurdisme [Norwegian Bokmål] abolisjonisme,*-mos,,7,2805
[Ancient Greek] Γίγας [Albanian] gogël,*gag-,,2,2806
[Welsh] cerdded [Ancient Greek] κέρδος [Manx] keird [Old Irish] cerd [Manx] keirdagh [Old Irish] foceird [Sanskrit] छर्दति [Manx] keirdaght,*kerd-,,8,2807
[Icelandic] þess [Old Norse] þess,*tósyo,,2,2808
[Latin] piger [Latin] pignus [Latin] piget [English] fike [Latin] pigeo [Old English] fician [Icelandic] feikn [Faroese] fokn,*peyǵ-,,8,2809
[Welsh] taw [Irish] clois,*teh₂ws-,,2,2810
[Pali] issati [Tocharian B] arṣāklo,*ers-,,2,2811
[Russian] жечь [Old Church Slavonic] жещи [Serbo-Croatian] žeći [Sanskrit] दहति [Serbo-Croatian] жећи [Persian] داغ [Albanian] djeg [Tocharian B] tsäk- [Latvian] degt [Sudovian] degt [Lithuanian] degti [Polish] żec [Macedonian] жеже [Bengali] দাগ,*dʰégʷʰeti,,14,2812
[Italian] solco [Spanish] surco [Catalan] solc [Romanian] sulc,*solk-o-,,4,2813
[Latin] aio [Latin] axo [Ancient Greek] ἠμί [Tocharian B] aksaṣṣuki [Tocharian A] āks- [Tocharian B] āks-,*h₁eǵ-,,6,2814
[Swedish] siffra [Indonesian] sunyi [Sanskrit] शून्य,*ḱówH-,,3,2815
[Gaulish] cambios [Portuguese] câmbio [Ancient Greek] σκαμβός,*(s)ḱamb-,,3,2816
[Czech] čirý [Polish] szczery,*(s)kei̯ro-,,2,2817
[Serbo-Croatian] krak [German] Krake [Bulgarian] крак,*kr(o)k-sko,,3,2818
[Ancient Greek] σκηνή [Albanian] hije [Ancient Greek] σκιά [Sanskrit] छाया [Tocharian B] skiyo [Hindi] छाँव [Marathi] सावली [Ashokan Prakrit] 𑀙𑀸𑀬𑀸 [Ancient Greek] σκίη [Urdu] چھاؤں,*(s)ḱeh₃ih₂,,10,2819
[Russian] стезя [Ukrainian] стезя,*stigʰeh₂,,2,2820
[Latin] hio [Polish] ziać [Lithuanian] žiovauti,*ǵʰh₁i-eh₂-,,3,2821
[Russian] бой [Ukrainian] бій,*bʰoyh₂ós,,2,2822
[Serbo-Croatian] bedro [Serbo-Croatian] бедро,*bʰedʰros,,2,2823
[Norwegian Bokmål] komparativ [Norwegian Bokmål] absolutt komparativ,*perH-,,2,2824
[Italian] porca [Latin] porca [Sanskrit] पर्शान,*pr̥ḱeh₂,,3,2825
[Icelandic] ópíum [Slovak] ópium [Marshallese] wōpiem̧ [Marshallese] opiem̧,*swokʷos,,4,2826
[Indonesian] arsen [Indonesian] arsenik [Malay] arsenik [Irish] arsanaic,*ǵʰelh₃i,,4,2827
[Indonesian] dwi- [Malay] dwi- [Indonesian] dwi [Malay] dwi,*dwó,,4,2828
[Old Church Slavonic] жито [Russian] жито [Serbo-Croatian] жито,*gʷeyh₃tom,,3,2829
[German] Zähre [Ancient Greek] δάκρυ [Old Irish] dér [Danish] tåre [Old Armenian] արտօսր [Irish] deoir,*dáḱru,,6,2830
[Serbo-Croatian] бости [Serbo-Croatian] bosti,*bʰodʰ-,,2,2831
[Old Church Slavonic] говорити [Serbo-Croatian] говорити [Slovak] hovoriť [Czech] hovořit,*gow(H)-,,4,2832
[Latin] catus [Ancient Greek] κατάνη,*ḱh₃tós,,2,2833
[Old Church Slavonic] кръма [Latin] cremor [Sanskrit] करम्भ [Ancient Greek] κορέννυμι,*ḱerh₃-,,4,2834
[Albanian] kep [Albanian] kmesë,*kop(H)-,,2,2835
[Old Church Slavonic] щитъ [Czech] štít [Slovak] štít [Polish] szczyt [Slovene] ščit [Macedonian] штит [Serbo-Croatian] штит,*skeytom,,7,2836
[Italian] rugiada [French] rosée [Romanian] rouă [Catalan] rosada,*Hroseh₂,,4,2837
[Old Church Slavonic] свинъ [Russian] свиной [Polish] świni [Old Ruthenian] свинѧ [Old Ruthenian] свиный,*suHiHnos,,5,2838
[Old Church Slavonic] вратити [Serbo-Croatian] вратити [Czech] vrátit [Serbo-Croatian] vratiti [Polish] wrócić [Slovak] vrátiť [Russian] воротить [Old Irish] dofortai [Marathi] वाटणे,*wortéyeti,,9,2839
[Catalan] abrigar [Spanish] abrigar [Danish] vrang,*werk'-,,3,2840
[Latin] -ve [Ancient Greek] ἤ [Lithuanian] vėl [Sanskrit] वा [Kannada] ವಾ [Avestan] 𐬬𐬁,*-wē,,6,2841
[Greek] κλείνω [Ancient Greek] κλείω,*kleh₂uyeti,,2,2842
[Norwegian Bokmål] topp [Norwegian Bokmål] grantopp,*dewmb-,,2,2843
[Latin] rudo [Pali] rodati [Hindi] रोना [Albanian] ryej [Old English] reotan [Sanskrit] रुद् [Lithuanian] raudoti [Sanskrit] रोदिति [Shina] रोनॊ [Bulgarian] ридая,*HrewdH-,,10,2844
[Galician] lombo [Portuguese] lombo,*lendhw-,,2,2845
[Norwegian Bokmål] ønske [German] wünschen [Polish] winszować,*wun-,,3,2846
[Icelandic] skjöldur [Norwegian Bokmål] skjold [Norwegian Nynorsk] skjold [Swedish] sköld [Gothic] 𐍃𐌺𐌹𐌻𐌳𐌿𐍃,*(s)keit-,,5,2847
[Norwegian Bokmål] vern [Norwegian Bokmål] abc-vern [Norwegian Bokmål] ABC-vern,*-nis,,3,2848
[Serbo-Croatian] šiti [Slovene] šiti,*syew-,,2,2849
[Italian] aspro [Galician] áspero [Portuguese] áspero [Spanish] áspero [Romanian] aspru,*h₂esp-,,5,2850
[Serbo-Croatian] zvijer [Bulgarian] звяр [Serbo-Croatian] zvir [Serbo-Croatian] звијер,*ǵʰweh₁r,,4,2851
[Czech] nízký [Serbo-Croatian] nizak [Russian] низкий [Serbo-Croatian] низак [Slovak] nízky [Macedonian] низок [Slovene] nizek [Ukrainian] низький,*ni-,,8,2852
[Czech] suchý [Slovak] suchý [Lower Sorbian] suchy [Upper Sorbian] suchi,*sh₂ewsos,,4,2853
[Latin] crudus [Sanskrit] क्रूर,*kruh₂rós,,2,2854
[Serbo-Croatian] zobati [Russian] забота,*gab-,,2,2855
[Czech] budit [Polish] budzić [Serbo-Croatian] buditi [Serbo-Croatian] будити [Polish] obudzić [Sanskrit] बोधयति [Pali] bodheti,*bʰowdʰéyeti,,7,2856
[Serbo-Croatian] crpsti [Serbo-Croatian] crpiti [Serbo-Croatian] црпсти [Serbo-Croatian] црпити,*krp-,,4,2857
[Serbo-Croatian] taknuti [Welsh] twll [Russian] точить [Ancient Greek] τύκος,*(s)tewk-,,4,2858
[Serbo-Croatian] žrtva [Russian] жертва [Ukrainian] жертва [Macedonian] жртва [Serbo-Croatian] жртва [Lithuanian] giria,*gʷrH-,,6,2859
[Tocharian A] ytār [Tocharian B] ytārye,*h₁éytr̥,,2,2860
[Old Church Slavonic] мльнии [Old Church Slavonic] млъньи [Old Church Slavonic] мльньи,*mldʰ-n-,,3,2861
[Old Church Slavonic] балии [Old Church Slavonic] бальи,*bʰeh₂-dʰl-,,2,2862
[Ancient Greek] οἶνος [Hittite] 𒃾𒅖 [Aghwan] 𐕔𐔼,*wéyh₁ō,,3,2863
[Persian] جاری [Sanskrit] यातृ [Ancient Greek] ἐνάτηρ [Old Armenian] նէր [Latin] janitrices [Konkani] जाव,*h₁yenh₂tēr,,6,2864
[Breton] stêr [Latin] stagnum,*steh₂g-,,2,2865
[Persian] استاد [Gothic] 𐍃𐍄𐍉𐌾𐌰𐌽,*stoh₂éyeti,,2,2866
[Persian] دان [Persian] دانه [Lithuanian] duona [Middle Armenian] դոն [Tocharian B] tāno [Sanskrit] धाना,*dʰoHnéh₂,,6,2867
[Serbo-Croatian] srati [Serbo-Croatian] срати,*sḱer-,,2,2868
[Ancient Greek] ὄχλος [Old Norse] vagl,*woǵʰlos,,2,2869
[Portuguese] estética [Spanish] estética,*h₂ewisd-,,2,2870
[Czech] ryzí [Russian] рыжий,*h₁rūdʰ-yo-,,2,2871
[Albanian] kopsht [Ancient Greek] κῆπος,*keh₂po-,,2,2872
[Russian] сосна [Ukrainian] сосна [Polish] sosna [Yiddish] סאָסנע,*ḱesn-,,4,2873
[Dutch] flikkeren [Old English] flacor [Luxembourgish] flackeren [German] flackern,*plag-,,4,2874
[Belarusian] кара [Russian] кара,*kor-,,2,2875
[Old Church Slavonic] шити [Serbo-Croatian] шити [Ukrainian] шити,*syewH-,,3,2876
[Latvian] ezers [Albanian] jezull,*eǵʰerom,,2,2877
[Latin] scalpo [Ancient Greek] σκόλοψ,*(s)kel(H)p-,,2,2878
[Lithuanian] bėgti [Ancient Greek] φέβομαι,*bʰégʷeti,,2,2879
[Lithuanian] vilkė [Old Norse] ylgr [Sanskrit] वृकी,*wl̥kʷíh₂s,,3,2880
[Old Armenian] ձի [Sanskrit] हय,*ǵʰéyos,,2,2881
[Polish] inny [Slovak] iný,*HiH-no-,,2,2882
[Ancient Greek] πέρυσι [Old Armenian] հերու [Irish] anuraidh [Sanskrit] परुत् [Old Irish] uraid,*péruti,,5,2883
[Galician] Osmo [Old Irish] úasal [Old Irish] úas [Ancient Greek] ὕψι,*h₃ewps-,,4,2884
[Czech] kroupa [Russian] крупа,*krowpeh₂,,2,2885
[Russian] стойка [Russian] постоянно,*stoh₂-,,2,2886
[Macedonian] долг [Old Irish] dligid [Polish] dług [Welsh] dylu [Welsh] dyled,*dʰelgʰ-,,5,2887
[Belarusian] выдра [Russian] выдра,*udréh₂,,2,2888
[Sanskrit] अश्रु [Vaghri] અસ્સૂ [Gujarati] અશ્રુ [Kashmiri] ऒश,*h₂eḱru,,4,2889
[Portuguese] punhal [Romansch] puogn,*puǵ-no-,,2,2890
[Sanskrit] वारि [Ancient Greek] ῥαίνω [English] rantistirion,*weri,,3,2891
[Russian] мешок [Belarusian] мяшок,*moiso-,,2,2892
[French] cathéter [Sanskrit] नप्तृ [Hindi] -ता [Ancient Greek] -τήρ,*-tḗr,,4,2893
[Sanskrit] आस् [Sanskrit] आस्ते,*h₁eh₁s-,,2,2894
[Sanskrit] अंस [Pali] aṃsa,*h₂ṓms,,2,2895
[Serbo-Croatian] smrad [Serbo-Croatian] смрад,*smord-o-s,,2,2896
[Serbo-Croatian] međica [Serbo-Croatian] међица,*medʰ-yeh₂,,2,2897
[Portuguese] marta [Spanish] marta,*martu-,,2,2898
[Ancient Greek] κέντρον [Albanian] çandër [English] kendra [Old Armenian] սանտր,*ḱentrom,,4,2899
[Italian] Etna [Portuguese] Etna [English] Aetna [Latin] Aetna [Greek] Αίτνα,*ai-dh,,5,2900
[Sanskrit] जय [Ancient Greek] βία [Welsh] cwyn [Sanskrit] जित,*gʷey-,,4,2901
[Swedish] både [Hindi] उभय [Sanskrit] उभय,*bʰoh₁,,3,2902
[Manx] quing [Irish] cuing [Middle Irish] cuing,*yung-,,3,2903
[Latin] -tas [Czech] -tva [Polish] -twa [Sanskrit] -त्वा,*-tweh₂,,4,2904
[Galician] parva [Galician] parvo [Ido] povra,*ph₁w-,,3,2905
[Serbo-Croatian] luč [Russian] луч [Serbo-Croatian] луч,*lowkis,,3,2906
[Indonesian] domba [Persian] دنب [Ossetian] дымӕг,*dewmbʰ-,,3,2907
[Old Armenian] մարմին [Sanskrit] मर्मन्,*mr̥meno-,,2,2908
[Swedish] dusch [Swedish] dusch [Latin] duco [Norwegian Bokmål] abduksjon [Norwegian Bokmål] abdusere [Norwegian Bokmål] abdusering,*déwkti,,6,2909
[Russian] жара [Russian] жар,*gʷʰēr-,,2,2910
[Latvian] latvis [Ancient Greek] λάταξ [Lithuanian] latakas [Welsh] llaid,*lat-,,4,2911
[Greek] γεμίζω [Albanian] kumbull [Old English] cimban,*gem-,,3,2912
[English] kittle [Swedish] kittla,*geid-,,2,2913
[Sanskrit] त्वच् [Ancient Greek] σάκος [Hindi] त्वचा,*twek-,,3,2914
[Ancient Greek] σέβομαι [Sanskrit] त्याग [Pali] cāga [Pali] cajati [Prakrit] 𑀘𑀸𑀬 [Sanskrit] त्यजति,*tyegʷ-,,6,2915
[Latin] viscum [Old High German] wihsila [Ancient Greek] ἰξός,*weyḱs-,,3,2916
[Latin] sentis [Greek] ξαίνω [Latin] sentus,*ksen-,,3,2917
[Old Georgian] გორა [Danish] krave [Latvian] garš,*gʷer-,,3,2918
[Spanish] greña [Middle Irish] grend,*gʰren-,,2,2919
[Latin] tenus [Sanskrit] तनस्,*ténos,,2,2920
[Sudovian] puse [Ancient Greek] πεύκη [Old Armenian] հիւսեմ [Luxembourgish] Fiicht [Lithuanian] pušis,*pewḱ-,,5,2921
[Yiddish] ליגן [Polish] leżeć [Gothic] 𐌻𐌹𐌲𐌰𐌽 [Kashubian] leżec,*légʰyeti,,4,2922
[Middle English] yelow [English] gelbstoff,*ǵʰelh₃wós,,2,2923
[Persian] دروغ [Baluchi] دروگ [Sanskrit] द्रोह [Sanskrit] द्रोघ,*dʰrówgʰos,,4,2924
[Sanskrit] रात्रि [Assamese] ৰাতি,*Hréh₁trih₂,,2,2925
[Sanskrit] देवी [Ancient Greek] δῖος [Avestan] 𐬛𐬀𐬉𐬎𐬎𐬍,*déywih₂,,3,2926
[Ancient Greek] δεσπότης [Sanskrit] दम्पति [Middle Persian] 𐭬𐭫𐭪𐭲𐭠,*déms pótis,,3,2927
[English] thair [Icelandic] þreifa [Middle English] tharf [Old Saxon] thurvan [Russian] торопить [Ancient Greek] τέρπω [Greek] τέρψη [Sanskrit] तृप्ति [Sanskrit] तृप्त [Old Armenian] տարփ,*terp-,,10,2928
[English] sowl [English] soul cake [Old English] sufel [Dutch] Susteren,*seu-,,4,2929
[Galician] estoque [Italian] stocco,*(s)teug-,,2,2930
[Albanian] plis [Sanskrit] फल्,*(t-),,2,2931
[Latin] caelebs [Sanskrit] केवल,*kéywelos,,2,2932
[Persian] هرگز [Old Persian] 𐏃𐎣𐎼𐎶𐎨𐎡𐎹 [Hindi] हरगिज़,*sm̥-kr̥t,,3,2933
[Lithuanian] bučiuoti [Welsh] gwefus [Cornish] gweus,*bus-,,3,2934
[Latin] sibilus [Polish] gwizdać [Russian] свистнуть [Welsh] chwythu,*sweysd-,,4,2935
[Indonesian] orkestra [Afrikaans] orkes [Indonesian] orkes,*ergh-,,3,2936
[Polish] dąb [Albanian] thanë,*dʰónu,,2,2937
[Irish] amárach [Sanskrit] मरीचि,*mr̥Hko-,,2,2938
[Old Polish] deżdż [Lower Sorbian] dešć,*dyu-,,2,2939
[Czech] vlna [Slovak] vlna,*wl̥Hn-,,2,2940
[Lithuanian] vaškas [Latvian] vasks,*wokso-,,2,2941
[Latin] ploro [Kashubian] płëwac,*pleh₃(w)-,,2,2942
[Sanskrit] वृकतात् [Hittite] 𒉿𒀠𒆪𒉿𒀸,*wl̥kʷós,,2,2943
[German] Zinne [German] Zinne [Dutch] tinne [German Low German] Tinne,*h₃dónt-,,4,2944
[German] Zinne [German Low German] Tinne,*h₃dént-no-,,2,2945
[Ancient Greek] γάλως [Old Armenian] տալ [Latin] glos,*ǵh₂lōws,,3,2946
[Phrygian] ζεμελως [Ancient Greek] χθαμαλός [Latin] humilis,*dʰǵʰemelo-,,3,2947
[Sanskrit] गच्छति [Ancient Greek] βάσκω,*gʷm̥sḱéti,,2,2948
[Ancient Greek] ἕζομαι [Yiddish] זיצן [Norwegian] Sæther [Norwegian Bokmål] Sæter,*sédyeti,,4,2949
[Irish] caill [Scottish Gaelic] caill,*kold-,,2,2950
[Latin] splendeo [Old Irish] sluindid,*spln̥d-eh₁-,,2,2951
[Polish] rysować [Latin] Raeti,*wreyd-,,2,2952
[Sanskrit] तनोति [Welsh] taen [Ancient Greek] τανύω,*tn̥néwti,,3,2953
[Sanskrit] मन्यते [Assamese] মনা [Assamese] মানা [ Bengali ] মানা [Ashokan Prakrit] 𑀫𑀦𑀢𑀺,*mn̥yo-,,5,2954
[Sanskrit] पिबति [Gujarati] પીવું [Marathi] पिणे [Mewari] पीणो [Prakrit] 𑀧𑀺𑀯𑀇,*píbeti,,5,2955
[Hindi] पृथु [Sanskrit] पृथु [Ancient Greek] πλατύς [Italian] chiatto [Neapolitan] chiatto [Old Armenian] յաղթ [Lithuanian] platus [Ligurian] ciàtto [Ligurian] piâto [Avestan] 𐬞𐬆𐬭𐬆𐬚𐬎 [Northern Kurdish] fireh,*pléth₂us,,11,2956
[Sanskrit] पर्दते [Ancient Greek] πέρδομαι [Lithuanian] persti [Albanian] pjerdh [Hindi] पादना [Bengali] পাদা [Latvian] pirst,*pérdetor,,7,2957
[Sanskrit] पर्शु [Ossetian] фарс [Shina] प्रशु,*pérḱus,,3,2958
[Sanskrit] पुलक [Ancient Greek] πυλεών,*pulh₂-,,2,2959
[Breton] bloaz [Cornish] bledhen,*bʰloyd-,,2,2960
[Ancient Greek] ἔπος [Ancient Greek] έπω,*wékʷos,,2,2961
[Ancient Greek] δαρδαίνει [Latin] foria,*dʰrey-,,2,2962
[Ancient Greek] κλύδων [Old Armenian] լուրջ [Ancient Greek] κατακλυσμός [Latin] cluo [Latin] Cluentus [Old English] hlutor [Ancient Greek] κλύζω,*ḱlewH-,,7,2963
[Ancient Greek] βρέφος [Greek] βρέφος [Irish] bromach [Russian] жеребец,*gʷrebʰ-,,4,2964
[Ancient Greek] τηΰσιος [Sanskrit] तायु [Sanskrit] स्तायु,*(s)teh₂y-,,3,2965
[Ancient Greek] ἠθέω [Albanian] gjerë,*seh₁y-,,2,2966
[Ancient Greek] ἑβδομήκοντα [Greek] εβδομήντα,*septm̥-ḱómt-h₂,,2,2967
[Ancient Greek] ὦμος [Hindi] हँसली,*h₃émōs,,2,2968
[Ancient Greek] ὄρχις [Albanian] herdhe [Irish] úirí,*h₁órǵʰis,,3,2969
[Ancient Greek] ὀμφαλός [Greek] αφαλός,*h₃m̥bʰ-,,2,2970
[Ancient Greek] σορός [Greek] σορός,*tworHos,,2,2971
[Ancient Greek] ἅρπη [Latin] sarpo,*srp-,,2,2972
[Ancient Greek] ἔλπω [Ancient Greek] ἐλπίς,*welp-,,2,2973
[Ancient Greek] λείβω [Ancient Greek] λίψ,*leyb-,,2,2974
[Ancient Greek] γέρων [Ossetian] зӕронд [Old Armenian] ծերուն [Sanskrit] जरत्,*ǵérh₂onts,,4,2975
[Sanskrit] तपस् [Old Armenian] տապ [Latin] tepor [Persian] تب,*tépos,,4,2976
[Sanskrit] क्षेति [Gujarati] છે,*tḱéyti,,2,2977
[Sanskrit] तित्तिर [Assamese] তিতৌ [Assamese] তিতৰ,*teter,,3,2978
[Sanskrit] रिशादस् [Old English] hettan,*ḱeh₂d-,,2,2979
[Sanskrit] श्रोणि [Persian] سرین [Lithuanian] šlaunis [Latin] clunis [Italian] clune [Khowar] شرون [Welsh] clun,*ḱlównis,,7,2980
[Sanskrit] द्रुम [Ancient Greek] δρυμός,*drumós,,2,2981
[Ancient Greek] ἔλπος [Albanian] gjalpë [Middle Persian] clp,*selp-,,3,2982
[Norwegian Bokmål] abgeschmackt [Icelandic] smekkur [Old English] smæcc [Norwegian Bokmål] abgeschmackthet [Lower Sorbian] šmek,*smeg-,,5,2983
[English] ramson [Irish] creamh [Scottish Gaelic] creamh [Ancient Greek] κρόμμυον [Middle English] ramese,*kermus-,,5,2984
[English] ramsons [Welsh] craf,*kremus-,,2,2985
[Ancient Greek] γαλήνη [Ancient Greek] γελάω,*ǵelh₂-,,2,2986
[Latin] propinquus [Latin] longinquus [Ancient Greek] ἀλλοδαπός,*-n̥kʷo-,,3,2987
[Danish] glente [Swedish] glänta [Middle English] glenten [Icelandic] gletta [Westrobothnian] glänt,*ǵʰlend-,,5,2988
[Portuguese] misturar [Galician] mesturar,*meiǵ-,,2,2989
[Old English] fæle [English] feal,*pey-,,2,2990
[Hittite] 𒅖𒉺𒀭𒍝 [Sanskrit] क्षप् [Northern Kurdish] şev [Ancient Greek] κνέφας,*kʷséps,,4,2991
[Serbo-Croatian] plav [Old Norse] fǫlr,*polHwós,,2,2992
[Sanskrit] राम [Ancient Greek] ἐρῆμος,*reh₁mós,,2,2993
[English] khana [Sanskrit] खाद् [Kashmiri] کھیٛۆن,*kʷh₂ed-,,3,2994
[Galician] milagre [Old Portuguese] miragre [Norman] mithacl'ye [Dutch] mirakel [Ancient Greek] μιαίνω [Ancient Greek] σμινύη,*smei-,,6,2995
[Serbo-Croatian] žudjeti [Serbo-Croatian] жудјети [Latvian] gaidīt,*gʰeydʰ-,,3,2996
[Icelandic] fjöl- [Gothic] 𐍆𐌹𐌻𐌿,*pelu-,,2,2997
[Plautdietsch] scheef [Danish] skæv [Ancient Greek] σκαιός [Latin] scaevus [Swedish] skev,*skeh₂iwos,,5,2998
[Sanskrit] सर्म [Ancient Greek] ὅρμος,*sórmos,,2,2999
[Sanskrit] ग्रीवा [Albanian] grykë [Latvian] grīva [Silesian] grziwa,*gʷriHwéh₂,,4,3000
[Finnish] juhta [Persian] جفت [Punjabi] ਜੁੱਤੀ [Hindi] युक्त [Sanskrit] युक्त [Punjabi] جتی,*yugtós,,6,3001
[Khmer] ស្រី [Khmer] ស្ត្រី,*eys-,,2,3002
[Polish] wasz [Serbo-Croatian] vaš [Macedonian] Ваш,*wās-y-,,3,3003
[Old English] hlæw [Gothic] 𐌷𐌻𐌰𐌹𐍅,*ḱloy-wo-m,,2,3004
[Ancient Greek] ὅρος [Latin] urvo [Greek] όριο [Ancient Greek] σύνορος,*werw-,,4,3005
[Norwegian Bokmål] abbedisse [Ancient Greek] -ης [Norwegian Bokmål] abbedissestue,*-ēs,,3,3006
[Sanskrit] प्रथस् [Ancient Greek] πλάτος,*pléth₂os,,2,3007
[Old English] siwian [Old Georgian] ნემსი,*sīw-,,2,3008
[Breton] kelenn [Welsh] celyn [Manx] cullyn [Old Irish] cuilenn,*ḱol-,,4,3009
[Ancient Greek] πρόσωπον [Sanskrit] प्रतीक,*prétih₃kʷo-,,2,3010
[Spanish] hollín [Italian] fuliggine [Portuguese] fuligem [Latin] fuligo [Romanian] funingine,*dʰuh₂li-,,5,3011
[Westrobothnian] brok [Persian] برازیدن,*bʰreh₁ǵ-,,2,3012
[Russian] спеть [Russian] успеть [Ancient Greek] σπεύδω [Lithuanian] spauda,*spewd-,,4,3013
[Middle English] puls [Dutch] Velsen-Noord [Dutch] Velsen-Zuid,*pel,,3,3014
[Old Armenian] եղեռն [Ancient Greek] ὄλλυμι [Ancient Greek] ὀλοός [Ancient Greek] οὖλος,*h₃elh₁-,,4,3015
[Italian] vaglio [Italian] vagliare,*wal-,,2,3016
[Latin] farcio [Latin] frequens [Latin] fraxo,*bʰrekʷ-,,3,3017
[Polish] olcha [Ancient Greek] ἄλιζα,*h₂éliseh₂,,2,3018
[Serbo-Croatian] tajiti [Serbo-Croatian] тајити,*teh₂-y-,,2,3019
[Persian] بانو [Ancient Greek] δέσποινα [Greek] δέσποινα,*déms pótnih₂,,3,3020
[Persian] نگاه [Kashmiri] گاش [Sanskrit] काश् [Assamese] চকু [Sylheti] ꠌꠃꠈ [Tocharian B] kektseñe [Persian] آگاه [Ancient Greek] τέκμαρ [Ancient Greek] τεκμαίρομαι [Assamese] চখু [Tocharian A] kapśañi,*kʷeḱ-,,11,3021
[Old Norse] þurs [English] thurse,*tur-,,2,3022
[Polish] żywica [Russian] живица,*gʷh₃i-u-,,2,3023
[Latin] culex [Welsh] cylion [Cornish] kelyon [Irish] cuil [Old Irish] cuil,*ḱuH-ló-,,5,3024
[Latin] elenchus [Ancient Greek] ἔλεγχος [Hittite] 𒇷𒅅𒍣 [Ancient Greek] ἐλέγχω,*h₁lengʰ-,,4,3025
[Norwegian Bokmål] teater [Old English] -þor [Latin] -trum [Ancient Greek] -τρον [Ancient Greek] χύτλον [Norwegian Bokmål] absurdteater,*-trom,,6,3026
[Lithuanian] valdyti [Latvian] valdīt,*h₂welh₁dʰh₁-,,2,3027
[Old Armenian] արգանդ [Old Armenian] արգահատեմ,*arkʷ-,,2,3028
[Old Armenian] ողբ [Lithuanian] ulbauti,*olbʰ-,,2,3029
[Old Armenian] ուլ [Mingrelian] ფოლო,*pōlo-,,2,3030
[Sanskrit] वसति [Hindi] बसना,*h₂wéseti,,2,3031
[Albanian] marr [Ancient Greek] μάρναμαι [Old Irish] marnaid [Old Irish] maraid,*merh₂-,,4,3032
[Sanskrit] तुच्छ [Russian] тщета,*tweskʷ-,,2,3033
[Galician] Bama [Galician] Bamio,*(s)úp-m̥mo-,,2,3034
[Latin] veru [Gothic] 𐌵𐌰𐌹𐍂𐌿 [Umbrian] 𐌁𐌄𐌓𐌖𐌔 [Umbrian] 𐌁𐌄𐌓𐌅𐌀,*gʷéru,,4,3035
[Latin] specio [Sanskrit] पश्यति [Ashokan Prakrit] 𑀧𑀲𑀢𑀺,*spéḱyeti,,3,3036
[Latin] caedo [Latin] caelo [Latin] cestrum,*keh₂id-,,3,3037
[Old Armenian] քիմք [Sanskrit] चम्,*kʷem-,,2,3038
[Sanskrit] लभते [Armenian] ձուղբ [Assamese] লোৱা [Sanskrit] लभ् [Sanskrit] लब्ध,*lebʰ-,,5,3039
[Latin] carduus [Danish] harsk [German] harsch [English] chadon beni,*kars-,,4,3040
[Latin] frigus [Ancient Greek] ῥῖγος,*sriHgos,,2,3041
[Swedish] kväva [Old Norse] kœfa,*gʷeh₂bʰ-,,2,3042
[Hittite] 𒄭𒅖𒊭𒀭 [Ancient Greek] οἴαξ,*h₂iHseh₂,,2,3043
[Sanskrit] ईषा [Assamese] ঈহ,*h₂iHséh₂,,2,3044
[Latin] novitas [Ligurian] novitæ [Ancient Greek] νεότης,*néwoteh₂ts,,3,3045
[Latin] saucius [Lithuanian] skusti,*ksew-,,2,3046
[Latin] pusillus [Latin] pusus,*putlos,,2,3047
[Old Armenian] -ուկ [Old Armenian] -իկ [Old Armenian] -ակն,*-kon-,,3,3048
[Old Armenian] փայլ [Sanskrit] स्फटिक,*(s)pʰel-,,2,3049
[Scottish Gaelic] sgàth [Manx] scaa,*skot-,,2,3050
[Old Armenian] ցուրտ [Lithuanian] šiaurė [Latin] caurus,*(s)ḱeh₁w-,,3,3051
[Old Armenian] գին [Sanskrit] वस्न,*wósn̥,,2,3052
[Italian] candire [Turkish] kandil,*kand-,,2,3053
[Albanian] mjegull [Latvian] migla [Lithuanian] migla [Upper Sorbian] mhła [Bulgarian] мъгла [Polabian] m’åglă,*h₃mígʰleh₂,,6,3054
[French] gober [French] gobelet [Galician] gobelete,*ǵoph₃o-,,3,3055
[Serbo-Croatian] jela [Serbo-Croatian] јела,*h₁edʰlos,,2,3056
[Sanskrit] पुरु [Konkani] पुरो [Marathi] पुरे,*pl̥h₁ús,,3,3057
[Breton] karv [Cornish] karow,*ḱr̥wós,,2,3058
[Old Armenian] են [Sanskrit] सन्ति [Old Persian] 𐏃𐎫𐎡𐎹 [Balinese] ᬰᬦ᭄ᬢᬶ,*h₁sénti,,4,3059
[Old Armenian] մերձ [Ancient Greek] ἄχρι,*méǵʰ(s)ri,,2,3060
[Albanian] zë [English] gound,*gʰendʰ-,,2,3061
[Danish] vammel [Lithuanian] vemti,*wem-,,2,3062
[Danish] korps [Dutch] korps [Indonesian] korps,*kʷrép-o-,,3,3063
[Scottish Gaelic] uachdar [Irish] uachtar [Manx] eaghtyr,*h₃ewp-s-,,3,3064
[Norwegian Bokmål] hør [Old Norse] hǫrgr,*ḱarǝk-,,2,3065
[Latin] alnus [French] aulne [Albanian] halë,*h₂élsnos,,3,3066
[Lithuanian] voverė [Samogitian] vuoverie [Latvian] vāvere,*wewer-,,3,3067
[Portuguese] fole [Romanian] foale [Spanish] fuelle,*bʰolǵʰnis,,3,3068
[Portuguese] evocar [Spanish] evocar [Tajik] овоз,*wōkʷs,,3,3069
[Sanskrit] शास्त्र [Tocharian A] käṣṣī [Tocharian B] käṣṣī [Sanskrit] शास्,*ḱeh₁s-,,4,3070
[English] Tamar [Italian] Tammaro,*tm̥Hrós,,2,3071
[Sanskrit] रवि [Old Armenian] արև,*h₂rewi-,,2,3072
[Greek] πουλάρι [Latin] paulus [Ancient Greek] παῦρος,*péh₂uros,,3,3073
[Old English] ut- [Ancient Greek] ὕβρις,*ud-,,2,3074
[Portuguese] ferver [Romanian] fierbe,*bʰeru-,,2,3075
[Czech] vloni [Czech] loni [Slovak] vlani,*ol-nei,,3,3076
[Persian] خندیدن [Old Armenian] խինդ [Persian] خنده [Baluchi] کندگ,*kʰendʰ-,,4,3077
[Scottish Gaelic] mearachd [Ancient Greek] ἁμαρτάνω,*h₂mert-,,2,3078
[Icelandic] fer- [Sanskrit] तुरीय [Gothic] 𐍆𐌹𐌳𐌿𐍂- [Avestan] 𐬙𐬏𐬌𐬭𐬌𐬌𐬀 [Catalan] petricó,*kʷetwr̥-,,5,3079
[Ossetian] егӕр [Ossetian] игӕр,*yókʷr̥,,2,3080
[Ancient Greek] σπίζω [Ancient Greek] σπίνος,*(s)ping-,,2,3081
[Old Armenian] սիւն [Ancient Greek] κίων,*ḱiHwon-,,2,3082
[Old English] spyrd [Old Armenian] սպրդեմ [Sanskrit] स्पर्धा,*sperdʰ-,,3,3083
[Italian] onusto [Latin] onustus,*h₃enh₂ostos,,2,3084
[Portuguese] nupcial [Norman] neuches,*snewbʰo-,,2,3085
[Old Armenian] աղբիւր [Ancient Greek] φρέαρ,*bʰréh₁wr̥,,2,3086
[Old Armenian] ալիւր [Ancient Greek] ἄλευρον [Ancient Greek] ἄλειαρ,*h₂leh₁wr̥,,3,3087
[Russian] пук [Latin] panus,*pank-,,2,3088
[Catalan] maça [Portuguese] maça,*mat,,2,3089
[Albanian] qenë [Albanian] qemë [Albanian] qetë [Ancient Greek] τέλλω,*kʷelh₁-,,4,3090
[Persian] سور [Sanskrit] शूर [Sanskrit] शू [Old Persian] 𐎰𐎢𐎼𐎺𐎠𐏃𐎼 [Old Persian] 𐎰𐎢𐎼𐎺𐎠𐏃𐎼 [Sanskrit] श्वस्,*ḱewH-,,6,3091
[Hittite] 𒉺𒄴𒊭𒊑 [Polish] paść,*péh₂sti,,2,3092
[Portuguese] feriado [Galician] feira [Portuguese] feira,*dhēs-,,3,3093
[Irish] folt [Old Irish] folt,*welh₂-,,2,3094
[Ancient Greek] χήρα [Greek] χήρα [Latin] heres [Latin] erus,*ǵʰeh₁ro-,,4,3095
[Ancient Greek] θεάομαι [Sanskrit] धीर,*dʰeyh₂-,,2,3096
[Latin] gibbus [Lithuanian] geibti,*geybʰ-,,2,3097
[Irish] ligh [Old Irish] ligid [Sanskrit] लेढि,*léyǵʰti,,3,3098
[Swedish] i fjor [Swedish] i fjol [Danish] fjor [Norwegian Nynorsk] fjor [German] fert [Old Norse] fjǫrð,*peruti,,6,3099
[Irish] curach [Welsh] corwg,*(s)koro-,,2,3100
[Russian] грядущее [Russian] грясти,*gʰrHdʰ-,,2,3101
[Irish] cruach [Scottish Gaelic] cruach [Welsh] crug,*krā(u)-,,3,3102
[Old Portuguese] espiga [Portuguese] espiga [Portuguese] espículo,*spheh₁y-,,3,3103
[Russian] пехота [Ukrainian] піхота,*pēd-,,2,3104
[Dutch] krul [Danish] krølle,*gurus-,,2,3105
[Russian] бродить [Russian] брести [Lithuanian] bristi [Old Irish] frisbrudi,*bʰredʰ-,,4,3106
[Old English] sigor [Middle English] siȝe [Tocharian B] eṃṣke [Tocharian A] eṣäk,*segʰ-,,4,3107
[Armenian] ձետ [Middle Armenian] ձետ [Old Armenian] ձետ,*ǵʰedos-,,3,3108
[Lithuanian] lazda [Latvian] lagzda,*lazdā-,,2,3109
[Lithuanian] gaidrus [Latvian] gaišs,*gʷʰēy-,,2,3110
[German] Eberesche [Albanian] bërshen,*h₁ebʰros,,2,3111
[Albanian] botë [Bakhtiari] بیدن,*bʰewh₂-,,2,3112
[Galician] bouta [Sanskrit] गूथ [Prakrit] 𑀕𑀽𑀳,*gʷewh₁-,,3,3113
[Ancient Greek] θεσμός [Welsh] deddf,*dʰh₁-dʰmó-s,,2,3114
[Latin] palumbes [Spanish] palomo,*pal-wo-,,2,3115
[Russian] орать [Albanian] rrej [Ancient Greek] ἀρνέομαι,*h₂res-,,3,3116
[Irish] roth [Scottish Gaelic] roth,*Hroth₂os,,2,3117
[Old Irish] fíad [Irish] fiáin,*u-s,,2,3118
[Breton] yod [Welsh] uwd,*yewH-s-,,2,3119
[Middle Irish] aimser [Old Irish] aimser,*h₂etmn̥,,2,3120
[Cornish] arhans [Breton] arc'hant [Cornish] arghans,*h₂erg-,,3,3121
[Czech] řvát [Sanskrit] रव [Faroese] rómi [Punjabi] رولا,*rew-,,4,3122
[Welsh] ceiliog [Breton] kilhog,*kleh₁-,,2,3123
[Old English] fyrhþ [Old English] fyrhþ,*perkos,,2,3124
[Latin] -eus [Latin] -eus,*-e-,,2,3125
[Old Irish] bréc [Sanskrit] भ्रंश,*bʰrenḱ-,,2,3126
[Irish] -aí [Latin] -eo [Hindi] -ए,*-éyeti,,3,3127
[Serbo-Croatian] prostrijeti [Old Polish] postrzeć,*prosterh₃-,,2,3128
[English] threap [Old English] þreapian,*trōw-,,2,3129
[Latin] fringilla [Latin] frigutio [Cebuano] brayt,*bʰereg-,,3,3130
[Icelandic] skjór [German] Häher,*kik-,,2,3131
[English] roke [Old English] rocc,*rewg-,,2,3132
[Romanian] cină [Portuguese] ceia [French] Cène [Old Portuguese] cẽa,*kert-sna,,4,3133
[Icelandic] blaka [Westrobothnian] blaka [Latin] flagito [Westrobothnian] bläkkt,*bʰleh₂-,,4,3134
[Romanian] sulă [Latin] subula,*syuh₁-dʰleh₂,,2,3135
[Estonian] restoran [Indonesian] restoran, *steh₂-,,2,3136
[Ancient Greek] δράω [Sanskrit] द्रवति,*dréwh₂-eti,,2,3137
[Czech] župa [Serbo-Croatian] župa [Sanskrit] गोप्तृ,*gewp-,,3,3138
[Galician] chaga [Portuguese] chaga [Portuguese] praga,*plak-,,3,3139
[Sanskrit] दस्यु [Sanskrit] दास [Old Persian] 𐎭𐏃𐎹𐎠𐎢,*des-,,3,3140
[Irish] aiteann [Scottish Gaelic] aiteann [Welsh] eithin,*h₂eḱstis,,3,3141
[Sanskrit] न्यग्रोध [Sanskrit] नि [Indonesian] nis- [Malay] nis- [Sanskrit] निस्- [Sanskrit] निषत्त,*(h₁)ni,,6,3142
[Old English] granu [Norwegian Bokmål] grantopp [Greek] γράνα,*gʰrān-,,3,3143
[Latin] inguen [Galician] ingua,*h₁n̥gʷ-en-,,2,3144
[Old Armenian] երևիմ [Irish] riocht [Ancient Greek] πρέπω [Welsh] rhith,*prep-,,4,3145
[Latin] tergeo [English] thurrock,*terg-,,2,3146
[Danish] agn [Faroese] agn [Icelandic] agn [Norwegian Bokmål] agn [Old Norse] agn [Swedish] agn,*h₂eḱH-ono-,,6,3147
[Latin] vieo [Latin] vibia,*wh₁iéye-,,2,3148
[Latin] iuventa [Gothic] 𐌾𐌿𐌽𐌳𐌰,*h₂yuh₁n̥téh₂,,2,3149
[English] hummel [English] hamble [Latvian] cimds [Middle English] hamelen,*kem-,,4,3150
[Latin] forfex [Polish] brnąć,*bʰrdʰ-,,2,3151
[Assamese] গলা [Konkani] गळ्चे,*gʷélh₁eti,,2,3152
[Latin] azymus [Pali] yūsa [Prakrit] 𑀚𑀽𑀲,*yuHs-,,3,3153
[Romansch] tschuetta [Romansch] tschueta,*geh₁(y)-,,2,3154
[Irish] fáidh [Old Irish] fáith,*wéh₂tis,,2,3155
[Sanskrit] चातक [Dutch] kwakkel,*kʷoḱt-,,2,3156
[English] reard [Sanskrit] रसना [Gothic] 𐍂𐌰𐌶𐌳𐌰 [Old Norse] rǫdd,*res-,,4,3157
[Latin] genetrix [Sanskrit] जनित्री,*ǵénh₁trih₂,,2,3158
[Belarusian] хто [Rusyn] хто [Ukrainian] хто,*kʷos-tod,,3,3159
[Old Irish] demin [Sanskrit] धामन्,*dʰéh₁mn̥,,2,3160
[Old Irish] dobeir [Lepontic] 𐌕𐌄𐌕𐌖,*déh₃t,,2,3161
[Irish] gealt [Gothic] 𐍃𐌺𐌰𐌹𐌳𐌰𐌽,*t-,,2,3162
[Latin] nonnus [Sanskrit] नना,*nana-,,2,3163
[Galician] varga [Galician] vargo [Galician] varganzo [Ancient Greek] ἔργω,*h₁wreǵ-,,4,3164
[English] undern [Old English] undern,*h₁n̥ter,,2,3165
[Middle English] beswiken [English] swike [Scots] swick [Old English] swic,*sweyg-,,4,3166
[English] swith [English] swith,*swento-,,2,3167
[Polish] jałówka [Ukrainian] яловеґа,*jal-,,2,3168
[Scottish Gaelic] asna [Irish] easna,*h₂óst,,2,3169
[Cebuano] pundo [Romansch] fuond [Cebuano] pundiyo,*bʰudʰ-mn,,3,3170
[Latin] findo [Sanskrit] भिनत्ति,*bʰinédti,,2,3171
[Middle English] myst [Middle English] mysty,*h₃migʰ-,,2,3172
[Latin] caesaries [Sanskrit] केसर,*kéysero-,,2,3173
[Norwegian Bokmål] provocatus [Norwegian Bokmål] abortus provocatus,*wokʷ-,,2,3174
[Norwegian Nynorsk] geir [German] Ger [Ancient Greek] χαῖος,*ǵʰoysós,,3,3175
[Icelandic] lortur [English] lirt [Ancient Greek] λορδός,*lerd-,,3,3176
[Latin] expergiscor [Ancient Greek] ἐγείρω [Hindi] जागना [Sanskrit] जागर्ति [Konkani] जाग्चे [Marathi] जागणे,*h₁ger-,,6,3177
[Spanish] hozar [Galician] fozar,*bʰod-,,2,3178
[Scottish Gaelic] bruidheann [Sanskrit] ब्रू,*mlewH-,,2,3179
[Latin] Mosa [Latgalian] muosa,*mā-,,2,3180
[Albanian] thak [Albanian] thekë,*ḱokh₂o-,,2,3181
[Russian] русый [Latvian] rūsa,*h₁rowdʰ-s-o-,,2,3182
[English] Ure [Latin] Isara,*isərós,,2,3183
[Latin] rutilus [Latin] Ruteni,*h₂ruti-,,2,3184
[English] dalk [Lithuanian] dilgėlė [Old English] dalc,*dʰelg-,,3,3185
[English] glope [English] gloppen,*gʰlub(ʰ)-,,2,3186
[Albanian] heq [Albanian] heqsim,*h₂welk-,,2,3187
[Cornish] gwythi [Welsh] gwythi,*weyh₁,,2,3188
[Venetian] órxo [Catalan] orri,*ǵʰrzdeyom,,2,3189
[Luxembourgish] Wiss [Luxembourgish] Wues,*weis-,,2,3190
[Dutch] wam [Sanskrit] वपा,*wamp-,,2,3191
[Old Norse] tefja [Swedish] töva [Dutch] toeven [Low German] töven,*dobʰ-éie-,,4,3192
[Albanian] puth [Albanian] puq [Ancient Greek] πυκνός,*puḱ-,,3,3193
[Irish] uaimh [Scottish Gaelic] uaimh,*h₁ewn-,,2,3194
[Latin] rapum [Albanian] rrepë [Lithuanian] ropė,*(s)rā́ps,,3,3195
[Welsh] mwnwgl [Old Irish] muinél,*mon-i-,,2,3196
[Doteli] आगो [Nepali] आगो [Gujarati] આગ [Kachchi] આગ [Rajasthani] अगन,*h₁ngʷnis,,5,3197
[Czech] půl [Albanian] felë,*(s)pelH-,,2,3198
[Russian] сор [Russian] скаредный,*sóḱr̥,,2,3199
[English] fario [Latin] fario,*sr̥Hyón-,,2,3200
[Latin] anculus [Ancient Greek] ἀμφίπολος,*h₂m̥bʰikʷolós,,2,3201
[English] nithing [Sanskrit] नील [Sanskrit] नयति [Sanskrit] नी [Assamese] নিয়া [Marathi] नेणे,*neyH-,,6,3202
[Tocharian B] yarke [Sanskrit] अर्च् [Sanskrit] अर्चन,*h₁erkʷ-,,3,3203
[Gothic] 𐍃𐌻𐌴𐍀𐌰𐌽 [Central Franconian] schlofe,*slab-,,2,3204
[English] splot [Old English] splott,*splt-no-,,2,3205
[Classical Syriac] ܩܠܝܕܐ [Arabic] إقليد [Assyrian Neo-Aramaic] ܩܕܝܠܐ,*kleh₂us,,3,3206
[Norwegian Bokmål] sess [Norwegian Nynorsk] sess [Old Norse] sess [Sanskrit] सत्त,*sedtós,,4,3207
[Ancient Greek] βόσκω [Ancient Greek] συβώτης,*gʷeh₃-,,2,3208
[Persian] جر [Tocharian B] kāre,*ǵʰoh₁ro-,,2,3209
[Ancient Greek] εὐρύς [Sanskrit] उरु [Tocharian B] aurtstsea [Ossetian] уӕрӕх,*h₁wérus,,4,3210
[Pashto] غوښتل [Sanskrit] गृद्धि,*g⁽ʷ⁾eldʰ-,,2,3211
[Irish] léana [Ancient Greek] λειμών,*(s)leym-,,2,3212
[Ancient Greek] κρατύς [Sanskrit] क्रतु,*krétus,,2,3213
[Persian] گرد [Ashokan Prakrit] 𑀓𑀝 [Prakrit] 𑀓𑀅 [Marathi] केले,*kʷr̥tós,,4,3214
[English] twire [Ancient Greek] σαίρω,*twer-,,2,3215
[Ancient Greek] πυγή [Latin] puga,*pugeh₂,,2,3216
[Ancient Greek] χέζω [Albanian] ndoh,*ǵʰed-,,2,3217
[Ancient Greek] ὠνέομαι [Sanskrit] क्री [Tocharian B] karyor [Tocharian B] käry-,*kʷreyh₂-,,4,3218
[Ancient Greek] κύβη [Ancient Greek] κοῦφος,*kewbʰ-,,2,3219
[Russian] -ать [Russian] -еть,*-éh₁ti,,2,3220
[Ancient Greek] σός [Sanskrit] त्व,*twós,,2,3221
[Greek] φοράω [Ancient Greek] φορέω,*bʰoréyeti,,2,3222
[Old Irish] úathad [Irish] uathadh,*h₂ewtos,,2,3223
[Irish] oll [Old Irish] oll,*polh₁-,,2,3224
[Latvian] valks [Latvian] valks,*welk-,,2,3225
[Latvian] kāsis [Latvian] kāsis,*ḱāk-,,2,3226
[Latvian] stirna [Lithuanian] stirna,*ḱr̥h₂-néh₂,,2,3227
[Latvian] šaurs [Old Irish] soid [Lithuanian] siauras,*sewh₁-,,3,3228
[Albanian] shqipoj [Albanian] shkabë [Romanian] scaba,*kobuǵos,,3,3229
[English] elt [Ancient Greek] ἐλαύνω,*h₁elh₂-,,2,3230
[Latvian] tukšs [English] thost [Old Polish] tszczy [Sanskrit] तुष्टि [Sanskrit] तोष,*tews-,,5,3231
[Faroese] váttur [Icelandic] vottur,*wokʷtos,,2,3232
[Norman] lanniéthe [Sanskrit] अध्वन्,*h₁nedʰ-,,2,3233
[Albanian] njoh [Albanian] njof,*ǵneh₃-sḱe/o-,,2,3234
[Tocharian B] ratre [Tocharian A] rtär [Telugu] రుధిరుడు,*h₁rudʰros,,3,3235
[Albanian] mardhë [Polish] mrozić,*mórǵ-o-,,2,3236
[Tocharian A] āy [Tocharian B] āy,*h₃ost-,,2,3237
[Serbo-Croatian] žuriti [Serbo-Croatian] журити [Gothic] 𐌲𐌰𐌿𐍂𐍃,*gʰewro-,,3,3238
[Albanian] afsh [Albanian] ahë,*h₂euh₁-,,2,3239
[Albanian] avë [Galician] Avia,*h₂ewh₁-,,2,3240
[Indonesian] belau [Westrobothnian] balmäs,*bhel-,,2,3241
[Albanian] udhë [Albanian] urdhë,*uǵʰéh₂,,2,3242
[Albanian] dredh [Albanian] shtreth,*dʰreǵʰ-,,2,3243
[Albanian] mbys [Albanian] mbyt,*with₂-,,2,3244
[Albanian] dhunë [Albanian] përdhunë,*h₁(e)dun-eh₂,,2,3245
[Albanian] thjellët [Lithuanian] šaltas,*ḱelH-,,2,3246
[Albanian] dergj [Albanian] djerg,*derHgʰ-,,2,3247
[Albanian] ngridhem [Albanian] gërthas,*gwr-edh-,,2,3248
[Albanian] gogësij [Albanian] gogë,*gheh₂-(gheh₂-),,2,3249
[Albanian] mbështet [Sanskrit] स्थित [Prakrit] 𑀞𑀺𑀬,*sth₂tós,,3,3250
[Albanian] qengjë [Latin] canicae [Sanskrit] कञ्चन [Sundanese] ᮊᮔ᮪ᮎᮔ [Ancient Greek] κνῆκος [Middle English] hony [Northern Kurdish] şan,*kn̥h₂ónks,,7,3251
[Albanian] pranga [Ancient Greek] Φράγκος,*prAng-,,2,3252
[Albanian] krua [Old English] hræn [Old Norse] hrǫnn,*kres-,,3,3253
[Albanian] krodhë [Dutch] Herten,*kar-,,2,3254
[Serbo-Croatian] kipjeti [Serbo-Croatian] кипјети [Serbo-Croatian] кипети [Old Irish] cobar,*kup-,,4,3255
[Welsh] crau [Irish] cró,*krewh₁-,,2,3256
[Albanian] lemzë [German] klammern,*glem-,,2,3257
[English] frood [Lithuanian] protas,*pret-,,2,3258
[Albanian] rëkuall [Ancient Greek] κελέοντες,*kel,,2,3259
[Irish] réidh [Welsh] rhwydd,*h₁réh₁-dʰi,,2,3260
[Welsh] deifio [Ancient Greek] δύη [Breton] deviñ [Ancient Greek] δαΐς [Ancient Greek] δαίω,*deh₂w-,,5,3261
[Old Armenian] մօրուք [Hittite] 𒍝𒈠𒀭𒆳 [Marathi] मिशी [Sudovian] smakra,*smóḱwr̥,,4,3262
[Old English] wlæc [Old English] wlacu,*weleg-,,2,3263
[Old Norse] nǫs [Latvian] nāss,*nās-,,2,3264
[Old Armenian] մունջ [Ancient Greek] μυνδός,*mundyo-,,2,3265
[Ancient Greek] ὄρτυξ [Ossetian] уӕрцц,*wort-,,2,3266
[Serbo-Croatian] urota [Serbo-Croatian] урота,*wrotos,,2,3267
[Welsh] huddygl [Breton] huzel,*suh₃d-,,2,3268
[English] oligolectic [English] oligolecty,*(o)leyg-,,2,3269
[Polish] powodzenie [Polish] wodzić,*wodʰ-éye-,,2,3270
[English] Helvetii [Latin] Helvetius,*pelh₁u-,,2,3271
[Old Armenian] թովեմ [Old Armenian] թովեմ,*tow-,,2,3272
[Macedonian] мозок [Ukrainian] мозок,*mosgos,,2,3273
[Latvian] šis [Lithuanian] šis,*ḱi-,,2,3274
[Lithuanian] valai [Bhojpuri] 𑂥𑂰𑂩 [Magahi] 𑂥𑂰𑂩,*ul,,3,3275
[Lithuanian] valtis [Norwegian Bokmål] Valdres,*wolHt-,,2,3276
[Proto-Norse] ᛖᚱᚨᚠᚨᛉ [Russian] рябой [Old Irish] erbaid [Old English] eorp,*h₁erbʰ-,,4,3277
[Old Irish] Badb [Old Irish] búaid [Welsh] budd,*bʰówdʰi,,3,3278
[Albanian] verrë [Sanskrit] वरिष्ठ,*h₁wer-,,2,3279
[Latvian] kļūt [Polish] kluć,*klewh₂-,,2,3280
[Albanian] bokë [Albanian] bokël,*bʰoHu,,2,3281
[Ancient Greek] βιός [Kalasha] ǰi,*gʷiH-,,2,3282
[Albanian] drudhe [Albanian] drudh,*dʰrew,,2,3283
[Ancient Greek] γλυκύς [Ancient Greek] γλεῦκος,*dléwkus,,2,3284
[Ancient Greek] -θεν [Ancient Greek] -θι [Gothic] -𐌸,*dʰe,,3,3285
[Galician] canga [Portuguese] canga [Galician] cancil,*(s)kh₂emb-,,3,3286
[Galician] doiro [Galician] doira,*dʰuryos,,2,3287
[Polish] jawa [Russian] явь,*h₂ew- ,,2,3288
[Latin] erus [Hittite] 𒅖𒄩𒀀𒀸 [Lydian] 𐤦𐤮𐤠𐤮,*h₁esh₂ós,,3,3289
[Latgalian] daudz [Latvian] daudz,*dʰowgʰ-,,2,3290
[Lower Sorbian] wóz [Polish] wóz,*woǵʰos,,2,3291
[Sanskrit] अधस् [Sanskrit] अधि,*h₁n̥dʰí,,2,3292
[Old Irish] adágathar [Gothic] 𐍉𐌲𐌰𐌽 [Old Irish] áigthiu,*h₂eh₂ógʰe,,3,3293
[Classical Syriac] ܒܐܘܐ [Latin] butio,*b(e)u,,2,3294
[Danish] sadel [Norwegian Bokmål] sadel [Swedish] sadel,*sod-tlō-,,3,3295
[Latin] -tus [Welsh] -did,*-tuHts,,2,3296
[Polish] szajba [Old Norse] skífa,*skeyp-,,2,3297
[Ancient Greek] ἔνθα [Ancient Greek] ἔνθεν,*ím,,2,3298
[Persian] بیدستر [Assamese] বন,*widʰu-,,2,3299
[Lithuanian] rodyti [Latvian] rādīt,*h₂roh₁dʰéyeti,,2,3300
[Swedish] kärr [Norwegian Bokmål] kjerr [Latin] gerdius [Ancient Greek] γυργαθός [Ancient Greek] γέρδιος,*ǵers-,,5,3301
[Lithuanian] dirva [Hindi] दूब,*dŕ̥Hweh₂,,2,3302
[Russian] черпать [Ido] cherpar [Old Church Slavonic] чрѣти [Ukrainian] черпати,*(s)kerp-,,4,3303
[Russian] дежа [Polish] dzieża,*dʰoyǵʰyeh₂,,2,3304
[Sanskrit] राधा [Sanskrit] राधस्,*Hréh₁dʰeti,,2,3305
[Albanian] Tomor [Latin] Tomarus [Ancient Greek] Τόμαρος,*dʰh₁s-o-,,3,3306
[Old Armenian] բոռ [Old Armenian] բրէտ,*bʰor-,,2,3307
[Lithuanian] brinkti [Polish] brzęknąć,*bʰrnk-,,2,3308
[Hindi] पूँछ [Marwari] पूंछड़ौ,*puḱsos,,2,3309
[Luxembourgish] schënnen [German] schinden,*(s)ken-,,2,3310
[Irish] áladh [Irish] áil [Old Irish] áil [Welsh] aeled,*lo-,,4,3311
[Latvian] sestais [Latgalian] sasts,*sweḱstós,,2,3312
[Sanskrit] स्रव [Ancient Greek] ῥόος,*srówos,,2,3313
[Lithuanian] kenkti [Sanskrit] काङ्क्षति,*kank-,,2,3314
[Irish] ar son [Old Irish] seinnid [Sanskrit] सनुते [Old Irish] docoissin,*senh₂-,,4,3315
[Nepali] नजिक [Sanskrit] नेदीयस् [Marathi] नजीक,*nésdyos,,3,3316
[Pali] taruṇa [Pali] taluṇa,*terunos,,2,3317
[Danish] barsk [Norwegian Bokmål] barsk [Norwegian Nynorsk] barsk [Swedish] barsk,*bʰórs-o-s,,4,3318
[Garo] paksa [Indonesian] paksa [Malay] paksa,*peg-só-s,,3,3319
[English] silf [Middle English] silf,*s(w)e-,,2,3320
[Ancient Greek] -ων [Sanskrit] -अन् [Sanskrit] -आनी [Ancient Greek] Ὕβλων,*-Hō,,4,3321
[Ancient Greek] -μενος [Latin] -mini,*-mh₁nos,,2,3322
[Central Franconian] dürve [Alemannic German] törfe,*tetórpe,,2,3323
[Lithuanian] plunksna [Ligurian] ciùmma,*plúnksneh₂,,2,3324
[Sanskrit] शाला [Assamese] শাল [Assamese] শালি,*ḱel-eh₂,,3,3325
[Old Polish] wrzemię [Sanskrit] वर्त्मन्,*wértmn̥,,2,3326
[Irish] scaitheamh [Irish] scoith,*skewt-,,2,3327
[Latin] Apuani [Ancient Greek] ἄφαρ,*abʰ-,,2,3328
[Old East Slavic] укъ [Gothic] 𐌱𐌹𐌿𐌷𐍄𐍃 [Lithuanian] ūkis,*h₁ewk-,,3,3329
[Norwegian Bokmål] åst [Ancient Greek] ὀνίνημι,*h₃n̥néh₂ti,,2,3330
[Albanian] k- [Albanian] skë-,*ko-,,2,3331
[Old Armenian] թաթաւեմ [Old Armenian] թաւալ,*tap-,,2,3332
[Czech] vetchý [Old Czech] vetchý [Slovak] vetchý,*wet-us-o-,,3,3333
[Middle Welsh] newyn [Welsh] newyn [Tocharian B] naut-,*neh₂u-,,3,3334
[Sanskrit] कङ्काल [Assamese] কঁকাল,*kenkēl-,,2,3335
[Ancient Greek] εἷμα [Sanskrit] वस्मन्,*wésmn̥,,2,3336
[Gothic] 𐌰𐌹𐍃𐍄𐌰𐌽 [Sanskrit] ईडयति [Sanskrit] ईळे,*h₂eysd-,,3,3337
[Gothic] 𐌰𐍄𐌹𐍃𐌺 [German] Esch,*h₂edos-,,2,3338
[Sanskrit] ऋष्टि [Old Persian] 𐎠𐎼𐏁𐎫𐎡𐎣,*h₁r̥stís,,2,3339
[Ancient Greek] λιμήν [Latin] Limia [Latin] Limici,*léymō,,3,3340
[Sanskrit] रक्षति [Pali] rakkhati [Assamese] ৰাখা [Assamese] ৰখা [Assamese] ৰখা,*h₂lékseti,,5,3341
[Sanskrit] कदा [Ossetian] кӕд,*kʷodéh₂,,2,3342
[Sanskrit] भ्रूण [Lithuanian] brauti,*bʰrewH-,,2,3343
[Gothic] -𐍃𐌽𐌰 [Gothic] -𐌰𐍃𐌽𐌰 [Old English] -sn,*-sneh₂,,3,3344
[Sanskrit] आता [Avestan] 𐬄𐬌𐬚𐬌𐬌𐬁,*h₂ń̻Hteh₂,,2,3345
[Sanskrit] गत [Marathi] गेले [Avestan] 𐬔𐬀𐬙𐬀,*gʷm̥tós,,3,3346
[Konkani] आंत [Sanskrit] अन्त्र [Assamese] আঁত [Early Assamese] আন্ত [Vaghri] આંદરા,*h₁éntrom,,5,3347
[Sanskrit] तक्र [Konkani] ताक [Marathi] ताक,*ténkl̥-,,3,3348
[Konkani] शेंपडी [Prakrit] 𑀙𑁂𑀧𑁆𑀧 [Marathi] शेपटी,*ḱeyp-o-,,3,3349
[Konkani] उणे [Hindi] ऊना,*h₁uh₂nós,,2,3350
[Latin] Tyras [Latin] Turones [Latin] Autricum [Ancient Greek] Τύρας,*teur,,4,3351
[Konkani] लान [Marathi] लहान,*slǵ-s-nós,,2,3352
[Sanskrit] भार [Punjabi] بھار,*bʰorós,,2,3353
[Ancient Greek] πιέζω [Konkani] पिळ्चे [Kannada] ಹಿಂಡು [Pali] pīḷeti [Sanskrit] पीडा,*pisd-,,5,3354
[Sanskrit] अर्हति [Sanskrit] अर्ह्,*h₂elgʷʰ-,,2,3355
[Old French] borgeis [Indonesian] borjuis,*bʰrgʰ-,,2,3356
[Hindi] हीन [Sanskrit] हीन,*ǵʰh₁-nós,,2,3357
[Welsh] tyfu [Welsh] twf [Ancient Greek] τύμβος,*tum-,,3,3358
[Assamese] মহ [Early Assamese] মশ,*moḱos,,2,3359
[Ashokan Prakrit] 𑀤𑀺𑀠 [Khowar] دوڑ [Ashokan Prakrit] 𐨡𐨿𐨪𐨁𐨝 [Ashokan Prakrit] 𑀤𑀠 [Sanskrit] दृळ्ह,*dʰr̥ǵʰtós,,5,3360
[Prakrit] 𑀫𑁂𑀳 [Kachchi] મીં [Assamese] মেহ,*h₃moygʰós,,3,3361
[Prakrit] 𑀯𑁄𑀳𑀺𑀢𑁆𑀢 [Sanskrit] वहित्र,*weǵʰitlom,,2,3362
[Sanskrit] क्षरति [Konkani] झर्चे [Persian] شاریدن,*dʰgʷʰéreti,,3,3363
[Persian] هلونگ [Mazanderani] هلوه,*solwo-,,2,3364
[Sanskrit] वोळ्हृ [Sanskrit] वोढृ,*wéǵʰtōr,,2,3365
[Assamese] উশাহ [Assamese] নিশাহ [Early Assamese] উশাস,*ḱʷes-,,3,3366
[Assamese] নমা [Assamese] নামা,*nm̥rós,,2,3367
[Assamese] এঙাৰ [Assamese] আঙাৰ,*h₁ongʷl-,,2,3368
[Assamese] ঘঁহা [Marathi] घासणे,*gʰers-,,2,3369
[Old Norse] þróttr [Welsh] ymdrech [Welsh] trech,*treg-,,3,3370
[Old Norse] kǫstr [Old Norse] kǫs,*h₂ǵ-es-,,2,3371
[Tocharian B] olyi [Lithuanian] avilys,*h₂ewlós,,2,3372
[Ukrainian] летіти [Arabic] لغم,*lēk-,,2,3373
[Ancient Greek] τεύχω [Sanskrit] दोग्धि,*dʰéwgʰti,,2,3374
[Lithuanian] bildėti [Latvian] bildēt,*bʰl̥d-,,2,3375
[Galician] berbia [Galician] Berbia,*bʰerwyeh₂,,2,3376
[Tocharian A] kulyp- [Tocharian B] kulyp-,*kʷlep-,,2,3377
[Tocharian A] wāk- [Tocharian B] wāk-,*weh₂g-,,2,3378
[Sanskrit] स्तुका [Ancient Greek] στυμνός,*stewe-,,2,3379
[Sanskrit] चनस् [Sanskrit] कन्,*kenh₂-,,2,3380
[Irish] nuall [Old Irish] núall,*newH-,,2,3381
[Tocharian A] käln- [Tocharian B] käln- [Old English] hlynn [Old English] hlynan [Old Saxon] hlun,*klun-,,5,3382
[Caló] jil [Romani] śil,*ḱelt-,,2,3383
[Ancient Greek] λαγχάνω [Ancient Greek] λάχος,*lengʰ-,,2,3384
[Ancient Greek] ἱμάς [Ancient Greek] ἱμάσθλη [Ancient Greek] ἱμονιά,*sh₂i-men,,3,3385
[Ancient Greek] ἐπικεύθω [Ancient Greek] κεύθω,*(s)kewdʰ-,,2,3386
[Indonesian] sif [Old English] sciftan,*skēy-,,2,3387
[Old English] giestran [Cimbrian] gestarn [Cimbrian] ghéstan,*dʰǵʰyésteros,,3,3388
[Ancient Greek] ἀμορβός [Albanian] marrtë,*h₂mergʷ-,,2,3389
[Polish] świekier [Old Polish] świekr,*sweḱuros,,2,3390
[Albanian] hardhje [Albanian] hardhël,*skord-,,2,3391
[Dutch] Heusden [Dutch] Opheusden [Dutch] Huisduinen,*keus-,,3,3392
[Lithuanian] vaikščioti [Lithuanian] veikti,*weyk-#Root_2,,2,3393
[Polish] brusić [Silesian] brusić,*bʰrowḱ-,,2,3394
[Sanskrit] शिच् [Sanskrit] शिक्य,*ḱeyk-,,2,3395
[Sanskrit] शोभति [Sanskrit] शुभ्,*ḱewbʰ-,,2,3396
[Bengali] গহির [Middle Bengali] গহির,*gʷabʰrós,,2,3397
[Tocharian A] opäśśi [Tocharian B] epastye,*h₁opi-,,2,3398
[Tocharian A] opäśśi [Tocharian B] epastye,*h₁opi-sth₂-i-,,2,3399
[Dutch] Neeritter [Dutch] Opitter,*id-,,2,3400
[Ukrainian] дерев'яний [Russian] деревяный,*derwēno-,,2,3401
[Laz] კილა [Mingrelian] კილა,*(s)kleh₂u-,,2,3402
[Old Ruthenian] ꙗсень [Old Ruthenian] ꙗсенъ,*Hh₃es(e)nos,,2,3403
[Tocharian A] krās- [Tocharian B] krās-,*gʰres-,,2,3404
