input,output,meaning,num_cognates,cognate_set_id
[Sranan Tongo] frei [Sranan Tongo] frei [Norwegian Bokmål] fly [Norwegian Nynorsk] fly [Icelandic] fljúga [Ido] plumo [Afrikaans] vlieg [English] plumicorn [Danish] flyve [Norwegian Nynorsk] flyga [Swedish] flyga [Faroese] flúgva [Norwegian Bokmål] flyge [Dutch] pluimage [Faroese] flogskip [Faroese] flogfelag [Luxembourgish] flitzen [Tok Pisin] flai [Tok Pisin] flai [Old Swedish] flygha [Scanian] flyğa [Phalura] fláiṭ [Norwegian Nynorsk] fljuga,*plewk-,,23,0
[French] chien [Middle French] chien [Old French] chien [Aragonese] can [Asturian] can [Galician] can [Galician] can [Istriot] can [Occitan] can [Old Portuguese] can [Spanish] can [Venetian] can [Ukrainian] собака [Corsican] cane [Aragonese] chin [Romansch] chan [Catalan] ca [English] kennel [Finnish] kennel [English] canophilia [Middle Irish] cana [Translingual] Canis lupus [Manx] coo [Manx] coo [Norman] quien [Translingual] Canis [Ladin] cian [Portuguese] cão [Portuguese] cão [Romanian] câine [Scottish Gaelic] cù [Scottish Gaelic] cù [Ligurian] cagna [Javanese] sona [Irish] cú [Middle Irish] cú [Middle Irish] cú [Old Irish] cú [Romansch] chaun [Dalmatian] cun [Sicilian] cani [Translingual] Canis rufus [Translingual] Canis aureus [Translingual] Canis dirus [Translingual] Canis adustus [Translingual] Canis mesomelas [Megleno-Romanian] cǫini [Aromanian] cãne [Translingual] cyno- [English] cyno- [Translingual] Cynognathus [Friulian] cjan [English] cynodont [English] cynomolgus [Romansch] cogna [English] canicide [Sicilian] canigghia [Romansch] tgaun [French] chenil [Translingual] Canis domesticus [Romansch] tgang [Romansch] tganga [Romansch] chagna [Romansch] tgàn [Romansch] tgogna [Romansch] chogna [French] cagnotte [Norman] tchian [Walloon] tchén [Friulian] čhan [Translingual] Cuon [Istro-Romanian] căre [Aromanian] cãni [Hindi] साही [Kalasha] šọ̃́a [Konkani] सुणो [Pali] suvāna [Franc-Comtois] tchïn [Tsakonian] κούε [Bourguignon] chein [Polish] kanalia [Galician] acañar [Spanish] canódromo [Balinese] ᬰ᭄ᬯ [Romanian] câne [Khowar] شُو [Kalasha] šu [Aromanian] cheni,*ḱwṓ,,88,1
[Asturian] pie [Spanish] pie [Dalmatian] pi [English] foot [Azerbaijani] pay [Tok Pisin] put [English] pawn [Guinea-Bissau Creole] pe [Romansch] pe [French] pied [Norwegian Bokmål] fot [Norwegian Nynorsk] fot [Swedish] fot [Catalan] peu [French] pion [Indonesian] pion [Tok Pisin] fut [German Low German] Foot [Plautdietsch] Foot [Old French] poon [English] futtock [Faroese] fótur [Icelandic] fótur [Afrikaans] voet [Afrikaans] voet [Afrikaans] voet [Dutch] voet [Dutch] voet [Middle Dutch] voet [Papiamentu] pia [Romansch] pei [Sardinian] pei [Hindi] बात [Aragonese] piet [Asturian] peón [Galician] peón [Spanish] peón [Haitian Creole] pye [Sardinian] pede [Italian] pedone [Sranan Tongo] futu [Galician] pé [Galician] pé [Kabuverdianu] pé [Portuguese] pé [Danish] fod [Lombard] pè [Romagnol] pè [Sicilian] pedi [Walloon] pî [Romanian] piedin [Italian] penero [English] suppedaneous [English] podetium [English] pedetentous [Rajasthani] पाय [Spanish] -podo [Aromanian] pezã [Translingual] Podocarpus [Esperanto] futo [Istriot] peîe [Friulian] pît [Latin] leucopus [Translingual] -pus [Aromanian] cheadin [Italian] peziolo [Greek] πεζο- [Old Swedish] foter [Mauritian Creole] lipye [Seychellois Creole] lipye [Haitian Creole] pla(n) pye [Kazakh] педометр [Domari] pɔw [Italian] podezio [Phalura] fuṭ [Urdu] پا خانہ [Yola] voote [Jamtish] fót [Galician] apedar [English] Pinware,*pṓds,,80,2
[Norman] pie [English] pied [Translingual] Pica [Basque] pika [Norwegian Bokmål] pai [Norwegian Bokmål] pai [Norwegian Nynorsk] pai [Norwegian Nynorsk] pai [Tok Pisin] pai [Tok Pisin] pai [Catalan] picot [Portuguese] pego [Dutch] pieken [Esperanto] pigo [Ido] pigo [Kriol] megpai,*(s)peyk-,,16,3
[English] raven [Afrikaans] raaf [English] Ravenscar [Icelandic] hrafn [Faroese] ravnur [Danish] ravn [Norwegian Bokmål] ravn [Norwegian Bokmål] ravn [Louisiana Creole French] crever [Norwegian Nynorsk] ramn [Old Swedish] ramn [Alemannic German] Rapp [Friulian] crepâ [Scanian] rawn [Venetian] crecoła [English] Renwick [English] Raabe [Translingual] Querquedula [Breton] Kornéli [Maltese] sarsella [Polish] krewa,*ḱorh₂-,,21,4
[English] word [Chinese Pidgin English] word [English] verb [English] verb [Breton] verb [Catalan] verb [Norwegian Bokmål] verb [Norwegian Nynorsk] verb [Romanian] verb [Czech] verbum [Danish] verbum [Middle English] verbe [Old French] verbe [Finnish] verbi [Ingrian] verbi [Tok Pisin] wod [Afrikaans] woord [Esperanto] verbo [Galician] verbo [Ido] verbo [Italian] verbo [Portuguese] verbo [Spanish] verbo [Romanian] vorbă [Livonian] värb [Galician] verba [Occitan] vèrb [Yiddish] ווערב [Welsh] berf [German] Verbosität [Ladino] byervo [English] triverbial [Norman] vèrbe [Basque] berba [Bourguignon] varbe [North Frisian] Uurt [Polish] werwa [English] transverbate [Sardinian] berbu,*werdʰh₁om,,39,5
[English] word [Middle English] word [Volapük] lol [English] rose [Danish] rose [Friulian] rose [Middle English] rose [Norman] rose [Norwegian Bokmål] rose [Norwegian Nynorsk] rose [Old English] rose [Norwegian Nynorsk] ros [Swedish] ros [Zoogocho Zapotec] ros [Aragonese] rosa [Asturian] rosa [Catalan] rosa [Cebuano] rosa [Classical Nahuatl] rosa [Galician] rosa [Gallurese] rosa [German] rosa [Italian] rosa [Luxembourgish] rosa [Norwegian Bokmål] rosa [Norwegian Nynorsk] rosa [Norwegian Nynorsk] rosa [Old Portuguese] rosa [Portuguese] rosa [Romansch] rosa [Sardinian] rosa [Sassarese] rosa [Spanish] rosa [Translingual] Rosa [German] Rose [Scots] wird [English] roseola [Latvian] roze [Icelandic] rós [Greek] ροζ [Afrikaans] roos [Dutch] roos [Estonian] roos [Westrobothnian] roos [Finnish] ruusu [Faroese] rósa [Persian] رز [Central Franconian] Rus [Serbo-Croatian] ruža [Slovak] ruža [Polish] róża [Serbo-Croatian] ружа [Basque] arrosa [Welsh] rhos [Yiddish] רויז [Estonian] roosa [Cimbrian] roas [Mòcheno] roas [Cebuano] rosas [Istriot] roza [Ladino] roza [Esperanto] rozo [Occitan] ròsa [Welsh] rhosyn [Ladino] רוזה [Luxembourgish] Rous [Hunsrik] Ros [Vilamovian] ruuz [Dalmatian] ruosa [Serbo-Croatian] roža [Slovene] roža [Persian] رزا [Serbo-Croatian] ружмарин [Alemannic German] Roos [Ligurian] rêuza [Marshallese] rooj [Romanian] rujă [Tamil] ரோஜா,*wr̥dʰos,,78,6
[English] word [Afrikaans] word [English] worth [Pennsylvania German] ware [German] werden [Middle High German] werden [Faroese] verða [Icelandic] verða [Norwegian Nynorsk] verte [Norwegian Nynorsk] verta [Icelandic] Versalir [English] cardiovert [Swedish] varda [Danish] vorde [Norwegian Bokmål] vorde [Yiddish] ווערן [Old Swedish] værþa [Central Franconian] wääde [Westrobothnian] wahl [Westrobothnian] wahl [Elfdalian] werda [Pennsylvania German] waerre [Alemannic German] wërde,*wértti,,23,7
[English] December [Papiamentu] dies [Papiamentu] dies [Bislama] ten [Tok Pisin] ten [Greek] δέκα [French] dix [Norman] dix [Extremaduran] dieci [Italian] dieci [Danish] ti [Norwegian Bokmål] ti [Norwegian Nynorsk] ti [Afrikaans] tien [Domari] das [Danish] deci- [Dutch] deci- [Hungarian] deci- [Haitian Creole] dis [Louisiana Creole French] dis [Mauritian Creole] dis [Old French] dis [Sicilian] deci [Louisiana Creole French] di [Italian] decimo [Hungarian] deka- [Polish] deka- [English] decimal [Portuguese] decimal [Spanish] decimal [Aragonese] diez [Asturian] diez [English] dime [Norwegian Bokmål] dime [Norwegian Nynorsk] dime [English] doyen [French] doyen [Old Swedish] tio [Swedish] tio [Guinea-Bissau Creole] des [Lombard] des [Piedmontese] des [Friulian] dean [Yiddish] צען [Italian] decimale [Rohingya] doc [Esperanto] dek [Esperanto] dek [Ido] dek [Elfdalian] tiu [Icelandic] tíu [Translingual] Streptopelia decaocto [Central Franconian] zehn [German] zehn [Translingual] Decapoda [Galician] dez [Portuguese] dez [Venetian] diese [Norwegian Bokmål] desember [Norwegian Nynorsk] desember [Romanian] zece [Dalmatian] dic [Louisiana Creole French] diz [Catalan] disset [Catalan] divuit [Catalan] dinou [Aragonese] deu [Catalan] deu [Bhojpuri] दस [Hindi] दस [Dalmatian] dicto [Classical Nahuatl] diezmo [Old Spanish] diezmo [Spanish] diezmo [Italian] decano [Portuguese] decano [Spanish] decano [Faroese] tíggju [English] decuple [Romansch] diesch [Kabuverdianu] dés [Lombard] dés [Translingual] D- [Cimbrian] zene [Greek] δεκανέας [Urdu] دس [French] décimal [Irish] deich [Scottish Gaelic] deich [French] dîme [English] disme [Old French] disme [Spanish] deceno [Catalan] dècima [Catalan] desè [Bengali] দশ [Manx] jeih [Sardinian] deche [Polish] dekalog [Faroese] desi- [Icelandic] desi- [Walloon] dijh [Khmer] ទស [Corsican] dece [Venetian] diéxe [Ladino] dyez [Luxembourgish] zéng [Istriot] gise [Occitan] dètz [Romansch] desch [Malay] dasa [Norman] dgix [Norman] dgiême [Norman] douoyen [Istriot] gize [Ladin] diesc [Friulian] dîs [Portuguese] dízimo [Oriya] ଦଶ [Alemannic German] zää [Cebuano] desimal [Indonesian] desimal [Aromanian] dzatsi [Old Spanish] dezeno [Spanish] deán [Italian] diece [Emilian] dēś [Friulian] diesim [Catalan] degà [Romanian] zecimal [Marathi] दहा [Konkani] धा [Assamese] দহ [Hindi] आरामदेह [Ligurian] dêxe [Kachchi] ડો [Sylheti] ꠖꠡ [Kashmiri] دٔہ [Papiamentu] diesdos [Papiamentu] diestres [Papiamentu] diesun [Polish] decy- [Cimbrian] sègane [Balinese] ᬤᬰ [Romani] deś [Sardinian] deghe [Catalan] delme [Mòcheno] zeichen [Kalasha] daš [Domari] dazz [Phalura] dáaš [Kashmiri] داہ [Gandhari] 𐨡𐨭 [Niya Prakrit] 𐨡𐨭 [Dhivehi] ދިހަ [Indonesian] dasa- [Indonesian] dasa- [English] zehnbein [Jersey Dutch] tîn [Aromanian] zatsi [Norman] dyis,*déḱm̥,,161,8
[English] February [German] down [Danish] dug [Tok Pisin] das [English] town [Catalan] fem [Latin] thus [Danish] tun [Norwegian Nynorsk] tun [Swedish] tun [English] thymus [Latin] thymus [English] dusk [English] Typhon [Irish] dé [Afrikaans] dou [English] thio- [Dutch] thio- [German] thio- [Spanish] heder [Greek] θείον [French] étuve [Tok Pisin] daun [Icelandic] dögg [Faroese] tún [Icelandic] tún [Faroese] døgg [Galician] fosco [Italian] fosco [Portuguese] fosco [Swedish] dagg [English] dweomer [Spanish] tomillo [Greek] θείο [Scots] toun [Manx] jaagh [Italian] fimo [Spanish] fimo [English] indifuscin [English] Townsend [Tok Pisin] Februeri [Catalan] fosc [Dalmatian] fosc [Occitan] fosc [Tok Pisin] daunbilo [Tok Pisin] daunim [English] dog [Maori] Pēpuere [Spanish] turíbulo [Spanish] hosco [Galician] feila [Faroese] Døgg [Scanian] dygg [Norwegian Bokmål] dogg [Norwegian Nynorsk] dogg [Ladin] fosch [Norwegian Bokmål] dugg [Middle English] dosk [Galician] freila [Galician] farila [Galician] ceila [Kazakh] тиофен [Irish] túis [English] dust box [Yola] teoune [Kazakh] тимин [Catalan] tomello,*dʰewh₂-,,67,9
[English] march [Catalan] marge [French] marge [Norwegian Bokmål] margin [Norwegian Nynorsk] margin [Middle French] marche [Spanish] marginar [Norwegian Bokmål] marg [Norwegian Nynorsk] marg [Walloon] måtche [Middle English] margyn,*merǵ-,,11,10
[Azerbaijani] may [English] mega [Danish] mega [Portuguese] mega [Translingual] mega- [English] mega- [Czech] mega- [Danish] mega- [Dutch] mega- [Finnish] mega- [German] mega- [Hungarian] mega- [Icelandic] mega- [Indonesian] mega- [Italian] mega- [Latvian] mega- [Norwegian Bokmål] mega- [Norwegian Nynorsk] mega- [Polish] mega- [Portuguese] mega- [Romanian] mega- [Slovak] mega- [Slovene] mega- [Spanish] mega- [Swedish] mega- [Turkish] mega- [Mòcheno] moi [Indonesian] master [English] maxim [English] Mainz [German] Mainz [Portuguese] Mainz [Translingual] Elephas maximus [Greek] μέγας [English] megapolis [Cimbrian] majo [Esperanto] majo [Greek] μεγάλος [Italian] megalopa [Irish] má [Finnish] maksimi [Turkish] mayıs [Scottish Gaelic] magh [Crimean Tatar] maksimal [Indonesian] maksimal [Norwegian Bokmål] maksimal [Norwegian Nynorsk] maksimal [Galician] máximo [Portuguese] máximo [Spanish] máximo [English] Megalopoli [Translingual] Carcharodon megalodon [Tok Pisin] masta [Sranan Tongo] masra [Armenian] մեծ [Tok Pisin] masta kot [French] méga- [French] Mayence [Hungarian] maximális [Catalan] màxim [Polish] maksymalny [Greek] άγαν [Translingual] Megatherium [Translingual] Megaloolithus [Translingual] megalotis [Portuguese] Mogúncia [Translingual] Megaptera [Bulgarian] максимален [Thai] มหาธรรมราชา [Thai] มหาธรรมราชาธิราช [English] -megaly [Thai] มห [Cimbrian] madjo [Translingual] Megalosaurus [English] agastache [Finnish] masteroida [Cimbrian] moajo [Translingual] Megalonyx [Phalura] maaṣṭér [Gamale Kham] मास्तर [Hebrew] מקסימלי [Malayalam] മാഷ് [Italian] megalobatraco [Catalan] Magúncia [Kannada] ಮೇಷ್ಟ್ರು,*méǵh₂s,,85,11
[Danish] June [Norwegian] June [French] jeune [Tok Pisin] Jun [Italian] giovane [Occitan] joen [Old French] juene [Middle French] ieune [English] jawan [Norman] janne [Maori] Hune [Ladin] junëza [Dalmatian] jaun [Sicilian] giùvini [Walloon] djonne [Indonesian] yuwana,*h₂yéwHō,,16,12
[Danish] June [Norwegian] June [Yola] aye [Faroese] oy [Gutnish] oy [Norwegian Bokmål] øy [Norwegian Nynorsk] øy [Tok Pisin] Jun [French] Aurigny [Icelandic] ey [Danish] ø [Norwegian Bokmål] Karmøy [Norwegian Bokmål] Karlsøy [Icelandic] eyja [Faroese] oyggj [Khmer] អាយុ [Thai] อายุ [Swedish] ö [Sinhalese] ආයුබෝවන් [Maori] Hune [Westrobothnian] öy [English] Edenfield [Norwegian Bokmål] ABC-øyene [Norwegian Bokmål] Karlsøya [Norwegian Bokmål] Karlsøya [Lao] ອາຍຸ,*h₂óyu,,26,13
[English] august [Aragonese] agosto [Cimbrian] agosto [Galician] agosto [Ilocano] agosto [Italian] agosto [Ladino] agosto [Old Portuguese] agosto [Portuguese] agosto [San Pedro Amuzgos Amuzgo] agosto [Spanish] agosto [Venetian] agosto [Welsh] Awst [Esperanto] aŭgusto [Hungarian] augusztus [English] August [Scots] August [French] août [Norman] août [Old Armenian] օգոստոս [Greek] Αύγουστος [Pontic Greek] Αύγουστος [Georgian] აგვისტო [Turkish] ağustos [Afrikaans] oes [Yiddish] אויגוסט [Catalan] agost [Dalmatian] agost [Lombard] agost [Occitan] agost [Zoogocho Zapotec] agost [Aromanian] agustu [Sardinian] agustu [Sicilian] agustu [Dutch] oogst [Romansch] avuost [Romansch] avust [Romansch] uost [Lombard] avost [Romansch] avost [Sardinian] austu [Asturian] agostu [Tetum] agostu [Walloon] awousse [Lombard] vost [Corsican] aostu [Aromanian] avgustu [Lombard] agust [Romanian] agust [Ladin] aost [Old French] aost [Cimbrian] agòsten [Neapolitan] austo [Friulian] Avost [Norman] Août [Ilocano] inagosto [Ligurian] agósto [Bourguignon] ooût [Mòcheno] agst [Basque] uzta [Tashelhit] ⵖⵓⵛⵜ [Ottoman Turkish] آغستوس,*h₂ewgostos,,62,14
[Malay] September [Translingual] seven [Bislama] seven [Tok Pisin] seven [Catalan] set [Ladin] set [Lombard] set [Mauritian Creole] set [Michif] set [Old French] set [Piedmontese] set [Romansch] set [Walloon] set [Kalasha] sat [Greek] επτά [French] sept [Norman] sept [Corsican] sette [Italian] sette [Tok Pisin] sevenpela [Dutch] zepto- [English] zetta- [English] zetta- [Asturian] siete [Istriot] siete [Mirandese] siete [Spanish] siete [Indonesian] hepta- [Polish] hepta- [Elfdalian] sju [Norwegian Bokmål] sju [Norwegian Nynorsk] sju [Swedish] sju [Swedish] sju [Romansch] seat [English] septet [Welsh] saith [Icelandic] sjö [Portuguese] Ceuta [Danish] syv [Norwegian Bokmål] syv [Galician] sete [Portuguese] sete [Sardinian] sete [Venetian] sete [Aragonese] siet [Friulian] siet [Romanian] șapte [Norwegian Nynorsk] sjau [Armenian] յոթ [Hindi] सात [Sicilian] setti [Faroese] sjey [Romansch] siat [Istro-Romanian] șåpte [Megleno-Romanian] șapti [Scottish Gaelic] seachd [Afrikaans] sewe [Irish] seacht [Haitian Creole] sèt [Louisiana Creole French] sèt [Occitan] sèt [Assamese] সাত [Bengali] সাত [Ido] sep [Manx] shiaght [Middle Irish] secht [Guinea-Bissau Creole] seti [Kabuverdianu] seti [Old Danish] siu [Old Swedish] siu [Sinhalese] හත [Luxembourgish] siwen [Ligurian] sètte [Irish] heipti- [Tok Pisin] Septemba [Norman] saept [Malay] sapta [Maori] Hepetema [Dalmatian] sapto [Shina] ست [Sindhi] ست [Oriya] ସାତ [English] septuplex [Aromanian] shapti [Emilian] sêt [Gujarati] સાત [Kachchi] સાત [Central Franconian] sibbe [Sylheti] ꠢꠣꠔ [Papiamentu] shete [Kashmiri] سَتھ [Italian] eptaneso [Lombard] sètt [Dutch] Nabben [Norwegian Nynorsk] sjaug [English] siebenbein [Jersey Dutch] zœve [Jersey Dutch] zûve [Jersey Dutch] sœve,*septḿ̥,,100,15
[Translingual] November [Malay] November [Dalmatian] nu [Translingual] nine [English] nine [English] nine [Scots] nine [Ido] non [Ido] non [Danish] ni [Norwegian Bokmål] ni [Norwegian Nynorsk] ni [Corsican] nove [Galician] nove [Italian] nove [Portuguese] nove [French] neuf [Norman] neuf [Turkish] ne [Sardinian] noi [Yola] neen [Yola] neen [Aragonese] nou [Catalan] nou [Asturian] nueve [Spanish] nueve [Old Swedish] nio [Swedish] nio [Swedish] nio [Romansch] nov [Neapolitan] nòve [Mauritian Creole] nef [Esperanto] naŭ [Esperanto] naŭ [Esperanto] naŭ [Icelandic] níu [Guinea-Bissau Creole] novi [Kabuverdianu] novi [Sicilian] novi [Irish] naoi [Scottish Gaelic] naoi [Elfdalian] niu [Romanian] nouă [Tok Pisin] nain [Kalasha] no [Rohingya] no [Occitan] nòu [Faroese] níggju [Sindhi] نو [Mirandese] nuôbe [Sardinian] noe [Ladino] mueve [Bengali] নয় [Afrikaans] nege [Gujarati] નવ [Manx] nuy [Greek] εννιά [Ladin] nuef [Old French] nuef [Walloon] noûf [Haitian Creole] nèf [Louisiana Creole French] nèf [Louisiana Creole French] nèf [Assamese] ন [Romansch] nouv [Tok Pisin] Novemba [Aragonese] nueu [Maori] Noema [Aromanian] noauã [Middle English] nyne [Translingual] novenine [Istriot] gnove [Friulian] nûf [Oriya] ନଅ [English] xenna- [Konkani] णव [Cebuano] nuwebe [Ligurian] nêuve [Azerbaijani] nə [Cebuano] nuybe [Sylheti] ꠘꠄ [Papiamentu] nuebe [Bengali] নারাজ [Kashmiri] نَو [English] xenno- [Romagnol] növ [Bislama] naen [Assamese] নউ [Lombard] neuv [Piedmontese] neuv [Phalura] nawambár [Konkani] णवें [Extremaduran] nuevi [Dhivehi] ނުވަ [Punjabi] ਨੌਂ [English] neunbein [Indonesian] nawa- [Jersey Dutch] nêxe [Louisiana Creole French] nèv,*h₁néwn̥,,99,16
[English] hyponym [Asturian] so [Galician] so [Spanish] so [English] Avesta [French] sombre [Norman] sombre [English] sub- [Catalan] sub- [Galician] sub- [German] sub- [Romanian] sub- [French] selon [English] hypo [German] Hyponym [English] hypophysis [Portuguese] sob [Galician] sombra [Italian] ipofisi [Romanian] subsuoară [Italian] sotterrare [Spanish] zabordar [Asturian] soterrar [Catalan] soterrar [Galician] soterrar [Portuguese] soterrar [Spanish] soterrar [Dutch] hypotensie [German] Hypophyse [French] sombrer [Old French] sulunc [Romanian] sufruncea [Spanish] hipófisis [Irish] hipeacóst [Translingual] hypopitys [Dalmatian] sombreja [Norman] souôs- [Portuguese] hipófise [Hungarian] szub- [Aromanian] sufrãmtseauã [Old Portuguese] soombrar [Norman] s'lon [Aromanian] suiljedz [Bashkir] оҫта [Spanish] chapuzar [Aromanian] sumsoarã [Aromanian] soarã [Kazakh] гипофиз [Italian] ipanzio [Aromanian] sufurtsiau [Avar] устӏар [Tagalog] upang,*upó,,52,17
[Occitan] noun [Asturian] non [Fala] non [Galician] non [Spanish] non [English] not [English] ne [Ido] ne [Scots] ne [Turkish] ne [Phalura] na [Romani] na [Faroese] nei [Icelandic] nei [Norwegian Bokmål] nei [Norwegian Nynorsk] nei [Icelandic] né [English] nay [Danish] nej [Danish] nej [Swedish] nej [Persian] نه [Portuguese] não [Braj] नहीं [Ladin] no [Old Occitan] no [Papiamentu] no [Sranan Tongo] no [Tok Pisin] no [Kabuverdianu] nau [Urdu] نا [Dutch] n- [Yola] naay [Irish] namhaid [Irish] namhaid [Urdu] نہ [Middle Irish] náma [Faroese] neiggj [Friulian] nissun [Korean] 노잼 [Marathi] नाही [Gujarati] ના [Assamese] ন- [Konkani] नू [Assamese] নাই [Bengali] নাই [Chinese] no捽 [Azerbaijani] nə [Korean] ㄴㄴ [Bengali] নারাজ [Sylheti] ꠘꠣ [Elfdalian] näj [Scottish Gaelic] nàmhaid [Scottish Gaelic] nàmhaid [Old Marathi] 𑘡𑘎𑘻 [Kashmiri] नॖ,*ne,,56,18
[English] hour [German] Uhr [Old French] ore [Portuguese] hora [Faroese] ur [Swedish] ur [French] heure [Romansch] ura [Esperanto] horo [Marshallese] awa [Pohnpeian] awa [Tok Pisin] yia [Venetian] óra [Cebuano] oras [Romanian] oră [Albanian] orë [Tsakonian] ούρα [Greek] ώρα [Middle English] houre [Irish] uair [Scottish Gaelic] uair [Middle Irish] úar [Old Irish] úar [Romanian] oară [Romansch] oura [Greek] ώριμος [Telugu] హోర [Burmese] ဟူးရား [Bengali] হোরা [Laz] ორა,*yóh₁r̥,,30,19
[English] pneumonoultramicroscopicsilicovolcanoconiosis [English] conidium [Spanish] neumoconiosis [Italian] otoconio,*kón-,,4,20
[English] fabella [Basque] baba [Aragonese] faba [Asturian] faba [Galician] faba [Mezquital Otomi] aba [Tok Pisin] bin [Friulian] fave [Spanish] haba [English] fava bean [Icelandic] baun [Catalan] fava [Italian] fava [Portuguese] fava [Swedish] böna [Portuguese] favela [Faroese] bøn [Faroese] bøn [Spanish] habichuela [French] fève [Faroese] bøna [Danish] bønne [Norwegian Bokmål] bønne [Norwegian Nynorsk] bønne [Norwegian Nynorsk] baune [Scottish Gaelic] pònair [Welsh] ffa [Dalmatian] fua [Translingual] Faba [Aromanian] fauã [Manx] poanrey,*bʰabʰ-,,31,21
[English] pumpkin [English] pepo [Latin] pepo [Romanian] pepene [Cebuano] pepino [Greek] πεπόνι [Norwegian Nynorsk] koke [Hindi] पकाना [Sardinian] pepone [Romansch] cuschina [Aromanian] piponj [Spanish] pepón [Aromanian] peapini [Marathi] पिकणे [Tagalog] magkusi [Marshallese] baan̄ke [Serbo-Croatian] pipun,*pékʷeti,,17,22
[Norwegian Bokmål] fable [Norwegian Nynorsk] fable [Cia-Cia] bahasa [Dutch] bahasa [Indonesian] bahasa [Malay] bahasa [English] ban [Polish] ban [English] fuel [Isan] ภาษา [Thai] ภาษา [French] feu [Norman] feu [Walloon] feu [Spanish] hogar [English] foyer [Dutch] foyer [French] foyer [Polish] foyer [English] fusil [Italian] fuoco [Neapolitan] fuoco [Romansch] fi [English] banish [English] apophasis [English] apophasis [Old French] fu [Spanish] hablar [English] focaccia [Italian] focaccia [Aragonese] fuego [Old Spanish] fuego [Spanish] fuego [Aromanian] foc [Catalan] foc [Megleno-Romanian] foc [Old Occitan] foc [Romanian] foc [Galician] fogo [Old Portuguese] fogo [Portuguese] fogo [Italian] focolare [Romansch] fia [Hungarian] pogácsa [German] Fabel [Malay] به [Crimean Tatar] fokus [Czech] fokus [Finnish] fokus [Norwegian Bokmål] fokus [Norwegian Nynorsk] fokus [Khmer] ភាសា [Sicilian] fucili [Icelandic] fabúla [Papiamentu] abla [Spanish] fogata [Spanish] hoguera [Lao] ພາສາ [Italian] infuocare [Finnish] fabuloida [Spanish] huego [Greek] φήμη [German] fachen [Italian] focaia [Norwegian Bokmål] fabel [Norwegian Nynorsk] fabel [Sicilian] focu [Punjabi] ਭਾਸ਼ਾ [Irish] fócas [Armenian] բանալ [Romansch] fieu [Dhivehi] ބަސް [Occitan] fuòc [Ladino] avlar [Hungarian] fókusz [Romansch] fö [Romansch] fiac [Romansch] fiug [Galician] fogar [Neapolitan] nfucato [Thai] ภาษาศาสตร์ [Burmese] ဘာသာဗေဒ [Burmese] ဘာသာ [Mon] ဘာသာ [Venetian] fógo [Venetian] fogołaro [Luxembourgish] fuebelen [Ido] fablo [Tarantino] fuèche [Romanian] focar [Romanian] înfoca [Cebuano] pusil [Spanish] hogaza [Asturian] fueu [Bourguignon] faule [Norman] faeu [Dalmatian] fuc [English] Bain [Norman] fouoyi [Cia-Cia] 바하사 [Portuguese] fogueira [Mirandese] fuogo [Friulian] fûc [Chakma] 𑄞𑄌𑄴 [Asturian] fuegu [Greek] περήφανος [Greek] περηφάνια [Friulian] fogolâr [Portuguese] apófase [Portuguese] apófase [English] Bahasa [Tagalog] Bahasa [Pali] bhāsati [Greek] μπουγάτσα [Khün] ᨽᩣᩈᩣ [Lü] ᦘᦱᦉᦱ [Konkani] भास [Portuguese] fogaça [Greek] φουφού [French] fouace [Hindi] भाखा [French] apophase [French] apophase [Ligurian] fêugo [Galician] Zanfoga [Badui] ᮘᮞ [Sundanese] ᮘᮞ [Cebuano] puygo [Greek] αμπλαούμπλας [Sardinian] fogu [Galician] fogaza [Javanese] ꦧꦱ [Occitan] fòc [Nyah Kur] พาซา [Urak Lawoi'] พาซา [Kabuverdianu] bandoná [Kabuverdianu] bandonâ [Kabuverdianu] bandona [Papiamentu] bandona [Lombard] fögh [Sindhi] ڀاشا [Ternate] bahasang [Extremaduran] hueu [Silesian] fachlować [Balinese] ᬪᬵᬱ,*bʰeh₂-,,145,23
[Yola] aam [English] am [Middle English] am,*awos,,3,24
[Yola] aam [Italian] essere [Sardinian] essere [Tarantino] essere [Bourbonnais-Berrichon] être [French] être [French] être [Lorrain] être [English] am [Middle English] am [Romagnol] es [Catalan] ser [Portuguese] ser [Spanish] ser [Corsican] esse [Gallurese] esse [Neapolitan] esse [Piedmontese] esse [Walloon] esse [French] suis [Italian] sono [Greek] είμαι [Spanish] soy [Leonese] sou [Portuguese] sou [Romanian] fi [Ladin] ester [Old French] sui [Sardinian] essi [Neapolitan] èssere [Sardinian] èssere [English] essive [Interlingua] esser [Old Occitan] esser [Romansch] esser [Leonese] sere [Romanian] sunt [Finnish] essiivi [Mariupol Greek] ими [Catalan] ésser [Westrobothnian] öm [Franco-Provençal] estre [Middle French] estre [Old French] estre [Swedish] äm [Armenian] եմ [Czech] esence [Sicilian] èssiri [Occitan] èsser [Aromanian] escu [Emilian] èser [Venetian] èser [Venetian] èsare [Picard] ète [Megleno-Romanian] săm [Dalmatian] saite [Friulian] jessi [Romansch] easser [Istriot] ièsi [Bourguignon] étre [Franc-Comtois] étre [Franco-Provençal] étre [Venetian] l'è [Gallo] ête [Norman] ête [Ligurian] êse [Gallo] étr [Emilian] êser [Gallo] estr [Sassarese] assé [Lombard] vésser,*h₁ésmi,,71,25
[Spanish] deal [English] deuce [Haitian Creole] dye [Irish] dia [Irish] dia [Scottish Gaelic] dia [Turkish] dev [Italian] dio [French] dieu [Romansch] dieu [Kven] taivas [Bourguignon] dei [Indonesian] dewa [English] joss [English] joss [Asturian] dios [Old Spanish] dios [Spanish] dios [Spanish] dios [Galician] deus [Old Portuguese] deus [Portuguese] deus [Italian] Diana [Istriot] deo [Irish] Dia [Scottish Gaelic] Dia [English] Dis [Manx] jee [Corsican] diu [Friulian] diu [Picard] diu [Sicilian] diu [Sardinian] jana [Serbo-Croatian] див [English] div [Serbo-Croatian] div [Romanian] zeu [German] Deismus [Norwegian Bokmål] deisme [Norwegian Nynorsk] deisme [Sicilian] deu [Hungarian] deizmus [Persian] دیو [Urdu] دیو [Romanian] zău [English] deiparous [Dutch] Joost [Dutch] Joost [Tagalog] diyos [Ladino] דיו [Catalan] déu [Romanian] zo te cuște [Ladino] Dyo [Galician] deificar [Portuguese] deificar [Spanish] deificar [Classical Syriac] ܕܝܘܐ [Catalan] deïficar [English] dianium [Icelandic] týr [English] deism [English] pandeism [Thai] เทพารักษ์ [English] divitism [Hindi] दे [German] Daus [Bikol Central] dyos [Italian] Deiana [Kazakh] дәу [Kazakh] дәу [Kashmiri] دَے [Kashmiri] دٔے [Kashmiri] 𑆢𑆪𑆴,*deywós,,73,26
[Italian] ab- [English] a- [Scots] a- [Danish] ab [Norwegian Bokmål] ab [Occitan] ab [English] abevacuation [English] abhominable [Norwegian Bokmål] abort [Norwegian Bokmål] abscess [Norwegian Bokmål] absolutist [Norwegian Bokmål] absurd [English] ebb [English] advance [Norwegian Bokmål] absurdist [French] avant [Norman] avant [Old French] avant [Romansch] avant [Romansch] avaunt [Norwegian Bokmål] absurditet [Norwegian Bokmål] abstrakt [Norwegian Bokmål] abstrakt [Norwegian Bokmål] abstrakt [English] abstrict [Romansch] avon [Norwegian Bokmål] ab ovo [Italian] aperitivo [Portuguese] aperitivo [Spanish] aperitivo [French] avancer [English] abscopal [Ladino] avrir [Romansch] avrir [Italian] afelio [Spanish] afelio [Italian] avanzare [Norwegian Bokmål] abortiv [Greek] από [Dutch] apokoinou [Catalan] obrir [Norwegian Bokmål] abstraksjon [Russian] абориген [Norwegian Bokmål] abdisere [Norwegian Bokmål] abdikasjon [Norwegian Bokmål] absentere [Norwegian Bokmål] absolusjon [Norwegian Bokmål] absolutistisk [Norwegian Bokmål] absolvere [Norwegian Bokmål] absolutisme [Norwegian Bokmål] absolutt [Norwegian Bokmål] abstrahere [Norwegian Bokmål] abolere [Dutch] aphelium [Romansch] arver [Kazakh] афелий [English] ab origine [English] aperitive [Norwegian Bokmål] abortere [Latin] apozymo [Greek] απαίσιος [Greek] αφού [Romansch] earver [Romansch] duvrir [Romansch] rivir [Romansch] darveir [Romansch] drivir [Sicilian] gràpiri [Old French] avancier [Dalmatian] apiar [Norman] avanchi [English] arace [Norman] ouvri [Romansch] aunz [Romansch] avànt [Old French] avogle [Dalmatian] aprer [Irish] aiféilean [Westrobothnian] äfwi [Franco-Provençal] avanciér [Norwegian Bokmål] abortus provocatus [Norwegian Bokmål] abdisering [English] as- [Norwegian Bokmål] ablasjon [Norwegian Bokmål] abolisjon [Norwegian Bokmål] abolisjonist [Swedish] ävja [Norwegian Bokmål] abortpille [Norwegian Bokmål] abortsøkende [Norwegian Bokmål] abortsøker [Norwegian Bokmål] absentering [Norwegian Bokmål] absolutt flertall [Norwegian Bokmål] absolutt gehør [Norwegian Bokmål] absolutt superlativ [Norwegian Bokmål] absolutt nullpunkt [Norwegian Bokmål] absolutt komparativ [Norwegian Bokmål] absolutt temperatur [Norwegian Bokmål] absolutt veto [Norwegian Bokmål] absoluttere [Norwegian Bokmål] absoluttering [Norwegian Bokmål] absolvering [Norwegian Bokmål] abstrahering [Norwegian Bokmål] abstraksjonsevne [Norwegian Bokmål] abstraksjonsplan [Norwegian Bokmål] abstraksjonsnivå [Norwegian Bokmål] abstrakt kunst [Norwegian Bokmål] absurdteater [Norwegian Bokmål] absurdistisk [Norwegian Bokmål] abolering [Norwegian Bokmål] abolisjonisme [Norwegian Bokmål] abolisjonistisk [Pontic Greek] απές [Sicilian] ràpiri,*h₂epó,,113,27
[Manx] fa [Faroese] óður [Icelandic] óður [Icelandic] óður [Irish] fáth [Armenian] գութ [Kachchi] વા [Sylheti] ꠛꠣꠔ [Oriya] ବାତ [Bengali] বাত,*weh₂t-,,10,28
[English] name [English] name [Middle English] name [Haitian Creole] non [Mauritian Creole] non [Swedish] namn [Swedish] namn [Afrikaans] naam [Tok Pisin] nem [Persian] نام [Persian] نام [Urdu] نام [Ambonese Malay] nama [Indonesian] nama [Indonesian] nama [Malay] nama [Aragonese] nome [Galician] nome [Portuguese] nome [Tajik] ном [Romani] nav [French] nom [Norman] nom [Occitan] nom [Irish] ainm [Irish] ainm [Middle Irish] ainm [Middle Irish] ainm [Scottish Gaelic] ainm [Scottish Gaelic] ainm [Turkish] nam [Icelandic] nafn [Danish] navn [Faroese] navn [Norwegian Bokmål] navn [Sranan Tongo] nen [Guinea-Bissau Creole] nomi [Walloon] no [Middle Welsh] enw [Welsh] enw [Welsh] enw [Translingual] nomen dubium [Czech] nominace [Lao] ນາມ [Assamese] নাম [Bengali] নাম [Manx] ennym [Old Irish] ainmm [Kashmiri] ناو [Haitian Creole] onon [Konkani] नाव [Marathi] नाव [Translingual] nomen novum [English] trinominal [Middle Persian] ŠM [English] nomen instrumenti [Old Danish] nauæn [Gujarati] નામ [Slavomolisano] jima [Rajbanshi] नाअँ [Burmese] နာမ် [Punjabi] ਨਾਂ [Awadhi] नाँव [Sindhi] نالو [Sindhi] नालो [Kachchi] નાલો [Kabuverdianu] nómi [Japanese] キラキラネーム [Burmese] နာမ [Dhivehi] ނަން [Old Swedish] nampn [Yola] naame [Yola] naame [Tamil] நாமம் [Phalura] nóo [Nepali] नाउँ [Norwegian Nynorsk] nabn [Oriya] ନାମ [French] -nôme [Romagnol] nóm,*h₁nómn̥,,80,29
[Translingual] a- [English] a- [Catalan] a- [Dutch] a- [Esperanto] a- [French] a- [German] a- [Indonesian] a- [Indonesian] a- [Latvian] a- [Norwegian Bokmål] a- [Norwegian Nynorsk] a- [Polish] a- [Portuguese] a- [Serbo-Croatian] a- [Spanish] a- [English] abiogenesis [English] abranchiata [English] infer [English] Africa [Swedish] o- [English] un- [German] un- [English] acentric [English] acerous [English] incarcerate [English] in- [English] in- [Indonesian] in- [Italian] in- [Italian] in- [English] acholia [English] agnostic [English] anosmia [Spanish] anosmia [English] an- [Dutch] an- [Irish] an- [Irish] an- [Polish] an- [Scottish Gaelic] an- [Welsh] an- [English] en- [Catalan] en- [French] en- [Galician] en- [Ladino] en- [Middle English] en- [Norman] en- [Occitan] en- [Old French] en- [Portuguese] en- [Spanish] en- [English] azote [French] azote [English] enact [French] anhédonie [English] anhedonia [English] intimidate [English] anorexia nervosa [Asturian] Hades [Catalan] Hades [Galician] Hades [Portuguese] Hades [English] intrusion [English] anaerobic [Dutch] on- [Esperanto] azoto [Translingual] Acinonyx [Polish] anarchia [English] inanimate [English] intransigent [Translingual] Anapsida [Bulgarian] ад [Russian] ад [English] infirm [Romanian] infirm [Kazakh] азот [English] analgesic [Italian] Ade [English] agonic [English] alexithymia [English] agnatha [Norwegian Bokmål] abasi [Norwegian Bokmål] abasi [English] Anirvan [Greek] α- [English] infallible [English] amain [Romanian] iad [Galician] instalar [Portuguese] instalar [Spanish] instalar [Translingual] Anaspida [English] infirmary [Spanish] intruso [English] incremable [German] Anarchismus [French] enquête [English] anergy [Italian] achenio [Serbo-Croatian] а- [English] anuran [English] emprise [English] aphagia [English] atresia [Spanish] atresia [Greek] αγνώμων [English] abiosis [Armenian] ան- [Armenian] ան- [Middle Armenian] ան- [Norwegian Bokmål] u- [Norwegian Nynorsk] u- [Norwegian Nynorsk] u- [Norwegian Nynorsk] u- [Danish] anoreksi [Hungarian] analfabéta [English] ablepharon [Lithuanian] abiogenezė [French] entamer [Georgian] აზოტი [Catalan] anaerobi [Portuguese] analfabeto [Spanish] analfabeto [Irish] éa- [Translingual] Agnatha [German] agnath [Esperanto] agnostika [Latin] anencephalia [Greek] Άδης [Romanian] încotro [Romanian] îndărăt [English] abrachia [English] abarognosis [Translingual] Aptenodytes [Catalan] empitjorar [Translingual] Actenoides [Finnish] adaktylia [Spanish] ázoe [Catalan] instal·lar [English] abrachiocephalia [Spanish] irreconciliable [Irish] aiseotrópacht [English] agyria [English] incatenation [French] enclaver [English] acrotism [English] inconcoct [Translingual] Abroma [Translingual] Adoxa [Limburgish] ón- [English] apneustic [Polish] anaerob [Middle English] entamen [Finnish] hadeeinen [Translingual] Adelges [Translingual] Anisodactylus [Russian] Гадес [German] Unschuld [Translingual] Anischnogaster [Translingual] abranchiatus [Old French] enheriter [Polish] anoreksja [English] achaenocarp [Greek] ακίνδυνος [Yiddish] אומ־ [Translingual] Acoelomorpha [Norwegian Bokmål] amenoré [Norwegian Bokmål] amenoré [Norwegian Bokmål] amenore [Norwegian Bokmål] amenore [Irish] aclamadach [Norwegian Bokmål] uforsonlig [Norwegian Bokmål] uforsonlighet [Irish] asó- [Translingual] Aglossa [Irish] anaemach [Irish] anaemacht [Irish] aiceintreach [Irish] ainéime [Irish] anúra [Irish] anailgéiseach [English] adermatoglyphia [Greek] νωθρός [Dalmatian] imprendro [Romanian] în- [Neapolitan] ntufà [Aromanian] ãn- [Norwegian Bokmål] abiogenese [Norwegian Bokmål] abiogenese [Italian] anaspide [Sicilian] nuncenti [Norwegian Bokmål] abiotisk [Norwegian Bokmål] abiotisk [Greek] ανορύσσω [Kazakh] анаэроб [Norwegian Bokmål] abasi-astasi [Norwegian Bokmål] abasi-astasi [Polish] atrezja [Polish] intruz [Esperanto] akeno [Polish] anoksybiont [Polish] anaerobiont [French] achène [Dhivehi] އަ [Mozarabic] أنفرم [ Japanese ] アレキシサイミア [Laz] ა- -ე,*n̥-,,209,30
[English] a- [Catalan] a- [French] a- [Italian] a- [Old French] a- [Scots] a- [Spanish] a- [English] abase [Middle English] abawed [English] abbreviation [English] accolade [French] accolade [English] accord [English] accomplish [Ido] ad [Italian] ad [Old French] ad [English] adroit [English] adroit [English] at [Norwegian Bokmål] a la [Norwegian Bokmål] a la [Norman] acater [Picard] acater [English] accouchement [Dutch] à [French] à [Norman] à [Norwegian Bokmål] à [Norwegian Bokmål] à [English] accouter [English] Piedmont [Spanish] ahí [English] address [English] affair [English] affiliate [English] agree [English] aim [English] apportion [English] approach [Norwegian Bokmål] a la carte [Norwegian Bokmål] a la carte [English] assuage [English] adrenal [Spanish] adrenal [English] aver [English] adjust [English] assure [English] adsorb [Italian] assai [English] arrest [English] addulce [English] acquaint [Spanish] ahondar [Neapolitan] ajere [Italian] arrivare [English] affront [French] assez [French] arriver [Norman] arriver [Romanian] aici [French] accueillir [Asturian] arriba [Portuguese] arriba [Spanish] arriba [Norwegian Bokmål] à la [Norwegian Bokmål] à la [Catalan] acabar [Galician] acabar [Portuguese] acabar [Catalan] apagar [Galician] apagar [Portuguese] apagar [Spanish] apagar [Spanish] hasta [Ligurian] a [Middle French] a [Neapolitan] a [Norwegian Bokmål] a [Occitan] a [Old French] a [Old Portuguese] a [Portuguese] a [Romanian] a [Sassarese] a [Spanish] a [Walloon] a [Norwegian Bokmål] à la carte [Norwegian Bokmål] à la carte [English] amortize [French] après [Norman] après [Occitan] après [English] alliteration [Haitian Creole] ann [English] acquiet [Catalan] ara [Occitan] ara [Indonesian] akur [Danish] akkord [Dutch] atten [Catalan] arrestar [Occitan] arrestar [Portuguese] arrestar [Asturian] asegurar [Galician] asegurar [Old Occitan] asegurar [Spanish] asegurar [Old Occitan] apres [Ladino] abásho [English] coll [French] acheter [Old French] acheter [Romanian] adăpost [English] excise [Romanian] afuma [English] ac- [Norwegian Bokmål] adrenalin [Norwegian Nynorsk] adrenalin [French] arrêter [Norman] arrêter [French] ajouter [English] afforest [English] amortization [English] animadvert [Spanish] afrentar [Spanish] agasajar [Portuguese] amainar [Spanish] asemejar [Italian] arrestare [French] arrière [Portuguese] lá [Italian] assicurare [Italian] affrontare [Italian] affondare [Indonesian] ares [Esperanto] apartamento [Portuguese] apartamento [Romanian] alături [Albanian] arrij [English] appui [Serbo-Croatian] afera [Italian] accorgimento [Italian] assomigliare [French] amortir [Indonesian] akor [Italian] avverare [Portuguese] adrede [Spanish] adrede [Catalan] afrontar [Galician] afrontar [Occitan] afrontar [Portuguese] afrontar [Spanish] afrontar [Romanian] abia [Italian] adoperare [French] annuler [French] affronter [Norman] affronter [Italian] affumicare [Spanish] acaecer [Spanish] ahijar [English] apperil [Italian] affiliare [Norwegian Bokmål] à jour [Spanish] ahumar [Hungarian] apanázs [Serbo-Croatian] афера [Asturian] amosar [Galician] amosar [French] accomplir [Ladino] arrivar [Romanian] atunci [Spanish] abañar [Galician] abanar [Indonesian] aset [Spanish] amortizar [Venetian] arivar [Norwegian Bokmål] a tempo [Norwegian Bokmål] a vista [French] avérer [Old French] aprés [Spanish] aprés [Portuguese] afundar [Italian] adoprare [Italian] ammortire [Old French] ariver [Old French] asez [Haitian Creole] annou [Catalan] assegurar [Occitan] assegurar [Portuguese] assegurar [English] adret [Aromanian] apoi [Romanian] apoi [Romanian] afunda [Romanian] amiază [Translingual] આ [Romanian] amorți [Sicilian] ddocu [Old French] arire [French] appointer [Romanian] adeveri [Aromanian] aestu [Old French] asseurer [Ladino] אאי [Sicilian] arrivari [Venetian] rivar [Polish] aliteracja [Venetian] ncora [Portuguese] adivinhar [French] affilier [Romanian] adineauri [French] piémont [English] paravail [Dalmatian] a lič [English] alluminor [English] ramollescence [English] proximad [Norwegian Bokmål] ajournement [English] apeak [Dalmatian] doperur [English] assiento [Norman] acataïr [Norman] arrêtaïr [Norman] arrivaïr [Norman] arriéthe [Norman] appartément [Aromanian] ayiu [Dalmatian] junkaura [Romanian] atuncea [Aromanian] atumtsea [Aromanian] atuntsi [Aromanian] afundu [Norman] am'ner [Asturian] afondar [Norman] appraichi [Norman] accouocher [Portuguese] assemelhar [Old French] acoillir [Portuguese] afilhado [Portuguese] arredar [Asturian] afiar [Portuguese] admoestar [Norwegian Bokmål] a prima vista [Asturian] afumar [Galician] afumar [Galician] a eito [Portuguese] a eito [Portuguese] assaz [Old French] apaiier [Old French] apointier [Norwegian Bokmål] a due [Finnish] aksiisi [Middle French] accoustrement [Italian] affumare [Norman] acataer [Aromanian] afum [Polish] adstrat [Spanish] asaz [Aromanian] amurtsãscu [Old Occitan] assatz [Indonesian] accoord [Yola] adh [Franco-Provençal] achetar [Franco-Provençal] arrètar [English] Athey [Aromanian] adastu [Galician] afungar [Galician] afuar [Ligurian] arivâ [Mirandese] adebinar [Galician] alí [Mirandese] alhi [Mirandese] alhá [Mirandese] eilhi [Mirandese] eili [Galician] asemade [Cebuano] abrebisyon [Galician] alén [Norwegian Bokmål] a battuta [Galician] adiviñar [Middle English] amolisshen [English] amollishment [Norwegian Bokmål] a jour [Norwegian Bokmål] à la carte-servering [Norwegian Bokmål] à la carte-servering [Norwegian Bokmål] a la carte-servering [Norwegian Bokmål] a la carte-servering [Norwegian Bokmål] a viso [Galician] afillar [Romanian] aorea [Romanian] adinte [Italian] raccorgersi [Norwegian Bokmål] à poeng med [Norwegian Bokmål] à poeng med [Norwegian Bokmål] a poeng med [Norwegian Bokmål] a poeng med [Norwegian Bokmål] a dato [Galician] amoestar [Piedmontese] apress [Norwegian Bokmål] à la carte-meny [Norwegian Bokmål] à la carte-meny [Norwegian Bokmål] a la carte-meny [Norwegian Bokmål] a la carte-meny [Norwegian Bokmål] ajourføre [Norwegian Bokmål] ajourføring [Norwegian Bokmål] ajourinnfattet [Norwegian Bokmål] ajourinnfatta [Aromanian] ayia [Lombard] assee [Polish] aprowidować [Indonesian] aliterasi [Walloon] atchter,*h₂éd,,314,31
[Indonesian] a- [English] Anirvan [Greek] εκείνος [Dhivehi] އަ,*h₁é,,4,32
[Scots] a- [Middle English] of- [English] off- [Hunsrik] awer [Luxembourgish] awer [Yiddish] אָבער,*apo-,,6,33
[Middle Irish] ab [Irish] abhainn [Scottish Gaelic] abhainn,*h₂eb-,,3,34
[Turkish] ab [English] Apulia [Tajik] об [Tajik] об [English] Shin [Old Marathi] आप [Hazaragi] آب [Persian] آب [Persian] آب [Translingual] Apicomplexa [Galician] ápice [Middle French] Amiens [English] abkar [Middle Persian] ʾp̄ [Italian] Adda [Latin] Inopus [Latin] Asopus [Old Marathi] 𑘁𑘢 [Catalan] àpex,*h₂ep-,,19,35
[Sardinian] abba [Old French] ewe [English] aqua [Dalmatian] aqua [Indonesian] aqua [Istriot] aqua [Aromanian] ape [Asturian] agua [Fala] agua [Ladino] agua [Old Portuguese] agua [Old Spanish] agua [Spanish] agua [French] eau [Middle French] eau [Corsican] acqua [Italian] acqua [Lombard] acqua [Neapolitan] acqua [Sicilian] acqua [Tarantino] acqua [Norman] yo [Portuguese] água [Esperanto] akvo [English] aqueous [Ido] aquo [Galician] auga [Mirandese] auga [Papiamentu] awa [Spanish] aguacero [Romansch] ova [Romanian] apă [English] aquifer [Romansch] ava [Piedmontese] eva [Ladin] aga [Megleno-Romanian] apu [Norwegian Bokmål] akvatisk [Norwegian Nynorsk] akvatisk [Friulian] aghe [Catalan] aigua [Old Occitan] aigua [Romansch] aua [Aragonese] augua [Leonese] augua [Hungarian] akvamarin [Aromanian] apã [Istro-Romanian] åpe [Ladin] ega [Norman] iau [Picard] iau [Poitevin-Saintongeais] iau [Spanish] aguamanil [Ligurian] egua [Haitian Creole] dlo [Old French] iaue [English] aquifuge [English] aquiclude [Hungarian] akvarell [Occitan] aiga [Gallo] èv [Gallo] aèv [German] Aquifer [Galician] caldas [English] aquamanile [Walloon] aiwe [Norman] ieau [Norman] iaoue [Norman] iâo [Ligurian] ægoa [Romagnol] acva [Emilian] âcua [Gallo] iaou [Irish] acuamainíl [Portuguese] gomil [French] aiguail [Cebuano] agwas [Dalmatian] jacqua [Bourguignon] aâ [Emilian] àqua [Poitevin-Saintongeais] aive [Franc-Comtois] âve [Bourguignon] eâ [Cebuano] akwamarin [English] aquatone [English] aquapasto [Ligurian] ægua [Extremaduran] áugua [Franco-Provençal] égoua [Lorrain] aoue [Lorrain] ôve [Lorrain] auve [Venetian] àcua [Indonesian] akuifer [Polish] akwa- [Spanish] aguaza,*h₂ékʷeh₂,,96,36
[English] abele [English] auburn [Italian] albero [English] elf [Dutch] elf [Yola] elf [Aromanian] alb [Catalan] alb [Romanian] alb [Romansch] alb [Italian] albo [Czech] albatros [English] albino [English] albino [Danish] albino [Dutch] albino [Indonesian] albino [Italian] albino [Norwegian Bokmål] albino [Norwegian Nynorsk] albino [Serbo-Croatian] albino [Spanish] albino [Swedish] albino [English] alba [Asturian] alba [Catalan] alba [Istriot] alba [Italian] alba [Portuguese] alba [Spanish] alba [English] albatross [French] aube [English] aubade [Old French] abel [Aromanian] albastru [Romanian] albastru [Neapolitan] arba [Romansch] alv [German] Alm [Italian] albore [English] Albin [English] alban [French] albophobie [German] Elfe [Friulian] albe [Old French] albe [Kazakh] эльф [English] albocracy [Portuguese] alvo [Istro-Romanian] åb [Aromanian] albu [Corsican] albu [Sardinian] albu [Spanish] enjalbegar [Portuguese] alvor [English] albification [Italian] albastrello [German] Alb [Irish] Ailbín [Romanian] alboare [Spanish] albor [English] Albina [English] dealbation [Romanian] albeață [English] albolith [Dalmatian] jualb [Translingual] albacares [Old French] albade [Dutch] albiet [Portuguese] alvura [Translingual] albicollis [Spanish] albura [English] albous [Irish] ailb [Aromanian] algheatsã [Latin] Alfius [Occitan] aubespin [Catalan] albeca [Mozarabic] الب,*h₂elbʰós,,79,37
[Esperanto] kun [English] country [Catalan] company [Scottish Gaelic] gun [Irish] go [English] control [Chavacano] conmigo [Spanish] conmigo [Galician] contigo [Portuguese] contigo [Spanish] contigo [English] con [Aragonese] con [Asturian] con [Dalmatian] con [Fala] con [Fala] con [Galician] con [Galician] con [Italian] con [Ladin] con [Ligurian] con [Old Portuguese] con [Old Spanish] con [Spanish] con [Middle Irish] co [Venetian] co [Ladino] kon [Catalan] contra- [French] contra- [Italian] contra- [Portuguese] contra- [Spanish] contra- [English] counter- [English] counterpart [Galician] consigo [English] y- [Guinea-Bissau Creole] ku [Kabuverdianu] ku [Papiamentu] ku [Papiamentu] ku [English] galore [English] galore [English] custom [Afrikaans] ge- [Afrikaans] ge- [Afrikaans] ge- [Dutch] ge- [Esperanto] ge- [Ido] ge- [Limburgish] ge- [English] costume [English] costume [English] counter [Italian] corrispondere [Portuguese] com [Portuguese] com [Aromanian] cu [Neapolitan] cu [Romanian] cu [Sicilian] cu [Tarantino] cu [Occitan] contra [French] contre [Old French] contre [Esperanto] gajni [English] conventicle [Corsican] cù [Scottish Gaelic] gu [Scottish Gaelic] cumhang [English] contrariety [French] combattre [Spanish] combatir [English] consuetude [Italian] combattere [Tarantino] combattere [Friulian] cun [Istriot] cun [Ladin] cun [Leonese] cun [Mirandese] cun [Sardinian] cun [Sassarese] cun [Indonesian] kontrol [Malay] kontrol [French] compagnie [Venetian] có [Romanian] către [French] contrôle [Kazakh] костюм [Kazakh] костюм [Old French] contree [Irish] go deo [Hungarian] kosztüm [Hungarian] kosztüm [Hungarian] kontra- [Indonesian] kontra- [Hungarian] kontra [Maltese] kontra [Serbo-Croatian] kontra [Swedish] kontra [Galician] comigo [Scottish Gaelic] ciad [Esperanto] kontroli [French] coutume [Armenian] սովոր [Dutch] kostuum [Middle French] coustume [French] contre- [Middle French] contre- [Old French] contre- [Portuguese] acompanhar [Catalan] combatre [Occitan] combatre [Old French] combatre [English] cooncan [Irish] cúng [English] contragredient [Sicilian] cumpari [Lombard] cond [Dalmatian] conmaic [Galician] combater [Portuguese] combater [English] contrayerva [Irish] céad [Middle French] contreroller [English] kastom [English] kastom [Tok Pisin] kastom [Tok Pisin] kastom [Kristang] kustumi [Friulian] cuintri [Ido] kontre [Norwegian Bokmål] kostyme [Norwegian Bokmål] kostyme [Norwegian Bokmål] kostyme [Norwegian Nynorsk] kostyme [Norwegian Nynorsk] kostyme [Norwegian Nynorsk] kostyme [Sicilian] cummari [Yola] ee- [Westrobothnian] könter [Tok Pisin] komyuniti [Sicilian] 'mbari [Indonesian] kompatriot [Serbo-Croatian] контра [Ladino] קון [Indonesian] konter [Danish] kostume [Danish] kostume [Middle Irish] cét- [Sicilian] cumpagnu [Polish] kostium [Kazakh] кәстөм [Kazakh] кәстөм [Jersey Dutch] xje- [Azerbaijani] kostyum,*ḱóm,,157,38
[Esperanto] kun [Catalan] company [Chavacano] conmigo [Spanish] conmigo [Galician] contigo [Portuguese] contigo [Spanish] contigo [Aragonese] con [Asturian] con [Dalmatian] con [Fala] con [Galician] con [Italian] con [Ladin] con [Ligurian] con [Old Portuguese] con [Old Spanish] con [Spanish] con [Venetian] co [Ladino] kon [Galician] consigo [Italian] corrispondere [Portuguese] com [Aromanian] cu [Neapolitan] cu [Romanian] cu [Sicilian] cu [Tarantino] cu [Corsican] cù [French] combattre [Spanish] combatir [Italian] combattere [Tarantino] combattere [Friulian] cun [Istriot] cun [Ladin] cun [Leonese] cun [Mirandese] cun [Sardinian] cun [Sassarese] cun [French] compagnie [Venetian] có [Galician] comigo [Portuguese] acompanhar [Catalan] combatre [Occitan] combatre [Old French] combatre [Sicilian] cumpari [Lombard] cond [Dalmatian] conmaic [Galician] combater [Portuguese] combater [Sicilian] cummari [Sicilian] 'mbari [Indonesian] kompatriot [Ladino] קון [Sicilian] cumpagnu,*kʷóm,,57,39
[English] week [English] wick [Tok Pisin] wik,*weg-,,3,40
[Afrikaans] week [Swedish] vecka [Sranan Tongo] wiki [Faroese] vika [Icelandic] vika [Norwegian Nynorsk] vika [Old Swedish] vika [Norwegian Bokmål] uke [Danish] uge [Norwegian Nynorsk] veke [Norwegian Nynorsk] uku [Central Franconian] Woch [Tok Pisin] wik [Scanian] uga [Westrobothnian] viku [Elfdalian] wikå [Norwegian Nynorsk] vuku [Shona] vhiki,*weyg-,,18,41
[Central Franconian] on [English] and [English] and [Middle English] and [Yola] an [Yola] an [Cimbrian] un [Hunsrik] un [Saterland Frisian] un [English] ancient [Asturian] ante [Ido] ante [Italian] ante [Spanish] ante [English] ante- [Polish] ante- [Hungarian] anti- [Ido] anti- [Italian] anti- [Norwegian Bokmål] anti- [Norwegian Nynorsk] anti- [Portuguese] anti- [Swedish] anti- [Bavarian] und [German] und [Galician] antes [Papiamentu] antes [Papiamentu] antes [Portuguese] antes [Spanish] antes [English] antinomian [Esperanto] antaŭ [Mòcheno] ont [Spanish] anciano [Norman] ancien [Kabuverdianu] antis [Italian] anziano [English] anthimeria [Dutch] antoniem [English] antependium [Polish] antependium [Portuguese] antítese [Norwegian Nynorsk] u- [Sicilian] antura [French] antan [Ido] avan [Lithuanian] antonimas [Galician] enteado [Portuguese] enteado [Romanian] întâi [Hebrew] אנטי־ [Polish] anty [Old French] ains [Middle French] antipericatametanaparbeugedamphicribrationes [Latin] antirrhopus [Finnish] antenataalinen [Greek] αντί [Latvian] antonīms [Spanish] antinomianismo [Portuguese] antinomiano [Spanish] antinomiano [Portuguese] antinomista [Spanish] antinomista [Spanish] antinomismo [Irish] anta- [Aromanian] ntãnjiu [Aromanian] ntãnj [English] antroversion [Maltese] anzjan [Spanish] antinomianista [Polish] antekliza,*h₂énti,,71,42
[Czech] on [Czech] onen,*h₁ónos,,2,43
[Romansch] on [Aromanian] an [Bourguignon] an [Emilian] an [French] an [Friulian] an [Haitian Creole] an [Ladin] an [Middle French] an [Norman] an [Occitan] an [Old French] an [Old Occitan] an [Romanian] an [Romansch] an [Catalan] any [Galician] ano [Portuguese] ano [Venetian] ano [Italian] anno [Neapolitan] anno [Old Spanish] anno [Spanish] año [Spanish] año [French] année [Norman] année [Tarantino] anne [Dalmatian] jan [Ladin] ann [Lombard] ann [Istro-Romanian] ån [Corsican] annu [Sardinian] annu [Sassarese] annu [Sicilian] annu [Italian] annuale [Italian] annuario [Dalmatian] yan [Asturian] anual [Catalan] anual [Galician] anual [Portuguese] anual [Spanish] anual [Romansch] onn [Icelandic] annáll [Asturian] añu [Extremaduran] añu [Mirandese] anho [Spanish] anuario [Romagnol] ân [Aragonese] anyo [Ladino] anyo [Norman] annaée [Norman] onnaïe [Walloon] anêye [Portuguese] anuário [Papiamentu] aña,*h₂et-no-,,57,44
[Danish] nu [Elfdalian] nu [Norwegian Bokmål] nu [Norwegian Nynorsk] nu [Swedish] nu [Norwegian Nynorsk] nå [Norwegian Nynorsk] no [Faroese] nú [Icelandic] nú [Middle Irish] no- [Greek] νυν [Faroese] núgv [Elfdalian] nų [Japanese] ナウい,*nū,,14,45
[Pali] nu [Afrikaans] nog [Afrikaans] nog [Dutch] nog [Dutch] noch [Neapolitan] nustierzu,*nu,,6,46
[Pali] nu [French] nonce [Tok Pisin] nidim,*new-,,3,47
[Tok Pisin] nu [English] new [Central Franconian] nei [Hunsrik] nei [Luxembourgish] nei [Pennsylvania German] nei [Ido] nova [Yiddish] נײַ [Telugu] నవ్యము [Sranan Tongo] nyun [Sindhi] نئون [Jersey Dutch] njuew,*néwyos,,12,48
[Hungarian] robot [Norwegian Bokmål] robot [Norwegian Nynorsk] robot [Dutch] erven [English] erf [Dutch] erf [Korean] 로봇 [Luxembourgish] Ierwen [Irish] forba [Latvian] ģerbonis,*h₃erbʰ-,,10,49
[Danish] bone [English] ben [Friulian] ben [Galician] ben [Istriot] ben [Ladin] ben [Occitan] ben [Old Occitan] ben [Venetian] ben [Asturian] bien [French] bien [Ladino] bien [Ladino] bien [Old French] bien [Spanish] bien [Catalan] bo [Galician] bo [Galician] bo [Guinea-Bissau Creole] bo [English] Toki Pona [Portuguese] bom [Portuguese] bom [Bourguignon] bon [Catalan] bon [Danish] bon [Danish] bon [Franco-Provençal] bon [French] bon [Friulian] bon [Guinea-Bissau Creole] bon [Haitian Creole] bon [Indonesian] bon [Indonesian] bon [Kabuverdianu] bon [Ladin] bon [Old French] bon [Old Occitan] bon [Papiamentu] bon [Romanian] bon [Venetian] bon [Walloon] bon [Czech] bonus [Danish] bonus [French] bonus [Indonesian] bonus [Romanian] bonus [Spanish] bonus [Aromanian] bun [Dalmatian] bun [Ligurian] bun [Megleno-Romanian] bun [Romanian] bun [English] bene [Italian] bene [Sardinian] bene [Dalmatian] bin [English] bonzer [Portuguese] bonito [English] bonbon [Indonesian] bonbon [Sardinian] beni [Sicilian] beni [English] bona [English] bona [Esperanto] bona [Ido] bona [Ladino] bueno [Spanish] bueno [Galician] Boo [Galician] Boo [English] bonnie [English] bonny [Indonesian] dosa [Pali] dosa [Italian] buono [Mirandese] buono [Bourguignon] bein [Bourguignon] bein [Romansch] bein [Istro-Romanian] bur [Corsican] bè [Romansch] bain [Spanish] buen [English] boon [Dalmatian] buna [Megleno-Romanian] bini [Romanian] bine [Indo-Portuguese] bem [Portuguese] bem [Catalan] bé [Norman] bian [Greek] δύω [Icelandic] bónus [Asturian] bonu [Corsican] bonu [Sardinian] bonu [Sicilian] bonu [Aromanian] ghine [Ladino] ביין [Ladino] ביין [Spanish] abono [Portuguese] abonar [Picard] boin [Papiamentu] Boneiru [Portuguese] bão [Portuguese] bão [Haitian Creole] Bondye [Dutch] bonus-malus [Occitan] abonaçar [Occitan] abonir [Greenlandic] bonussi [Romansch] bagn [Ladino] בואינו [Istro-Romanian] bire [Norman] bouan [Norman] bouôn [Walloon] bén [Rajasthani] दोस [Telugu] దోషగ్రాహము [Telugu] దోషాచరుడు [Telugu] దోషరహితుడు [Spanish] bienhechor [Old Portuguese] bõo [Old Portuguese] bõo [Norman] bouon [Tagalog] dusa [Portuguese] bonina [Aromanian] ghini [Albanian] abonsina [Romagnol] bôn [Polish] Bonifacy [Cebuano] buynas [Irish] Beinidict [Ladino] bienaventurado [Spanish] bienaventurado [Tamil] தோசம் [Khmer] ទោស [English] Bon Homme County [Papiamentu] bonochi [Haitian Creole] bon Dieu [Italian] Bonoso [Ladino] ביינאבﬞינטוראדﬞו [Ladino] byenaventurádo [Ladino] byén [Ladino] byén [English] bontodger [Urdu] وبال دوش [Phalura] dhoóṛ [Malayalam] ജലദോഷം [Malayalam] ദോഷം,*dew-,,150,50
[Turkish] bone [Tok Pisin] bastet [Turkish] bent [Serbo-Croatian] bend [Serbo-Croatian] bend [English] bind [Danish] band [Danish] band [Norwegian Bokmål] band [Norwegian Bokmål] band [Norwegian Nynorsk] band [Norwegian Nynorsk] band [Swedish] band [Swedish] band [Greek] πεθερός [English] bin [English] bund [Indonesian] banda [Kabuverdianu] banda [Papiamentu] banda [Portuguese] banda [Portuguese] banda [Sranan Tongo] beni [Danish] bande [Danish] bande [German] Bande [German] Bande [Haitian Creole] bann [Elfdalian] binda [Faroese] binda [Icelandic] binda [Old Swedish] binda [Swedish] binda [Swedish] binda [Spanish] bandeja [Dutch] binden [Middle English] binden [Middle Low German] binden [German Low German] binnen [Old English] binn [Bengali] বাঁধ [Italian] fune [Aromanian] funi [Esperanto] bendo [Danish] binde [Norwegian Bokmål] binde [Italian] benna [Latin] benna [Hiligaynon] bandeha [Bengali] বন্ধু [Scottish Gaelic] beus [Irish] buinne [Scottish Gaelic] buinne [Serbo-Croatian] бенд [Serbo-Croatian] бенд [Irish] béas [Mauritian Creole] bann-la [Serbo-Croatian] pizma [Serbo-Croatian] пизма [English] bandh [Greek] φάτνη [Hindi] बाँध [Greek] πείσμα [Romanian] pizmă [Thai] พันธุ์ [Gujarati] બંધ [Hindi] फंदा [Prakrit] 𑀩𑀁𑀥𑀼,*bʰendʰ-,,68,51
[Aragonese] y [Asturian] y [Kabuverdianu] y [Papiamentu] y [Spanish] y [Guinea-Bissau Creole] i [Kabuverdianu] i [Ladino] i [Mirandese] i [Papiamentu] i [French] et [Italian] et [Norman] et [Old French] et [Aromanian] e [Dalmatian] e [Emilian] e [Friulian] e [Galician] e [Guinea-Bissau Creole] e [Indo-Portuguese] e [Istriot] e [Italian] e [Kabuverdianu] e [Ligurian] e [Neapolitan] e [Occitan] e [Old Occitan] e [Old Portuguese] e [Old Spanish] e [Portuguese] e [Portuguese] e [Romanian] e [Sardinian] e [Sassarese] e [Sicilian] e [Spanish] e [Italian] ed [Corsican] è [Translingual] ⁊ [Old Spanish] é [German] &c. [Ladino] אי [Ladino] אי [Swedish] et-tecken [Walloon] eyet [Finnish] et-merkki [German] ⁊c. [German] Et-Zeichen [Tamil] அதிவிடை,*éti,,50,52
[Aragonese] y [Asturian] y [Spanish] y [Ladino] i [Mirandese] i [French] et [Italian] et [Norman] et [Old French] et [Aromanian] e [Dalmatian] e [Emilian] e [Friulian] e [Galician] e [Istriot] e [Italian] e [Ligurian] e [Neapolitan] e [Occitan] e [Old Occitan] e [Old Portuguese] e [Old Spanish] e [Portuguese] e [Romanian] e [Sardinian] e [Sassarese] e [Sicilian] e [Spanish] e [Italian] ed [Corsican] è [Translingual] ⁊ [Old Spanish] é [German] &c. [Ladino] אי [Swedish] et-tecken [Walloon] eyet [Finnish] et-merkki [German] ⁊c. [German] Et-Zeichen,*h₁eti,,39,53
[English] acaulous [Finnish] kaali [English] kale [Catalan] col [Galician] col [Middle English] col [Spanish] col [English] cole [French] chou [Dalmatian] caul [Indonesian] kol [Afrikaans] kool [Dutch] kool [Hungarian] kel [Slovak] kel [Italian] cavolo [Norwegian Nynorsk] kål [Swedish] kål [Faroese] kál [Icelandic] kál [German] Kohlrabi [Translingual] Caulacanthus [Scottish Gaelic] càl [Occitan] caulet [Portuguese] couve [Tetelcingo Nahuatl] culex [Serbo-Croatian] кељ [Serbo-Croatian] kelj [Lower Sorbian] kał [Irish] cál [English] cawl [Welsh] cawl [Hindi] गोभी [Marathi] कोबी [Assamese] কবি [Old English] cawel [Indonesian] kubis [Malay] kubis [Highland Puebla Nahuatl] colex [West Frisian] koal [Jakaltek] culiẍ [Galician] coella [Yola] kaayle [Punjabi] ਗੋਭੀ [Sicilian] cavuliceḍḍu [Sicilian] càvulu [Sicilian] cavuliciḍḍaru [Manipuri] ꯀꯣꯕꯤ,*keh₂u-l-i-,,48,54
[French] accorder [Asturian] coral [English] courage [French] courage [Aragonese] corazón [Asturian] corazón [Galician] corazón [Spanish] corazón [French] cœur [Lombard] cœur [Norman] cœur [Catalan] cor [Galician] cor [Istriot] cor [Old Occitan] cor [Portuguese] cor [Romansch] cor [Venetian] cor [Lombard] coeur [Middle French] coeur [Galician] terzo [Italian] terzo [Italian] cuore [English] quarry [Bourguignon] côr [Franco-Provençal] côr [English] tierce [French] tierce [Dalmatian] cur [Istriot] core [Neapolitan] core [Italian] accordare [English] tritium [Dutch] tritium [English] tauon [English] triton [Esperanto] koro [Ladin] terz [Portuguese] coração [Hungarian] kőr [English] tiercel [Walloon] cour [French] tiers [Old French] tiers [Norman] tchoeu [English] cordiform [Sicilian] cori [Spanish] cuerdo [Venetian] terso [Spanish] coraje [Picard] keur [Polish] kier [Portuguese] coragem [Portuguese] terço [Occitan] còr [English] terzetto [Spanish] tritón [Old French] cuer [Old Spanish] cuer [Portuguese] terçol [Old French] corage [Old French] acorder [Italian] corata [Greek] τρίτος [Catalan] coratge [Occitan] coratge [Galician] cordo [Mirandese] coraçon [Old Portuguese] coraçon [Old Spanish] coraçon [Hungarian] kurázsi [Ladino] korasón [Tarantino] côre [English] anticor [Ligurian] cheu [Catalan] terç [Friulian] cûr [Norman] tchoeur [Galician] coraxe [Romanian] terțiu [Mozarabic] قرجون [Ido] kordio [Galician] acorar [Translingual] Tertiates [Ligurian] tèrso [Picard] tcheur [German] Terzel [Maltese] kuraġġuż [Maltese] kuraġġ [Polish] kuraż [Galician] encorar [Romagnol] cör [Lombard] cœr [Mozarabic] קרגּון, ~ ,,94,55
[Galician] pez [Portuguese] pez [Spanish] pez [English] pitch [Basque] bike [Welsh] pyg [Irish] pic [Swedish] beck [Faroese] pitsa [German] Pech [Luxembourgish] Pech [Catalan] pega [French] poix [Icelandic] bik [Corsican] pece [Italian] pece [Finnish] piki [Dutch] pikken [Westrobothnian] bek [Romanian] păcură [English] picamar [Dalmatian] pecla [Sardinian] piche [Italian] pegola [Latvian] piķis [English] Pick [Venetian] pégoła [Esperanto] peĉo [Sardinian] pighe,*pik-,,29,56
[Spanish] pez [Spanish] pez [Spanish] pez [German] Fisch [Hunsrik] Fisch [Pennsylvania German] Fisch [Bourguignon] poisson [French] poisson [Old French] poisson [Guinea-Bissau Creole] pis [Tok Pisin] pis [Friulian] pes [Afrikaans] vis [Dutch] vis [Zealandic] vis [English] pescetarian [Faroese] fiskur [Icelandic] fiskur [Galician] peixe [Portuguese] peixe [Danish] fisk [Elfdalian] fisk [Norwegian Bokmål] fisk [Norwegian Nynorsk] fisk [Swedish] fisk [Westrobothnian] fisk [Scottish Gaelic] iasg [Irish] iasc [Breton] pesk [Kristang] pesi [Istriot] piso [French] Poissons [Yiddish] פֿיש [Romanian] pescui [Cimbrian] viss [Old Swedish] fisker [Kabuverdianu] pêxi [Kabuverdianu] pêxi [Manx] eeast [French] pisciculture [French] piscicole [Aromanian] pescu [English] Fisk [English] Fisk [Kabuverdianu] pexi [Norman] paîsson [Sranan Tongo] fisi [English] pisci- [Catalan] pisci- [Cornish] pysk [Spanish] peje [Norman] peissoun [Romansch] pestg [Norman] païssaon [Louisiana Creole French] posson [Haitian Creole] pwason [Louisiana Creole French] pwason [Mauritian Creole] pwason [Seychellois Creole] pwason [Plautdietsch] Fesch [Cimbrian] visch [Dutch Low Saxon] visch [Middle Dutch] visch [Mòcheno] visch [Finnish] fisustaa [Papiamentu] piská [Kabuverdianu] pechi [Transylvanian Saxon] Fäsch [Megleno-Romanian] peaști,*peysḱ-,,69,57
[English] avatar [French] avatar [Indonesian] avatar [Scottish Gaelic] o [English] auto [Czech] auto [Finnish] auto [Interlingua] auto [Spanish] auto [Hungarian] auto- [Indonesian] auto- [Italian] auto- [Norwegian Bokmål] auto- [Norwegian Nynorsk] auto- [Portuguese] auto- [English] automobile [Persian] و [Irish] ua [English] autism [English] autological [Icelandic] bíll [Tagalog] awa [Manx] oe [Irish] ó [Middle Irish] ó [English] authalic [Scottish Gaelic] ogha [Greek] αυτός [Greek] αυτή [Scottish Gaelic] bho [Faroese] bilur [Old Gujarati] अवतार [Catalan] automòbil [German] Autismus [Spanish] autismo [Cebuano] awto [Polish] autyzm [Hungarian] autizmus [Tamil] அவதாரம் [Manx] veih [Manx] voish [Mariupol Greek] тос [Esperanto] aŭtismo [Japanese] アバター [Bengali] অবতার [English] autoptic [Kazakh] аутизм [Bulgarian] авто- [Russian] авто- [Ido] automobilo [Portuguese] autoclismo [Kazakh] автоклав [Thai] อวตาร [Kashmiri] نیٚچُو [Indonesian] awatara,*h₂ew,,55,58
[English] autumn [Irish] fuar [Scottish Gaelic] fuar [Romanian] toamnă [Scottish Gaelic] fuachd [Occitan] auton [Galician] outono [Portuguese] outono [Asturian] otoñu [Romansch] aton [Irish] uair [Scottish Gaelic] uair [Ido] autuno [Middle Irish] úar [Romansch] atun [Manx] feayr [Romansch] utuon [Irish] fuacht [Aromanian] toamnã [Venetian] utuno [Mirandese] outonho [Manx] feayght [Norman] autaomme [Dalmatian] autun [Friulian] autun [Ligurian] aotùnno [Middle English] autumpne [Sardinian] atonnu [Aromanian] tomne [Sassarese] attugnu,*h₃ewǵ-,,30,59
[English] autumn [Italian] austero [Portuguese] austero [Spanish] austero [Romanian] toamnă [Occitan] auton [Kholosi] sako [Galician] outono [Portuguese] outono [Asturian] otoñu [Romansch] aton [Bhojpuri] सूखा [Hindi] सूखा [Ido] autuno [Romansch] atun [Romansch] utuon [Aromanian] toamnã [Venetian] utuno [Mirandese] outonho [Greek] αυστηρός [Norman] autaomme [Dalmatian] autun [Friulian] autun [Gujarati] સૂકું [Ligurian] aotùnno [Middle English] autumpne [Kamta] শুকান [Phalura] šúša [Sardinian] atonnu [Aromanian] tomne [Bengali] শুঁটকি [Bengali] হুটকি [Romani] śuko [Bengali] হুনি [Sassarese] attugnu,*h₂sews-,,35,60
[English] alien [Old French] el [Portuguese] al [English] allotrope [French] allotrope [English] allergy [English] allo- [Polish] allo- [English] allelomorph [Hungarian] allergia [English] Dara [Greek] αλλαγή [English] allosaurus [English] allochthonous [Greek] αλλεργία [Polish] alergia [Greek] αλλού [Dutch] allochtoon [Indonesian] alo- [Polish] alo- [English] allostasis [Kazakh] аллергия [Greek] άλλος [Greek] αλλά [Irish] alla- [Kazakh] аллотропия [Translingual] Allosaurus [Translingual] Alioramus [English] aliety [English] allodoxaphobia [Portuguese] alóctone [Albanian] allosua [French] allochtone [Cebuano] alerdyi [Armenian] էլ [Latvian] alerģija [Indonesian] alergi,*h₂élyos,,37,61
[Tok Pisin] het [Swedish] kappa [Torres Strait Creole] ed [English] corporal [English] chief [Old French] chief [Dalmatian] cup [Scots] chap [English] cabbage [English] captain [Aromanian] cap [Catalan] cap [French] cap [Occitan] cap [Romanian] cap [Welsh] capel [Istriot] capo [Italian] capo [Tok Pisin] hetman [English] cape [English] chef [French] chef [Italian] chef [Middle English] chef [Norman] chef [Italian] capitare [Italian] baccalà [Esperanto] ĉefo [English] mischief [Asturian] acabar [Catalan] acabar [Occitan] acabar [Spanish] acabar [Spanish] jefe [Polish] kapo [German] Kappe [Dutch] kaap [Norwegian Bokmål] kappe [Portuguese] capítulo [English] caudillo [Spanish] caudillo [English] chieftain [Scots] chieftain [Uzbek] kapot [Portuguese] chapa [Spanish] capataz [Portuguese] chefe [Swedish] kap [Lower Sorbian] kapa [French] couper [Italian] capa [Neapolitan] capa [Sicilian] capa [Tarantino] capa [French] chapitre [English] cabochon [English] kepi [English] capitule [Manx] captan [Norman] chapé [English] chape [Middle English] chape [Romansch] cho [English] capite [Italian] capitano [Venetian] cao [Czech] kapitán [Spanish] capitán [Occitan] capitani [Galician] cabo [Portuguese] cabo [Spanish] cabo [French] capitaine [Indonesian] kapten [Romansch] chau [Polish] szef [Hungarian] káplár [Sranan Tongo] ede [Italian] scapitare [Luxembourgish] Kap [Indonesian] sep [Norwegian Bokmål] sjef [Norwegian Nynorsk] sjef [Icelandic] hedd [Italian] capecchio [Italian] capitagna [Russian] капа [Romanian] căpățână [Occitan] chabar [Occitan] cabussar [Romanian] căpăta [Romanian] scăpăta [Corsican] capu [Spanish] cabildo [Romanian] șef [Norwegian Bokmål] kapp [Norwegian Nynorsk] kapp [Venetian] capeło [Ladino] kavesa [Ladino] קאב׳יסה [Romansch] tgea [Asturian] cabu [Romansch] tgau [Romansch] tgieu [Romansch] cheu [Aromanian] ascapit [Old French] chanfrain [Portuguese] caudilho [Norman] cap'taine [Catalan] capità [Yiddish] קאפעלע [Friulian] cjâf [Spanish] alcaucil [Polish] kapota [Irish] séipéal [Aromanian] cãpitsãnã [Old French] caboce [Old French] chever [Catalan] cabdill [Cebuano] hepe [Tagalog] hepe [Irish] captaen [Catalan] cabdell [Tok Pisin] hetpilo [Italian] capitergio [Irish] cába [Ladin] cë [Italian] kapò [Catalan] cabeç [Sicilian] baccalaru [Romagnol] cavdël [Cimbrian] kèpple [Swedish] käppi,*káput-,,133,62
[German Low German] ik [Middle English] ik [Middle Low German] ik [North Frisian] ik [Scots] ik [Scots] ik [West Frisian] ik [Mòcheno] i [Neapolitan] i [Leonese] you [Mirandese] you [Kriol] ai [Torres Strait Creole] ai [Romansch] ia [Danish] jeg [Norwegian Bokmål] jeg [Alemannic German] ich [Central Franconian] ich [Cimbrian] ich [German] ich [Hunsrik] ich [Limburgish] ich [Middle High German] ich [Pennsylvania German] ich [Swedish] jag [Swedish] jag [Fiji Hindi] ham [Galician] eu [Galician] eu [Old Occitan] eu [Old Portuguese] eu [Portuguese] eu [Portuguese] eu [Romanian] eu [Romansch] eu [Sassarese] eu [Romansch] jeu [Franco-Provençal] je [French] je [Old French] je [Gutnish] ja [Romansch] eau [Faroese] eg [Faroese] eg [Icelandic] eg [Icelandic] eg [Norn] eg [Norn] eg [Norwegian Nynorsk] eg [Norwegian Nynorsk] eg [Belarusian] я [Rusyn] я [Ukrainian] я [Afrikaans] ek [Icelandic] ek [Icelandic] ek [Old Norse] ek [Aromanian] io [Istro-Romanian] io [Italian] io [Megleno-Romanian] io [Neapolitan] io [Savi] ma [Jutish] æ [Norwegian Nynorsk] æ [Greek] εγώ [Pontic Greek] εγώ [Asturian] yo [Chavacano] yo [Ladino] yo [Spanish] yo [Naga Pidgin] moi [English] az [Catalan] jo [Friulian] jo [Occitan] jo [English] egotism [English] egoism [Irish] mé [English] yola [Sardinian] deo [Romagnol] a [English] I [Norwegian Nynorsk] I [Norwegian Nynorsk] I [Vilamovian] ych [Icelandic] ég [Sicilian] iu [Armenian] ես [Armenian] ես [Romansch] jou [Dogri] मैं [Hindi] मैं [Kumaoni] मैं [Old Hindi] मैं [Romansch] jau [English] egoist [Occitan] ieu [Manx] mee [Dalmatian] ju [Yiddish] איך [Yevanic] אגו [Low German] ick [German] Egoismus [English] ego- [Mariupol Greek] го [Kalasha] آ [Armenian] իմ [Armenian] իմ [Urdu] میں [Luxembourgish] ech [Aromanian] iou [Elfdalian] ig [Elfdalian] ig [Neapolitan] ije [Saterland Frisian] iek [Old Swedish] iak [Ladino] ייו [Walloon] dji [Pali] अहं [Rajasthani] अहम [Gujarati] હું [Assamese] মই [Bengali] মই [Early Assamese] মই [Hajong] মই [Old Danish] iegh [Braj] हौं [Gandhari] 𐨀𐨱 [Gandhari] 𐨀𐨱 [Old Gujarati] हउं [Bulgarian] азе [Ashokan Prakrit] 𑀅𑀳𑀁 [Konkani] हांव [Old Hindi] हूं [Garhwali] मि [Awadhi] मइ [Kachchi] આઉં [Ashokan Prakrit] 𐨀𐨀𐨎 [Ashokan Prakrit] 𐨀𐨱𐨎 [Bundeli] मै [Bundeli] मै [Bengali] মৈ [Tsakonian] εζού [Dhivehi] މަ [Corsican] eiu [Kholosi] māy [Bengali] মুই [Niya Prakrit] 𐨀𐨱𐨂 [Magahi] 𑂃𑂯𑂧,*éǵh₂,,150,63
[English] van [French] van [English] wing [English] atmosphere [Dutch] wan [English] fan [Middle English] fan [Swedish] -athlon [Catalan] atmosfera [Corsican] atmosfera [Italian] atmosfera [Portuguese] atmosfera [Icelandic] vængur [Estonian] vann [Danish] vinge [Norwegian Bokmål] vinge [Swedish] vinge [Swedish] vaja [German] Wanne [Italian] vanni [Faroese] vongur [Albanian] atmosferë [German] Atmosphäre [Asturian] atmósfera [Spanish] atmósfera [Estonian] atmosfäär [Czech] vítr [Bhojpuri] भा [Galician] abano [Finnish] vanna [Finnish] vanna [Uzbek] vanna [Galician] abanar [Lithuanian] vonia [Cebuano] abaniko [Greek] ατμός [Catalan] atmo- [Dutch] atmo- [French] atmo- [Polish] atmo- [Portuguese] atmo- [Spanish] atmo- [Kazakh] атмосфера [Greek] ατμόσφαιρα [Kazakh] биатлон [Hungarian] atmoszféra [Dutch] wannen [Persian] وان [Norwegian Bokmål] vaie [Konkani] वा [Norman] atmosphéthe [Luxembourgish] Wann [Luxembourgish] Wann [Norwegian Nynorsk] veng [Kannada] ವಾ [Yiddish] וואַנע [Yiddish] אַטמאָספֿער [Westrobothnian] vaingj [Latvian] atmosfēra [Bhojpuri] 𑂦𑂰 [English] Viter [Polish] Witer,*h₂weh₁-,,62,64
[Afrikaans] van [Galician] abrir [Portuguese] abrir [Kabuverdianu] abrí [Kabuverdianu] abri [English] off vocal [Malayalam] ഓഫ് [Malayalam] ഓഫാക്കുക,*h₂epo,,8,65
[Antillean Creole] van [Haitian Creole] van [Portuguese] ventana [Spanish] ventana [Indonesian] bad [Afrikaans] wind [Old Occitan] ven [English] vent [Catalan] vent [French] vent [Norman] vent [Occitan] vent [Old French] vent [Esperanto] vento [Esperanto] vento [Esperanto] vento [Galician] vento [Ido] vento [Istriot] vento [Italian] vento [Portuguese] vento [Mauritian Creole] divan [Friulian] vint [Megleno-Romanian] vint [Picard] vint [Walloon] vint [Chavacano] viento [Chavacano] viento [Spanish] viento [Faroese] vindur [Icelandic] vindur [Mirandese] bento [Galician] venta [Portuguese] venta [Guinea-Bissau Creole] bentu [Kabuverdianu] bentu [Sardinian] bentu [Danish] vind [Danish] vind [Norwegian Bokmål] vind [Norwegian Nynorsk] vind [Swedish] vind [French] venter [German] Ventil [English] abat-vent [Italian] sventare [Dutch] winti [Spanish] ventisca [Galician] ventá [Sicilian] ventu [Irish] feadóg [Romanian] vânt [Irish] fead [Scottish Gaelic] fead [Sicilian] sbintari [French] éventer [Portuguese] Bacu [Romanian] zvânta [Bourguignon] vant [Aromanian] vimtu [English] subventaneous [Asturian] vientu [Dalmatian] viant [Romagnol] vènt [Venetian] vènt [Portuguese] ventã [Old Portuguese] ventãa [Aromanian] zvintu [Sardinian] bentana [Hindi] मुबारकबाद [Ligurian] vénto [Kachchi] વા [Papiamentu] bientu [Papiamentu] bientu [Sylheti] ꠛꠣꠔ [Aromanian] vintu [Polish] wentyl [Oriya] ବାତ [Bengali] বাত [Hungarian] szelep [Indonesian] balabad,*h₂wéh₁n̥ts,,81,66
[Danish] van [Danish] van [Norwegian Nynorsk] van [Norwegian Nynorsk] van [Swedish] van [Nigerian Pidgin] wan [English] waste [English] waste [Old French] gast [English] vast [Romanian] vast [English] wast [Catalan] barb [Galician] vasto [Italian] vasto [Portuguese] vasto [Spanish] vasto [Galician] vagar [Galician] verro [English] wan- [Scots] wan- [Spanish] barro [Yola] vaste [English] vastus [Icelandic] vanur [Sranan Tongo] wani [Icelandic] van- [Norwegian Bokmål] van- [Norwegian Nynorsk] van- [Swedish] van- [English] vaniloquence [Bislama] wantem [Catalan] vacar [Portuguese] vacar [Spanish] vacar [Tok Pisin] westim [Japanese] ウエス [Chinese Pidgin English] wantchee [Galician] vérrago [Yola] wauste [Yola] wasth,*h₁weh₂-,,41,67
[Danish] van [Danish] van [Norwegian Nynorsk] van [Norwegian Nynorsk] van [Swedish] van [Middle High German] wine [Norwegian Bokmål] ven [Norwegian Nynorsk] ven [Afrikaans] wen [Afrikaans] wen [English] Venus [Icelandic] Venus [Romanian] Venus [Tagalog] Venus [Danish] under [Norwegian Bokmål] under [Norwegian Nynorsk] under [Old Swedish] under [Swedish] under [Icelandic] vin [English] venial [Piedmontese] venial [Portuguese] venial [Spanish] venial [Faroese] vinna [Faroese] vinna [Icelandic] vinna [Icelandic] vinna [Norwegian Nynorsk] vinna [Old Swedish] vinna [Swedish] vinna [Norwegian Bokmål] vinne [Swedish] vän [Dutch] winnen [Spanish] venera [English] wonted [Portuguese] Vénus [Italian] Venere [Maltese] Venere [Breton] Gwener [Welsh] Gwener [Catalan] venerar [Portuguese] venerar [Spanish] venerar [Italian] venerare [Galician] vieira [Spanish] vieira [Faroese] undur [Icelandic] undur [Spanish] venia [Icelandic] ósk [English] wone [Middle English] wone [Danish] ønske [Norwegian Bokmål] ønske [Icelandic] vanur [Tok Pisin] winim [Tok Pisin] winim [Tok Pisin] winim [Taos] benę̀nuʼúne [Danish] vinde [French] venimeux [Old French] venimeux [Italian] veniale [Swedish] undra [French] vénerie [Norwegian Nynorsk] ynske [Irish] Véineas [Middle English] venerie [Old French] venerie [Dutch] venijn [Dutch] venijn [Danish] undre [Catalan] vènia [Navajo] Biinis [French] vénérien [Icelandic] yndi [Vietnamese] uôn [Portuguese] vénia [Yiddish] ווענוס [Danish] ynde [Icelandic] vænn [Maltese] velenu [Jersey Dutch] wône,*wenh₁-,,84,68
[Norwegian Nynorsk] dat [Kalasha] te [Westrobothnian] he [Tok Pisin] dispela [Nigerian Pidgin] dis [Norwegian Bokmål] det [Norwegian Nynorsk] det [Swedish] det [Pali] tad [Yola] a [Old Swedish] þæt [Swedish] att [Westrobothnian] att [Icelandic] það [Danish] denne [Bengali] তার [Sranan Tongo] disi [Marathi] तिथे [Bengali] তাই [Norwegian Nynorsk] dæ,*tód,,20,69
[Rohingya] dat [Central Franconian] Zahn [German] Zahn [Catalan] dental [French] dental [Occitan] dental [Portuguese] dental [Spanish] dental [Norman] dent [Old French] dent [Piedmontese] dent [Romansch] dent [Friulian] dint [Walloon] dint [Neapolitan] dente [Portuguese] dente [English] heterodont [Afrikaans] tand [Romani] dand [Aragonese] dient [Romansch] daint [Translingual] Odonata [English] dentin [Aromanian] dinte [Armenian] ատամ [Bourguignon] dant [Irish] déad [Assamese] দাঁত [Bengali] দাঁত [Aromanian] dinti [English] -odontia [Translingual] odonto- [English] odonto- [Urdu] دانت [Indonesian] danta [Irish] ódónta- [Yiddish] צאָן [English] mesiodens [Central Franconian] Zand [Translingual] Odocoileus [Punjabi] ਡੰਦ [Central Franconian] Zank [Oriya] ଦାନ୍ତ [Punjabi] ਦੰਦ [English] dontopedalogy [English] dancette [Marathi] दात [Punjabi] دند [Luwati] 𑈜𑈴𑈛 [Early Assamese] দান্ত [Domari] ḍanḍ [Balinese] ᬤᬦ᭄ᬢ [Kazakh] дентин [Scottish Gaelic] deud [Translingual] Odobenus [Italian] Odocelo [Italian] odocoileo [Italian] Odocoileo [Italian] odocelo [Kholosi] dānd [Prakrit] 𑀤𑀁𑀢 [Phalura] dáand [Kashmiri] دَنٛد [Romagnol] dént [French] -odonte,*h₃dónts,,65,70
[English] color [Asturian] color [Catalan] color [Galician] color [Occitan] color [Old French] color [Old Occitan] color [Old Spanish] color [English] hell [Middle English] colour [English] cell [English] cell [Welsh] cell [Welsh] cell [Italian] colore [French] couleur [Norman] couleur [Galician] cor [Galician] cor [Portuguese] cor [Portuguese] cor [Afrikaans] sel [Afrikaans] sel [Indonesian] sel [Indonesian] sel [Afrikaans] kleur [Afrikaans] kleur [Dutch] kleur [West Frisian] kleur [West Frisian] kleur [Turkish] hol [English] heal [English] coleus [Latin] coleus [English] helm [Middle English] helm [Romanian] coi [Luxembourgish] Hall [Galician] cela [Galician] cela [Polish] cela [Polish] cela [Portuguese] cela [Portuguese] cela [Esperanto] koloro [Esperanto] koloro [Esperanto] koloro [Ido] koloro [Ido] koloro [Ido] koloro [Danish] celle [Danish] celle [Middle English] celle [Middle English] celle [Norwegian Bokmål] celle [Norwegian Bokmål] celle [Norwegian Nynorsk] celle [Norwegian Nynorsk] celle [English] cellar [English] cellar [English] domicile [Middle English] helen [Dutch] cel [Dutch] cel [Indonesian] sarana [Javanese] sarana [Breton] kell [Breton] kell [Breton] kell [Cornish] kell [Cornish] kell [Cornish] kell [Yola] helt [Yola] helt [Hungarian] cella [Hungarian] cella [Italian] cella [Italian] cella [Middle English] helle [German] Keller [German] Keller [Hutterisch] Keller [Hutterisch] Keller [Norwegian Bokmål] selle [Norwegian Bokmål] selle [Norwegian Nynorsk] selle [Norwegian Nynorsk] selle [Translingual] Biciliata [English] hele [English] hele [Italian] ciglio [Translingual] Coleoidea [English] domiciliary [English] seel [Catalan] domicili [Italian] domicilio [Spanish] domicilio [Persian] سرد [Finnish] selli [Finnish] selli [Irish] cill [Irish] cill [Scottish Gaelic] cill [Scottish Gaelic] cill [Greek] κελί [Greek] κελί [Welsh] caill [Welsh] caill [Romanian] celar [Romanian] celar [French] cellier [French] cellier [Sardinian] chedda [Sardinian] chedda [English] coleoptile [Italian] coleoptile [Manx] keeill [Manx] keeill [Swahili] seli [Middle English] helme [Old English] cyll [Danish] kulør [Norwegian Bokmål] kulør [Norwegian Nynorsk] kulør [Haitian Creole] koulè [Old French] celier [Old French] celier [Catalan] celler [Catalan] celler [Italian] cellario [Italian] cellario [German] Domizil [Greek] κολεός [Luxembourgish] Zell [Luxembourgish] Zell [Norman] couoleu [Norman] couleu [Norman] ch'lyi [Norman] ch'lyi [Serbo-Croatian] ћелија [Serbo-Croatian] ћелија [Serbo-Croatian] ćelija [Serbo-Croatian] ćelija [Norman] êcouter [Portuguese] domicílio [Galician] celeiro [Galician] celeiro [Portuguese] celeiro [Portuguese] celeiro [Mirandese] quelor [Italian] cellaio [Italian] cellaio [Translingual] Coleus [Old Portuguese] coor [Dalmatian] colaur [Friulian] colôr [Yiddish] קאָליר [Sardinian] chizu [Aromanian] colj [Aromanian] coljiu [French] coléoptile [Arabic] قلاية [Arabic] قلاية [Middle English] healm [Aromanian] tsilar [Aromanian] tsilar [Galician] Celanova [Galician] Celanova [Friulian] celâr [Friulian] celâr [Hindi] सर्द [Bengali] হাল [Alemannic German] Gajung [Pali] saraṇa [Hungarian] hungarocell [Mauritian Creole] kouler [Marshallese] jeeļ [Marshallese] jeeļ [Indonesian] kelir [Swedish] kulör [Indonesian] domisili [Phalura] haál [Kazakh] колориметр [Kashmiri] شِشُر [Louisiana Creole French] koulær,*ḱel-,,185,71
[Norwegian Bokmål] die [Norwegian Nynorsk] die [Italian] zio [Old Spanish] tio [Portuguese] tio [Galician] tío [Spanish] tío [Romanian] fecund [Asturian] tíu [Portuguese] teta [Irish] deoch [Scottish Gaelic] deoch [English] felo de se [Greek] θηλή [Greek] θείος [Armenian] դայակ [Bikol Central] tito [Cebuano] tito [Tagalog] tito [Sicilian] ziu [Manx] jough [Middle Irish] deog [Icelandic] dilkur [Aromanian] ficior [Romanian] fecior [Latin] thius [Maltese] ziju [English] thelium [English] thelion [Esperanto] fekunda [Bikol Central] tiyo [Cebuano] tiyo [Hindi] धान [Assamese] ধান [Early Assamese] ধান [Assamese] গোমধান [Sylheti] ꠗꠣꠘ [Sardinian] tziu [English] thelitis [Latin] tius [Tamil] தானியம் [Aromanian] fãcior,*dʰeh₁(y)-,,42,72
[Afrikaans] een [Afrikaans] een [Norwegian Bokmål] en [Old Swedish] en [Swedish] en [Swedish] en [Translingual] one [English] one [Indo-Portuguese] um [Indo-Portuguese] um [Portuguese] um [Haitian Creole] an [Scots] an [Savi] yak [Venetian] uno [Corsican] un [Guinea-Bissau Creole] un [Kabuverdianu] un [Papiamentu] un [Papiamentu] un [Welsh] un [Faroese] nan [Norwegian Bokmål] nan [Norwegian Nynorsk] nan [Bislama] wan [Sranan Tongo] wan [Tok Pisin] wan [Norwegian Bokmål] ei [Norwegian Nynorsk] ei [Interlingua] nulle [Catalan] uni- [Galician] uni- [Italian] uni- [Spanish] uni- [Kalasha] ek [Rohingya] ek [Ingrian] nolla [Northern Sami] nolla [Romansch] nolla [Bourguignon] ein [Faroese] ein [Norwegian Nynorsk] ein [Gutnish] ajn [Westrobothnian] ajn [Afrikaans] nul [Middle French] nul [Old French] nul [Romansch] nul [Esperanto] nulo [Spanish] nulo [Romansch] nulla [Mauritian Creole] enn [Seychellois Creole] enn [Afrikaans] 'n [English] Uno [English] Uno [Romansch] nula [Hindi] एक [Hindi] एक [Konkani] एक [Maithili] एक [Marathi] एक [Nepali] एक [Old Hindi] एक [Old Hindi] एक [Elfdalian] ien [Corsican] unu [Papiamentu] unu [Papiamentu] unu [Icelandic] einn [English] Angus [Irish] aon [Scottish Gaelic] aon [Indonesian] eka- [Indonesian] eka- [Urdu] ایک [Indonesian] eka [Old Javanese] eka [Hindi] अकेला [Urdu] اکیلا [Romani] jekh [Welsh Romani] jekh [English] nullity [Yola] oan [Indonesian] nol [Malay] nol [English] Aintree [English] triune [Lao] ເອກ [Romansch] ün [Assamese] এক [Bengali] এক [Thai] เอก [Manx] Anghus [Manx] Anghus [Middle Irish] Aengus [Irish] Aonghas [Irish] Aonghas [Scottish Gaelic] Aonghas [Scottish Gaelic] Aonghas [Sicilian] nuddu [Romansch] egn [Punjabi] ਇੱਕ [Manx] unnane [Slavomolisano] jena [Sinhalese] එක [Neapolitan] 'nu [Georgian] ნული [Romansch] nola [English] nullipore [Middle Irish] óen [French] éka- [Jersey Dutch] êne [Norwegian Nynorsk] einannan [Oriya] ଏକ [Ladino] אונו [Thai] เอกชน [Gujarati] એક [Kashmiri] اَکھا [Kashmiri] अख [Old Occitan] nulh [Dogri] इक [Old Hindi] इक [Dhivehi] އެކެއް [Sauraseni Apabhramsa] एक्क [Bhojpuri] एगो [Garhwali] यक [Pangwali] यक [Irish] Aontroim [Sylheti] ꠄꠇ [Sylheti] ꠄꠇꠟꠣ [Papiamentu] diesun [Vaghri] એકલો [Dogri] 𑠂𑠊 [Bengali] একলা [Sindhi] هڪ [Punjabi] اک [Assamese] আক [Domari] ikak [Kashmiri] اَکھ [Norwegian Bokmål] aberdeen angus [Norwegian Bokmål] aberdeen angus [Norwegian Bokmål] aberdeen angus [Gandhari] 𐨀𐨅𐨐 [Niya Prakrit] 𐨀𐨅𐨐 [Kashmiri] अखा [Balinese] ᬏᬓ [English] biune [Norwegian Nynorsk] eidn [Javanese] ꦲꦺꦏ [Jersey Dutch] ên [Dhivehi] އެއް,*óynos,,152,73
[Yola] een [Yola] een [English] end [English] end [Middle English] end [Vilamovian] end [Pennsylvania German] End [Afrikaans] einde [German] Ende [Middle English] ende [Luxembourgish] Enn [English] ennet [Cimbrian] énte [Greek] αντί [Middle English] eende [Alemannic German] Endi,*h₂entíos,,16,74
[Yola] een [Danish] and [Norwegian Bokmål] and [Norwegian Nynorsk] and [Norwegian Nynorsk] and [Swedish] and [English] end [Basque] agate [Romansch] anda [Esperanto] anaso [Faroese] ond [Danish] ånd [Norwegian Bokmål] ånd [Norwegian Nynorsk] ånd [Translingual] Anas [Faroese] ont [Icelandic] önd [Icelandic] önd [Italian] anatra [Portuguese] adem [Swedish] anka [Catalan] ànec [Translingual] Netta [Occitan] anet [Basque] ahate [Venetian] ànara [English] ennet [Dalmatian] anera [Ido] anado [Kalasha] ạ́i [Khowar] اڑى [Lombard] aneda [Phalura] héeṛi [Catalan] ànet,*h₂énh₂ts,,34,75
[Dutch] zijn [English] be [English] vestal [English] divan [Turkish] divan [English] Vesta [Dutch] aula [Finnish] aula [Indonesian] aula [Italian] aula [Latin] aula [Norwegian Bokmål] aula [Portuguese] aula [Spanish] aula [Swedish] aula [Persian] خانه [Low German] sien [German] Wesen [English] aulic [Icelandic] vist [Luxembourgish] Wiesen [Welsh] aros [Persian] دیوان [Indonesian] dewan [Serbo-Croatian] avlija [Greek] αυλή [German Low German] wesen [Middle Dutch] wesen [Middle Low German] wesen [Serbo-Croatian] авлија [English] wastel [Georgian] მდივანი [Greek] προαύλιο [Hindi] दीवान [Hindi] ख़ाना [Dutch Low Saxon] waen [Marathi] वास [Assamese] বাহ [Pennsylvania German] Wese [Assamese] বাহা [Urdu] خانہ [Balinese] ᬯᬵᬲ [Bakhtiari] هونه [Northern Luri] هونه [Turkish] avlu [Bengali] দেওয়ান [Bengali] দিওয়ান [Sassarese] àura,*h₂wes-,,48,76
[Haitian Creole] de [Mauritian Creole] de [Seychellois Creole] de [Translingual] two [English] duel [Catalan] duel [English] deuce [Danish] to [Esperanto] du [Ido] du [Ido] du [Ido] du [Ido] du [Kalasha] du [Romagnol] du [Greek] δύο [English] duo [Dutch] duo [Dutch] duo [Italian] duo [Polish] duo [Tok Pisin] tupela [Bislama] tu [Nigerian Pidgin] tu [Sranan Tongo] tu [Tok Pisin] tu [Kabuverdianu] dos [Kristang] dos [Kristang] dos [Papiamentu] dos [Papiamentu] dos [Swedish] två [English] dubious [Scottish Gaelic] dà [Corsican] dui [Istriot] dui [Rohingya] dui [Faroese] tveir [Icelandic] tveir [Louisiana Creole French] dé [Translingual] Diprotodontia [Guinea-Bissau Creole] dus [Aromanian] doi [Dalmatian] doi [Friulian] doi [Istro-Romanian] doi [Ladin] doi [Megleno-Romanian] doi [Old French] doi [Piedmontese] doi [Romanian] doi [Armenian] երկու [Scottish Gaelic] dhà [Romani] duj [Hungarian] duó [Manx] daa [Bengali] দুই [Hebrew] דו [Turkish] diğer [Old Swedish] tver [Sinhalese] දෙක [Irish] dhá [Phalura] dúu [Indo-Portuguese] doiz [Indo-Portuguese] doiz [Oriya] ଦୁଇ [Konkani] दोन [Bhojpuri] दू [Bhojpuri] दुइ [Ligurian] doî [Gujarati] બંને [Papiamentu] diesdos [Thai] ทุ [Kholosi] barô [Kashmiri] زٕ [Calabrian Greek] dìo [Dhivehi] ދެ,*dwóh₁,,77,77
[Irish] de [Scottish Gaelic] de [Neapolitan] e [Manx] da [French] dans [Irish] di [German] de- [Neapolitan] 'e [Esperanto] dum [Ido] dum [Aromanian] dit [Neapolitan] a [Manx] jee [Galician] despedir [Portuguese] despedir [Spanish] después [French] derrière [Italian] dentro [Spanish] mientras [Galician] departir [Middle French] departir [Old French] departir [Spanish] departir [Italian] mentre [Romanian] dimineață [Romanian] după [Irish] dhi [Manx] jeh [Istriot] duopo [German] Dekubitus [Manx] dty [Catalan] després [Romanian] odinioară [Walloon] diski [Irish] dí- [French] déchéance [Venetian] drio [Venetian] drénto [Dalmatian] dapú [Dalmatian] drante [French] départir [Aromanian] dupu [Aromanian] dupã [Galician] mentres [Istriot] drento [Friulian] daspò [Istriot] dreîo [Aromanian] didindi [Aromanian] ditru [Aromanian] dimineatsã [Cebuano] mintras [Spanish] demientra [Galician] desún [Lombard] denter [Neapolitan] dinto [Romagnol] déntar [Romagnol] drénta,*de,,57,78
[Norwegian Nynorsk] de [Norwegian Nynorsk] i [Spanish] os [Hunsrik] deer [English] ye [Yola] ye [Alemannic German] ir [Mòcheno] ir [Afrikaans] u [Corsican] voi [Westrobothnian] je [German] ihr [Afrikaans] jy [Aragonese] bos [Luxembourgish] dir [English] yea [Norwegian Nynorsk] I [Swedish] I [Phalura] tus [Faroese] tær [Yola] yee [Cimbrian] iar [Faroese] tygum [Icelandic] þér [Yiddish] איר [Norwegian Bokmål] eder [Romani] tumen [English] yeet [Marathi] तुम्ही [Old Hindi] तुम्ह [Cimbrian] iart [Aragonese] busatros [Aragonese] busatras [Friulian] vualtris [Ashokan Prakrit] 𑀢𑀼𑀨𑁂 [Dhivehi] އިބަ [Jersey Dutch] jāi,*yū́,,37,79
[Sranan Tongo] de [Cameroon Pidgin] dey,*tar-,,2,80
[Middle French] en [Old French] en [Old Portuguese] en [Spanish] en [Friulian] in [Istriot] in [Italian] in [Ligurian] in [Lombard] in [Romagnol] in [Sardinian] in [Sassarese] in [Irish] i [Norwegian Bokmål] i [Norwegian Nynorsk] i [Swedish] i [Westrobothnian] i [Bourguignon] an [Mirandese] an [Scottish Gaelic] an [French] il- [Portuguese] em [Portuguese] em [French] im- [English] in- [English] in- [Westrobothnian] gar [English] ento- [Catalan] en- [French] en- [Galician] en- [Norman] en- [Occitan] en- [Old French] en- [Portuguese] en- [Spanish] en- [French] ainsi [Spanish] entonces [Greek] εν [English] ingenue [English] immediate [Sicilian] 'n [English] encounter [Faroese] í [Icelandic] í [Old Irish] ingen [Spanish] delante [Megleno-Romanian] ăn [English] nether [Yola] nether [English] engram [Scottish Gaelic] nighean [Norwegian Bokmål] går [Norwegian Nynorsk] går [Old French] ensi [Old French] endroit [Spanish] añadir [Spanish] empujar [Spanish] inseminar [Catalan] intimidar [Occitan] intimidar [Portuguese] intimidar [Spanish] intimidar [Galician] engorde [English] incriminate [Irish] iníon [Greek] εις [Mozarabic] אן [Italian] inghiottire [Italian] ingenuo [Spanish] enzima [Greek] σε [Romanian] în [German] in flagranti [Norwegian Bokmål] in flagranti [Norwegian Nynorsk] in flagranti [Italian] imprendere [Finnish] endeeminen [Danish] enzym [Norwegian Bokmål] enzym [Norwegian Nynorsk] enzym [Aromanian] ãn [Icelandic] ensím [Greek] στο [English] enhypostasia [Spanish] emprender [Italian] interrare [Manx] ayns [Sicilian] nèsciri [Manx] inneen [Sicilian] nesciri [Romanian] împăca [Occitan] endrech [Norwegian Bokmål] fjor [Portuguese] empreender [Romanian] împrumut [Scottish Gaelic] inghean [French] ingénu [Romanian] împrinde [Sicilian] sciri [Old French] en anglé [Catalan] emprendre [Old French] emprendre [Romanian] înăuntru [Dalmatian] aninč [Translingual] Encephala [Norman] entèrrer [Aromanian] ninti [Aromanian] nãnti [Catalan] indret [English] enderon [Norman] înginnyi [English] ingenu [Catalan] ingenu [Asturian] entós [Irish] níon [German] enzootisch [Danish] enhver [Norwegian Bokmål] enhver [Aromanian] naparti [Norwegian Bokmål] enklave [Norwegian Nynorsk] enklave [Aromanian] nãinti [Aromanian] mprumut [Faroese] íggj [English] enanthesis [Old Spanish] entonce [Spanish] entonce [Dalmatian] incaricur [Greek] έρρινος [Bourguignon] an-dians [Galician] entón [Norwegian Bokmål] pling i bollen [Czech] ajncvajdraj [Czech] ajncvaj [Spanish] intríngulis [Sicilian] ncoḍḍu [German] Engramm [Romanian] năuntru [Spanish] denante [Tamil] நிவசதி [Aromanian] napãrti [Piedmontese] ën [Middle English] nethere [Magahi] 𑂢𑂱- [Galician] empuxar [English] Nethercote [Italian] entandrofragma [Italian] enoftalmo,*h₁én,,149,81
[English] star [English] star [Mòcheno] stern [Corsican] stella [Interlingua] stella [Old Occitan] stella [Tarantino] stella [Tagalog] tala [English] aster [Cebuano] aster [Dutch] aster [Tok Pisin] sta [Bourguignon] étoile [Esperanto] stelo [Ido] stelo [Translingual] Aster [Danish] Stella [Dutch] Stella [German] Stella [Icelandic] Stella [Italian] Stella [Swedish] Stella [German] Stern [Guinea-Bissau Creole] strela [Kabuverdianu] strela [Sranan Tongo] stari [Icelandic] stjarna [Spanish] estrella [Kholosi] taro [Afrikaans] ster [Afrikaans] ster [Dutch] ster [Dutch] ster [Dutch] ster [Scots] ster [English] sterling [Yola] starr [Yola] starr [Italian] astro [French] Estelle [Armenian] աստղ [Translingual] Asterozoa [Faroese] stjørna [Urdu] تارا [Hindi] तारा [Irish] astar [Bengali] তারা [Danish] stjerne [Norwegian Bokmål] stjerne [Norwegian Bokmål] stjerne [Norwegian Nynorsk] stjerne [Norwegian Nynorsk] stjerne [Megleno-Romanian] steau̯ă [Istro-Romanian] ste [Greek] αστέρι [Swedish] stjärna [Galician] estrela [Portuguese] estrela [Punjabi] ستارہ [Urdu] ستارہ [English] asteroseismology [English] stellify [Yiddish] שטערן [Kachchi] તારો [Gallo] esteill [Venetian] stéła [Vilamovian] śtaom [Luxembourgish] Stär [Punjabi] ਸਿਤਾਰਾ [Middle English] sterre [English] astraean [Greek] αστέρας [Aromanian] steauã [Latin] astur [English] starn [English] starn [Scots] starn [Indonesian] seter [Sinhalese] තරුව [Rajasthani] तारौ [Rajasthani] ताळौ [Old Swedish] stiærna [Translingual] Monaster [Papiamentu] strea [Papiamentu] strea [Papiamentu] strea [English] Stellarton [Burmese] တာရာ [Assamese] তৰা [Doteli] तारो [Sindhi] तारो [Pennsylvania German] Schtann [Punjabi] تارہ [Balinese] ᬢᬭᬵ [English] asteronym [Sardinian] streglia [Phalura] tóoru [Polish] asteronim [Papiamentu] streya [Kazakh] радиоастрономия [Oriya] ତାରା [Lithuanian] asteroidas [Sindhi] تارو,*h₂stḗr,,103,82
[Mirandese] star [Spanish] estar [Romansch] stànza,*sth₂éh₁yeti,,3,83
[Mirandese] star [Spanish] estar [Romansch] stànza,*(s)teh₂-,,3,84
[English] wolf [English] wolf [Afrikaans] wolf [Afrikaans] wolf [Alemannic German] wolf [Dutch] wolf [Middle English] wolf [Greek] λύκος [Old French] lu [Romanian] Vulcan [English] loo [Sicilian] lupa [Aragonese] lupo [Italian] lupo [Galician] lobo [Portuguese] lobo [Czech] vlk [Old French] leu [Walloon] leu [Mauritian Creole] lulu [Franco-Provençal] lop [Occitan] lop [Hungarian] olasz [Translingual] Lupus [English] Lupus [German] Wolf [Pennsylvania German] Wolf [Slavomolisano] vuk [English] loafer [Aromanian] lupu [Corsican] lupu [Sardinian] lupu [Sicilian] lupu [French] loup [Middle French] loup [Aromanian] lup [Istro-Romanian] lup [Romanian] lup [Danish] ulv [Norwegian Bokmål] ulv [Norwegian Nynorsk] ulv [Swedish] ulv [Translingual] Lycopodium [Haitian Creole] lou [Old French] lou [Irish] olc [Scottish Gaelic] olc [English] loper [Persian] گرگ [Spanish] Guadalupe [English] Ulric [Spanish] lobezno [Italiot Greek] λύκο [Belarusian] воўк [Asturian] llobu [Romani] ruv [Tajik] гург [Catalan] llop [Translingual] Lycoperdon [Luxembourgish] Wollef [Italian] lovo [Venetian] lovo [English] Loup [Spanish] Lope [Venetian] lóvo [Translingual] Lycocorax [English] Wilk [Tokelauan] luko [Udi] ул [Telugu] వృకము [Seychellois Creole] loulou [Albanian] luqerbull [Translingual] Lycosa [Galician] robalo [Emilian] låuv [Manx] olk [Chakma] 𑄤𑄇𑄴 [English] Woolley [Friulian] lôf [Ligurian] lô [Old Swedish] ulver [Serbo-Croatian] Ulcinj [Old Danish] ulf [Mirandese] lhobo [Franco-Provençal] luef [Translingual] Anarhichas lupus [English] Wolford [Polish] Wołk [Italiot Greek] liko [Champenois] voirloup [Shina] उरुक [Cimbrian] bolf [Cimbrian] bolf [Mòcheno] bolf [Kachchi] વરુ [Tsakonian] λιούκο [North Frisian] Ulv [Latin] lycisca [Norwegian Nynorsk] úv’e [English] Vilk [English] Woollard,*wĺ̥kʷos,,101,85
[English] planet [English] powder [Galician] po [Galician] po [Guinea-Bissau Creole] po [Haitian Creole] po [Galician] pole [Old Portuguese] poo [Italian] pelta [Latin] pelta [English] pollen [Danish] pollen [Dutch] pollen [Norwegian Bokmål] pollen [Norwegian Nynorsk] pollen [English] pulse [English] pulse [English] -fold [Danish] fold [Welsh] pall [English] pallor [Romanian] pală [Catalan] palla [Galician] palla [Sardinian] palla [Esperanto] polvo [Spanish] polvo [Romanian] polen [English] pulp [English] pall mall [Kabuverdianu] peli [French] poussière [English] pallet [English] pallet [English] fallow [English] polemology [Istriot] paja [Ladino] paja [Spanish] paja [Venetian] paja [Romanian] pai [English] polverine [Sranan Tongo] fala [Guinea-Bissau Creole] pele [Italian] paglia [Mongolian] пальто [Russian] пальто [Ukrainian] пальто [Danish] folde [Danish] folde [Norwegian Bokmål] folde [Norwegian Bokmål] folde [Norwegian Nynorsk] folde [Norwegian Nynorsk] folde [Romanian] paie [Icelandic] faldur [Friulian] polpe [Catalan] polpa [Galician] polpa [Italian] polpa [Kabuverdianu] polpa [Portuguese] polpa [Spanish] payaso [German] Pulver [Italian] polpetta [Romanian] plia [French] paille [Portuguese] pó [Portuguese] pó [Galician] pólvora [Portuguese] pólvora [Spanish] pólvora [Mòcheno] pulver [Romansch] pulver [English] Ptolemaic [Greek] πόλεμος [Dutch] poeder [Catalan] pols [Italian] pagliaccio [Italian] polline [Italian] polta [Afrikaans] paljas [Dutch] paljas [Dutch] paljas [Norman] pâle [Italian] polposo [Portuguese] polposo [Galician] bolboreta [Portuguese] chegada [Finnish] puuteri [French] pâleur [Middle English] puls [Middle English] puls [Czech] pulpa [English] plica [Aromanian] pulpos [Romanian] pulpos [Catalan] plegar [Italian] tolemaico [Occitan] palha [Portuguese] palha [English] poltophagy [Galician] -polio [Italian] -polio [Spanish] -polio [Guinea-Bissau Creole] padja [Esperanto] pajlo [French] polliniser [French] pollinique [Welsh] paill [Romanian] spulbera [Romanian] pulpă [Sicilian] pagghia [Sicilian] pagghia [French] pulser [French] pulser [Hungarian] paplan [Dutch] pias [Asturian] payares [French] pulpeux [Irish] púdar [Galician] poupar [Portuguese] poupar [Catalan] pol·len [Norwegian Bokmål] paillegul [Norwegian Bokmål] pudder [Norwegian Bokmål] pudder [Norwegian Nynorsk] pudder [Norwegian Nynorsk] pudder [English] paleous [English] paleaceous [Romansch] pulvra [Romansch] polvra [Romansch] puorla [Romansch] puolvra [Norman] pâlle [Norman] païle [English] pulverine [Dalmatian] pulvro [Aromanian] spulbir [Aromanian] pulpã [English] pulvinone [Manx] poodyr [English] interstellar planet [Cebuano] polbos [Asturian] polvu [Friulian] pae [Kumyk] палто [Portuguese] pólen [English] -poly [Polish] pajac [Polish] pulpet [Aromanian] pulbiri [Friulian] polpôs [Esperanto] felo [Spanish] polvareda [Aromanian] paljiu [Aromanian] palj [Cebuano] pulbora [Cebuano] polboron [Mauritian Creole] lapay [Seychellois Creole] lapay [Emilian] pajàs [Spanish] pulposo [Galician] balor [Emilian] pólvra [Sicilian] pruvigghia [Sicilian] pùrviri [Romanian] pudră [Catalan] -poli [English] Fawley [Spanish] ptolemaico [Galician] faldra [Greek] πούδρα [Greek] πούντρα [Aromanian] palji [Portuguese] -pólio [Rotokas] paora [Translingual] Borealopelta [Kazakh] пәлте [Latin] Ptolemaicus [Sicilian] tulimaicu [Indonesian] puyer [Swedish] polemisk [Scots] -fauld [Yiddish] פּולווער [Luxembourgish] Polver,*pel-,,187,86
[English] planet [English] plant [Dutch] plant [Welsh] plant [West Frisian] plant [Azerbaijani] piano [Czech] piano [Dutch] piano [Tok Pisin] fil [Galician] chan [German] Pflanze [English] clan [Dutch] clan [French] clan [Spanish] playa [Italian] pianta [Translingual] Plantae [Irish] clann [Middle Irish] clann [Scottish Gaelic] clann [Norwegian Bokmål] plage [Norwegian Nynorsk] plage [English] plantigrade [Turkish] perde [Hunsrik] Piano [Catalan] planta [Faroese] planta [Icelandic] planta [Occitan] planta [Romansch] planta [Swedish] planta [Macanese] cham [Afrikaans] vlag [English] plantar [Spanish] llanta [Sardinian] pranta [Catalan] platja [Sranan Tongo] fraga [German] Flagge [Ingrian] lanttu [Esperanto] planto [Danish] plante [French] plante [Friulian] plante [Old English] plante [English] Westphalia [Portuguese] chão [Portuguese] chão [Norman] pliante [Galician] chao [Tok Pisin] plak [Translingual] Polyplacophora [Portuguese] praia [Polish] plaża [Sicilian] chianta [Polish] flaga [Ido] flago [Punjabi] پردہ [Occitan] plaja [Spanish] plantígrado [Galician] Chao [Tagalog] piyano [Turkish] piyano [Waray-Waray] piyano [Italian] piaggia [Indonesian] klan [Polish] klan [Portuguese] clã [Scottish Gaelic] làthair [Manx] cloan [Italian] aplanatico [Old Irish] cland [Irish] pianó [Ido] plajo [Romanian] perdea [Hungarian] palánta [Romansch] plaunta [Romansch] plànta [Romansch] plonta [Irish] láthair [Romanian] plântă [Tok Pisin] plua [English] placoid [Luxembourgish] Planz [Italian] piantumare [Italian] piantume [English] laminiplantar [Georgian] კლანი [Georgian] ფარდა [English] plantule [Norman] pllànte [Latvian] plāns [Telugu] పరదా [Serbo-Croatian] pijano [Macedonian] пијано [Serbo-Croatian] пијано [Middle English] planete [Catalan] plançó [Abkhaz] аплиаж [Vietnamese] pi-a-nô [Norman] pyãt [Norman] pllaunte [Yiddish] פֿלאַנצן [Kazakh] перде [Cebuano] plorwaks [Central Franconian] Plooch [Pennsylvania German] Blans [English] plaustral [Esperanto] klano [Ligurian] ciànta [French] plaïe [Irish] planda [Sardinian] tzaca [Kabuverdianu] txon,*pleh₂-,,114,87
[English] sky [Danish] sky [Norwegian Bokmål] sky [Norwegian Nynorsk] sky [Old Swedish] sky [Scots] sky [Swedish] sky [English] hut [Dutch] hut [English] cytosine [English] cyst [English] shunt [English] shun [Polish] cyto- [Tok Pisin] hait [Tok Pisin] hait [Tok Pisin] hait [English] escutcheon [German] Hütte [Mòcheno] hitt [Icelandic] ský [English] esquire [Indonesian] kista [English] -cyte [French] -cyte [Polish] huta [English] scudo [Occitan] escut [Italian] cisti [Serbo-Croatian] cista [Romanian] custode [Danish] hytte [Spanish] -cito [Faroese] skýggj [Catalan] citologia [Italian] citologia [Portuguese] citologia [French] squame [Czech] cysta [Polish] cysta [Swedish] cysta [English] syncitium [Greek] κύστη [Dutch] cyste [Norwegian Bokmål] cyste [Norwegian Nynorsk] cyste [German] Cytosin [English] scutellum [Tok Pisin] skai [English] cystocele [Hungarian] cito- [Italian] cito- [English] scutage [Spanish] colecistectomía [French] hutte [Greek] σκυλί [Swedish] hydda [Yola] skee [Finnish] kustos [Irish] cíti- [English] squamoid [English] scutiferous [English] cystocarp [English] verocytotoxin [Old French] eschame [Serbo-Croatian] циста [Greek] σκυλο- [Westrobothnian] sjy [Spanish] colecistitis [English] adenocystic [Czech] -cyt [Polish] -cyt [Irish] -cít [Catalan] -cit [Cappadocian Greek] σ̌κυλί [Cimbrian] hütt [German] Cytoblast [Kazakh] цитозин [Esperanto] citozo [Finnish] sytoarkkitehtuuri [Kazakh] цистеин [Cimbrian] hütta [Finnish] sytogeneesi,*(s)kewH-,,83,88
[Italian] acicula [Aromanian] ac [Romanian] ac [Istriot] ago [Italian] ago [Neapolitan] aco [English] acupuncture [English] acnode [French] aiguille [Spanish] aguja [Romansch] vila [Occitan] agulha [Portuguese] agulha [Italian] guglia [Romansch] guglia [Catalan] agulla [Galician] agulla [Italian] aguglia [Sicilian] augghia [Indonesian] akupunktur [Asturian] aguya [Romansch] aguoglia [Romansch] guoglia [Romansch] guila [Dalmatian] juac [Norman] aigùule [Norman] aidgulle [Emilian] agåccia [Italian] agucchia [Norman] edjulle [Emilian] gùcia [Emilian] gùccia,*h₂éḱos,,32,89
[English] can [Scots] can [English] Cann,*ǵen-,,3,90
[Galician] can [Galician] ca [Italian] ca [Romanian] ca [Romansch] ca [Romansch] co [Romanian] cam [French] que [Spanish] cuan [Portuguese] quão,*kʷeh₂m,,10,91
[Irish] can [Scottish Gaelic] can [Translingual] Ciconia [English] ciconine [Portuguese] cegonha [Spanish] cigüeña [Catalan] cigonya [Saterland Frisian] Hone,*keh₂n-,,8,92
[Turkish] can [English] and [Icelandic] anda [Norwegian Nynorsk] anda [Old Swedish] anda [Norwegian Nynorsk] ange [Norwegian Nynorsk] ange [Italian] prana [Latin] asthma [Norwegian Bokmål] ånd [Norwegian Nynorsk] ånd [Swedish] andas [Norwegian Nynorsk] ande [English] onde [Danish] astma [Dutch] astma [Faroese] astma [Afrikaans] asma [Catalan] asma [Irish] asma [Italian] asma [Portuguese] asma [Spanish] asma [Greek] άνεμος [Norwegian Nynorsk] anga [Hungarian] asztma [Scottish Gaelic] anail [Greek] άσθμα [Armenian] ջան [English] anemo- [Catalan] anemo- [Italian] anemo- [Polish] anemo- [Portuguese] anemo- [Spanish] anemo- [Albanian] xhan [Irish] anáil [Gujarati] પ્રાણવાયુ [Khmer] ប្រាណ [Manx] ennal [Tabasaran] жан [Punjabi] ਪ੍ਰਾਣਵਾਯੂ [Serbo-Croatian] џан [Serbo-Croatian] džan [Irish] ainéimi- [Westrobothnian] ɑn [Thai] ปราณ [English] anemoia [Assamese] পৰাণ [Phalura] anú [Lezgi] ччан [Norwegian Nynorsk] angje [Malayalam] പ്രാണൻ,*h₂enh₁-,,53,93
[English] zero [Turkish] sıfır [Urdu] سونا [Khmer] សូន្យ [Swedish] siffra [Thai] ศูนย์ [Swahili] sifuri [Indonesian] sunyi [Lao] ສູນ [Lao] ສູນ [Burmese] သုည [Mon] သုည [Kannada] ಸೊನ್ನೆ [Tulu] ಸೊನ್ನೆ [Hindi] सिफ़र [Shan] သူၼ် [Hindi] सूना [Sylheti] ꠡꠥꠁꠘ꠆ꠘ [Thai] สูญ [Kannada] ಶೂನ್ಯ [Middle Bengali] শুন,*ḱówH-,,21,94
[English] number [Papiamentu] number [Esperanto] numero [Finnish] numero [English] numeric [Aragonese] nombre [Catalan] nombre [French] nombre [Middle English] nombre [Occitan] nombre [Danish] nummer [Dutch] nummer [Norwegian Bokmål] nummer [Norwegian Nynorsk] nummer [Swedish] nummer [German] Nummer [Luxembourgish] Nummer [Afrikaans] nommer [English] nim [English] nim [Sicilian] nummuru [Middle English] nimen [Irish] nimh [Scottish Gaelic] nimh [Faroese] nummar [Romanian] număr [Faroese] nema [Icelandic] nema [Icelandic] nema [Westrobothnian] nema [Greek] νούμερο [Old French] nonbre [Breton] niver [Finnish] numerus [Ladin] numer [Lower Sorbian] numer [Polish] numer [Lao] ເບີ [Sranan Tongo] nombroe [French] numérique [Manx] nieu [Georgian] ნომერი [Navajo] námboo [Irish] uimhir [Old Swedish] nima [English] numeronym [Venetian] nùmaro [Piedmontese] nùmer [Asturian] númberu [Tok Pisin] namba [Turkish] numara [Friulian] numar [German] Numerus [Danish] nemme [Yiddish] נומער [Scanian] nimma [Swedish] nimma [English] namous [Azerbaijani] nömrə [Welsh] nifer [Sicilian] nùmmiru [Jersey Dutch] nême,*nem-,,62,95
[Catalan] quarter [Catalan] quart [Norman] quart [Galician] cuarto [Spanish] cuarto [French] écarter [Italian] squarciare [Norwegian Bokmål] kvart [Norwegian Nynorsk] kvart [Swedish] kvart [Finnish] kvartti [Italian] quartabuono [Asturian] cuartu [Romanian] depărta [German] Quartär [Hungarian] kvartett [Ligurian] quàrto,*kʷeturtos,,17,96
[Asturian] o [Catalan] o [Corsican] o [Extremaduran] o [Fala] o [Italian] o [Ladin] o [Neapolitan] o [Occitan] o [Spanish] o [Aragonese] u [Asturian] u [Romansch] u [Romanian] au [French] ou [Galician] ou [Norman] ou [Old French] ou [Portuguese] ou [Ligurian] ò,*h₂ewti,,20,97
[Old Spanish] o [Asturian] u [Galician] u [Old French] u [Old Portuguese] u [Portuguese] u [Sardinian] uve [French] où [Middle French] où [Old French] ou [Dalmatian] jo [Spanish] ubicación [Spanish] ubicar [Aromanian] iu [Sardinian] ue [English] ubicity [Asturian] ú [Sardinian] ube [English] ubication [Romanian] iuo,*kʷudʰei,,20,98
[Scottish Gaelic] o [English] ear [Tok Pisin] ia [Esperanto] orelo [Middle Irish] ó [English] auriscalp [English] ot- [Ottoman Turkish] هوش [English] ormer [English] otoconium [Manx] veih [Manx] voish [Translingual] Pleurotus [French] zoreille [Spanish] otorrinolaringólogo [Spanish] otorrinolaringología [Norman] ormèr [Mauritian Creole] zorey [Seychellois Creole] zorey [Greek] ους [Haitian Creole] zòrèy [English] otopetrin [Haitian Creole] z'oreille,*h₂ṓws,,23,99
[English] grass [Middle English] gras [Middle English] grace [Galician] herba [Kabuverdianu] erba [Portuguese] erva [English] Gresham [Faroese] grógva [Ido] herbo [Ido] herbo [Ido] herbo [Ido] herbo [Icelandic] græða [Icelandic] gróa [Scots] gress [Middle English] gresse [Middle English] grece [Middle English] gres [Norwegian Bokmål] gro [Norwegian Nynorsk] gro [Vietnamese] Grơn-len [Middle English] grese,*gʰreH₁-,,22,100
[Translingual] three [English] three [Scots] three [Manx] tree [Rohingya] tin [Kabuverdianu] tres [Papiamentu] tres [Papiamentu] tres [Danish] tre [Danish] tre [Kalasha] tre [Neapolitan] tre [Norwegian Bokmål] tre [Norwegian Bokmål] tre [Norwegian Nynorsk] tre [Norwegian Nynorsk] tre [Swedish] tre [Swedish] tre [Tok Pisin] tripela [Bislama] tri [Elfdalian] tri [Elfdalian] tri [Ido] tri [Ido] tri [Ido] tri [Ido] tri [Ido] tri [Ido] tri [Ido] tri [Indonesian] tri [Indonesian] tri [Malay] tri [Nigerian Pidgin] tri [Norwegian Nynorsk] tri [Norwegian Nynorsk] tri [Romagnol] tri [Samoan Plantation Pidgin] tri [Tok Pisin] tri [Torres Strait Creole] tri [Afrikaans] drie [Dutch Low Saxon] drie [Haitian Creole] twa [Guinea-Bissau Creole] tris [Bhojpuri] तीन [Translingual] Triton [Icelandic] þrír [Icelandic] þrír [Old Norse] þrír [Greek] τρεις [Low German] dree [Plautdietsch] dree [Sranan Tongo] dri [Caló] trin [Romani] trin [Translingual] Trilobita [Scottish Gaelic] trì [Norman] treis [Norman] trais [Irish] trí [Norwegian Nynorsk] trí [Norwegian Nynorsk] trí [Faroese] tríggir [Faroese] tríggir [Armenian] երեք [Corsican] trè [English] triceratops [Mirandese] trés [Bengali] তিন [Elfdalian] trair [Esperanto] triceratopo [Walloon] troes [Louisiana Creole French] trò [Assamese] তিনি [Old Swedish] þrir [Old Swedish] þrir [Sinhalese] තුන [Mauritian Creole] trwa [Seychellois Creole] trwa [Old Danish] thre [Bulgarian] тритон [Old Danish] thretiughæ [Norwegian Bokmål] trilogi [Norwegian Nynorsk] trilogi [Yola] dhree [Prakrit] 𑀢𑀑 [German] trinär [Kachchi] ત્રે [Vaghri] ત્રે [Sylheti] ꠔꠤꠘ [Urdu] تری [Papiamentu] diestres [Norn] trir [Norwegian] trir [Norwegian] trir [Kholosi] tereda [Domari] taranes [Kashmiri] ترٛےٚ [Jamaican Creole] chrii [Kashmiri] त्रॆ [Dhivehi] ތިން [Turkish] truakar [Yoruba] tọrọ [Dutch] Trimunt [Jersey Dutch] drî [Shina] ڇے,*tréyes,,105,101
[Translingual] four [Hunsrik] fier [Italian] quattro [Aragonese] quatre [Catalan] quatre [French] quatre [Norman] quatre [Occitan] quatre [Old French] quatre [Tok Pisin] fopela [Afrikaans] vier [Afrikaans] vier [Alemannic German] vier [Central Franconian] vier [Dutch] vier [German] vier [Pennsylvania German] vier [West Flemish] vier [Zealandic] vier [Zealandic] vier [Bislama] fo [Sranan Tongo] fo [Franco-Provençal] quatro [Istriot] quatro [Mirandese] quatro [Old Spanish] quatro [Portuguese] quatro [Venetian] quatro [Asturian] cuatro [Lombard] cuatro [Spanish] cuatro [Ladin] cater [Yiddish] פֿיר [Dutch Low Saxon] veer [German Low German] veer [German] Vier [English] quadrivium [Aromanian] patru [Megleno-Romanian] patru [Romanian] patru [Istro-Romanian] påtru [Lombard] quatter [Romansch] quatter [Corsican] quattru [Sicilian] quattru [Galician] catro [Old French] catre [Old Occitan] catre [Sardinian] bator [Walloon] cwate [Romansch] quater [Norman] quate [Tok Pisin] foa [Mòcheno] viar [Norman] quat' [Vilamovian] fiyr [Cimbrian] viare [Friulian] cuatri [Cebuano] kwatro [Ligurian] quàttro [Kabuverdianu] kuárta [Aromanian] patur [Piedmontese] quatr [Extremaduran] cuatru [Lombard] cuàter [Jersey Dutch] vîr [Korean] 포볼 [English] quattuordecuple,*kʷetwṓr,,68,102
[French] four [Norman] four [Walloon] for [Norman] fou [Esperanto] forno [Galician] forno [Italian] forno [Old Portuguese] forno [Portuguese] forno [Catalan] forn [Maltese] forn [Occitan] forn [Old Occitan] forn [Spanish] hornear [Irish] sorn [Manx] sorn [Spanish] horno [Italian] fornello [Italian] fornaio [French] fourneau [Arabic] فرن [Hijazi Arabic] فرن [Friulian] fôr [Istriot] furno [Catalan] forner [Old Armenian] փուռն [Georgian] ფურნე [Scottish Gaelic] sòrn [Asturian] fornu [English] hornito [English] hornito [Greek] φουρνάρισσα [Turkish] fırın [Galician] furna [Portuguese] furna [Aromanian] furnu [Sardinian] furnu [Spanish] hornillo [Welsh] ffwrn [Old Occitan] fornel [Ligurian] fórno [Mezquital Otomi] ornu [Norwegian Nynorsk] sonn [Sardinian] forru [Sassarese] forru [Sardinian] furru [Italian] frugnolo,*gʷʰr̥-nós,,47,103
[Istriot] four [Tok Pisin] dua [Middle English] for- [Italian] fuori [Norman] hors [Sranan Tongo] doro [Middle French] fors [Old French] fors [Lombard] föra [Sicilian] fori [Italian] foraneo [Ladin] fòra [Occitan] fòra,*dʰwṓr,,13,104
[Istriot] four [Afrikaans] deur [Middle English] for- [Italian] fuori [Sicilian] fora [Irish] doras [Scottish Gaelic] doras [Faroese] dyr [Icelandic] dyr [Norman] hors [Middle Irish] dorus [Middle French] fors [Old French] fors [Persian] در [Persian] در [Arabic] ترس [Greek] θύρα [Danish] dør [Norwegian Bokmål] dør [Norwegian Nynorsk] dør [Westrobothnian] dør [Lombard] föra [Sicilian] fori [Swedish] dörr [Aromanian] fãrã [Italian] foraneo [Serbo-Croatian] двери [Swahili] dirisha [Manx] dorrys [Bashkir] тәҙрә [Ladin] fòra [Occitan] fòra [Dalmatian] fure [Serbo-Croatian] dveri [Middle Persian] 𐭡𐭡𐭠 [Kalmyk] терз [Cebuano] puyra [Cebuano] pwera [Tajik] тиреза [Cappadocian Greek] θίρ [Corsican] foranu [Turkish] derhal [Ottoman Turkish] درسعادت [Ottoman Turkish] درعهده [Jersey Dutch] dœr,*dʰwer-,,45,105
[Translingual] five [English] five [Scots] five [Ido] kin [Ido] kin [Ido] kin [French] cinq [Middle French] cinq [Corsican] cinque [Dutch] vijf [English] punch [English] Panjabi [Guinea-Bissau Creole] cinco [French] penta- [Danish] fem [Elfdalian] fem [Norwegian Bokmål] fem [Norwegian Nynorsk] fem [Swedish] fem [English] cinch [Italian] ponce [Italian] ponce [Louisiana Creole French] sink [Aragonese] zinco [Greek] πέντε [Aragonese] cinc [English] at sixes and sevens [Rohingya] fañs [Faroese] fimm [Icelandic] fimm [Scottish Gaelic] còig [English] Pompey [Indonesian] panca [Indonesian] panca [English] ponzu [Armenian] հինգ [Spanish] ponche [Sindhi] پنج [German] Punsch [Swedish] punsch [Irish] cúig [Afrikaans] vyf [Afrikaans] vyf [Italian] Pompeo [Zealandic] vuuf [Assamese] পাঁচ [Bengali] পাঁচ [Italian] pentalfa [Manx] queig [Walloon] cénk [Walloon] cénk [Haitian Creole] senk [Mauritian Creole] senk [Old Hindi] पंच [Old Hindi] पंच [Old Danish] fæm [Old Swedish] fæm [Catalan] Pompeu [Sinhalese] පහ [Italian] pentapodia [English] pentapody [Tok Pisin] faiv [Norman] chinq [Malay] panca- [Malay] ڤنچاـ [Norman] chînq [Norman] chînq [English] pentuple [Oriya] ପାଞ୍ଚ [English] sarpanch [Extremaduran] cincu [Kabuverdianu] sinku [Papiamentu] sinku [Papiamentu] sinku [Finnish] Pompeji [English] quintipoint [Dhivehi] ފަހެއް [Norwegian Bokmål] punsj [Norwegian Nynorsk] punsj [Sardinian] chimbe [Kashmiri] پانٛژھ [Cebuano] singko [Konkani] पाच [Marathi] पाच [Thai] เบญจา [Sylheti] ꠙꠣꠌ [Early Assamese] পাঞ্চ [English] pyatina [Romani] panʒ [Romani] panʒ [Kazakh] пентаэдр [Bislama] faef [Domari] pʌndžes [Ashokan Prakrit] 𑀧𑀁𑀘 [Mandeali] पाञ्ज [Yola] veeve [Kashmiri] پٲنٛژھ [Ottoman Turkish] پنجك [Lombard] cinqu [Lombard] çincu [Lombard] çinc [English] pentakaidecahedron [English] pentakaidecahedral [Esperanto] punĉo [Esperanto] punĉo [Jersey Dutch] vāif [Dhivehi] ފަސް,*pénkʷe,,107,106
[Walloon] five [English] fever [Danish] feber [Norwegian Bokmål] feber [Norwegian Nynorsk] feber [Swedish] feber [English] febrile [Russian] февраль [Italian] febbre [English] febrifuge [Catalan] febre [Galician] febre [Portuguese] febre [French] fièvre [Norman] fièvre [Old English] fefor [German] Fieber [Romanian] fior [Friulian] fiere [Spanish] fiebre [French] fébrile [Italian] febbrile [Catalan] febril [Danish] febril [German] febril [Portuguese] febril [Spanish] febril [Irish] fiabhras [Scottish Gaelic] fiabhras [Middle French] fievre [Old French] fievre [Esperanto] febro [Romanian] înfiora [Middle French] fiebvre [Venetian] fevra [Luxembourgish] Féiwer [Tok Pisin] Februeri [Maori] Pēpuere [Aromanian] nhiuredz [Aromanian] heavrã [Aromanian] hior [Aromanian] hivrescu [Saterland Frisian] Fiewer [Westrobothnian] febber [Occitan] fèbre [Cimbrian] viibar,*dʰegʷʰris,,46,107
[English] polytheism [Translingual] Polycystina [Translingual] Polycyttaria [English] Polynesia [Dutch] poly- [French] poly- [German] poly- [Norwegian Nynorsk] poly- [English] poll [English] polymer [Translingual] Polychaeta [Greek] πολύς [Translingual] Polygala [English] polylectic [Translingual] Polyporus [Catalan] poli- [Hungarian] poli- [Italian] poli- [Polish] poli- [Portuguese] poli- [Spanish] poli- [Kazakh] полимер [Polish] polimer [Irish] Polainéis [Latin] polydactylus [Greek] πολυ- [Latin] polytrichus [Translingual] Polytrichum [Translingual] Polycystinea [Galician] policromía [Translingual] Polyzoa [English] pollman [Ukrainian] політеїзм,*polh₁ús,,33,108
[English] Irish [Cebuano] Irish [Middle English] Irish [English] Ireland [Hungarian] ír [Irish] Éire [Portuguese] Irlanda [Portuguese] Irlanda [Finnish] iiri [Middle Irish] Ériu [Scottish Gaelic] Èirinn [Danish] irer [Telugu] ఐర్లాండు [Old English] Iras,*piHweryon-,,14,109
[Cebuano] Irish [Cebuano] Irish [Hungarian] ír,*piH-wer-,,3,110
[English] letter [Afrikaans] letter [Dutch] letter [Irish] lean [Scottish Gaelic] lean [French] liège [Norman] liège [Romansch] liger [Italian] leggero [French] léger [French] lettre [Middle English] lettre [Middle French] lettre [Norman] lettre [Irish] litir [Scottish Gaelic] litir [English] literal [Indonesian] literal [Norman] ligi [Portuguese] leve [Spanish] leve [Spanish] ligero [Chavacano] letra [Classical Nahuatl] letra [Galician] letra [Occitan] letra [Portuguese] letra [Romansch] letra [Spanish] letra [Romansch] lev [Finnish] littera [Dalmatian] latera [English] liman [Esperanto] litero [French] limon [Middle Dutch] lettere [Friulian] letare [Albanian] letër [Sicilian] littra [Asturian] lletra [Catalan] lletra [Italian] leggiadria [Spanish] liviano [Portuguese] transliterar [Middle French] legier [Old French] legier [Romanian] ușor [Welsh] llythyr [Occitan] leugièr [Middle French] letre [Old French] letre [Indonesian] leter [Romansch] leiv [Manx] lettyr [Venetian] łétara [Catalan] lleuger [English] literation [Romansch] leav [Aromanian] lishor [Aromanian] ljiushor [Occitan] lèu [Friulian] lizêr [Portuguese] léu [French] trilitère [Maltese] ittra [Galician] livián [Catalan] lleu [Venetian] lesiéro [Sardinian] lepiu [Sardinian] lebiu,*h₂leyH-,,70,111
[English] clock [English] clock [Afrikaans] klok [Dutch] klok [Icelandic] klukka [German] Glocke [Faroese] klokka [Dutch] klokken [Swedish] klocka [Danish] klokke [Norwegian Bokmål] klokke [Norwegian Nynorsk] klokke [Luxembourgish] Klack [Scanian] klákka,*klēg-,,14,112
[Greek] οστό [English] osteo- [Catalan] osteo- [Czech] osteo- [Italian] osteo- [Portuguese] osteo- [Spanish] osteo- [Guinea-Bissau Creole] os [Chavacano] hueso [Chavacano] hueso [Spanish] hueso [German] oral [Spanish] oral [Haitian Creole] zo [English] osteoporosis [English] endosteum [English] ossuary [Translingual] Osteichthyes [Esperanto] osto [Kabuverdianu] osu [Spanish] osamenta [Romanian] osos [Aromanian] usos [French] oro- [Italian] ossame [French] osseux [Romanian] osamă [Irish] fadhb [English] ossiferous [English] ossific [English] ossilegium [English] os clitoris [English] os clitoridis [Catalan] ossós [Italian] ossoso [English] osteoclasy [Papiamentu] wesu [English] boneseed [Translingual] Osteolepis [Kazakh] остеон [Indonesian] osuari [German] Osteologe,*h₃ésth₁,,42,113
[English] umbrella [Manx] moon [Dutch] urine [Indonesian] urine [Volapük] plu [Volapük] plu [English] plat [Occitan] pus [Catalan] ombra [Italian] ombra [Occitan] ombra [Danish] umbra [Finnish] plus [French] plus [Old French] plus [Old Occitan] plus [Welsh] dydd [Esperanto] pli [Mauritian Creole] pli [Romansch] pli [English] platt [French] ombre [French] ombre [Friulian] ombre [Galician] ombre [Norman] ombre [Neapolitan] cchiù [Sicilian] cchiù [Danish] urin [Norwegian Bokmål] urin [Norwegian Nynorsk] urin [Romansch] urin [Serbo-Croatian] urin [Dalmatian] ple [Asturian] sombra [Portuguese] sombra [Portuguese] sombra [Spanish] sombra [Old French] orine [Icelandic] plús [Middle Welsh] dyd [Esperanto] ombro [Italian] ombrella [Haitian Creole] plis [Mauritian Creole] plis [Middle French] umbre [Dutch] lommer [Cebuano] plas [Irish] mún [Serbo-Croatian] урин [Neapolitan] chiù [Sicilian] chiù [Romanian] umbră [Old French] onbre [Greek] ωμός [Scottish Gaelic] mùn [Venetian] onbria [Irish] dealaigh [English] umbratious [English] urocanic [English] superplus [Aromanian] aumbrã [Asturian] solombra [Mirandese] selombra [Friulian] ombrî [Old Portuguese] soombra [English] pentuple [Norwegian Bokmål] pluss [Norwegian Nynorsk] pluss [Translingual] Umbra [Romansch] sumbriva [Sicilian] cchjù,", ",,72,114
[Bavarian] sun [Old Danish] sun [English] son [Norwegian Nynorsk] son [Old Swedish] son [Scots] son [Swedish] son [English] soon [Alemannic German] su [Middle English] sone [Bulgarian] син [Faroese] sonur [Icelandic] sonur [Norwegian Bokmål] sønn [Yola] zoon [German] Sohn [Hunsrik] Sohn [Cimbrian] zun [Bavarian] suun [Danish] søn [Afrikaans] seun [Yiddish] זון [Bavarian] sunn [Westrobothnian] sahn [Pennsylvania German] Soh [Alemannic German] ŝchu [Mòcheno] su' [German Low German] Söhn [Jersey Dutch] zőn,*suHnús,,29,115
[Mòcheno] i [Alemannic German] ich [Central Franconian] ich [Cimbrian] ich [German] ich [Hunsrik] ich [Limburgish] ich [Middle High German] ich [Pennsylvania German] ich [Vilamovian] ych [Yiddish] איך [Luxembourgish] ech [Gujarati] હું [Old Gujarati] हउं [Old Hindi] हूं,*éǵh₂om,,15,116
[Scottish Gaelic] i [English] then [Ladino] sin [Old Spanish] sin [Spanish] sin [Aragonese] tall [Middle English] than [Yola] than [Catalan] sense [Occitan] sense [Tok Pisin] dispela [Asturian] si [Catalan] si [French] si [French] si [Norman] si [Old French] si [Spanish] si [Walloon] si [Kalasha] se [Sardinian] sine [English] sinecure [Danish] sinecure [Occitan] tau [Irish] sí [Nigerian Pidgin] dis [English] sans [French] sans [Norman] sans [Jamaican Creole] di [Nigerian Pidgin] di [Ladino] סין [Greek] ο [Pontic Greek] ο [Tsakonian] ο [Italian] senza [Cameroon Pidgin] dey [Esperanto] sen [Galician] sen [Ido] sen [Ligurian] sto [Aragonese] iste [Aragonese] este [Catalan] este [Galician] este [Mirandese] este [Portuguese] este [Spanish] este [Catalan] tal [Galician] tal [Old Occitan] ses [Romagnol] sé [Portuguese] sem [Fala] esti [Irish] seo [Scottish Gaelic] seo [Aromanian] shi [Mirandese] sien [Romansch] gie [Romanian] ăsta [Old French] senz [Corsican] istu [Spanish] éste [Irish] so- [Manx] so- [French] sinécure [Old French] itel [Middle English] thenne [Russian] синекура [Romansch] schi [Emilian] sté [Sranan Tongo] disi [Romanian] ăst [Romagnol] sē [Greek] τότε [Romagnol] stè [Hindi] सो [Asturian] aquesto [Middle English] saunz [Garhwali] सु [Kashmiri] सु [Kashmiri] سُہ [Bengali] হে,*só,,83,117
[Tok Pisin] i [English] is [Irish] is [Scottish Gaelic] is [Haitian Creole] ye [English] ice [Romanian] e [Spanish] es [French] est [Sardinian] est [Gallurese] esse [Italian] è [Yola] ez [Romanian] este [Ido] irar [Ido] esto [Galician] é [Interlingua] esser [Interlingua] esser [Interlingua] esser [Persian] است [Persian] است [Armenian] է [Finnish] budjata [Middle Persian] 𐭠𐭩𐭲𐭩 [Romagnol] l'è [Kalasha] ásik [Prakrit] 𑀅𑀢𑁆𑀣𑀺 [Konkani] आस्चे [Ashokan Prakrit] 𑀅𑀲𑁆𑀢𑀺 [Old Marathi] 𑘀𑘭𑘜𑘹 [Kabuverdianu] kusé [Middle Persian] 𐭫𐭥𐭩𐭲 [Marshallese] aij [Marshallese] aej [Urdu] ہے,*h₁ésti,,36,118
[Walloon] i [Aragonese] el [Aromanian] el [Asturian] el [Catalan] el [Dalmatian] el [Galician] el [Istriot] el [Leonese] el [Occitan] el [Romanian] el [Romansch] el [Spanish] el [Emilian] al [Aragonese] li [Norman] li [Old French] li [Old Occitan] li [Old Spanish] ge [Corsican] lu [Portuguese] ele [Italian] ei [Aragonese] él [Asturian] él [Spanish] él [Aragonese] les [French] il [Old French] il [Old French] il [Aragonese] le [Bourguignon] le [Aragonese] lis [Neapolitan] l' [Catalan] ell [Italian] egli [Aromanian] elu [Kristang] eli [Venetian] elo [Megleno-Romanian] iel [English] illeist [English] illeism [French] lors [Old French] lors [Italian] elli [Bourguignon] lou [Champenois] lou [Romanian] ăla [Ido] ilu [Romanian] -l [Sardinian] iddu [Aragonese] ixe [Romanian] -ua [Dalmatian] jal [Romanian] -le [Aromanian] -lu [Indo-Portuguese] êll [English] illeity [Corsican] ellu,*h₂ol-no-,,58,119
[English] is [Danish] is [Middle English] is [Norwegian Bokmål] is [Norwegian Nynorsk] is [Swedish] is [Yola] ez [Icelandic] ís [Finnish] eis [Bislama] aes [Brunei Malay] ais [Elfdalian] ais [Faroese] ísur [Aukan] eisi [Sinhalese] අයිස් [Norwegian Bokmål] isøde [Norwegian Bokmål] Isdalen,*h₁eyH-,,17,120
[Dutch] bit [Hungarian] bit [Norwegian Bokmål] bit [Norwegian Bokmål] bit [Norwegian Nynorsk] bit [Norwegian Nynorsk] bit [Norwegian Nynorsk] bit [Serbo-Croatian] bit [Swedish] bit [Swedish] bit [Bislama] bot [Danish] bed [Danish] bed [Norwegian Bokmål] bite [Norwegian Nynorsk] bite [Danish] bid [Bislama] bet [Bislama] bet [Indonesian] beda [Asturian] fin [French] fin [Middle French] fin [Norman] fin [Norwegian Bokmål] fin [Norwegian Nynorsk] fin [Occitan] fin [Old French] fin [Old Occitan] fin [Romanian] fin [Icelandic] biti [English] fiber [Norwegian Bokmål] fiber [Danish] bide [Dalmatian] fain [Ido] finar [Esperanto] fino [Galician] fino [Portuguese] fino [English] bitts [Pijin] finis [Galician] bita [Norwegian Nynorsk] bita [Old Swedish] bita [Swedish] bita [Portuguese] fim [Faroese] bíta [Icelandic] bíta [Westrobothnian] betta [Sranan Tongo] beti [Sranan Tongo] beti [Sranan Tongo] beti [Irish] fibril [Norman] bète [Norman] bète [Japanese] バイト [Japanese] バイト [Japanese] バイト [Italian] fibra [Czech] finiš [Estonian] finiš [Serbo-Croatian] finiš [Kazakh] бит [Serbo-Croatian] бит [Slovak] finále [Spanish] hebra [Serbo-Croatian] финиш [Galician] febra [German] Bissen [Tok Pisin] pinis [Welsh] ffin [Tok Pisin] pinisim [Pijin] finisim [Malay] beza [Finnish] fiiberi [Portuguese] fêvera [Hindi] भेद [Marathi] भेद [Braj] भेव [Galician] freba [Icelandic] beiti [Icelandic] beiti [Tagalog] bihira [Middle English] fyn [Balinese] ᬩᬾᬤ [Norwegian Bokmål] abelmoskusfiber [Yola] fhyne [Tamil] பேதை,*bʰeyd-,,87,121
[Nigerian Pidgin] bit [Indonesian] debut [Catalan] fusta [Papiamentu] buta [English] foist [English] foist [Old French] fust [French] botte [Guinea-Bissau Creole] bota [Kabuverdianu] bota [English] Butt [Cebuano] debu [Romanian] fuște [Catalan] fustigar [Portuguese] fustigar [Spanish] fustigar [Romanian] fuscel [English] butteris [Papiamentu] benta [Papiamentu] benta [Serbo-Croatian] debi [Serbo-Croatian] деби [Scots] foosty [Scots] foost [Maltese] frosta,*bʰewd-,,25,122
[Slavomolisano] bit [English] tribe [Middle English] tribe [Galician] ir [Scottish Gaelic] far [Tok Pisin] bus [Asturian] ser [Galician] ser [Indonesian] bumi [Malay] bumi [Catalan] futur [Irish] mar [Esperanto] futuro [Ido] irar [Irish] baile [Scottish Gaelic] baile [Irish] bí [Irish] bí [English] bower [Interlingua] esser [Interlingua] esser [French] tribu [Middle French] tribu [Spanish] tribu [Tagalog] tribu [Portuguese] bonde [Low German] sien [German] Busch [Pennsylvania German] Busch [Armenian] բայ [Armenian] բայ [Scottish Gaelic] bùth [Friulian] tribù [Italian] tribù [Maltese] tribù [Piedmontese] tribù [Cebuano] tribo [Polish] busz [Translingual] tribus [Chinese] phy [English] Bowery [Thai] ภูมิศาสตร์ [English] bhumi [English] Bhumi [Manx] balley [Ido] tribuo [Irish] buile [English] bumiputra [Scottish Gaelic] bìth [Khmer] ភូមិសាស្ត្រ [German Low German] wesen [Middle Low German] wesen [Czech] tribut [Sinhalese] ආයුබෝවන් [Czech] tribun [Thai] อุณหภูมิ [Central Franconian] Bösch [Khmer] តលភូមិ [Irish] Buiseach [English] Balgonie [Tok Pisin] busnaip [Dutch Low Saxon] waen [Dhivehi] ބިން [Gujarati] ભોમિયો [Bhojpuri] भुँइडोल [Sranan Tongo] busi [Kalasha] bhum [Hindi] भूमिपुत्र [Kalasha] bumphalí [Antillean Creole] boutjé [Thai] ภพ [Kazakh] футуризм [German] Tribus [Khowar] بُوم [Khmer] ភូមិសាស្ត្រិន [Marathi] भुई [Yiddish] בוקעט,*bʰuH-,,77,123
[Slavomolisano] bit [Tok Pisin] bil [Bulgarian] бия [Lao] ໃບບິນ,*bʰeyH-,,4,124
[English] nigger [Bourguignon] noi [Venetian] negro [English] naked [Middle English] naked [Danish] neger [Dutch] neger [Norwegian Bokmål] neger [Norwegian Nynorsk] neger [Swedish] neger [Persian] نان [English] naan [Icelandic] negri [German] Neger [Ido] nigra [Middle English] naken [Indonesian] naga [Corsican] negru [Corsican] neru [Pali] nāga [Neapolitan] niro [English] naja [Portuguese] naja [Spanish] naja [Hindi] नंगा [French] nègre [Catalan] negre [English] nag champa [Middle French] nigromancie [Old French] nigromancie [English] nake [Translingual] Naja [Sardinian] nigru [Romansch] neir [Khmer] នាគ [English] nigrite [Urdu] ننگا [Telugu] నాగభూషణుడు [Telugu] నాగకంకణుడు [Telugu] నాగేంద్రుడు [Telugu] నాగనందిని [Burmese] နဂါး [Gallo] naïr [Dutch] nikker [Lü] ᦓᦱᧅ [Thai] นาค [Kashmiri] ناگ [Sindhi] نانگ [Greek] νέρος [Phalura] náanu [Assamese] নাঙঠ [Romagnol] nìgar [Romagnol] négar,*negʷ-,,53,125
[English] be [English] be [English] be [English] be [Scots] be [English] been [English] been [English] been [English] bee [Yola] ba [English] ben [English] bein,*bʰewHeti,,12,126
[English] be [Afrikaans] sy [English] sin [Swedish] synda [Danish] synd [Faroese] synd [Norwegian Bokmål] synd [Norwegian Nynorsk] synd [Swedish] synd [Plautdietsch] Sind [Westrobothnian] sönn [Assamese] হেঁতেন [Middle Assamese] হতেন [Middle Assamese] হঁতে [Early Assamese] হন্তে [Early Assamese] সন্তে,*h₁es-,,16,127
[English] be [Indonesian] bam [French] gâteau [Turkish] paha [Norwegian Bokmål] vase [Norwegian Nynorsk] vase [Mauritian Creole] gato [Seychellois Creole] gato [English] ord [Middle English] ord [Esperanto] bazaro [Bulgarian] ваза [Azerbaijani] vaza [Norwegian Nynorsk] basar [Serbo-Croatian] пазар [Indonesian] bazar [Esperanto] gazono [Finnish] basaari [Greenlandic] basaari [Icelandic] vist [Esperanto] vazo [Hindi] बाज़ार [Hungarian] váza [Norman] gâté [Mauritian Creole] gazon [Seychellois Creole] gazon [Greek] παζάρι [Albanian] ushqej [Chinese] 巴扎 [Chinese] 巴紮 [Tok Pisin] werim [Balinese] ᬧᬲᬃ [Bourguignon] gaîteâ [Yiddish] וואַזע [Avar] багьа [Lezgi] багьа,*wes-,,36,128
[Norwegian Bokmål] be [Norwegian Nynorsk] be [Swedish] be [Norwegian Nynorsk] beda [Faroese] biðja [Icelandic] biðja [Danish] bede [Norwegian Bokmål] bede [Norwegian Nynorsk] bede [Irish] guí [West Frisian] bidde [Norwegian Nynorsk] bidja [Old Swedish] biþia [Scottish Gaelic] guidhe,*gʷʰedʰ-,,14,129
[Phalura] be [Savi] be [Danish] vi [Norwegian Nynorsk] vi [English] we [Cameroon Pidgin] we [Jamaican Creole] wi [Sranan Tongo] wi [Icelandic] Ver [Nigerian Pidgin] awa [Westrobothnian] ve [Faroese] vær [Bhojpuri] हम [Garhwali] हम [Maithili] हम [Icelandic] vér [Yola] wough,*wéy,,17,130
[Aragonese] man [Friulian] man [Galician] man [Istriot] man [Ladin] man [Ligurian] man [Lombard] man [Norman] man [Occitan] man [Old Occitan] man [Papiamentu] man [Venetian] man [Neapolitan] mana [English] manure [French] main [Middle French] main [Norman] main [Old French] main [Spanish] mango [Asturian] mano [Cebuano] mano [Chavacano] mano [Italian] mano [Mirandese] mano [Neapolitan] mano [Spanish] mano [Sardinian] manu [Sicilian] manu [English] manage [French] manœuvre [German] Mandel [Asturian] maña [Galician] maña [Spanish] maña [Dalmatian] mun [Old Portuguese] mão [Portuguese] mão [Romanian] mână [Old French] maintenir [Spanish] manejar [Catalan] mà [French] manier [Old French] manier [Galician] mao [Italian] maneggiare [Aromanian] mene [Romansch] maun [Italian] manico [Megleno-Romanian] mǫnă [German] Maniküre [Bourguignon] moin [Hungarian] manikűr [Cebuano] maneho [Galician] maínzo [Translingual] Bimana [Latvian] manuskripts [Czech] manévr [Occitan] manlevar [French] manœuvrer [Aromanian] mãnã [Italian] giumella [English] manumotor [Walloon] mwin [French] manucure [Spanish] manutener [Portuguese] manha [Russian] манер [Catalan] manya [Ladino] manya [Tagalog] de-mano,*méh₂r̥,,70,131
[Aragonese] man [Friulian] man [Galician] man [Galician] man [Istriot] man [Ladin] man [Ligurian] man [Lombard] man [Norman] man [Occitan] man [Old Occitan] man [Venetian] man [Neapolitan] mana [English] manure [French] main [Middle French] main [Norman] main [Old French] main [Spanish] mango [Asturian] mano [Italian] mano [Mirandese] mano [Neapolitan] mano [Spanish] mano [Sardinian] manu [Sicilian] manu [English] manage [French] manœuvre [Guinea-Bissau Creole] mon [Kabuverdianu] mon [German] Mandel [Ligurian] meu [Kabuverdianu] mó [Asturian] maña [Galician] maña [Spanish] maña [Dalmatian] mun [Interlingua] deman [Old Portuguese] mão [Portuguese] mão [Portuguese] mão [Romanian] mână [Italian] molo [Polish] molo [Old French] maintenir [Spanish] manejar [Scottish Gaelic] mòine [Chavacano] maduro [Catalan] mà [French] manier [Old French] manier [Galician] mao [Galician] mao [Italian] maneggiare [Aromanian] mene [Romansch] maun [Hungarian] móló [Spanish] amanecer [Italian] manico [Megleno-Romanian] mǫnă [German] Maniküre [Bourguignon] moin [Hungarian] manikűr [Cebuano] maneho [Galician] maínzo [Translingual] Bimana [Latvian] manuskripts [Czech] manévr [Occitan] manlevar [French] manœuvrer [Aromanian] mãnã [Haitian Creole] demen [Italian] giumella [Ladino] manyana [Finnish] maanitella [English] manumotor [Irish] móin [Manx] moain [Walloon] mwin [French] manucure [Spanish] manutener [Portuguese] manha [Russian] манер [Northern Sami] mánnat [Catalan] manya [Ladino] manya [Papiamentu] mañan [Galician] amencer [Maltese] kmieni,*meh₂-,,89,132
[Indonesian] mandat [Czech] muž [Turkish] manda,*man-,,3,133
[English] fart [German] Po [English] podical,*perd-,,3,134
[Scots] cum [English] come [Tok Pisin] kam [Yola] coome,*gʷémt,,4,135
[Scots] cum [English] come [Middle English] come [Galician] vir [Portuguese] vir [Urdu] آیا [Afrikaans] kom [Faroese] koma [Icelandic] koma [Norwegian Nynorsk] koma [Old Swedish] koma [Danish] komme [Norwegian Bokmål] komme [English] conventicle [Low German] kamen [Jamtish] kuma [Swedish] komma [English] queme [Urdu] آنا [Armenian] գալ [Armenian] գամ [Elfdalian] kumå [Central Franconian] kumme [Hindi] आया [Marathi] आले [Yola] coome [Gandhari] 𐨀𐨒𐨡 [Konkani] आयिल्लो [Konkani] आयलो [Jersey Dutch] kôme [Dhivehi] އަންނަނީ,*gʷem-,,31,136
[English] cod [English] cod [Middle English] cod [Scots] cod [Scots] cod [Middle English] code [English] cuttle,*gewt-,,7,137
[Danish] hund [Norwegian Bokmål] hund [Norwegian Nynorsk] hund [Swedish] hund [Faroese] hundur [Icelandic] hundur [Old Swedish] hunder [English] Hungate,*ḱʷn̥tós,,8,138
[Middle English] hund [Translingual] hundred [Danish] hundred [Afrikaans] sent [Garifuna] san [Haitian Creole] san [Translingual] c [Translingual] c [Norwegian Bokmål] c [Norwegian Bokmål] c [Norwegian Bokmål] c [English] centi- [Danish] centi- [Hungarian] centi- [English] hound [Middle English] hound [English] cent [Catalan] cent [Esperanto] cent [French] cent [Friulian] cent [Occitan] cent [Old French] cent [Dutch] hond [Dutch] hond [Middle English] hond [Hebrew] סנט [Javanese] sata [English] sen [Indonesian] sen [Kabuverdianu] sen [Louisiana Creole French] sen [Malay] sen [Tok Pisin] sen [Swedish] hundra [Swedish] hundra [Galician] cento [Italian] cento [Portuguese] cento [Istriot] sento [Venetian] sento [English] senti [Translingual] C [Spanish] ciento [Faroese] hundrað [Icelandic] hundrað [Norwegian Bokmål] hundre [Norwegian Nynorsk] hundre [Galician] cen [Albanian] qind [Bhojpuri] सौ [Hindi] सौ [Sindhi] سو [Portuguese] cem [English] sene [Samoan] sene [Finnish] sentti [Asturian] cien [Mirandese] cien [Spanish] cien [Rotokas] sieri [Scottish Gaelic] ceud [Finnish] huntti [Polish] centymetr [Corsican] centu [Asturian] cientu [Khowar] شور [Portuguese] centeio [Danish] hundrede [Esperanto] cendo [Manx] keead [Limburgish] hóndj [Cebuano] sinto [Old Swedish] hundraþ [Bulgarian] цент [Norman] chent [Venetian] zsento [Tarantino] cinde [Dalmatian] ciant [English] cental [Middle English] honde [Tok Pisin] handet [Irish] céad [Lake Miwok] ṣijénto [Faroese] senti- [Icelandic] senti- [Gujarati] સો [Polish] cętka [Central Franconian] hondert [English] Hungate [Konkani] शंभर [Konkani] -शे [Konkani] -शे [Marathi] -शे [Marathi] -शे [Ligurian] çénto [Galician] Zanfoga [Cebuano] siyen [Galician] entrefollo [Galician] santafollo [Khmer] សតវត្ស [Khmer] សតវត្សរ៍ [Irish] ceintiméadar [Polish] centy- [Balinese] ᬰᬢ [Aromanian] tsentu [Aromanian] tsendu [Sardinian] chentu [Marshallese] jāān [Prakrit] 𑀲𑀅 [Prakrit] 𑀰𑀤 [Ashokan Prakrit] 𑀲𑀢 [Prakrit] 𑀲𑀤 [Norwegian Nynorsk] hundrad [Kashmiri] ہَتھ [Dutch] IJsselhunten [Ashokan Prakrit] 𐨭𐨟 [Niya Prakrit] 𐨭𐨟 [Oriya] ଶହ [Romani] śel [Romani] śel [Greek] καντάρι,*ḱm̥tóm,,122,139
[Translingual] six [English] six [English] six [French] six [French] six [Middle English] six [Middle French] six [Norman] six [Greek] έξι [Corsican] sei [Italian] sei [Sicilian] sei [Icelandic] sex [Interlingua] sex [Swedish] sex [Dalmatian] si [Louisiana Creole French] si [Venetian] sie [Aragonese] seis [Asturian] seis [Galician] seis [Guinea-Bissau Creole] seis [Mirandese] seis [Old Occitan] seis [Papiamentu] seis [Papiamentu] seis [Portuguese] seis [Romansch] seis [Spanish] seis [Scottish Gaelic] sia [Danish] seks [Faroese] seks [Norwegian Bokmål] seks [Norwegian Nynorsk] seks [Rohingya] só [Translingual] Hexapoda [Afrikaans] ses [Esperanto] ses [Lombard] ses [Piedmontese] ses [Romansch] ses [Sardinian] ses [Irish] sé [Kabuverdianu] sais [English] sexpartite [Catalan] sis [Haitian Creole] sis [Ido] sis [Ido] sis [Ido] sis [Ido] sis [Ido] sis [Louisiana Creole French] sis [Mauritian Creole] sis [Old French] sis [Romansch] sis [Konkani] स [Romanian] șase [Armenian] վեց [Polish] eksa- [Louisiana Creole French] siz [English] sexy prime [Istro-Romanian] șåse [Megleno-Romanian] șasi [Asturian] seyes [Assamese] ছয় [Bengali] ছয় [English] sice [Manx] shey [Walloon] shijh [Walloon] shijh [Old Danish] sæx [Old Swedish] sæx [Ladin] sies [Bislama] sikis [Tok Pisin] sikis [Elfdalian] sjäks [Occitan] sièis [Occitan] sièis [Emilian] sē [Friulian] sîs [Istriot] seije [Oriya] ଛଅ [Greek] εξα- [Old Spanish] seys [Aromanian] shasi [Danish] heksaeder [Marathi] सहा [Ligurian] sêi [Sylheti] ꠍꠄ [Cebuano] sayis [Kashmiri] شےٚ [Yola] zeese [Yola] zeese [Urdu] چھٹا [Old Punjabi] ਛਿਅ [Dhivehi] ހަ [Sindhi] ڇه [English] sechsbein [Jersey Dutch] zääs,*swéḱs,,100,140
[English] language [Old French] language [Bourguignon] langue [French] langue [Middle French] langue [Norman] langue [Old French] langue [Picard] langue [Esperanto] lingvo [English] tongue [English] linguistic [English] lingo [French] langage [Belarusian] язык [Rusyn] язык [Galician] lingua [Guinea-Bissau Creole] lingua [Italian] lingua [Kabuverdianu] lingua [Ladino] lingua [Romansch] lingua [Sicilian] lingua [Afrikaans] tong [Afrikaans] tong [Afrikaans] tong [Dutch] tong [Dutch] tong [Danish] tunge [Norwegian Bokmål] tunge [Norwegian Nynorsk] tunge [Czech] jazyk [German] lingual [Portuguese] lingual [Spanish] lingual [Bislama] tang [Kriol] tang [Tok Pisin] tang [Torres Strait Creole] tang [Scots] tung [Faroese] tunga [Icelandic] tunga [Old Swedish] tunga [Swedish] tunga [German] Linguist [Romanian] limbă [Spanish] lenguaje [Ladino] lengua [Ligurian] lengua [Lombard] lengua [Neapolitan] lengua [Old Occitan] lengua [Romansch] lengua [Spanish] lengua [Portuguese] língua [English] languet [German] Zunge [German] Zunge [Picard] lingue [Catalan] llengua [Sardinian] limba [Middle High German] zunge [Westrobothnian] tōng [Irish] teanga [Scottish Gaelic] teanga [Franco-Provençal] lenga [Occitan] lenga [Papiamentu] lenga [Papiamentu] lenga [Piedmontese] lenga [Danish] lingvist [Norwegian Bokmål] lingvist [Norwegian Nynorsk] lingvist [Aragonese] luenga [Extremaduran] luenga [French] multilingue [Aromanian] limbã [Mirandese] lhéngua [Portuguese] linguagem [Armenian] լեզու [Sranan Tongo] tongo [Rusyn] язик [Ukrainian] язик [Asturian] llingua [Hindi] जीभ [Marathi] जीभ [Old Marathi] जीभ [Maltese] lingwa [Italian] linguale [Catalan] lingüista [Torwali] جیب [Middle Dutch] tonge [Middle English] tonge [Catalan] lingüístic [Vilamovian] cung [Yiddish] צונג [Bengali] জিহ্বা [Bengali] জিভ [Gujarati] જીભ [Romansch] linguatg [Romansch] lieunga [English] linget [Manx] çhengey [Catalan] llenguatge [English] linguiform [Venetian] łéngua [Old Occitan] lengaje [Central Franconian] Zong [Central Franconian] Zong [Luxembourgish] Zong [Luxembourgish] Zong [Haitian Vodoun Culture Language] Langaj [Romansch] lungatg [Romansch] linguach [Romansch] lungaitg [Walloon] linwe [Polish] lingwista [Romanian] limbaj [German Low German] Tung [Plautdietsch] Tung [Romansch] leua [Romansch] glianga [Romansch] laungia [Gallo] laungg [Ladin] lingaz [Friulian] lenghe [Ladino] לינגוה [Istriot] lèngua [Friulian] lengaç [Istro-Romanian] limbĕ [Dhivehi] ދޫ [Nepali] जिब्रो [Sinhalese] දිව [Old Danish] tungæ [Old Portuguese] lenguage [Old Spanish] lenguage [Phalura] ǰip [Guinea-Bissau Creole] lingu [Galician] linguaxe [Assamese] জিভা [Early Assamese] জিভা [Kalasha] ǰhip [Konkani] जीब [English] langaj [Cimbrian] zung [Cimbrian] zung [Mauritian Creole] langaz [Old Marathi] 𑘕𑘲𑘥 [Romani] ćhib [Caló] chipí [Kashmiri] زؠو [West Flemish] toenge [West Flemish] toenge [Ladin] lënga [Bengali] জিব্ভা [Bengali] জির্ভা [Oriya] ଜିଭ [Magahi] 𑂔𑂲𑂦 [Occitan] lengatge [Macanese] língu [Dutch] Nieuwe-Tonge [Dutch] Oude-Tonge,*dn̥ǵʰwéh₂s,,161,141
[English] port [Catalan] port [Irish] port [Ladin] port [Maltese] port [Norman] port [Polish] port [Scottish Gaelic] port [Tok Pisin] pot [Galician] porto [Italian] porto [Norwegian Bokmål] porto [Norwegian Nynorsk] porto [Polish] porto [Portuguese] porto [Hungarian] part [English] fjord [Czech] fjord [Danish] fjord [Dutch] fjord [French] fjord [Norwegian Bokmål] fjord [Norwegian Nynorsk] fjord [Serbo-Croatian] fjord [Slovak] fjord [Swedish] fjord [English] firth [Polish] fiord [Spanish] puerto [German] Furt [Icelandic] fjörður [Bhojpuri] पुल [Hindi] पुल [Persian] پل [West Flemish] vort [Dutch] voort [Faroese] fjørður [Latvian] fjords [Kazakh] порт [Kazakh] порт [Russian] порт [Russian] порт [Spanish] fiordo [Asturian] puertu [Corsican] portu [Dutch] voord [Esperanto] fjordo [Friulian] puart [German] Port [Swedish] fjärd [Serbo-Croatian] фјорд [German] Förde [Welsh] porth [English] Firth [Westrobothnian] fjahl [German] Porz [Sylheti] ꠙꠥꠟ [Santali] ᱯᱚᱞ [Santali] ᱯᱚᱞ [Marathi] पूल [Bulgarian] фиорд [Romagnol] pört,*pértus,,62,142
[English] port [Danish] port [Icelandic] port [Norwegian Bokmål] port [Norwegian Nynorsk] port [Swedish] port [Galician] portal [Indonesian] portal [Serbo-Croatian] portal [Catalan] porta [Galician] porta [Italian] porta [Italiot Greek] porta [Portuguese] porta [Asturian] puerta [Ladino] puerta [Leonese] puerta [Spanish] puerta [Bourguignon] pote [English] porter [Catalan] porter [French] porte [Middle French] porte [Norman] porte [Old French] porte [Romanian] portar [German] Portal [Luxembourgish] Portal [Esperanto] pordo [Ido] pordo [Dutch] poort [German] Pforte [English] porte cochère [Finnish] portti [Spanish] portero [Greek] πόρτα [French] portier [Kazakh] портал [Ligurian] pòrta [Occitan] pòrta [Romanian] poartă [Catalan] reixa [Luxembourgish] Paart [Dalmatian] puarta [Aromanian] poartã [Istriot] puorta [Mirandese] puorta [German] Port [Russian] форточка [Galician] porteiro [Portuguese] porteiro [Friulian] puarte [Bulgarian] порта [Aromanian] purtar [Welsh] porth [Spanish] portazgo [Polish] furtka [Central Franconian] Pooz [Galician] Portela [Mayo] puéeta [Galician] portádego [Middle Norwegian] portr [Aromanian] purtaru [Romagnol] pörta,*porteh₂,,64,143
[Esperanto] Esperanto [Esperanto] Esperanto [Tok Pisin] spit [Esperanto] esperi [Portuguese] espera [Portuguese] espera [Italian] prospero [Portuguese] próspero [Spanish] próspero [Catalan] pròsper [Catalan] Pròsper [Ladino] asperar [Ladino] asperar [Norman] espéther [Norman] espéther [Norman] espéraïr [Norman] espéraïr [Icelandic] spítt [Italian] Prospero [Czech] prosperovat [French] deuspi [French] en deuspi [Occitan] prospèr,*speh₁-,,23,144
[Esperanto] tago [Mòcheno] ta [Mòcheno] ta [Afrikaans] dag [Danish] dag [Dutch] dag [Norwegian Bokmål] dag [Norwegian Nynorsk] dag [Swedish] dag [West Flemish] dag [Zealandic] dag [Cimbrian] tag [Cimbrian] tag [Middle High German] tag [English] fomentation [Indonesian] dah [German Low German] Dag [Norwegian] Dag [Swedish] Dag [Alemannic German] Tag [Alemannic German] Tag [German] Tag [German] Tag [Norwegian Bokmål] DD [Norwegian Bokmål] DD [Plautdietsch] Dach [Plautdietsch] Dach [Norwegian Bokmål] dd [Faroese] dagur [Icelandic] dagur [Yiddish] טאָג [Yiddish] טאָג [Greek] τέφρα [Tok Pisin] piva [Middle Dutch] dach [Middle Low German] dach [Cimbrian] tage [Cimbrian] tage [Limburgish] daag [Norn] dagh [Hunsrik] taach [Limburgish] Daach [Aromanian] foamitã [Indonesian] dadah [Old Swedish] dagher [Tok Pisin] fiva [Norwegian Bokmål] ddmmåå [Norwegian Bokmål] ddmmåååå [Norwegian Bokmål] dd/mm/åå [Norwegian Bokmål] DDMMÅÅÅÅ [Norwegian Bokmål] DD/MM/ÅÅ [Norwegian Bokmål] DD/MM/ÅÅÅÅ [Norwegian Bokmål] dd/mm/åååå [Norwegian Bokmål] DDMMÅÅ [Norwegian Bokmål] D-dag [Norwegian Bokmål] D-dagen [Irish] daigh [Jersey Dutch] dâx,*dʰegʷʰ-,,58,145
[Irish] os [Irish] uasal [Scottish Gaelic] uasal [Italian] ipsi- [Manx] ooasle,*h₃ewps-,,5,146
[Norwegian Nynorsk] os [Swedish] os [German] oral [Spanish] oral [English] ossuary [Spanish] osamenta [Romanian] osos [Aromanian] usos [French] oro- [Italian] ossame [French] osseux [Hindi] होंठ [Romanian] osamă [Urdu] ہونٹ [English] ossiferous [English] ossific [English] ossilegium [English] os clitoris [English] os clitoridis [Catalan] ossós [Punjabi] ਹੋਠ [Italian] ossoso [Marathi] ओठ [Konkani] वोंट [Gujarati] ઓઠ [Assamese] ওঁঠ [Sylheti] ꠑꠥꠐ [Indonesian] osuari [Domari] ōšt [Oriya] ଓଠ [Magahi] 𑂋𑂘,*h₃éh₁os,,31,147
[Galician] estar [Portuguese] estar [English] stand [Dutch] stand [Norwegian Bokmål] stand [Norwegian Nynorsk] stand [Romanian] stand [Sranan Tongo] tan [Papiamentu] ta [Papiamentu] ta [French] system [English] stadium [Dutch] stadium [Indonesian] stadium [Latin] stadium [Malay] stadium [Malay] stadium [Norwegian Bokmål] stadium [Norwegian Nynorsk] stadium [Kabuverdianu] sta [Norn] sta [Norwegian Bokmål] sta [Norwegian Nynorsk] sta [Danish] stad [Norwegian Bokmål] stad [Norwegian Nynorsk] stad [Swedish] stad [English] stall [Norwegian Bokmål] histo- [Norwegian Nynorsk] histo- [Polish] histo- [Spanish] histo- [English] -stan [Middle Norwegian] stanza [Esperanto] stari [Faroese] staður [Icelandic] staður [Faroese] standa [Icelandic] standa [Danish] sted [Norwegian Bokmål] sted [Norwegian Bokmål] Fredrikstad [Norwegian Bokmål] stå [Norwegian Nynorsk] stå [Swedish] stå [Afrikaans] stoel [Afrikaans] stoel [Dutch] stoel [English] Leinster [Interlingua] esser [Ido] stadio [Italian] stadio [English] stade [French] stade [English] Munster [Hungarian] stadion [Indonesian] stadion [Hindi] होना [English] stalag [English] pygostyle [Russian] стул [Persian] ستان [Spanish] estadio [Middle English] stalle [English] histogram [Papiamentu] stul [Bulgarian] стадион [Macedonian] стадион [Scottish Gaelic] sàil [Greek] σταυρός [Danish] stande [Middle English] standen [Russian] Ставрополь [Greek] στάδιο [Kazakh] гистология [Greek] ιστός [Swedish] stör [Scottish Gaelic] sàl [Manx] saayl [Tok Pisin] arest [Greek] ιστόγραμμα [Irish] sáil [Irish] sáile [Portuguese] estádio [Esperanto] stadiono [English] stelocyttarous [Bulgarian] стана [Irish] histi- [Catalan] estadi [Tok Pisin] arestim [Portuguese] -istão [Old Danish] stath [English] histic [West Flemish] stidde [Gujarati] થવું [Hindi] ठिठुरना [Armenian] ստենդ [Guinea-Bissau Creole] sta sintadu [Westrobothnian] stȧ [Westrobothnian] stȧ [Translingual] Stalicoolithus [English] stauro- [Punjabi] -ਇਸਤਾਨ [Kazakh] гистамин [English] Finstall [Jamaican Creole] tallawah [Phalura] ṣiṣṭám [Phalura] thúri [Italian] stauropegio [Yola] sthoane [Yola] sthole [Kazakh] гистидин [Magahi] 𑂃𑂮𑂹𑂞𑂱𑂩,*steh₂-,,113,148
[Danish] date [Tok Pisin] dai [Persian] دادن [Urdu] دام [Pijin] dae [Persian] داد [Armenian] տալ [Finnish] deittailla [Urdu] دینا [Hebrew] דת [Pashto] دوی [Portuguese] traição [Classical Syriac] ܕܬܐ [Swedish] dejta [Galician] traizón [Bengali] দাদ,*deh₃-,,16,149
[Romanian] bot [Catalan] bull [English] botulin [English] botulism [Faroese] kvøða [Italian] botulino [Icelandic] kveðja [French] bouleau [Italian] botulismo [Portuguese] botulismo [Spanish] botulismo [English] zedoary [Danish] kvæde [Galician] bocha [Gallo] boula [Icelandic] kveða [Polish] cytwar [Old Swedish] kvæþa [Prakrit] 𑀚𑀉 [German] Botulismus [Persian] جدوار [Spanish] cedoaria [Swedish] kväda [English] Beith,*gʷet-,,24,150
[English] gnosis [Norwegian Bokmål] gnosis [Norwegian Nynorsk] gnosis [English] con [English] keen [Yola] keen [Dutch] kunnen [Afrikaans] ken [Tok Pisin] ken [English] cunning [English] canny [Scots] canny [English] norm [Norwegian Bokmål] norm [Norwegian Nynorsk] norm [Faroese] kunna [Icelandic] kunna [Old Swedish] kunna [Swedish] kunna [Ido] konocar [Afrikaans] kan [English] Gloria [Esperanto] koni [English] glorify [Dutch] kennen [Danish] kunne [Norwegian Bokmål] kunne [Norwegian Nynorsk] kunne [Czech] norma [Italian] norma [Ladin] norma [Irish] sona [Scottish Gaelic] sona [Irish] sonas [Scottish Gaelic] sonas [Greek] γνωρίζω [English] cun [Finnish] normi [Rusyn] знати [Ukrainian] знати [Korean] 노르마 [Ido] normo [Urdu] جاننا [Bashkir] норма [Kazakh] норма [Manx] sonney [Finnish] snaijata [English] biognosis [Icelandic] knega [Manx] sonnys [Korean] 깡통 [Irish] gnóis [Middle English] cunnen [Galician] groria [Maltese] glorja,*ǵneh₃-,,55,151
[English] singular [Tok Pisin] sampela [English] similar [English] single [Italian] sembrare [French] syn- [Galician] sincero [Portuguese] sincero [Spanish] sincero [English] sincere [Tok Pisin] sem [Norwegian Bokmål] singel [Norwegian Bokmål] singel [Norwegian Nynorsk] singel [Polish] singel [Translingual] Synapsida [English] synaesthesia [Irish] Samhain [English] synchrony [English] synchronic [Greek] συν [English] syncopate [Spanish] sencillo [Catalan] semblant [Catalan] símil [Spanish] semejar [French] similaire [French] sembler [Italian] singolo [Finnish] sinkku [Icelandic] semja [Norwegian Nynorsk] semja [Spanish] semejante [Italian] somigliante [Italian] somigliare [French] sincère [Serbo-Croatian] singl [Portuguese] sembrar [Norwegian Nynorsk] semje [Finnish] synestesia [Portuguese] semelhante [Armenian] համ- [Spanish] Ecbatana [Greek] συσκευή [Manx] Sauin [Spanish] sendos [Old French] sambler [Romanian] semăna [Aromanian] singur [Romanian] singur [Romanian] asemăna [Catalan] semblar [Old Occitan] semblar [Catalan] sincer [Romanian] sincer [Irish] samhail [Venetian] somejar [Romanian] seamăn [Old French] sengle [Serbo-Croatian] сингл [Dalmatian] sanglo [Pijin] samfala [Norman] semblier [Greek] άμα [Asturian] cenciellu [Portuguese] semelhar [Portuguese] singelo [Translingual] Symphyta [Galician] semellante [English] Hamadan [Galician] semellar [Old Portuguese] semellar [Friulian] sengul [Translingual] Systremma [Friulian] someâ [Friulian] someant [Cebuano] sensilyo [Old Swedish] sæmia [German] similär [Ligurian] séncio [Cebuano] sensiyo [Translingual] Syngenesia [Lombard] someià [Galician] sinxelo [Galician] senllo [Galician] senllos [Polish] singiel [Yevanic] שין [Polish] synestezja,*sem-,,89,152
[Translingual] eight [English] eight [English] eight [Afrikaans] ag [Tok Pisin] et [Tok Pisin] etpela [Alemannic German] acht [Dutch] acht [Dutch] acht [Dutch Low Saxon] acht [German] acht [German Low German] acht [Hunsrik] acht [Pennsylvania German] acht [Zealandic] acht [Dutch] yocto- [English] yotta- [French] yotta- [Central Franconian] ach [Louisiana Creole French] wit [Mauritian Creole] wit [Dutch] octo- [French] octo- [French] octo- [Papiamentu] ocho [English] octet [Elfdalian] åtta [Swedish] åtta [Esperanto] ok [Ido] ok [English] aught [Yiddish] אַכט [Neapolitan] òtto [Danish] oktaeder [Dutch] Acht [Rohingya] añcto [Faroese] átta [Icelandic] átta [Norwegian Bokmål] åtte [Norwegian Nynorsk] åtte [Danish] otte [Malay] asta [Bislama] eit [Old Swedish] atta [Scottish Gaelic] ochd [Afrikaans] agt [Afrikaans] agt [Alemannic German] ocht [Irish] ocht [Latin] octaedron [Bengali] আট [Hungarian] oktaéder [Manx] hoght [Greek] οκτώ [Cimbrian] achte [Tok Pisin] Oktoba [Sinhalese] අට [Luxembourgish] aacht [Luxembourgish] aacht [Central Franconian] aach [Maori] Oketopa [Translingual] Octodon [Oriya] ଆଠ [Sranan Tongo] aiti [Vilamovian] aocht [Zipser German] åcht [Hindi] आठवाँ [Traveller Norwegian] åkta [Kalasha] aṣṭ [Kashmiri] ٲٹھ [English] Astadiggaja [Konkani] आट [Old Hindi] अठ [Assamese] আঠ [Kazakh] октаэдр [Scots] aicht [Middle English] eighte [Sylheti] ꠀꠐ [Vaghri] અઠ્ઠ [Guinea-Bissau Creole] oitu [Kabuverdianu] oitu [Volapük] otul [Balinese] ᬅᬱ᭄ᬝ [Mòcheno] òcht [Khowar] اوݰٹ [Yola] ayght [Yola] ayght [Urdu] آٹھواں [Konkani] आठवें [Gandhari] 𐨀𐨛𐨨 [Marathi] आठवे [Old Punjabi] ਅਠਵਾ [Ashokan Prakrit] 𑀅𑀞𑀫 [Dhivehi] އަށް [Sindhi] اٺ [Bengali] আষ্ট [Dutch] Achtmaal [Indonesian] asta- [Indonesian] asta- [English] achtbein [Dutch] Achthoven [Dutch] Achthoven [Jersey Dutch] āxt [Dutch] Achterveld,*oḱtṓw,,104,153
[English] ten [Scots] ten [English] touch [Norwegian Bokmål] team [Norwegian Nynorsk] team [Danish] tog [Sranan Tongo] tai [Sranan Tongo] tai [Indonesian] tim [Serbo-Croatian] vlak [Slovene] vlak [Bulgarian] влак [Serbo-Croatian] влак [Norwegian Bokmål] taue [Yola] dhen [Serbo-Croatian] cukati [Middle English] tuken,*dewk-,,17,154
[Kabuverdianu] ten [Papiamentu] tin [Papiamentu] tin [English] tender [Portuguese] ter [Czech] tenor [Tarantino] tenere [English] tendon [Romansch] tener [Romansch] tener [Catalan] tenir [Galician] tendón [English] tendinitis [Spanish] tenia [Translingual] Taenia [Latin] taenia [Catalan] tendre [Catalan] tendre [Norman] tendre [Romanian] tânăr [Luxembourgish] dehnen [Afrikaans] antenne [Dutch] antenne [Norwegian Bokmål] antenne [Norwegian Nynorsk] antenne [Italian] tonsilla [Esperanto] tenera [Esperanto] tenera [Portuguese] terno [Urdu] تنگ [Kazakh] антенна [Polish] antena [Serbo-Croatian] antena [Haitian Creole] tini [Irish] téad [Serbo-Croatian] антена [Ukrainian] антена [English] taeniodont [English] teneral [Friulian] tenar [Ido] tenar [Ido] tenar [Ido] tenar [Manx] tead [Armenian] թել [Papiamentu] tene [Romanian] tinerețe [Kabuverdianu] têm [Romanian] antenă [English] taenioid [English] taeniform [Romansch] tgnair [Romansch] tegnair [Romansch] tigneir [Romansch] taner [Walloon] tni [Aromanian] tinir [English] paratenon [English] epitenon [Aromanian] tinireatsã [English] endotenon [Swahili] mtungi [Irish] aintéine [English] teno- [Catalan] tendir [Papiamentu] tin miedu [Papiamentu] tin miedu [Galician] entena [Galician] entena [Kabuverdianu] têm medu [Middle English] thenoun [Bashkir] селтәр [Phalura] ṭeéṭ [Aromanian] tinãr [Welsh] tyner [Catalan] tènia [Haitian Creole] tien ben,*ten-,,77,155
[Sranan Tongo] ten [Tok Pisin] taim,*deh₂imō,,2,156
[Sranan Tongo] ten [Tok Pisin] taim [Greek] δάδα,*deh₂y-,,3,157
[English] aria [Corsican] aria [Indonesian] aria [Italian] aria [Romansch] aria [English] air [Portuguese] ar [Breton] aer [Irish] aer [Manx] aer [Old Irish] aer [Middle English] aire [Spanish] aire [Middle Welsh] awyr [Welsh] awyr [English] aerobic [Danish] arie [Albanian] aerodrom [Scottish Gaelic] adhar [Portuguese] aeronave [Greek] αέρας [Italian] aere [Maltese] arja [Italian] aerobico [Finnish] aaria [Ladino] ayre [Old Spanish] ayre [Spanish] aerobio [Catalan] aerobi [Albanian] ajër [Portuguese] aeróbico [Spanish] aeróbico [Indonesian] aerobik [Greek] αερο- [Middle French] aër [Sicilian] ariu [Georgian] ჰაერი [French] aérostatique [Latin] aerogenes [Indonesian] aerob [Latin] aeroplanum [Irish] aeróbach,*h₂ewsḗr,,42,158
[Old French] fere [English] tribe [Middle English] tribe [Sranan Tongo] du [Old Occitan] far [Romansch] far [Venetian] far [Japanese] 界 [Haitian Creole] fair [Spanish] hacer [Norman] faire [Mauritian Creole] fer [Romansch] fer [German] tun [English] beautify [English] epithet [Louisiana Creole French] fais [Papiamentu] hasi [Bavarian] tuan [German] Fassade [French] façade [Esperanto] fari [Alemannic German] tue [French] tribu [Middle French] tribu [Spanish] tribu [Tagalog] tribu [Italian] fazzoletto [Icelandic] dæma [Neapolitan] fa' [French] -ifier [Faroese] døma [Norwegian Nynorsk] døma [Old Swedish] døma [Norwegian Bokmål] epitet [Norwegian Nynorsk] epitet [Polish] epitet [Friulian] tribù [Italian] tribù [Maltese] tribù [Piedmontese] tribù [French] épithète [Norman] faithe [Old Spanish] faz [Spanish] faz [Cebuano] tribo [Ladino] azer [Romansch] faziel [Russian] одеяло [Translingual] tribus [Spanish] hazaña [Scottish Gaelic] dhinn [Sicilian] facci [Antillean Creole] fè [Haitian Creole] fè [Ido] tribuo [Scottish Gaelic] dìon [Swedish] döma [Indonesian] fasade [Czech] tribut [Irish] díon [Czech] tribun [English] dhat syndrome [Romansch] fazöl [Old Spanish] fazaña [Yiddish] טאָן [Istriot] fassulito [Friulian] façolet [Danish] dømme [Norwegian Bokmål] dømme [Greek] θετός [Bourguignon] faice [Cimbrian] tüan [Esperanto] parentezo [Cimbrian] tüunan [Gallo] faerr [Catalan] Teseu [Portuguese] Teseu [Indonesian] fasad [German] Tribus [Svan] ფა̈მლი [Kashmiri] दाथ [Kashmiri] داتھ,*dʰeh₁-,,83,159
[English] music [English] music [English] mountain [English] mandarin [Faroese] mandarin [Indonesian] mandarin [Norwegian Bokmål] mandarin [Norwegian Nynorsk] mandarin [Catalan] munt [English] mint [Norwegian Nynorsk] muse [Norwegian Nynorsk] muse [Polish] Montana [Polish] Montana [English] Manx [English] mount [English] mount [Dutch] montage [English] Man [Dutch] Man [English] Muse [English] Muse [Faroese] muna [Icelandic] muna [Faroese] munnur [Icelandic] munnur [Esperanto] monto [Ido] monto [Spanish] montaña [Guinea-Bissau Creole] montanha [Kabuverdianu] montanha [French] montagne [Catalan] mont [Lombard] mont [Piedmontese] mont [Indonesian] menteri [Malay] menteri [Sicilian] minchia [Scottish Gaelic] meanmna [Asturian] musa [Asturian] musa [Catalan] musa [Catalan] musa [Galician] musa [Galician] musa [Occitan] musa [Occitan] musa [Portuguese] musa [Portuguese] musa [Spanish] musa [Spanish] musa [Antillean Creole] maton [Norwegian Nynorsk] monna [Norwegian Bokmål] monne [Norwegian Nynorsk] monne [Greek] μένω [Irish] adhmad [Hungarian] múzsa [Hungarian] múzsa [Dutch] mandarijn [Spanish] mandarín [Pali] mantu [French] monceau [Middle French] montaigne [Sicilian] munzeddu [Italian] monticello [Dalmatian] muant [Manx] mwannal [Kazakh] мандарин [Scottish Gaelic] deimhinn [Scottish Gaelic] muineal [Hungarian] montíroz [Esperanto] Muzo [Esperanto] Muzo [Middle English] mynten [Old Swedish] munder [Irish] meanma [Scanian] monn [Romanian] muncel [Portuguese] mandarim [English] montiform [Irish] muineál [Manx] aamaid [Portuguese] ameia [Walloon] montinne [Norman] maontogne [Norman] mountangne [Norman] montangne [Dalmatian] muncial [Irish] deimhin [English] menobranch [Navajo] Máánteenah hahoodzo [Latvian] mandarīns [Czech] múza [Czech] múza [Italian] Monreale [Chinese] 蒙太奇 [English] menobranchus [Ladino] montanya [Greek] καλομαθημένος [Dutch] Montfort [French] Montaigne [Arabic] مينا [Irish] mandairín [Japanese] モンタナ [English] Moncrief [Spanish] montecillo [English] Montagnard [French] Montagnard [Galician] mincha [Haitian Creole] manton [Antillean Creole] montany [Mauritian Creole] montany [Seychellois Creole] montany [Westrobothnian] mónn [Indonesian] mantri [Javanese] mantri [Persian] مینو [Estonian] mandariin [English] Swakopmund [Dutch] Urmond [Punjabi] ਮੰਤਰੀ [English] Menez,*men-,,123,160
[English] music [Norwegian Nynorsk] muse [English] Muse [Asturian] musa [Catalan] musa [Galician] musa [Occitan] musa [Portuguese] musa [Spanish] musa [Hungarian] múzsa [Esperanto] Muzo [Czech] múza,*mō-,,12,161
[Galician] sela [Portuguese] sela [English] sell [Westrobothnian] set [Afrikaans] sit [English] sot [Middle English] sot [Middle Irish] side [Irish] sí [Aragonese] ser [Asturian] ser [English] sate [English] seat [Irish] tánaiste [Irish] suí [Irish] suigh [Tok Pisin] sais [Ido] selo [Swedish] sitta [Faroese] sitja [Icelandic] sitja [Norwegian Nynorsk] sitja [Manx] soie [Scanian] seda [Norwegian Bokmål] sete [Norwegian Nynorsk] sete [Spanish] silla [Old French] sele [Interlingua] esser [Interlingua] esser [Catalan] sella [Italian] sella [Romanian] șa [Icelandic] sæti [Faroese] sita [French] selle [Middle French] selle [Norman] selle [Old Swedish] sitia [Scottish Gaelic] suidhe [Scottish Gaelic] suidh [Gutnish] sitä [Hebrew] אסלה [Norwegian Bokmål] sitte [Cebuano] siya [Cebuano] siya [Tetelcingo Nahuatl] siya [Danish] sidde [Maltese] siġġu [Romanian] înșela [Swedish] säte [Romanian] șale [Ido] sidar [Ido] sidar [Manx] shee [Friulian] siele [Asturian] siella [Romansch] sezzer [Romansch] seser [Middle English] soth [Aromanian] shauã [Dalmatian] siala [Ido] posedar [Aromanian] nshiuedz [Irish] súiche [Kabuverdianu] kusé [Westrobothnian] seeitj [Zoogocho Zapotec] siy [Danish] sæde [Norwegian Nynorsk] sæte [Phalura] séez [Norwegian Nynorsk] sidja,*sed-,,72,162
[English] Greece [Latin] Graecus [Asturian] Grecia [Galician] Grecia [Italian] Grecia [Romanian] Grecia [Sicilian] Grecia [Spanish] Grecia [Bashkir] Греция [Russian] Греция [Aromanian] grec [Catalan] grec [French] grec [Middle French] grec [Romanian] grec [Polish] Grecja [Portuguese] Grécia [Corsican] grecu [Sicilian] grecu [Sicilian] greca [Italian] greco [Norwegian Bokmål] grecque [Spanish] griego [Basque] greko [Galician] grego [Portuguese] grego [Latin] Graecia [Asturian] griegu [Albanian] grek [Occitan] grèc [Norwegian Nynorsk] grekar [Irish] Gréig [Greek] γραίγος [Faroese] grikki [Norman] Grêce [Portuguese] gorgorão [English] Zurvanism [Polish] Grek [Albanian] Greqia [Mandaic] ࡆࡀࡓࡅࡀࡍ [Spanish] gorgorán [Catalan] gorgorà [Old Irish] Gréc [Albanian] gërk [Kazakh] зерзат [Russian] Зарема [Albanian] Greqi [Italian] graio,*ǵerh₂-,,48,163
[English] France [Japanese] 法 [Asturian] Francia [Extremaduran] Francia [Galician] Francia [Italian] Francia [Spanish] Francia [Manx] Frank [Armenian] Ֆրանսիա [Scottish Gaelic] Fraing [Irish] Frainc [Cimbrian] franko [Romansch] Frantscha [Hindi] फ़्रांसीसी [Marshallese] Būranij [Japanese] フラン [Romansch] Fràntscha [Romansch] Frontscha [Romansch] Frauntscha [Mongolian] Франц [Indonesian] prangko [Tok Pisin] Frens [Sardinian] Frantza [Assyrian Neo-Aramaic] ܦܪܢܓܝܐ,*preng-,,24,164
[English] bank [Hungarian] bank [Esperanto] banko [Esperanto] banko [Esperanto] banko [English] bankrupt [Bislama] bang [French] bacon [Spanish] bacon [Swedish] bacon [Czech] banka [Turkish] banka [Esperanto] benko [Irish] bocht [French] banque [Middle French] banque [Scottish Gaelic] bochd [Tok Pisin] beng [Icelandic] beikon [Sranan Tongo] bangi [Manx] boght,*bʰeg-,,21,165
[Torres Strait Creole] big [Yola] big [Cebuano] bold [Walloon] boke [English] bug [French] bug [Scottish Gaelic] bus [Jamaican Creole] big up [Louisiana Creole French] fout [English] bogey [Italian] bocca [Irish] pus [Old Spanish] foder [Spanish] boto [Esperanto] buŝo [French] buccal [Catalan] boig [Spanish] joder [Aragonese] boca [Asturian] boca [Catalan] boca [Galician] boca [Occitan] boca [Portuguese] boca [German] Beamer [English] puss [French] bouche [Middle French] bouche [English] embouchure [English] footle [English] footer [English] futter [English] futter [English] bugan [Ido] boko [Dalmatian] buca [Italian] buca [Spanish] buche [Sicilian] bucca [Romanian] bucă [Bourguignon] feutre [Italian] imboccare [French] bouchée [Sranan Tongo] bigi [Sicilian] vucca [Galician] bochecha [Portuguese] bochecha [Franco-Provençal] boche [Old French] boche [Sicilian] buccularu [Romanian] bucată [Romanian] îmbuca [Romanian] buged [Old Occitan] bocha [Tok Pisin] biknait [Norman] bouoche [Tok Pisin] bigman [French] emboucher [Aromanian] bucã [Louisiana Creole French] foute [Pijin] bigfala [Neapolitan] vocca [English] Beal [Istriot] bucheîn [Friulian] bocje [Istriot] bucun [Welsh] boch [Cebuano] nagbold [Spanish] embocar [Finnish] bukkaalinen [Interlingua] futuer [Interlingua] futuer [Interlingua] futuer [Interlingua] futuer [Tok Pisin] bikbrata [Tok Pisin] bikman [Tok Pisin] biktaun [Tok Pisin] bikskul [Tok Pisin] bikrot [Tok Pisin] biksi [Tok Pisin] bikples [Tok Pisin] bikwin [French] buguer [Aromanian] mbuc [Bourguignon] bôche [Galician] bocexar [Galician] de bruzos [English] Bewick,*bʰew-,,88,166
[French] global [Indonesian] global [Galician] gallo [Tok Pisin] klin [Portuguese] gear [Swedish] glass [English] globe [Danish] globe [Icelandic] kala [French] glace [Friulian] glace [Old French] glace [English] glacier [French] glacier [English] gall [English] hemoglobin [Romanian] lai [Norwegian Bokmål] chill [Swedish] kall [Dutch] gal [Haitian Creole] glas [Afrikaans] koud [Luxembourgish] Gel [Luxembourgish] Gel [Tok Pisin] kol [Tok Pisin] kol [Lombard] gera [Faroese] kaldur [Icelandic] kaldur [Danish] globus [Norwegian Bokmål] globus [Norwegian Nynorsk] globus [Serbo-Croatian] globus [Galician] galla [Italian] galla [Norwegian Bokmål] kul [Norwegian Nynorsk] kul [Serbo-Croatian] kul [Kabuverdianu] gelu [German] Kolben [Esperanto] gelo [Romanian] glob [Spanish] ovillar [Norwegian Bokmål] chille [Portuguese] novelo [Norwegian Bokmål] kald [Norwegian Nynorsk] kald [Aragonese] chelo [English] clop [Faroese] kulur [Hungarian] kúl [Icelandic] kúl [Esperanto] globo [Ido] globo [Catalan] agalla [Swedish] köld [Danish] kold [Istro-Romanian] gľåțĕ [Kazakh] глобус [Dutch] gletsjer [Sranan Tongo] krin [Hungarian] zselatin [Finnish] kalsa [English] globin [Spanish] gajo [English] clough [Italian] gomitolo [Hungarian] globális [Polish] kolba [Tagalog] yelo [Waray-Waray] yelo [Italian] glomerulo [Galician] xelo [Afrikaans] gletser [Afrikaans] gletser [Indonesian] gletser [Romanian] ghem [English] glomuliferous [Aromanian] gljets [Tok Pisin] klinim [Romansch] schelar [Romansch] schalar [Romansch] dschelar [Romansch] dschler [Norman] g'laïr [Dalmatian] glaz [Aromanian] ãngljatsã [Translingual] Glomus [Aromanian] gljem [Neapolitan] ggelo [Norman] g'ler [German] Globin [English] Clopton [Portuguese] galha [Megleno-Romanian] gľeț [Portuguese] leira [English] globophobia [Catalan] llera [Old Swedish] kalder [English] kuudere [Norwegian Bokmål] kolbe [Norwegian Nynorsk] kolbe [Tok Pisin] kolwin [Tok Pisin] kolwin [Spanish] glera [Kazakh] гемоглобин [Icelandic] kólfur [Scanian] káller [Alemannic German] gfroura [Cebuano] Jelly [Italian] ghiomo [Norwegian Bokmål] klamre [Norwegian Nynorsk] klamre [Galician] xear [Guinea-Bissau Creole] djela [Guinea-Bissau Creole] djelu [Galician] galladura [Maltese] inġazza [German] Gallert [Tagalog] kayeluhan [Translingual] Globidens [Tok Pisin] kolpela [Tok Pisin] kolpela [Lombard] giazz [Romagnol] galegêr [Romagnol] galigêr [Megleno-Romanian] gľets,*gel-,,127,167
[English] wall [Romani] bal [English] valve [French] valve [Dutch] wal [Middle English] wal [Latin] ile [English] vallum [Aromanian] vale [Middle English] vale [Portuguese] vale [Romanian] vale [German] Helikopter [Czech] val [Danish] val [French] val [Friulian] val [Galician] val [Occitan] val [Old French] val [Piedmontese] val [Romanian] val [Romansch] val [Slovak] val [Venetian] val [Czech] volta [Galician] valo [Portuguese] valo [English] helix [Dutch] helix [Irish] balla [Scottish Gaelic] balla [Norwegian Bokmål] voll [Norwegian Nynorsk] voll [Asturian] valle [Leonese] valle [Spanish] valle [English] Julius [Cebuano] Julius [English] Wall [German] Wall [English] ileus [Portuguese] vala [Cebuano] helikopter [Malay] helikopter [Old English] weall [Scots] wa [Catalan] vall [Swedish] vall [Latin] Iulius [Galician] vulgo [Portuguese] vulgo [Spanish] vulgo [French] vallée [Norman] vallée [Translingual] Bivalvia [Italian] vallo [Italian] vallo [Hindi] बाल [Italian] volgo [Gujarati] بال [Urdu] بال [Galician] helicóptero [Portuguese] helicóptero [Spanish] helicóptero [English] volve [Aromanian] vali [English] volge [Czech] voluta [Greek] αλυσίδα [Dutch] valies [Swedish] vulgär [Italian] vaglio [Italian] vagliare [Tok Pisin] wol [Greek] έλικα [Welsh] gwal [Danish] vold [Old French] valee [Romanian] elice [Romanian] vâlcea [Greek] ίλη [Greek] ειλεός [Bengali] ভালভা [Bengali] বাল [Bengali] হোল [Venetian] vałe [Romanian] vulvă [English] paravail [Italian] vaio [Italian] volvolo [Galician] abalar [Portuguese] abalar [Translingual] Helix [Polish] wał [Yiddish] כוואַליע [Yiddish] כוואַליע [Spanish] íleo [Middle English] valey [Translingual] Heloderma [Gujarati] વાળ [English] Balboa [Galician] Balboa [Greek] αλυσώνω [Punjabi] ਵਾਲ [Kachchi] વાર [Galician] Valella [Translingual] Helicoprion [Dutch] Vaals [Krio] wɔl [Phalura] bóolu [Kazakh] хеликаза [Ottoman Turkish] والف [Bhojpuri] 𑂥𑂰𑂩 [Magahi] 𑂥𑂰𑂩 [Dhivehi] ބޮލު,*welH-,,116,168
[English] apple [Afrikaans] appel [Afrikaans] appel [Dutch] appel [Swedish] äpple [Cebuano] Apple [Faroese] epli [Icelandic] epli [Papiamentu] apel [Ternate] apel [Tok Pisin] apel [Scots] aipple [Danish] æble [Norwegian Bokmål] eple [Norwegian Nynorsk] eple [Polish] ampelologia [Afrikaans] appèl [Greek] άμπελος [Polish] ampelografia [Translingual] Ampelosaurus [English] ampelo- [Faroese] epl [English] ampelidaceous [English] Avella [Sylheti] ꠀꠄꠚꠟ [Bislama] apol [Malayalam] ആപ്പൾ [Malayalam] ആപ്പിൾ [Urak Lawoi'] แอบเปิน,*h₂ébōl,,29,169
[Dutch] radio [Indonesian] radio [English] ray [French] radian [Tagalog] radyo [Italian] razza [Bourguignon] rai [French] rai [Friulian] rai [Italian] rai [Norman] rai [Galician] raza [Spanish] raza [Spanish] raya [Aragonese] rayo [Spanish] rayo [Russian] район [English] radial [Romanian] rază [Polish] raca [Dalmatian] rus [Swedish] radie [Hungarian] radio- [English] radiole [Crimean Tatar] radiy [Italian] radiante [Kazakh] радий [Italian] irraggiamento [Italian] irraggiare [Mongolian] радио [Galician] raio [Portuguese] raio [Galician] raíña [Czech] radián [Spanish] radián [Yiddish] ראַדיאָ [Irish] raidió [Catalan] raig [Galician] raia [Portuguese] raia [Aromanian] aradzã [Galician] raxo [English] radialis [Kazakh] радиан [Maltese] raġġ [Welsh] rhaidd [Kazakh] радиоастрономия,*neredʰ-,,47,170
[Dutch] radio [Indonesian] radio [English] ray [French] radian [Tagalog] radyo [Italian] razza [Bourguignon] rai [French] rai [Friulian] rai [Italian] rai [Norman] rai [Galician] raza [Spanish] raza [Spanish] raya [Aragonese] rayo [Spanish] rayo [Russian] район [English] radial [Romanian] rază [Polish] raca [Dalmatian] rus [Swedish] radie [Hungarian] radio- [English] radiole [Crimean Tatar] radiy [Italian] radiante [Kazakh] радий [Italian] irraggiamento [Italian] irraggiare [Mongolian] радио [Galician] raio [Portuguese] raio [Galician] raíña [Czech] radián [Spanish] radián [Yiddish] ראַדיאָ [Irish] raidió [Catalan] raig [Galician] raia [Portuguese] raia [Armenian] առիք [Aromanian] aradzã [Galician] raxo [English] radialis [Kazakh] радиан [Maltese] raġġ [Welsh] rhaidd [Kazakh] радиоастрономия,*reh₁t-,,48,171
[Irish] um [Scottish Gaelic] mu [Irish] im [Manx] eeym [Manx] mysh,*h₃engʷen-,,5,172
[Irish] um [Scottish Gaelic] mu [Welsh] am [Irish] im- [English] ambi- [Indonesian] ambi- [English] ambivalence [Galician] ambos [Portuguese] ambos [English] amphipathic [Irish] im [English] ambsace [Translingual] Amphipoda [Vilamovian] amt [Armenian] ամբողջ [Manx] eeym [Translingual] amphi- [English] amphi- [Old French] andui [Translingual] Amphilais [French] amphigouri [Irish] amfa- [English] amphigory [English] amphiscian [Telugu] అభి- [Bengali] অভি- [Translingual] Amphiprion [Portuguese] ambivalência [Irish] amfapód [Hindi] अभि- [Greek] αμφι- [Manx] mysh [French] amphiscien [English] amphidetic [Indonesian] amfi- [Polish] amfi- [Cimbrian] åmt [Mòcheno] omt [Yiddish] אַמט [Old French] andous,*h₂m̥bʰi,,40,173
[Esperanto] ci [Esperanto] ci [Scots] thou [Yola] thou [Louisiana Creole French] to [Mauritian Creole] to [Central Franconian] do [Danish] du [Danish] du [Elfdalian] du [Norwegian Bokmål] du [Norwegian Nynorsk] du [Swedish] du [Swedish] du [Guinea-Bissau Creole] u [Norwegian Bokmål] due [Galician] ti [Kalo Finnish Romani] tu [Kalo Finnish Romani] tu [Portuguese] tu [Romani] tu [Savi] tu [Sinte Romani] tu [Sinte Romani] tu [Welsh Romani] tu [Welsh Romani] tu [Czech] ty [Manx] oo [Aragonese] tú [Faroese] tú [Irish] tú [Icelandic] þú [Old Swedish] þu [Hindi] तू [Konkani] तू [Old Danish] thu [Scottish Gaelic] thu [Jamtish] dú [Corsican] tù [Greek] εσύ [Pontic Greek] εσύ [Urdu] تو [Bengali] তুমি [Icelandic] þér [Irish] thú [English] T-form [Sindhi] تون [Awadhi] तुइ [Assamese] তই [Garhwali] तु [Bundeli] तैं [Sylheti] ꠔꠥꠝꠤ [Saraiki] توں [Saraiki] تساں [Norwegian Bokmål] duing [Bengali] তুঁই [Mariupol Greek] сы [Dhivehi] ތަފުރުނު,*túh₂,,58,174
[Venetian] ci [Phalura] ga [Italian] chi [Ladin] chi [Yola] fan [Hindi] क्या [Urdu] کیا [Sicilian] cu [Bagheli] का [Sicilian] cui [Spanish] cuyo [Corsican] chì [Portuguese] cujo [Marathi] की [Assamese] কি [Hindi] क्यों [Sicilian] cu' [Kalasha] kía [Punjabi] ਕੀ [Konkani] किदें [Dogri] केह् [Urdu] کہ [Bengali] কেয়া [Italian] cuiusso [Galician] cuxo [Bengali] ক্যা [Magahi] 𑂍𑂲,*kʷís,,27,175
[Danish] time [Norwegian Bokmål] time [Norwegian Nynorsk] time [Old Swedish] time [Faroese] tími [Icelandic] tími [Swedish] timme [Elfdalian] taime,*tī-,,8,176
[English] Argentina [Italian] Argentina [Portuguese] Argentina [Romanian] Argentina [Spanish] Argentina [Swedish] Argentina [English] argentine [English] argent [Catalan] argent [French] argent [Norman] argent [Occitan] argent [Old French] argent [Old Occitan] argent [Old Spanish] argent [Esperanto] arĝento [Italian] argento [Irish] airgead [Scottish Gaelic] airgead [Translingual] Ag [English] Argentine [Dutch] Argentinië [Romanian] argint [Albanian] argjend [Greek] Αργεντινή [Manx] argid [Romansch] argient [Irish] Airgintín [English] minargent [Dalmatian] arziant [Romansch] argien [Norman] Argentinne [Ido] arjento [Old Spanish] ariento [Louisiana Creole French] largent [Friulian] arint [Corsican] argentu [Sicilian] argentu [Ligurian] argénto [Louisiana Creole French] larjan [English] Argentia [Spanish] argentafín [Sardinian] arghentu [Sardinian] Arghentina [Romagnol] arẓént [Polish] argentyt [Megleno-Romanian] arzint [Louisiana Creole French] larjên,*h₂r̥ǵn̥tóm,,48,177
[English] work [Nigerian Pidgin] wok [Tok Pisin] wok [English] erg [Catalan] erg [Pijin] waka [English] ergonomics [Afrikaans] werk [Middle English] werk [Irish] fearg [Scottish Gaelic] fearg [Polish] entropia [French] ergonomie [Greek] έργο [Polish] alergia [German] Ergonomie [Scots] wirk [Armenian] գործ [Polish] anergia [Polish] ergo- [Manx] ferg [Middle Irish] ferg [Esperanto] verko [Irish] eirgeanamaíocht [English] ergal [Hungarian] werkfilm [Sranan Tongo] wroko [English] diergism [Spanish] ergometría [Kazakh] эргономика [Yola] woork,*wérǵom,,31,178
[Italian] colon [Latin] colon [Spanish] colon [Polish] cylinder [Italian] colo [Cebuano] kalis [Hiligaynon] kalis [English] chalice [Old French] chalice [English] shalwar [Old High German] kelih [Slovene] kelih [German] Kelch [Sardinian] caliche [Danish] kolon [Norwegian Bokmål] kolon [Norwegian Nynorsk] kolon [Finnish] kalkki [Danish] kalk [Norwegian Bokmål] kalk [Norwegian Nynorsk] kalk [Swedish] kalk [Galician] cáliz [Polish] szarawary [Afrikaans] kelk [Dutch] kelk [Armenian] շալվար [Turkish] şalvar [Serbo-Croatian] šalvare [Serbo-Croatian] шалваре [Romanian] caliciu [English] scolecite [Georgian] შარვალი [Ido] kalico [Armenian] խուլ [Galician] cálice [Portuguese] cálice [Romanian] scălâmb [Esperanto] kaliko [Greek] σκαληνός [Polish] kielich [Greek] κωλο- [English] skoliosexual [Tagalog] salawal [Middle English] chalis [Italian] scolice [English] Calixtine [Galician] cális [Malay] seluar [English] scolecology [English] skolioromantic [Makasar] saluara' [Romanian] șalvari [Sardinian] calighe [Middle English] calch [Romagnol] càliz [Maltese] kalċi [Cimbrian] khèlch [Catalan] galze,*(s)kel-,,59,179
[Old Swedish] gas [Westrobothnian] gas [Old Danish] gaas [Icelandic] gæs [Danish] gås [Norwegian Bokmål] gås [Norwegian Nynorsk] gås [Swedish] gås [Faroese] gás [Catalan] ganta [Elfdalian] gą̊s,*ǵʰans-,,11,180
[English] Nicaragua [Danish] bag [Chavacano] agua [Fala] agua [Ladino] agua [Spanish] agua [French] eau [Danish] å [Danish] å [Danish] å [Norwegian Bokmål] å [Norwegian Nynorsk] å [Norwegian Nynorsk] å [Swedish] å [Swedish] å [Portuguese] água [Old Danish] a [Old Swedish] a [Faroese] á [Faroese] á [Icelandic] á [Icelandic] á [Papiamentu] awa [Papiamentu] awa [English] Aarhus [Norwegian Nynorsk] ån [Kabuverdianu] aga [Tok Pisin] ailan [Torres Strait Creole] ailan [Kabuverdianu] agu [Norwegian Nynorsk] åg [Annobonese] aua [Norman] iau [Louisiana Creole French] dilo [Antillean Creole] dlo [Haitian Creole] dlo [Karipúna Creole French] dlo [English] Lune [Elfdalian] ą̊ [Pijin] aelan [Gallo] iaou [Cebuano] agwas [Kabuverdianu] águ [English] Halsey [Guinea-Bissau Creole] iagu [Haitian Creole] diau,*h₂ekʷeh₂,,46,181
[English] Malta [Dutch] Malta [Portuguese] Malta [Spanish] Malta [French] Malte [Greek] μέλι [English] melissa [Translingual] Melissa [English] Melissa [Irish] Málta [Norwegian Bokmål] melisse [Norwegian Nynorsk] melisse [Mariupol Greek] мел [German] Melisse [Translingual] Melignomon [Translingual] Melidectes [Translingual] Meliphaga [English] melidectes,*mélit,,18,182
[Interlingua] digito [Chavacano] dedo [Galician] dedo [Ladino] dedo [Portuguese] dedo [Spanish] dedo [Occitan] det [Romansch] det [Venetian] det [Italian] dito [Catalan] dit [Occitan] dit [English] digitigrade [Aragonese] dido [Norman] dé [Old French] doit [Bourguignon] doigt [French] doigt [Middle French] doigt [Romanian] deget [Hiligaynon] dedal [Asturian] deu [Leonese] deu [Czech] digitální [Papiamentu] dede [Papiamentu] dede [Sicilian] jitu [Sicilian] jiritu [Haitian Creole] dwèt [Venetian] déo [Friulian] dêt [Aromanian] dzeadzit [Dalmatian] detco [English] dital [Kabuverdianu] dedu [English] digit [Sardinian] didu [Norman] deigt [Ligurian] dîo [Mauritian Creole] ledwa [Seychellois Creole] ledwa [Kabuverdianu] dédu [Sardinian] dighitu [Sardinian] dighidu [Esperanto] prestidigiti [Sicilian] jìditu,*deyǵ-,,46,183
[Tok Pisin] ami [Romanian] arm [English] rite [Catalan] harmonia [Finnish] harmonia [Polish] harmonia [Portuguese] harmonia [English] harmony [Dutch] harmonica [Swedish] rit [Italian] armonia [Occitan] armonia [Finnish] riitti [Indonesian] harmoni [Norwegian Bokmål] harmoni [Norwegian Nynorsk] harmoni [Dutch] harmonie [French] harmonie [Spanish] armonía [Armenian] անել [Irish] armóin [Georgian] ჰარმონია [Serbo-Croatian] harmonija [Serbo-Croatian] хармонија [Greek] αρταίνω [Russian] гармония [Gullah] aa'my [Hungarian] harmónia [Japanese] ハモる [Greek] άρα [Galician] harmonía [Bulgarian] хармония [Ukrainian] гармонія,*h₂er-,,33,184
[Italian] vi [Sassarese] vi [Sardinian] bi [Scottish Gaelic] e [Scottish Gaelic] e [Pali] eta [Interlingua] ibi [Sardinian] ibi [Manx] eh [Manx] eh [Irish] sé [Irish] sé [Irish] é [Irish] é [Italian] ivi [Irish] iad [Irish] iad [English] agra [Ido] ica [Kalasha] ayá [Ashokan Prakrit] 𑀇𑀬𑀁 [Dhivehi] އެ,*éy,,22,185
[English] skill [English] shelf [German] Schale [Faroese] skilja [Icelandic] skilja [Norwegian Nynorsk] skilja [Swedish] skilja [Serbo-Croatian] šejl [French] écaille [Dutch] schalie [Luxembourgish] Schuel [Middle French] escaille [Danish] skille [Norwegian Bokmål] skille [Old Swedish] skilia [Kannada] ಕಲ್ಪಿಸು [Polish] szelf [Silesian] szolka,*(s)kelH-,,18,186
[English] Interlingua [English] entertain [Italian] tra [Catalan] inter- [Galician] inter- [German] inter- [Norwegian Bokmål] inter- [Norwegian Nynorsk] inter- [Spanish] inter- [Esperanto] inter [Ido] inter [Sardinian] inter [Asturian] ente [Norman] ente [Catalan] entre [Fala] entre [French] entre [Galician] entre [Ladino] entre [Norman] entre [Occitan] entre [Old French] entre [Old Occitan] entre [Portuguese] entre [Spanish] entre [Romanian] între [German] Interlaken [Mirandese] antre [English] interbellum [English] intermede [Spanish] entrecot [Dutch] intercostaal [Indonesian] antar- [Sardinian] intre [Hungarian] interakció,*h₁entér,,35,187
[Galician] fero [French] fier [English] feral [Spanish] feral [Catalan] fer [English] fierce [Translingual] Theropoda [Norman] fiar [Translingual] Volaticotherium [Italian] fiero [Old Spanish] fiero [Spanish] fiero [Spanish] fiero [Middle English] fers [French] féral [Occitan] fèr [English] theroid [Scots] fairce [Translingual] Ferae [Translingual] Theropsida [Old French] ferté [English] theriatrics [Catalan] feréstec [Chinese] 啤啤熊 [Yola] fearse [English] fierasfer [English] theront,*ǵʰwer-,,27,188
[Manx] bio [English] quick [English] quick [English] sine [Sardinian] biu [Irish] beo [German] keck [Manx] bea [Cebuano] bibo [Tagalog] bibo [Irish] beatha [Scottish Gaelic] beatha [English] wick [English] vive [Kabuverdianu] vive [English] vivisepulture [Swedish] kvick [Tok Pisin] kwik [Hindi] जी [Scottish Gaelic] beò [Indonesian] jiwa [Malay] jiwa [Turkish] cıva [Persian] جیوه [Faroese] kvikur [Icelandic] kvikur [Hindi] -जी [Danish] kæk [Arabic] جيب [Telugu] జీవాధారము [Telugu] జీవశాకము [Middle English] quik [Arabic] زئبق [Norwegian Bokmål] kjekk [Norwegian Bokmål] kjekk [Norwegian Nynorsk] kjekk [Norwegian Bokmål] kvikk [Westrobothnian] kvikk [Westrobothnian] kvikk [Danish] kvik [Norwegian Bokmål] kvik [Norwegian Nynorsk] kvik [Norwegian Nynorsk] kvik [Kabuverdianu] bibu [Cebuano] diwa [Tagalog] diwa [Old Swedish] qvikker [Telugu] -జీ [Thai] ชีพ [English] jivatma [Thai] ยิหวา [Danish] kvæg [Oriya] ଜୀବ [Ashokan Prakrit] 𑀚𑀻𑀯 [Phalura] ǰhií~ [Urdu] جی,*gʷih₃wós,,56,189
[Irish] eo [Irish] eo [Scottish Gaelic] eo [French] if [Norman] if [English] Ivor [Danish] Ivar [Estonian] Ivar [Norwegian] Ivar [Swedish] Ivar [Finnish] Iivari [Faroese] Ívar [Icelandic] Ívar [Latvian] Ivars [Estonian] Ivari [Westrobothnian] Ifaar,*h₁eyHweh₂,,16,190
[Translingual] Anguilla [Esperanto] angilo [Catalan] angula [Spanish] angula [Serbo-Croatian] jegulja [Slovene] jegulja [Serbo-Croatian] јегуља [Sicilian] ancidda [Sicilian] ncidda [Sicilian] anghidda [Sicilian] nghidda [Romanian] anghilă [Macedonian] јагула [Arabic] أنقليس [Hijazi Arabic] أنقليس [Galician] anguía,*h₂engʷʰ-,,16,191
[Esperanto] ĥoro [English] choir [Catalan] cor [Romanian] cor [French] chœur [Portuguese] coro [Spanish] coro [English] chorus [French] chorus [Friulian] côr [Welsh] côr [Serbo-Croatian] oro [Kazakh] хор [Danish] kor [Norwegian Bokmål] kor [Norwegian Nynorsk] kor [Swedish] kor [Finnish] kuoro [Norman] tchoeu [Greek] χορός [Polish] chór [Hungarian] kórus [Lithuanian] choras [Latin] choragus [Serbo-Croatian] оро [Polish] chorał,*ǵʰoros,,26,192
[Esperanto] ĥoro [English] choir [French] go [English] card [Italian] card [Catalan] cor [Romanian] cor [English] cartouche [French] cartouche [Tok Pisin] gel [Catalan] corda [French] carte [Norman] carte [Norwegian Bokmål] carte [Romanian] carte [Asturian] carta [Catalan] carta [Corsican] carta [Galician] carta [Italian] carta [Portuguese] carta [Spanish] carta [Norwegian Bokmål] a la carte [English] chart [French] chœur [Portuguese] coro [Spanish] coro [English] chorus [French] chorus [Friulian] côr [Welsh] côr [Finnish] kartta [Serbo-Croatian] oro [French] corde [Old French] corde [Norwegian Bokmål] à la carte [English] chorion [Faroese] kort [Norwegian Bokmål] kort [Norwegian Nynorsk] kort [Slovak] haruspex [English] Haruspice [English] chordee [Greek] χαίρω [Kazakh] хор [Danish] kor [Norwegian Bokmål] kor [Norwegian Nynorsk] kor [Swedish] kor [Latin] charta [Romansch] charta [Tok Pisin] kod [Indonesian] kertas [Malay] kertas [Asturian] cuerda [Spanish] cuerda [Ternate] kartas [Finnish] kuoro [Indonesian] kartu [Indonesian] karton [Norman] tchoeu [Scottish Gaelic] goirid [Maltese] karta [Polish] karta [Serbo-Croatian] karta [Slovak] karta [Greek] χορός [Greek] χάρτης [Bashkir] карта [Bulgarian] карта [Kazakh] карта [Kyrgyz] карта [Macedonian] карта [Serbo-Croatian] карта [Hebrew] כרטיס [Polish] chór [English] chartomancy [Irish] cairt [Scottish Gaelic] cairt [Portuguese] cartaz [Norwegian Bokmål] karakter [Norwegian Nynorsk] karakter [Romanian] coardă [Esperanto] kordo [Bulgarian] хорда [Portuguese] cartucho [Swedish] gärna [Istriot] curda [Czech] Germán [Danish] gerne [Indonesian] kartel [Greek] χορδή [German] Germane [Hungarian] kórus [Turkish] çar [Cebuano] kord [Italian] corion [French] cordeau [French] charte [Irish] gearr [Greek] χρέος [Lithuanian] choras [Dutch] chordofoon [French] Garonne [Middle French] chorde [Greek] χαίρομαι [Latin] choragus [Esperanto] hernio [Old French] chartre [Tajik] харита [Ottoman Turkish] خریطه [English] Aveyron [Jamaican Creole] gyal [French] gercer [Spanish] cordado [Irish] gairid [Irish] cárta [Latvian] kartogrāfija [Aromanian] coardã [Bashkir] кәрт [Friulian] cuarde [Portuguese] arúspice [Friulian] cjarte [Arabic] قرطاس [Greek] χαράζω [Norwegian Bokmål] gjerne [Norwegian Nynorsk] gjerne [Arabic] خريطة [Yup'ik] kaal'taaq [Burmese] ကတ် [Aromanian] carti [Serbo-Croatian] оро [Icelandic] gjarn [Italian] cordella [Kazakh] картография [Russian] картография [Galician] encartar [Cebuano] kwerdas [Cebuano] kuldas [Cebuano] kuwerdas [Japanese] ゆるキャラ [Brunei Malay] keratas [Norwegian Bokmål] à la carte-servering [Norwegian Bokmål] a la carte-servering [Polish] chorał [Polish] kartusz [Mòcheno] kòrt [Indonesian] katrij [Polish] klawikord [Polish] kartridż [Indonesian] kardus [Maltese] qartas [Norwegian Bokmål] carte-servering [Tagalog] kalatas [English] Garw [Ottoman Turkish] قوردون [Welsh] cerdyn [Middle English] yernen [Norwegian Bokmål] à la carte-meny [Norwegian Bokmål] carte-meny [Norwegian Bokmål] a la carte-meny [Hausa] takarda [Nupe] takada [Yoruba] takada [Ukrainian] картографія [Maltese] ernja [Greek] Χρήστος [Esperanto] ĥordo,*ǵʰer-,,168,193
[English] Russia [Danish] ro [Norwegian Bokmål] ro [Norwegian Nynorsk] ro [Swedish] ro [Westrobothnian] ro [Spanish] yermo [Catalan] erm [Hungarian] rece [English] reticle [Bislama] rao [French] rets [Dutch] roeien [Faroese] rógva [Hungarian] remete [Icelandic] róa [Greek] Ρωσία [Polish] Rosja [Italian] eremo [Extremaduran] redi [Scottish Gaelic] ràmh [Galician] ermo [Italian] ermo [Portuguese] ermo [Latin] heremus [Marshallese] Ruujia [Aromanian] ermu [Asturian] ermu [English] ablatio retinae [Latin] eremus [English] eremophobia [Irish] rámh [Translingual] Retitelae [Translingual] Eremiasaurus [Occitan] èrm [Polish] erem [Kashmiri] رِکھ [Kashmiri] 𑆫𑆴𑆒𑇀 [Tok Pisin] Rasia,*h₁reh₁-,,39,194
[English] cow [Friulian] bo [Venetian] bo [Middle French] bœuf [Danish] ko [Dalmatian] bu [Wallisian] pipi [Norwegian Bokmål] ku [Norwegian Nynorsk] ku [Romansch] bov [Ido] bovo [Pitcairn-Norfolk] kau [Tok Pisin] kau [Translingual] Bucephala [Norwegian Bokmål] biff [Norwegian Nynorsk] biff [Faroese] kúgv [Afrikaans] koei [Afrikaans] koei [Icelandic] kýr [Norwegian Nynorsk] kýr [Norwegian Nynorsk] kýr [Middle Dutch] coe [Dutch] koe [Dutch] koe [Scottish Gaelic] bò [Armenian] կով [Irish] bó [Doteli] गाई [Urdu] گائے [Bhojpuri] गाय [Maithili] गाय [Marathi] गाय [Jamtish] kú [Portuguese] bife [Greek] βόδι [Jersey Dutch] kû [Thai] โค [Hindi] गोपाल [Punjabi] ਗਾਂ [Manx] booa [Italiot Greek] vui [Bourguignon] beu [Translingual] Bucorvus [Translingual] Buphagus [Sranan Tongo] kaw [Khmer] គោ [Spanish] bóvido [Krio] bif [Kriol] bif [Translingual] Budorcas [English] buphthalmos [English] booly [Indonesian] gembala [Romanian] buiestru [Elfdalian] tjyr [Catalan] bòvid [Hindi] ग्वाला [Italiot Greek] βούι [Gujarati] ગોવાળ [Old Tamil] 𑀓𑁄𑀯𑀮𑁆 [Dutch] Koedijk [English] boviculture [Lombard] bö [Yola] keow [Phalura] gúu [Niya Prakrit] 𐨒𐨆𐨬𐨫 [Kannada] ಗೊಲ್ಲ [Dutch] Kwadijk,*gʷṓws,,69,195
[Translingual] Carpobrotus [Catalan] carp [English] carpus [Icelandic] haust [Norwegian Nynorsk] haust [English] -carp [English] -carpic [Spanish] carpo [French] carpe [Faroese] heyst [Danish] høst [Norwegian Bokmål] høst [Turkish] karpuz [Spanish] endocarpio [Spanish] epicarpio [Spanish] carpelar [English] carpale [French] carpette [English] carpo- [English] carpo- [Romanian] carpo- [Luxembourgish] Kaarp [Translingual] Carpodectes [Latin] carpalis [Bulgarian] карпа [English] achaenocarp [Afrikaans] herfs,*kerp-,,27,196
[Translingual] Carpobrotus [Catalan] carp [English] carpus [English] -carp [English] -carpic [Spanish] carpo [French] carpe [Turkish] karpuz [Spanish] endocarpio [Spanish] epicarpio [Spanish] carpelar [English] carpale [English] carpo- [English] carpo- [Romanian] carpo- [Translingual] Carpodectes [Latin] carpalis [English] achaenocarp,*kʷerp-,,18,197
[English] army [English] army [Afrikaans] arm [Irish] arm [Jersey Dutch] arm [Manx] arm [Scottish Gaelic] arm [English] armistice [French] armistice [Danish] arme [French] arme [Friulian] arme [Norman] arme [Old French] arme [Aragonese] arma [Asturian] arma [Catalan] arma [Galician] arma [Galician] arma [Italian] arma [Occitan] arma [Old Occitan] arma [Old Portuguese] arma [Portuguese] arma [Portuguese] arma [Spanish] arma [English] alarm [Middle Welsh] arf [Welsh] arf [Kazakh] армия [Russian] армия [Portuguese] armistício [Galician] armisticio [Spanish] armisticio [Latvian] armija [Lithuanian] armija [French] armée [Norman] armée [Cebuano] armas [Finnish] armeija [Macedonian] армија [Italian] armistizio [Romanian] armă [Ladin] erma [Esperanto] armeo [Dalmatian] jarma [Greek] άρμα [Catalan] armistici [Yiddish] אַרמיי [Aromanian] armã [English] armatole [Czech] armatol [Uzbek] armiya [Silesian] armijŏ,*h₂(e)rmos,,54,198
[English] Jupiter [English] Jupiter [Dutch] Jupiter [Dutch] Jupiter [Slovak] Jupiter [Slovak] Jupiter [Guinea-Bissau Creole] dia [Kabuverdianu] dia [Papiamentu] dia [Papiamentu] dia [Spanish] día [English] Zeus [Catalan] Zeus [Dutch] Zeus [Italian] Zeus [Polish] Zeus [Portuguese] Zeus [Slovak] Zeus [Swedish] Zeus [English] sojourn [English] Jove [English] Jove [English] Jovian [Venetian] dì [English] diel [Icelandic] Seifur [Italian] Zeno [Irish] Iúpatar [Irish] Iúpatar [Aragonese] diya [Greek] Ζευς [Georgian] იუპიტერი [Georgian] იუპიტერი [Navajo] Jíbitoo [Navajo] Jíbitoo [Albanian] Zenun [Yiddish] יופּיטער [Yiddish] יופּיטער [Cebuano] dayana [Norwegian Bokmål] Zevs [Norwegian Nynorsk] Zevs [Persian] ژوپیتر [Persian] ژوپیتر [Middle English] Jubiter [Middle English] Jubiter [Middle English] jubiter [Middle English] jubiter [Papiamentu] djadomingo [Papiamentu] djabièrna [Coptic] ⲍⲏⲛⲱⲛ [Old Church Slavonic] Ꙁеѵсъ,*dyḗws,,51,199
[English] Eritrea [Dutch] Eritrea [German] Eritrea [Italian] Eritrea [French] Érythrée [Italian] rubino [English] erythropoietin [Italian] eritreo [Hungarian] rubin [Greek] ερυθρός [Asturian] rubín [Hungarian] eritrocita [English] erythro- [Spanish] eritrodermia [Italian] rubro [Portuguese] rubro [Latin] Erythraea [Italian] Eritreo [English] rubific [English] ruberythrinic acid [Latin] erythrocephalus [Telugu] రుధిరుడు [Irish] rúibín [Italian] rovella [Translingual] Erythrina [German] Erythrozyt [Latin] erythropodus [Czech] erytro- [Polish] erytro- [Norwegian Nynorsk] rubrikk [German] Erythropoietin [Corsican] rubru [English] xerocomorubin [Kazakh] эритритол [German] Erythräa [Arabic] إريتريا [English] Erythraean,*h₁rudʰrós,,37,200
[English] night [Scots] nicht [Catalan] nit [English] nocturnal [Tok Pisin] nait [Greek] νύχτα [Afrikaans] nag [Afrikaans] nag [Norwegian Bokmål] natt [Norwegian Nynorsk] natt [Swedish] natt [Ladino] noche [Spanish] noche [Dutch] nacht [West Frisian] nacht [Danish] nat [Old Swedish] nat [Icelandic] nótt [Esperanto] nokto [Ido] nokto [English] noctograph [Galician] noite [Galician] noite [Old Portuguese] noite [Portuguese] noite [Portuguese] noite [Extremaduran] nochi [Papiamentu] nochi [Faroese] nátt [Guinea-Bissau Creole] noti [English] nocturia [Middle English] nyght [Franco-Provençal] nuet [French] nuitamment [Bourguignon] neut [Westrobothnian] nåt [Old Occitan] noih [Translingual] Nycticorax [English] noctambulation [English] noctidial [Pijin] naet [Translingual] Noctoraptor [Scanian] nøtt [English] noctovision [Saterland Frisian] Noacht [Haitian Creole] lannwit [Ido] noktar [Ido] noktar [Slavomolisano] noča [Romagnol] nòta [Romagnol] nòt [North Frisian] nåcht [Mozarabic] نخت [Papiamentu] anochi [Papiamentu] anochi [Kabuverdianu] noiti [Papiamentu] bonochi [Tsakonian] νιούτθα [Italian] nicto- [Yola] neeght [Aragonese] nueit [Polish] noktowizor,*nókʷts,,62,201
[English] it [Yola] it [Yola] it [English] his [Yola] his [English] she [English] hit [English] hit [Limburgish] hit [Middle English] hit [French] si [Old French] si [Yola] shoo [Esperanto] ŝi [Romagnol] sé [Aromanian] shi [Romansch] gie [Yola] hys [Romansch] schi [Romagnol] sē,*ḱe-,,20,202
[Scots] mither [English] mother [Annobonese] me [Czech] matka [Polish] matka [Catalan] mare [Venetian] mare [Occitan] maire [English] metro [Polish] metro [Spanish] metro [Slavomolisano] mat [Chavacano] madre [Galician] madre [Italian] madre [Portuguese] madre [Middle French] mere [English] mort [Danish] mutter [Norwegian Bokmål] mutter [Norwegian Nynorsk] mutter [Swedish] mutter [Aragonese] mai [Guinea-Bissau Creole] mai [Kabuverdianu] mai [Danish] mor [Norwegian Bokmål] mor [Norwegian Nynorsk] mor [Swedish] mor [Ido] matro [Limburgish] moder [Limburgish] moder [Norwegian Bokmål] moder [Norwegian Nynorsk] moder [Swedish] moder [Friulian] mari [English] Madeira [Norwegian Bokmål] Madeira [Norwegian Nynorsk] Madeira [German] Mutter [Hunsrik] Mutter [Faroese] móðir [Icelandic] móðir [Greek] μητέρα [Norman] mère [Portuguese] mãe [English] madrepore [Asturian] madrina [Italian] madrina [Spanish] madrina [Afrikaans] moeder [Afrikaans] moeder [Afrikaans] moeder [Dutch] moeder [Dutch] moeder [Middle Dutch] moeder [Persian] مادر [Urdu] مادر [Urdu] مادر [Hindi] मादर [Westrobothnian] munter [Armenian] մայր [Hindi] माँ [Scottish Gaelic] màthair [Kholosi] mān [Irish] máthair [Latin] Maia [Galician] nai [Galician] nai [Finnish] mutteri [Portuguese] comadre [Spanish] comadre [Portuguese] madrinha [Icelandic] mútta [Interlingua] matre [Sicilian] matri [Armenian] մեր [Kriol] motha [Occitan] mairina [Tajik] модар [Czech] máti [Manx] moir [Dutch] metropool [Bavarian] muiter [Yiddish] מוטער [Luxembourgish] Mudder [Vilamovian] mütter [English] phycomater [French] Madère [Polish] mutra [Czech] mutr [Central Franconian] Motter [Central Franconian] Modder [Old Swedish] moþir [Gujarati] મા [Assamese] মা [Bengali] মা [Bavarian] muatar [Cimbrian] muatar [Cimbrian] muutar [Bavarian] mueter [Assamese] মাও [Early Assamese] মাৱ [Bourguignon] meire [Polish] maciura [Yola] moodher [Kashmiri] मऻज [Kashmiri] मोज [Tagalog] ermat,*méh₂tēr,,109,203
[Middle English] here [Icelandic] her [Asturian] carne [Galician] carne [English] rope [English] rope [French] carnage [Middle French] carnage [English] harness [English] carrion [English] Harold [Old Norse] herr [Swedish] här [Swedish] här [English] quarrons [Guinea-Bissau Creole] kuru [English] caravan [English] caravan [English] Herman [English] Hereford [Portuguese] carniça [Faroese] herur [Crimean Tatar] regbi [Italian] carnagione [Turkish] karavan [Spanish] carroña [Tok Pisin] ragbi [Galician] cea [Catalan] carn [Occitan] carn [Old Occitan] carn [Romansch] carn [French] caravane [Middle English] heere [Danish] hær [Norwegian Bokmål] hær [Norwegian Nynorsk] hær [English] Hereward [Old French] hernois [Gallo] chaérn [Portuguese] ceia [Macedonian] рагби [Romansch] charn [Romanian] cărâie [Dalmatian] cuarne [Louisiana Creole French] faraud [Romansch] tgern [Romansch] tgarn [Russian] регби [Asturian] encarnáu [French] Périgueux [Friulian] cjar [Middle Persian] kʾlwʾn' [Friulian] cjâr [English] Harlow [Old French] charnage [Papiamentu] kueru [English] Herridge [Dutch] kroep [Romanian] caravană,*ker-,,60,204
[English] after [Faroese] eftir [Danish] efter [Norwegian Bokmål] efter [Scots] efter [Old Norse] eptir [Old Norse] ept,*h₂epoteros,,7,205
[German] after [Middle High German] after,*h₂epótero-,,2,206
[English] dare [Low German] dören [Middle English] durren [Yola] dearnt,*dʰedʰórse,,4,207
[Catalan] tigre [Portuguese] tigre [Spanish] tigre [English] tiger [Slovene] tiger [English] stick [English] stick [Indonesian] stimulus [English] style [French] style [Sranan Tongo] tiki [Italian] stile [Middle English] stile [Hungarian] tigris [Danish] stil [Lower Sorbian] stil [Norwegian Bokmål] stil [Norwegian Nynorsk] stil [Romanian] stil [Swedish] stil [Turkish] stil [Russian] тигр [Ukrainian] тигр [Indonesian] teja [English] tyger [German] Stiel [German] Stecken [Kazakh] стиль [Ukrainian] стиль [Zoogocho Zapotec] tigr [Italian] stimolo [Finnish] tyyli [Faroese] tikari [Punjabi] تیز [German] Stil [Tok Pisin] tiket [Irish] tíogar [Esperanto] stilo [Icelandic] stíll [Polish] styl [Taos] tìkiti’ína [Finnish] stidi [Hungarian] stílus [Danish] stilig [Greenlandic] tiigeri [Dutch] stijl [Welsh] teigr [Romanian] strămurare [Italian] stegola [Punjabi] ਤੇਜ਼ [Galician] esteo [Old Portuguese] esteo [Ukrainian] стимул [Finnish] stailata [Portuguese] esteva [Catalan] estil [Aromanian] strimburari [Translingual] Stizostedion [Yiddish] טיגער [English] Stickney [Estonian] tikk [Ligurian] tîgre [Prakrit] 𑀢𑁂𑀅𑀇 [Catalan] estímul [Marshallese] taikō [Armenian] թեզ [Belarusian] тыгр [Middle English] tygre [Maltese] stallett [English] Copestake,*(s)teyg-,,70,208
[Tok Pisin] eleven [Bislama] leven [Sicilian] lippu [Icelandic] lifa [Tok Pisin] liv [Norwegian Nynorsk] leva [Swedish] leva [Danish] leve [Norwegian Bokmål] leve [Norwegian Nynorsk] leve [Kriol] liba [Torres Strait Creole] liba [Greek] λίπος [Faroese] liva [Norwegian Nynorsk] liva [Old Swedish] liva [Tok Pisin] liva [English] lippitude [Luxembourgish] Liewen [Tok Pisin] twelv [Tok Pisin] laip [Italian] leppo [Hungarian] lébecol [Tok Pisin] laipstori [Finnish] livettää [Bislama] twelef,*leyp-,,26,209
[Norn] fy [English] father [English] father [Danish] far [Norwegian Bokmål] far [Norwegian Nynorsk] far [Swedish] far [Westrobothnian] far [Annobonese] pe [Catalan] pare [Venetian] pare [Dutch] pater [Indonesian] pater [Tok Pisin] pater [English] padre [Classical Nahuatl] padre [Galician] padre [Portuguese] padre [Portuguese] padre [Spanish] padre [Occitan] paire [Old Occitan] paire [Italian] pate [Norn] favor [Ladin] pere [Middle French] pere [Old French] pere [Walloon] pere [English] père [French] père [Norman] père [Danish] fader [Norwegian Bokmål] fader [Norwegian Nynorsk] fader [Swedish] fader [English] Darth Vader [Esperanto] patro [Ido] patro [Ido] patro [Ido] patro [Ido] patro [Nigerian Pidgin] fada [German] Vater [Afrikaans] vader [Afrikaans] vader [Greek] πατέρας [Faroese] faðir [Icelandic] faðir [Portuguese] compadre [Spanish] compadre [Friulian] pari [English] patter [Aragonese] pai [Galician] pai [Galician] pai [Guinea-Bissau Creole] pai [Indo-Portuguese] pai [Indo-Portuguese] pai [Indo-Portuguese] pai [Kabuverdianu] pai [Mirandese] pai [Portuguese] pai [Portuguese] pai [Manx] ayr [Scots] faither [Scots] faither [Pali] pitar [Marshallese] bata [Marshallese] bata [Indonesian] padri [Indonesian] padri [Indonesian] padri [Indonesian] padri [Irish] athair [Scottish Gaelic] athair [Italian] paternità [Czech] páteř [Persian] پدر [Spanish] padrastro [Cebuano] padrino [Italian] padrino [Spanish] padrino [Portuguese] padrinho [Irish] paidir [Scottish Gaelic] paidir [Thai] บิดา [Louisiana Creole French] pè [Maltese] patri [Sicilian] patri [Occitan] pairin [French] paternalisme [Interlingua] patre [Hindi] पिदर [Old Occitan] Peire [German] Pater [Yiddish] פֿאָטער [Assamese] পিতা [German Low German] Vader [Catalan] padrí [Old Occitan] payre [Hindi] पादरी [Hindi] पादरी [Asturian] padrín [Norman] péthe [Jersey Dutch] vâder [Extremaduran] pairi [Japanese] ばてれん [Bourguignon] peire [Norman] pére [Czech] páter [Old Danish] faþir [Alemannic German] Vatter [Central Franconian] Vatter [Old Gujarati] पीय [Alemannic German] fater [Polish] fater [Vilamovian] foter [Plautdietsch] Voda [Yola] vather [Yola] vather [Urdu] پادری [Urdu] پادری [Cimbrian] vatar [Alemannic German] vàtter [Alemannic German] Fatter [Hunsrik] Fatter [Tetelcingo Nahuatl] pögre [English] pitris [Southeastern Tepehuan] paalh [Mecayapan Nahuatl] pa̱lej [Highland Popoluca] pa̱nij [Galician] padriño [Kven] faari [Malay] paderi [Malay] paderi [Kannada] ಪಾದ್ರಿ [Kannada] ಪಾದ್ರಿ [Yevanic] פטיר [Central Franconian] Vadder [Hindi] पिउ [Gandhari] 𐨤𐨁𐨡 [Punjabi] ਪਿਓ [Punjabi] پیو [Cimbrian] vaatar [Tagalog] erpat,*ph₂tḗr,,145,210
[English] give [Danish] give [Swedish] ge [Norwegian Bokmål] gi [Icelandic] gefa [Old Swedish] giva [Swedish] giva [Scots] gie [Faroese] geva [Westrobothnian] geva [Norwegian Nynorsk] gje [Middle English] ȝiven [Elfdalian] djävå,*gʰab(ʰ)-,,13,211
[Swedish] mental [Maltese] -ment [English] mantis [Catalan] ment [Galician] -mente [Neapolitan] -mente [Romanian] aminti [Esperanto] manto [Romanian] mintal [Greek] μάντης [Dalmatian] inamiant [Telugu] మతిమరుపు [Translingual] Mantis [Dutch] mantisch [Dutch] mantiek [Romagnol] mént,*méntis,,16,212
[English] black [French] blanc [Middle French] blanc [Occitan] blanc [Walloon] blanc [English] blanch [English] blank [English] Blackamoor [English] Blake [Portuguese] branco [English] Blackburn [English] bleck [Scots] bleck [Middle English] blak [Danish] blæk [Bourguignon] blianc [Norman] blianc [Norman] bllànc [Norman] bllaunc [English] Blackmore [English] Blakeley [Greenlandic] pilikki [Bourguignon] blian [Yola] bhlock,*bhleg-,,24,213
[Spanish] grey [Romani] gav [Konkani] गांव [Italian] greggio [Italian] gregge [Lao] ຄະນະ [Norwegian Bokmål] agorafobi [Norwegian Nynorsk] agorafobi [Galician] grei [Thai] คณะ [German] Kaff [Marathi] गाव [Hindi] गाम [Kashmiri] गाम [Old Gujarati] गाम [Hajong] গাও [Thai] คราม [Gujarati] ગામ [Kachchi] ગામ [Torwali] گن [Sylheti] ꠉꠣꠅ [English] gram sansad [Pali] gaṇa [Balinese] ᬕᬡ [Sinhalese] ගම [Galician] grea [Phalura] ghróom [Oriya] ଗାଁ [Dhivehi] ގަން,*h₂ger-,,29,214
[English] gold [Cebuano] gold [Tok Pisin] gol [Maori] koura [Maori] kōura [Shona] goridhe,*ǵʰl̥tóm,,6,215
[English] gold [Cebuano] gold [English] azure [Faroese] gull [Icelandic] gull [Norwegian Bokmål] gull [Norwegian Nynorsk] gull [Swedish] gull [Westrobothnian] gull [English] chlorine [English] arsenic [English] arsenic [Occitan] arsenic [Romanian] arsenic [English] zloty [Danish] zloty [Aragonese] azul [Asturian] azul [Galician] azul [Portuguese] azul [Spanish] azul [Catalan] fel [Galician] fel [Portuguese] fel [English] gullible [Danish] gul [Norwegian Bokmål] gul [Norwegian Nynorsk] gul [Swedish] gul [Cebuano] Chloe [Polish] chloro- [Tok Pisin] gol [Galician] lodo [Portuguese] lodo [Spanish] lodo [Spanish] cloro [Galician] arsénico [Portuguese] arsénico [Spanish] arsénico [English] glib [Italian] azzurro [Italian] arsenico [English] lapis lazuli [Latin] azureus [Faroese] gulur [Icelandic] gulur [Kazakh] хлор [Serbo-Croatian] хлор [Ukrainian] хлор [French] azur [Old French] azur [Old Portuguese] azur [Old Spanish] azur [Portuguese] azur [Spanish] azur [Catalan] llot [Italian] loto [Aromanian] lut [Romanian] lut [Maori] koura [Danish] guld [Swedish] guld [Translingual] Chlorophyta [Spanish] hiel [Dutch] arseen [Romanian] fiere [Finnish] kloori [Finnish] arsenikki [Translingual] Chlorophyceae [Icelandic] klór [Albanian] klor [Danish] klor [Indonesian] klor [Serbo-Croatian] klor [Swedish] klor [Indonesian] arsen [Indonesian] arsen [Polish] arsen [Vietnamese] clo [Albanian] arsenik [Albanian] arsenik [Indonesian] arsenik [Indonesian] arsenik [Indonesian] arsenik [Malay] arsenik [Malay] arsenik [Italian] fiele [Polish] chlor [Bikol Central] asul [Cebuano] asul [Tagalog] asul [Greek] αρσενικό [Dutch] chloor [Romanian] clor [Dutch] arsenicum [Dutch] arsenicum [Latin] arsenicum [Spanish] clorofila [Italian] calta [Serbo-Croatian] hlor [Translingual] Chlorella [Kazakh] хлоропласт [Polish] lazur [Catalan] arsènic [Indonesian] klorin [Greek] χλώριο [English] chloroxiphite [Classical Syriac] ܐܪܣܢܝܩܘܢ [English] glibbery [Serbo-Croatian] клор [English] chloasma [English] illutation [English] lithofellic acid [Greek] χλόη [Turkish] lacivert [Latin] lazulum [Latin] chlorum [Albanian] kaltër [Norman] arsénîn [Bashkir] хлорофилл [Kazakh] хлорофилл [Translingual] Chloranthus [Friulian] fêl [Translingual] Caltha [Maori] kōura [Latin] chloropterus [Maltese] arseniku [Aromanian] heari [Telugu] క్లోరిను [Hindi] हिरन [Esperanto] lazuro [Macedonian] злоти [Irish] arsanaic [Irish] arsanaic [Gujarati] હરણ [Westrobothnian] goḷa [Middle English] asure [Latin] Chlorus [Saurashtra] ꢲꢬꢶꢠ꣄ [Catalan] fal·lera [Antillean Creole] fyèl [Balinese] ᬳᬭᬶ [Shona] goridhe [Coptic] ⲁⲥⲓⲗⲱⲛ [Indonesian] lazuardi [Armenian] լաջվարդ [Occitan] fèu [Kazakh] зерзат [Russian] Зарема [Polish] arszenik [Catalan] armoll [Sardinian] asulu [Sassarese] asulu [Sindhi] हरणु [Sardinian] azurru [Sassarese] azurru [Italian] clorope [Italian] cloroftalmo,*ǵʰelh₃-,,158,216
[English] gold [Cebuano] gold [Middle English] gold [Middle Dutch] gout [Afrikaans] goud [Dutch] goud [Dutch] Gouda [Limburgish] góldj,*ǵʰĺ̥tom,,8,217
[Czech] green [English] arbor [Indonesian] arbor [Translingual] Paris [Afrikaans] gras [Dutch] gras [Tok Pisin] gras [English] herb [Bislama] grin [Tok Pisin] grin [English] herbivorous [Catalan] herba [Galician] herba [Dutch] groeien [Megleno-Romanian] iarbă [Romanian] iarbă [English] herbage [French] herbage [Tok Pisin] garas [Corsican] arba [Italian] erba [Old Occitan] erba [Sardinian] erba [Old Portuguese] erva [Portuguese] erva [Romansch] erva [Sicilian] erva [Aragonese] hierba [Spanish] hierba [French] herbe [Middle English] herbe [Old French] erbe [Ido] herbo [Occitan] èrba [Afrikaans] groei [Afrikaans] groei [Asturian] yerba [Istriot] yerba [Portuguese] herbívoro [Italian] erbatico [Walloon] yebe [Sranan Tongo] gro [English] graminifolious [Dalmatian] jarba [Tok Pisin] grinpela [Friulian] jerbe [Istriot] gièrba [Aromanian] earbã [Neapolitan] evera [Italian] erbale [Bourguignon] harbe [Sardinian] erbamédica [Ukrainian] гривий,*gʰreh₁-,,53,218
[English] red [Bislama] red [English] reed [Middle English] reed [Yola] reed [Tok Pisin] ret [Swedish] röd [Swedish] röd [Icelandic] rauður [English] rede [Hindi] लोहा [Norwegian Nynorsk] raud [Faroese] reyður [Danish] rød [Norwegian Bokmål] rød [Elfdalian] roð [Afrikaans] rooi [Norwegian Bokmål] rødt [Pali] लोह [Indonesian] logam [Malay] logam [English] Rawdon [Tamil] உலோகம் [Lao] ໂລຫະ [Old Swedish] røþer [Sundanese] ᮜᮧᮌᮙ᮪ [Sindhi] लोहु,*h₁rowdʰós,,27,219
[English] ontology [Urdu] سنت [Norwegian Bokmål] ontologi [Norwegian Nynorsk] ontologi [Haitian Creole] swen [Ukrainian] онтологія [Kazakh] онтогенез,*h₁sónts,,7,220
[English] yellow [Marshallese] iaļo [Yola] yullou,*ǵʰelh₃wós,,3,221
[Old French] duel [Old Portuguese] door [Aromanian] dor [Galician] dor [Portuguese] dor [Romanian] dor [French] deuil [Asturian] dolor [Catalan] dolor [Ladino] dolor [Occitan] dolor [Old French] dolor [Old Occitan] dolor [Esperanto] doloro [Ido] doloro [Old Spanish] duelo [Spanish] duelo [English] dolour [English] dol [Catalan] dol [Norman] deu [French] douloureux [Middle French] douloureux [English] dolorous [French] dédale [Italian] doloroso [Portuguese] doloroso [Spanish] doloroso [Irish] dealbh [Scottish Gaelic] dealbh [Neapolitan] dulore [Portuguese] dó [Irish] deilbh [Italian] doglia [Friulian] dulie [Italian] duolo [Catalan] Dèdal [Romansch] dolur [Welsh] dolur [Istriot] dulur [Maltese] dulur [Old French] dulur [Italian] doglioso [Sicilian] duluri [Latin] daedalus [Romanian] duios [English] Daedalus [Catalan] dolorós [Old French] dolerous [English] dolorimeter [Friulian] dolôr [Romanian] dururos [Friulian] dolorôs [Friulian] duliôs [Friulian] dûl [Latin] Taulantii [Italian] Tolentino [Norman] deû,*delh₁-,,58,222
[English] tempo [Danish] tempo [Dutch] tempo [Galician] tempo [Ido] tempo [Indonesian] tempo [Indonesian] tempo [Italian] tempo [Ligurian] tempo [Norwegian Bokmål] tempo [Norwegian Bokmål] tempo [Papiamentu] tempo [Polish] tempo [Portuguese] tempo [Swedish] tempo [English] tense [Haitian Creole] tan [Norwegian Bokmål] temporal [Sardinian] tempus [Catalan] temps [French] temps [Middle French] temps [Norman] temps [Old French] temps [Romansch] temps [Maltese] temp [Romansch] temp [Middle English] tens [Old French] tens [Walloon] tins [Neapolitan] tiempo [Spanish] tiempo [Teojomulco Chatino] tiempo [Friulian] timp [Romanian] timp [Old French] tans [Picard] tans [Kabuverdianu] tempu [Papiamentu] tempu [Sicilian] tempu [Esperanto] tempio [Catalan] temporada [Bourguignon] tamps [Italian] temporeggiare [Norwegian Bokmål] a tempo [Norwegian Bokmål] a tempo [Romansch] tains [Romansch] taimp [Old Occitan] tems [Istriot] tenpo [Venetian] tenpo [Occitan] tèms [Asturian] tiempu [Welsh] tymor [Malay] tempoh [Ladin] tëmp [Dalmatian] tiamp [Spanish] temporizador [Asturian] tenllera [Galician] tempas [Catalan] temporer,*tempos,,61,223
[English] tempo [Danish] tempo [Dutch] tempo [Galician] tempo [Ido] tempo [Indonesian] tempo [Italian] tempo [Ligurian] tempo [Norwegian Bokmål] tempo [Polish] tempo [Portuguese] tempo [Swedish] tempo [English] tense [English] temple [Catalan] temple [Old Spanish] temple [Norwegian Bokmål] temporal [Sardinian] tempus [Catalan] temps [French] temps [Middle French] temps [Norman] temps [Old French] temps [Romansch] temps [Maltese] temp [Romansch] temp [Middle English] tens [Old French] tens [Walloon] tins [Neapolitan] tiempo [Spanish] tiempo [Teojomulco Chatino] tiempo [Friulian] timp [Romanian] timp [Serbo-Croatian] templar [Old French] tans [Picard] tans [Italian] templo [Italian] templare [Sicilian] tempu [English] Templar [Esperanto] tempio [Italian] tempio [Italian] tempio [Irish] teampall [Catalan] temporada [German] Tempel [Bourguignon] tamps [Afrikaans] tempel [Danish] tempel [Dutch] tempel [Norwegian Bokmål] tempel [Norwegian Nynorsk] tempel [Swedish] tempel [Italian] templario [Italian] temporeggiare [English] Knight Templar [Norwegian Bokmål] a tempo [Romanian] întâmpla [Romanian] tâmplă [Romansch] tains [Romansch] taimp [Old Occitan] tems [Manx] çhiamble [Istriot] tenpo [Venetian] tenpo [Occitan] tèms [Asturian] tiempu [Welsh] tymor [Ladin] tëmp [Serbo-Croatian] темплар [Irish] tomagrafaíocht [Dalmatian] tiamp [Spanish] temporizador [Asturian] tenllera [Marshallese] tampeļ [Galician] tempas [Welsh] teml [Catalan] temporer,*temh₁-,,79,224
[Cameroon Pidgin] you [Belizean Creole] yu [Bislama] yu [Nigerian Pidgin] yu [Sranan Tongo] yu [Tok Pisin] yu [Torres Strait Creole] yu [English] gee [Pijin] iu [Jamaican Creole] yuh,*yūs,,10,225
[Tok Pisin] yet [English] juice [English] justification [French] justification [Spanish] justificación [Kabuverdianu] jura [Norman] juré [Esperanto] ĝusta [Faroese] djús [Icelandic] djús [Italian] giustificazione [Serbo-Croatian] Јустин [Hungarian] zsűri [Translingual] jus soli [English] jus soli [Catalan] justificació [English] Justinian [Translingual] jus sanguinis [Serbo-Croatian] Justin [Norman] juther [Portuguese] justificação [Spanish] Justín [Slovak] džús [German] Jus [Tok Pisin] jastis [Pennsylvania German] yuscht [Cebuano] hural [Cebuano] hurar [Mauritian Creole] zoure [Afrikaans] juis [Papiamentu] djis [Kabuverdianu] justu [Maltese] ġust [Indonesian] justru [Coptic] ⲓⲟⲩⲥⲧⲓⲛⲓⲁⲛⲟⲥ [Coptic] ⲓⲟⲩⲥⲧⲓⲛⲟⲥ [Romagnol] jóst [Romagnol] gióst [Swedish] schysst,*h₂yew-,,39,226
[Tok Pisin] yet [Tok Pisin] yet [English] gut [Danish] gut [English] gout [English] fuse [Italian] goccia [English] gutter [French] goutte [Spanish] hundir [Asturian] gota [Catalan] gota [Galician] gota [Ladino] gota [Lombard] gota [Occitan] gota [Old Occitan] gota [Portuguese] gota [Spanish] gota [English] guttation [Dutch] gieten [Middle Dutch] gieten [Spanish] agotar [English] guttiform [Friulian] gote [Old French] gote [English] gutta [Norman] goute [Esperanto] fandi [Esperanto] fandi [Occitan] fondar [Hungarian] guta [Esperanto] guto [Italian] gocciare [Luxembourgish] grënnen [Romanian] gută [Romanian] gută [Albanian] gutë [Middle English] gouten [English] gt [Norman] d'goutter [Translingual] Guttiferae [Latin] guttera [Cebuano] pundir [Cebuano] pyus [Marshallese] piwūj,*ǵʰewd-,,46,227
[Middle English] king [Manx] ingin [English] gender [English] genus [Danish] genus [Dutch] genus [English] generic [English] genre [Danish] genre [French] genre [Norman] genre [Norwegian Bokmål] genius [Norwegian Nynorsk] genius [English] genie [Catalan] gens [English] Kevin [Cebuano] Kevin [Irish] Caoimhín [German] Genie [German Low German] Kind [Galician] nacer [Translingual] gen. [Romanian] gen [Italian] genere [Russian] гений [Scottish Gaelic] nighean [Indonesian] seni [Kalami] آزاد [Ottoman Turkish] آزاد [Esperanto] genio [Irish] iníon [Irish] aigne [Scottish Gaelic] aigne [English] Kimberley [Hungarian] géniusz [Norwegian Bokmål] geni [Norwegian Nynorsk] geni [Catalan] néixer [Czech] génius [Galician] xénero [Scottish Gaelic] gnìomh [Tok Pisin] ansini [Kazakh] жанр [Dutch] geniaal [Uzbek] ozod [Irish] gníomh [Manx] inneen [Hungarian] genocídium [Scottish Gaelic] inghean [Irish] seánra [Assamese] জন্তু [Bengali] জন্তু [Esperanto] ĝenro [Manx] aigney [Yola] kinge [Manx] Keveen [English] kine- [Turkish] Azat [Irish] géineas [English] Janaki [English] Kington [Irish] níon [English] Kingstone [Norwegian Bokmål] intetkjønn [Norwegian Bokmål] hunkjønn [Norwegian Bokmål] hankjønn [Norwegian Nynorsk] hankjønn [Norwegian Nynorsk] sjanger [Irish] iníonas [Telugu] -జ [English] Kingswood [Konkani] जाव्चे [Cebuano] endyiner [Indonesian] jelata [Oriya] ଜନନୀ [Indonesian] zeni [Galician] xendra [English] Conington [Kazakh] азат [Kumyk] азат [Kyrgyz] азат [Kazakh] перзент [English] Conybeare [Indonesian] generik [Hindi] जनना [English] Kingsbury Episcopi [Phalura] ǰhanduraá [Phalura] ǰóo [Ottoman Turkish] آزادلامه [English] Kingdon [Lezgi] азад [English] Kingsnorth [Oriya] ଜନ୍ତୁ [Malayalam] ജനകൻ,*ǵenh₁-,,94,228
[English] throne [Middle French] throne [Middle French] throne [Danish] drive [Norwegian Bokmål] drone [Norwegian Nynorsk] drone [Latin] thronus [English] dor [Spanish] enfermedad [Esperanto] trono [Galician] trono [Ido] trono [Italian] trono [Portuguese] trono [Spanish] trono [Tagalog] trono [English] infirm [Romanian] infirm [Greek] θρόνος [German] Thron [German] Drohne [French] trône [Old Swedish] trona [Swedish] trona [Italian] derivare [Catalan] tron [Polish] tron [Romanian] tron [English] infirmary [Persian] داشتن [Ukrainian] трон [Danish] trone [Middle English] trone [Norwegian Bokmål] trone [Norwegian Nynorsk] trone [Old French] trone [Asturian] tronu [Tajik] доштан [Old French] frain [Armenian] դեռ [Telugu] ధీరత్వము [French] chanfrein [Telugu] ధీరశంకరాభరణం [Classical Syriac] ܬܪܘܢܘܣ [Azerbaijani] dron [Hebrew] דריווש [Cebuano] drayb [Cebuano] preno [Hindi] धरना [Macedonian] дрон [Hindi] धीरा [Norwegian Bokmål] tronfrasigelse [Romanian] târnosi [Aramaic] 𐡃𐡀𐡓𐡉𐡅 [Yiddish] טראָן [Mozarabic] أنفرم,*dʰer-,,56,229
[English] mouse [Scots] moose [English] marmot [Norman] muscle [English] myocardium [Translingual] Mus [Romansch] meir [Czech] myo- [Greek] μυς [French] mye [English] musophobia [French] myocarde [Romansch] mieur [Translingual] Myocastor [Translingual] Peromyscus [Polish] amiotrofia [Belarusian] мыш [Translingual] Hoplomys [Catalan] miastènia [Torwali] موُش,*múh₂s,,20,230
[Catalan] cast [English] castle [English] chaste [French] chaste [Old French] chaste [English] caste [Esperanto] ĉasta [English] Casta [Danish] kaste [Dutch] kaste [Norwegian Bokmål] kaste [Spanish] gusano [English] Chester [Cebuano] Chester [Italian] cassero [Galician] casto [Portuguese] casto [Galician] casta [Portuguese] casta [Spanish] casta [Indonesian] kasta [Galician] castro [Portuguese] castro [English] Gjirokastër [Albanian] Gjirokastër [English] alcazar [French] alcazar [Italian] alcazar [Spanish] coso [Italian] cassare [Spanish] alcázar [Greek] κάστρο [English] cass [Romanian] coș [Sicilian] crastu [Catalan] Alcàsser [Catalan] alcàsser [French] encastrer [Asturian] guxán [Spanish] castizo [Portuguese] cassar [Galician] coxo [Galician] alcácer [Portuguese] alcácer [Arabic] قصر [Arabic] قسي [Italian] cosso [English] Alcazar [Polish] alkazar [Middle English] Chestre [Balinese] ᬲᬵᬲ᭄ᬢ᭄ᬭ [Aromanian] Iurucast [Turkish] kasır [Hungarian] Gyúró,*ḱes-,,54,231
[English] age [Scots] age [Sranan Tongo] ai [English] eternal [Norwegian Bokmål] eon [Norwegian Nynorsk] eon [Polish] eon [Italian] eterno [French] âge [Luxembourgish] Alter [Aromanian] ete [Friulian] ete [English] eterne [Middle English] eterne [Finnish] aion [Italian] evo [Spanish] evo [Greek] αιώνας [Galician] idade [Portuguese] idade [German] Äon [Italian] eone [Finnish] aioni [Kabuverdianu] idadi [Catalan] etern [French] éterniser [Afrikaans] eeu [Asturian] edá [Greek] αεί [Friulian] etât [Aromanian] etã [Translingual] Aiptasia [Spanish] etario [Occitan] atge [Occitan] etèrn [Kazakh] эон [Kazakh] эонотема,*h₂eyu-,,37,232
[Danish] age [Faroese] aka [Icelandic] aka [Norwegian Nynorsk] aka [Old Swedish] aka [Norwegian Nynorsk] haka [Westrobothnian] aak [Swedish] åka [Haitian Creole] eseye [English] aik [Greek] άγω [Japanese] アクション映画 [Cebuano] aktuwal [Louisiana Creole French] seyé [Louisiana Creole French] sayé,*h₂éǵeti,,15,233
[Danish] age [Italian] auto [Faroese] aka [Icelandic] aka [Norwegian Nynorsk] aka [Old Swedish] aka [Norwegian Nynorsk] haka [Welsh] mynd [Westrobothnian] aak [Swedish] åka [Swedish] åka [Armenian] ածել [English] aik [Irish] ágh,*h₂eǵ-,,14,234
[Norwegian Nynorsk] age [English] eye [English] awe [Icelandic] agi [Danish] ave [Swedish] aga [Norwegian Nynorsk] agje [Westrobothnian] ǫga,*h₂égʰos,,8,235
[English] pit [Irish] pit [Scottish Gaelic] pit [West Flemish] pit [Afrikaans] put [Dutch] put [Catalan] pou [Tagalog] poso [French] puits [Middle French] puis [Old French] puis [Aromanian] puts [Italian] pozzo [German] Pfütze [Galician] pozo [Spanish] pozo [Old English] pytt [Old High German] pfuzzi [Catalan] podar [Spanish] repudio [Romanian] puț [Portuguese] poço [Danish] putte [Finnish] potero [Italian] ripudio [Occitan] potz [Friulian] poç [Galician] poza [Spanish] poza [Asturian] pozu [English] puteal [Luxembourgish] Pëtz [German] Pütt [German] Pütz,*paw-,,34,236
[Catalan] pit [Friulian] pet [Romansch] pet [French] pis [Hindi] पंख [Marathi] पंख [Spanish] peto [Old Spanish] pecho [Spanish] pecho [Spanish] apretar [French] poitrine [Aragonese] peito [Galician] peito [Portuguese] peito [Romanian] piept [Italian] petto [English] pisane [Old Portuguese] preto [Portuguese] preto [Portuguese] perto [Sicilian] pettu [Istriot] pitto [Italian] pettorina [Galician] apertar [Portuguese] apertar [Old French] peitrine [Romansch] péz [Romansch] pèz [Aromanian] cheptu [English] pectoriloquy [Walloon] pwetrene [Asturian] pechu [Papiamentu] pechu [Galician] peitoril [Portuguese] peitoril [Persian] پنکه [Hindi] पंखा [Spanish] pretil [Garo] paksa [Indonesian] paksa [Indonesian] paksa [Indonesian] paksa [Spanish] pretina [Gujarati] પંખો [Hindi] पखावज [Assamese] পখিলা [Sylheti] ꠙꠣꠈ [Gujarati] پنکھو [Mewari] पंखो [Tamil] பக்கம் [Kashmiri] پَکھ [Kashmiri] پَکھ [Khowar] پوۨچ [Sardinian] pettus [Hindi] पाँख [Aromanian] chieptu [Bengali] পাখ [ Bengali ] পাখা [Venetian] pèto [Gujarati] فنکھو [Kannada] ಪಕ್ಕ [Romani] phakh [Megleno-Romanian] chiept [Istro-Romanian] kľept [Megleno-Romanian] kľept,*peg-,,65,237
[English] million [Norwegian Bokmål] kilo [Norwegian Nynorsk] kilo [English] kilometre [Danish] milli- [Finnish] milli- [French] milli- [English] kilo- [Catalan] kilo- [Finnish] kilo- [Corsican] mille [Sardinian] mille [Tarantino] mille [Kabuverdianu] mil [Louisiana Creole French] mil [Papiamentu] mil [Papiamentu] mil [English] chilia- [Italian] chilo- [Venetian] mìle [Indonesian] mili- [Catalan] quilo- [Navajo] tʼááłáhádí mííl [English] millepore [Translingual] Millefolium [Catalan] mil·li- [Macedonian] илјада [Greek] χιλιο- [Greek] κιλο- [Yiddish] מײַל [Irish] milliún [Hijazi Arabic] مليون [Irish] cileagram [Irish] ciliméadar [Icelandic] kíló- [Latin] millio [Corsican] migliu [Laz] შილია,*ǵʰéslom,,38,238
[English] or [Catalan] or [French] or [Old French] or [Romansch] or [Aragonese] oro [Cebuano] oro [Esperanto] oro [Italian] oro [Sardinian] oro [Spanish] oro [Translingual] Au [Malay] aurum [Galician] ouro [Mirandese] ouro [Old Portuguese] ouro [Portuguese] ouro [English] oriflamme [French] oriflamme [English] aurigraphy [English] auriphrygiate [English] aurivorous [Asturian] oru [Extremaduran] oru [Sardinian] oru [Friulian] aur [Occitan] aur [Old Occitan] aur [Romanian] aur [Romansch] aur [Seri] hooro [Irish] ór [Lombard] òr [Piedmontese] òr [Scottish Gaelic] òr [Romagnol] ör [English] Côte d'Or [Manx] airh [Romansch] ôr [English] deauration [Galician] Oural [Dalmatian] jaur [Ligurian] öo,*h₂é-h₂us-óm,,43,239
[English] or [Old Swedish] ar [Danish] år [Norwegian Bokmål] år [Norwegian Nynorsk] år [Norwegian Nynorsk] år [Swedish] år [Faroese] ár [Faroese] ár [Icelandic] ár [Icelandic] ár [Icelandic] ár [Danish] åre [Norwegian Bokmål] åre [Norwegian Nynorsk] åre [Old Danish] aar [Swedish] åra [Faroese] árla [Westrobothnian] jår [Norwegian Bokmål] åå [Norwegian Bokmål] ddmmåå [Norwegian Bokmål] ddmmåååå [Norwegian Bokmål] dd/mm/åå [Norwegian Bokmål] DDMMÅÅÅÅ [Norwegian Bokmål] DD/MM/ÅÅ [Norwegian Bokmål] DD/MM/ÅÅÅÅ [Norwegian Bokmål] dd/mm/åååå [Norwegian Bokmål] DDMMÅÅ [Swedish] arla [Westrobothnian] ǫ́r [Westrobothnian] ǫ́r,*yōr-,,31,240
[Norwegian Bokmål] or [Norwegian Nynorsk] or [Danish] el [Swedish] al [English] Aldershot [English] alder [English] alder [Scots] aller [Norwegian Bokmål] older [Norwegian Nynorsk] older [Faroese] elri [Icelandic] elri [English] Aldridge [English] Aldreth [Westrobothnian] ȯhdder [Esperanto] alizo [Icelandic] ölur [English] Allbrook [English] Alderton [English] Ellerton [English] Alderwick,*h₂élis-,,21,241
[English] stye [English] anthropology [English] presbyopia [Urdu] آنکھ [Bundeli] आँख [Hindi] आँख [Greek] άνθρωπος [Romani] jakh [Translingual] Pithecanthropus [French] anthropo- [Polish] -opia [Lithuanian] antropologija [Dutch] antropologie [Kalasha] eč [Danish] antropomorf [Doteli] आँखो [Kazakh] антропология [Czech] antropo- [Italian] antropo- [Polish] antropo- [Portuguese] antropo- [Spanish] antropo- [English] -anthropy [Translingual] Zinjanthropus [Dutch] antropoloog [English] anthropodicy [Translingual] Coturnicops [Irish] antrapa- [French] sinanthrope [English] dinopid [Translingual] Sahelanthropus [Translingual] Triops [English] opsoclonus [Kazakh] антропонимика [Translingual] Anthropopithecus [Yiddish] אַנטראָפּאָלאָגיע [Punjabi] ਅੱਖ [Gujarati] આંખ [Kachchi] અખ [Translingual] Anthropidae [Translingual] Anthropoidea [Dogri] अक्ख [Vaghri] અખ્ખ [Dogri] 𑠀𑠊𑠹𑠋 [Sindhi] اک [Greek] ανθρωπο- [Punjabi] اکھ [Phalura] ac̣híi [Assamese] আখি [Yola] ieen [Kazakh] антропометрия [Kazakh] антропоцентризм [Ukrainian] антропологія [Oriya] ଆଖି [Magahi] 𑂃𑂀𑂎𑂱 [Magahi] 𑂄𑂀𑂎𑂱 [French] -anthropie,*h₃ókʷs,,57,242
[Translingual] thousand [Tok Pisin] tausen,*tuHsont-,,2,243
[Aromanian] pi [Afrikaans] ver [English] price [Translingual] Paris [Ligurian] pe [Neapolitan] pe [Romanian] pe [English] proper [Danish] proper [Dutch] proper [German] proper [English] per [Asturian] per [Catalan] per [Finnish] per [Hungarian] per [Ido] per [Indonesian] per [Italian] per [Ladin] per [Sardinian] per [Old Portuguese] pera [English] appreciate [Polish] por [Portuguese] por [Romanian] por [Galician] para [Indonesian] para [Kabuverdianu] para [Papiamentu] para [Papiamentu] para [Portuguese] para [English] pariah [Latin] porta [Galician] poro [Italian] poro [Portuguese] poro [Spanish] poro [English] parse [Ladin] pert [English] par [French] par [Friulian] par [Indo-Portuguese] par [Istriot] par [Old French] par [Serbo-Croatian] par [Catalan] part [Czech] part [Friulian] part [Ladin] part [Swedish] part [Galician] pela [Catalan] parar [English] prior [Catalan] prior [Spanish] prior [English] paramount [Italian] disprezzare [English] appraise [English] prize [German] fern [English] umpire [English] presbyopia [French] prix [Norman] prix [Danish] pris [Indonesian] pris [Norwegian Bokmål] pris [Old French] pris [Swedish] pris [English] partial [French] partial [Scottish Gaelic] ro [Spanish] prez [Asturian] parte [Galician] parte [Lower Sorbian] interpret [Romanian] interpret [English] pore [Danish] pore [French] pore [Norwegian Bokmål] pore [Norwegian Nynorsk] pore [Old French] pore [Aromanian] pri [Haitian Creole] pri [Ido] pri [Esperanto] porti [Esperanto] propra [Aromanian] parti [Icelandic] forn [Norwegian Nynorsk] forn [Old Swedish] forn [Swedish] forn [Indonesian] pori [Dutch] prijs [Danish] provins [Norwegian Bokmål] provins [Norwegian Nynorsk] provins [Indonesian] peri [Indonesian] peri [Asturian] apreciar [Catalan] apreciar [Portuguese] apreciar [Spanish] apreciar [Aromanian] pisti [Italian] prosciutto [Galician] parir [Portuguese] parir [English] parboil [Romanian] peste [Romanian] pentru [Urdu] پر [Spanish] pareja [German] Preis [Louisiana Creole French] porté [English] peri- [Finnish] peri- [Indonesian] peri- [English] misprision [English] periastron [English] proper motion [Friulian] presi [Irish] ré [Bulgarian] пора [Italian] interprete [Italian] bruciare [English] periosteum [Italian] prezzo [Italian] apprezzare [Faroese] partur [Icelandic] partur [Faroese] prísur [French] apprécier [German] Parfüm [Italian] priore [Italian] pregiare [Italian] pregio [Kazakh] пар [Serbo-Croatian] пар [Translingual] Polyporus [Finnish] parsia [Czech] privát [Italian] prezzare [Hungarian] párt [Portuguese] preço [Portuguese] desprezar [Greek] πόρος [Spanish] periantio [Translingual] per os [Czech] pár [Hungarian] pár [Tarantino] pè [Spanish] parcialidad [Thai] บริการ [English] per diem [Scottish Gaelic] àrsaidh [Sranan Tongo] bifo [English] periculum [Catalan] preu [French] priser [Catalan] parell [Romanian] preț [German] Interpret [Esperanto] prezo [Galician] prezo [Sranan Tongo] fosi [Swahili] bikari [Romanian] primez [Dutch] perihelium [Irish] ársa [Irish] roimh [Manx] roish [Danish] periskop [Italian] appropriare [Ido] preco [Dutch] perikel [French] presbyte [Spanish] presbicia [Romanian] prețui [Armenian] առ [Italian] dispregiare [English] ferd [English] ferd [English] forne [Greek] προς [Greek] περι- [Catalan] parella [Galician] parella [Spanish] perihelio [French] approprier [Venetian] bruxar [Catalan] propi [Translingual] Procnias [Translingual] Progne [Translingual] Psalidoprocne [Translingual] Ptyonoprogne [Luxembourgish] Präis [English] presbypropria [English] presbypropria [Irish] páirt [Afrikaans] prys [English] prosobranch [Polish] parować [Romanian] împrejura [English] pari- [Indonesian] pari- [English] paravail [Dalmatian] brusur [Middle English] provynce [Tok Pisin] bipo [English] perichaetium [English] paragrandine [Dalmatian] puart [Asturian] pareya [Telugu] ప్రతివాది [Portuguese] apropriar [Portuguese] prezar [Istriot] pruoprio [English] propriospinal [English] pariah dog [Catalan] intèrpret [Cornish] parth [Welsh] parth [Georgian] ფარგალი [Aromanian] pristi [Spanish] apropiar [Portuguese] parelha [Norman] péthi [Old Occitan] pretz [Armenian] հեռա- [Basque] prezio [Faroese] fornur [Norwegian Bokmål] proprietær [Norwegian Nynorsk] proprietær [Czech] privátní [Thai] ปรางค์ [German] Perikambium [Gujarati] પ્રત્યે [Khmer] ប្រាង្គ [Assamese] -অৰ পৰা [Early Assamese] -অৰ পৰা [Cebuano] praktis [Icelandic] prís [Polish] prezbiterium [Sardinian] preju [Translingual] Prosobranchiata [Translingual] Prosobranchia [Armenian] առ- [Greek] πορθμός [German] Part [Italian] perichezio [English] proper right [English] proper left [Romanian] perghel [Early Assamese] -অত পৰে [Indonesian] parsial [Venetian] prèsso [Bavarian] Påår [Saterland Frisian] Provinsje [Romagnol] prëz,*per-,,262,244
[English] zeal [Portuguese] zelo [English] jealous [Italian] geloso [German] Eifer [Portuguese] cio [Catalan] zel [Scottish Gaelic] àite [Scottish Gaelic] eud [Danish] jaloux [French] jaloux [Spanish] celos [Galician] celoso [Spanish] celoso [Irish] áit [Latin] zelus [Hungarian] zsalugáter [Old French] jalous [Old Occitan] gelos [Polish] zelant [Middle English] zele [Esperanto] ĵaluza [Irish] éad [Galician] ciúme [Portuguese] ciúme [Portuguese] cioso [Middle French] zelle [Norwegian Bokmål] sjalu [Norwegian Nynorsk] sjalu [Greek] ζήλος [English] zealousy [Maltese] żelu [Indonesian] jilid,*yeh₂-,,33,245
[English] chess [English] chess [English] check [English] check [Danish] check [Dutch] cheque [Portuguese] cheque [Portuguese] cheque [English] shah [Albanian] shah [Swedish] shah [Swedish] shah [Czech] šach [Lower Sorbian] šach [Lower Sorbian] šach [Slovak] šach [Upper Sorbian] šach [Upper Sorbian] šach [English] satellite [Italian] satellite [English] Xerxes [Spanish] chequeo [Portuguese] xá [Norwegian Bokmål] sjekk [Norwegian Nynorsk] sjekk [Swedish] schack [German] Schach [German] Schach [Luxembourgish] Schach [Luxembourgish] Schach [Tok Pisin] sek [Galician] xa [Ottoman Turkish] شهر [French] échec [French] échec [Dutch] schaak [Bhojpuri] शहर [Hindi] शहर [Marathi] शहर [Nepali] शहर [Kazakh] шах [Serbo-Croatian] шах [Persian] شاه [Hungarian] sakk [Faroese] skák [Faroese] skák [Icelandic] skák [Icelandic] skák [Old Norse] skák [Crimean Tatar] şeer [Turkish] şah [Hindi] शाह [Urdu] شاہ [Finnish] sekki [Serbo-Croatian] šah [Latin] scacci [Esperanto] ŝako [Fiji Hindi] chek karo [Icelandic] þiggja [Finnish] Kserkses [Serbo-Croatian] Kserks [Russian] Ксеркс [Serbo-Croatian] Ксеркс [Ukrainian] Ксеркс [English] Ahasuerus [Portuguese] xeque [Portuguese] xeque [Serbo-Croatian] шехер [Serbo-Croatian] šeher [Danish] skak [Danish] skak [Turkish] şehir [German] Schah [Tajik] шоҳ [Ido] shakar [Uzbek] shahar [Old French] eschec [Old French] eschec [Avar] шагьар [Haitian Creole] tcheke [Italian] Serse [Middle English] ches [Middle English] ches [Norwegian Nynorsk] tigga [Swedish] tigga [Serbo-Croatian] čekirati [Serbo-Croatian] чекирати [Norwegian Bokmål] satellitt [Norwegian Nynorsk] satellitt [Romanian] șah [Romanian] șah [Turkmen] şa [Gujarati] શહેર [Indonesian] cek [Armenian] շահ [Middle Persian] 𐭬𐭫𐭪𐭠 [Armenian] թեզան [Dhivehi] ޝަހަރު [Basque] xake [Middle English] chek [Middle English] chek [Latvian] šahs [Latvian] šahs [Danish] tigge [Norwegian Bokmål] tigge [Norwegian Nynorsk] tigge [Polish] czek [Polish] czek [Old Swedish] þiggia [Yiddish] שאָך [Indonesian] kesatria [Awadhi] सहर [Awadhi] सहर [Middle Dutch] schaec [English] Chhetri [English] Chhetri [English] Kshetri [Hindi] खत्री [Nepali] क्षेत्री [Nepali] क्षेत्री [Kusunda] səhər [Hindi] खाता [Cebuano] tsek [Cebuano] tsek [Cebuano] tsek [Indonesian] sekak [Indonesian] syah [Indonesian] syah [Norwegian Bokmål] sjah [Norwegian Nynorsk] sjah [Kazakh] шаһ [Hijazi Arabic] شيك [Kumyk] шагь [Uyghur] شاھ [Bengali] নওশা [Marathi] शहा [Marathi] खाते [Tamil] கத்திரியன் [Urdu] کھاتا [Northern Kurdish] şeher [Archi] шагьру [Tabasaran] шагьур [Dhivehi] ސަހަރު [Javanese] ꦱꦠꦿꦶꦪ [Balinese] ᬲᬢ᭄ᬭᬶᬬ [Old Javanese] kṣatriya [Volapük] cög [Tausug] satariya [Ukrainian] сателіт,*tek-,,149,246
[English] cock [Tok Pisin] kuk [French] cuire [Norman] cuire [Cebuano] kak [Middle French] cuyre [Tok Pisin] kitsen [Norman] tchuithe [Assamese] পচা [Middle English] cok [Sranan Tongo] kukru [Louisiana Creole French] tchui,*pekʷ-,,12,247
[English] sol [Catalan] sol [Chavacano] sol [Danish] sol [French] sol [Galician] sol [Guinea-Bissau Creole] sol [Kabuverdianu] sol [Norwegian Bokmål] sol [Norwegian Nynorsk] sol [Norwegian Nynorsk] sol [Old Portuguese] sol [Old Swedish] sol [Portuguese] sol [Swedish] sol [Westrobothnian] sol [French] soleil [Louisiana Creole French] soleil [Middle French] soleil [Greek] ήλιος [English] helium [Latin] helium [English] sole [Swedish] söder [Istro-Romanian] sore [Papiamentu] solo [Papiamentu] solo [Polish] helio- [English] heliodor [English] heliostat [Spanish] helio [German] Helium [Faroese] sól [Icelandic] sól [Dalmatian] saul [Bashkir] гелий [Kazakh] гелий [Russian] соль [Portuguese] sombra [Translingual] Helianthus [Scottish Gaelic] sùil [Translingual] Heliozoa [Savi] suri [Sicilian] suli [Aromanian] surin [Norman] solé [English] solisequious [Czech] slunce [Punjabi] سورج [Norwegian Bokmål] syd [Walloon] solea [Gallo] soulai [Irish] súil [Romanian] heliu [Occitan] solelh [Old Occitan] solelh [Norwegian Bokmål] sør [Norwegian Nynorsk] sør [Dhivehi] އިރު [Finnish] sooli [Danish] heliotrop [Italiot Greek] ilio [Ukrainian] сонце [Southeast Pashayi] سور [Dutch] perihelium [Haitian Creole] solèy [Manx] sooill [Indonesian] suar [French] périhélie [Megleno-Romanian] soari [Sinhalese] ඉර [Translingual] Heliornis [English] heliotypy [English] soal [English] soliform [Georgian] ჰელიუმი [Punjabi] ਸੂਰਜ [Greek] ηλιοστάσιο [Belarusian] сонца [Khmer] សូរ [Hungarian] szol [Pali] suriya [Newar] सूर्द्य [Bhojpuri] सुरुज [English] solilunar [Mauritian Creole] soley [Seychellois Creole] soley [Indonesian] surya [Corsican] eliu [Norwegian Nynorsk] syndre [Balinese] ᬲᬹᬃᬬ [Old Javanese] sūrya [Javanese] ꦱꦸꦂꦪ [Italian] eliofobio,*sóh₂wl̥,,94,248
[Bislama] sol [Tok Pisin] sol [Venetian] sale [English] sal [Aragonese] sal [Asturian] sal [Franco-Provençal] sal [Galician] sal [Istriot] sal [Piedmontese] sal [Portuguese] sal [Romansch] sal [Spanish] sal [Venetian] sal [French] sel [English] halite [Cebuano] salami [English] halogen [Norwegian Bokmål] halogen [Norwegian Nynorsk] halogen [Norman] sé [Walloon] sé [Aromanian] sari [Megleno-Romanian] sari [English] haline [Serbo-Croatian] hala [English] saline [English] cellar [Latin] allec [Romanian] sare [Sicilian] sali [Translingual] Haliotis [Translingual] Haliotis [English] halo- [Polish] halo- [Portuguese] halo- [Spanish] halo- [Spanish] salmuera [Dutch] halogeen [Lombard] saa [Spanish] halógeno [Hungarian] saláta [Greek] σαλάτα [Irish] salann [Scottish Gaelic] salann [Scottish Gaelic] sàil [English] saltchuck [Manx] sollan [Kazakh] галоген [Scottish Gaelic] sàl [Serbo-Croatian] хала [Manx] saayl [Irish] sáil [Irish] sáile [French] saumure [Spanish] salpresar [Galician] salpreso [Portuguese] salmoura [Romanian] saramură [English] halicore [Mariupol Greek] алас [Latin] Massilia [Norman] saïl [English] salogen [Romagnol] sêl [Classical Syriac] ܐܠܣ [Translingual] Salicornia [Friulian] sâl [Galician] saleiro [Ligurian] sâ [Romanian] sărune [English] haloragaceous [Romanian] salamură [Romanian] sărămură [English] isohalsine [Venetian] sàle [Polish] hali-,*séh₂ls,,77,249
[Old French] sol [Ladino] sin [Old Spanish] sin [Spanish] sin [Catalan] sense [Occitan] sense [Catalan] si [Esperanto] si [Esperanto] si [Friulian] si [Italian] si [Portuguese] si [Sassarese] si [Sardinian] sine [English] sinecure [Danish] sinecure [Spanish] sí [Romanian] sie [English] sans [French] sans [Norman] sans [Ladino] סין [English] ethno- [Sardinian] solus [Italian] senza [Esperanto] sen [Galician] sen [Ido] sen [English] swain [Dutch] solo [Norwegian Bokmål] solo [Norwegian Nynorsk] solo [Romansch] sul [English] sear [Old Occitan] ses [English] boatswain [Manx] pene [Portuguese] sem [French] seul [English] suitheism [Udi] хуй [Icelandic] sveinn [Bourguignon] soi [Mirandese] sien [English] cere [Turkish] huy [Asturian] solu [Old French] senz [Faroese] sveinur [Portuguese] etnia [Spanish] etnia [Istriot] sulo [Italian] etero [Irish] féin [Finnish] soini [French] ethnie [French] sinécure [Finnish] sooli [Greek] έθνος [Catalan] etno- [Italian] etno- [Polish] etno- [Portuguese] etno- [Spanish] etno- [Manx] fene [German] solipsistisch [Russian] синекура [English] hetaerolite [Romanian] sieși [English] ethnarch [English] hetaerism [Tamil] சொத்து [Esperanto] etno [Catalan] ètnia [Portuguese] etnográfico [Spanish] etnográfico [Gandhari] 𐨯𐨿𐨤 [Middle English] swayn [English] hetaerocracy [Middle English] saunz [Balinese] ᬲ᭄ᬯ [English] McSwain [Malayalam] സ്വന്തം [Norwegian Nynorsk] svein [Russian] этнология,*swé,,85,250
[Old French] sol [Sardinian] solus [Dutch] solo [Norwegian Bokmål] solo [Norwegian Nynorsk] solo [Romansch] sul [French] seul [Norwegian Bokmål] konsoll [Norwegian Nynorsk] konsoll [Asturian] solu [Istriot] sulo [German] solipsistisch,*selh₂-,,12,251
[English] coin [French] coin [English] Cuneo [Italian] Cuneo [English] cuneiform [Romanian] cui [Italian] conio [Indonesian] koin [Galician] cuña [Spanish] cuña [Galician] cuño [Spanish] cuño [Portuguese] cunha [Esperanto] kojno [Catalan] cuny [Spanish] cuneiforme [French] cunéiforme [English] kouign-amann [Breton] kouign [Middle English] coyn [Norman] couongnet [Albanian] kunj [Catalan] encunyar [Welsh] cŷn [Aromanian] cunj [Irish] cúinne [Occitan] cunh [Sicilian] cugnu,*h₂ḱū,,28,252
[English] shit [English] shite [Serbo-Croatian] šit [Tagalog] siyete,*skéydt,,4,253
[English] ass [Tok Pisin] as [English] arse [Translingual] uro- [English] uro- [Translingual] Urochordata [Translingual] Anura [Sranan Tongo] lasi [Jamaican Creole] rass [Jamaican Creole] rass [Greek] ουρά [Translingual] Urodela [English] anuran [Translingual] Uromastyx [Irish] anúra [Translingual] Urocyon [English] raasclaat [Translingual] Uramya,*h₃érsos,,18,254
[Cameroon Pidgin] for [Scottish Gaelic] ar [Norwegian Bokmål] pre- [Norwegian Nynorsk] pre- [Italian] pranzo [English] prime [English] prim [Jamaican Creole] fi [English] primula [English] paresthesia [Romanian] prat [English] primal [Spanish] prima [Swedish] prima [English] preter- [English] para- [Translingual] Primula [English] precept [Esperanto] preter [Irish] ár [Dutch] prairie [French] prairie [Greek] παρά [Sardinian] pradu [Scottish Gaelic] oir [Romanian] prânz [English] palfrey [Middle English] palfrey [Old High German] pfarifrit [English] Pratt [English] portobello [Romanian] prea [Italian] preporre [English] parablepsis [Italian] precetto [English] pre [Armenian] հարավ [Spanish] parámetro [Italian] parestesia [Portuguese] parestesia [Spanish] parestesia [English] paraselene [Russian] пароним [Irish] proinn [English] primigenial [Romanian] prepune [Hungarian] prím [English] paraphragma [Aromanian] prãndzu [Dalmatian] prinz [Aragonese] prau [Georgian] არავი [Kazakh] параметр [Ukrainian] параметр [Translingual] Parasaurolophus [Norwegian Bokmål] preliminær [Norwegian Nynorsk] preliminær [Slavomolisano] prvidan [English] Prater [Bourguignon] pregneire [Polish] predestynacja [Kazakh] парафилия [Esperanto] prajmo [Romagnol] prèm,*preh₂-,,64,255
[Danish] for [Danish] for [Norwegian Bokmål] for [Norwegian Bokmål] for [Norwegian Nynorsk] for [Norwegian Nynorsk] for [Norwegian Nynorsk] for [Norwegian Nynorsk] for [Haitian Creole] pen [French] pain [Old French] pain [English] feed [English] wallah [Chinese] 麭 [Japanese] パン [English] fad [Romansch] pang [Catalan] pastor [Old Occitan] pastor [Portuguese] pastor [Spanish] pastor [Venetian] pastor [Danish] foder [Danish] foder [Swedish] foder [Swedish] foder [English] pantry [English] repast [Korean] 빵 [Korean] 빵 [Translingual] Pan [English] Pan [Italian] Pan [Middle English] Pan [Translingual] Pastor [Hungarian] Pán [German] füttern [German] füttern [Aromanian] peni [Ido] pano [Ido] pano [Ido] pano [Romansch] paun [Dutch] voeden [German] Futter [German] Futter [German] Futter [German] Futter [Icelandic] fóður [Icelandic] fóður [English] bezoar [Italian] bezoar [Polish] bezoar [Romansch] pàn [Aragonese] pan [Asturian] pan [Friulian] pan [Galician] pan [Istriot] pan [Leonese] pan [Ligurian] pan [Lombard] pan [Occitan] pan [Old Spanish] pan [Papiamentu] pan [Piedmontese] pan [Romansch] pan [Spanish] pan [Venetian] pan [Spanish] pacer [Portuguese] Pã [Finnish] pastori [French] pâtre [Norman] paître [Italian] pastore [English] panada [Thai] ขนมปัง [Persian] پاییدن [Spanish] mazapán [Danish] panik [Danish] panik [Polish] futro [Polish] futro [Norwegian Bokmål] fôr [Norwegian Bokmål] fôr [Norwegian Nynorsk] fôr [Norwegian Nynorsk] fôr [Norwegian Nynorsk] fôr [Norwegian Nynorsk] fôr [French] empêtrer [Romanian] păstor [English] Allahabad [Thai] บาล [Spanish] pandero [English] pannum [Portuguese] panfleto [Finnish] pentteri [Luxembourgish] Fudder [Luxembourgish] Fudder [Luxembourgish] Fudder [Luxembourgish] Fudder [English] panivorous [Aromanian] pãne [Occitan] pastre [Middle English] payn [English] panification [Translingual] Panicum [French] Pasteur [Middle Persian] pʾtzhl [Indonesian] panir [Kazakh] пастор [Friulian] pastôr [Hindi] -वाला [Aromanian] pãni [Yiddish] פֿוטער [Yiddish] פֿוטער [Old Swedish] foþer [Old Swedish] foþer [Hindi] गढ़वाल [Mauritian Creole] dipen [Seychellois Creole] dipen [Bourguignon] poin [Romanian] părinc [Balinese] ᬧᬵᬮ [Tagalog] pan de regla [Galician] marzapán [Cimbrian] fòdara [Cimbrian] fòdara [Cimbrian] fuutar [Cimbrian] fuutar [Turkish] paydos [Occitan] pàisser [German] Pamphlet [Phalura] aabaád [Bengali] -ওয়ালা [Swedish] pamflett [Esperanto] furaĝo [Kashmiri] -उल [Kashmiri] ـاُل [Kashmiri] -अल [Kashmiri] ـاَل [Kashmiri] -𑆇𑆬𑇀 [German] Pesch,*peh₂-,,143,256
[French] for [Catalan] fur [French] fur [English] forum [Indonesian] forum [Polish] forum [Serbo-Croatian] forum [German] Forum [Galician] foro [Italian] foro [Portuguese] foro [Spanish] foro [Rohingya] duar [Southeast Pashayi] دور [Spanish] fuero [Hungarian] fórum [Finnish] foorumi [Punjabi] باری [Kazakh] форум [Serbo-Croatian] форум [Bengali] দ্বার [Romani] vudar [Hindi] बार [Old Gujarati] बार [Burmese] ဒွာရ [Khmer] ទ្វារ [Doteli] दार [Konkani] दार [Marathi] दार [Gujarati] બારણું [English] Blandford Forum [Bodo (India)] दुवार [Punjabi] ਬਾਰੀ [Luwati] 𑈛𑈦 [Gujarati] બારી [Santali] ᱫᱩᱣᱟᱹᱨ [Kashmiri] دٲر [Malayalam] ദ്വാരം [Kashmiri] दऻर [Dhivehi] ދޮރު,*dʰworom,,40,257
[Middle Irish] for [Scottish Gaelic] air [Scottish Gaelic] air [Manx] er [English] sovereign [Afrikaans] oor [English] over [Middle English] over [Czech] super [Danish] super [Dutch] super [Sardinian] super [English] soprano [Catalan] soprano [French] soprano [Italian] soprano [Norman] soprano [Portuguese] soprano [Spanish] soprano [Asturian] sobre [Catalan] sobre [Fala] sobre [Galician] sobre [Portuguese] sobre [Spanish] sobre [Sranan Tongo] abra [Irish] mar [Scottish Gaelic] mar [Scottish Gaelic] ur [English] survive [Irish] fara [Translingual] hyper- [English] hyper- [Danish] hyper- [Finnish] hyper- [Norwegian Bokmål] hyper- [Norwegian Nynorsk] hyper- [French] sur [Italian] sur [Catalan] super- [Czech] super- [English] supervise [English] hypertrophy [Hindi] पर [English] surplice [English] hyperdulia [English] hypergolic [Middle Welsh] gor [Urdu] پر [Yola] ower [French] souverain [Irish] formad [Spanish] sobrellevar [Sardinian] supre [Persian] ابر [Persian] بر [Italian] sovrano [English] sur- [Galician] soberano [Portuguese] soberano [Spanish] soberano [Romanian] spre [Romanian] suveran [French] surveiller [Romansch] surviver [Irish] bhur [Armenian] վեր [Dutch] hypertensie [German] Hyperkorrektur [Scottish Gaelic] farmad [Dutch] superplie [Czech] supr [Sardinian] suber [Old French] seur [Occitan] subre [Sardinian] subre [Old French] soverain [Swedish] suverän [Catalan] hiper- [Indonesian] hiper- [Polish] hiper- [Portuguese] hiper- [Catalan] sobre- [Galician] sobre- [German] Hyperonym [Romansch] surveiver [Ladin] suvran [Italian] Surselva [Armenian] վեր- [Greek] υπερασπίζω [Catalan] sobirà [Hindi] ऊपर [Gujarati] પર [Gujarati] ઊપર [Vaghri] ઊપર [Greek] υπέρ [Spanish] sobrepelliz [Russian] гипер- [Galician] sobexo [Korean] 에바 [Indonesian] hipertensi [Ukrainian] гіпер- [Magahi] 𑂣𑂩𑂱 [English] Overy [Polish] suweren [Polish] suweren,*upér,,106,258
[Esperanto] el [Irish] as [English] allege [English] squash [Scottish Gaelic] na [Scottish Gaelic] à [English] ex [English] exchange [English] exchange [English] ex- [Portuguese] ex- [Spanish] ex- [Chavacano] sobre [English] award [English] aventail [English] cheat [Papiamentu] antes [Papiamentu] antes [English] effort [Polish] eks- [Italian] svellere [English] ex-directory [English] soar [Scottish Gaelic] a [Scottish Gaelic] a [Scottish Gaelic] a [Scottish Gaelic] a [Scottish Gaelic] a [English] escheat [English] scamp [Spanish] sobrar [French] échanger [Sardinian] supre [Kabuverdianu] antis [Italian] scambiare [English] extenuating [Romanian] schimba [Italian] esecutore [Finnish] äks [German] scheuern [Italian] scomunicare [Italian] ciarlare [French] essorer [French] ré- [French] éployer [Catalan] es- [Galician] es- [Occitan] escambiar [Catalan] esdevenir [Serbo-Croatian] eks [Greek] εχθρός [Venetian] siełier [Venetian] sorar [Old French] escheoir [English] exthorio [Albanian] shkëmbej [Greek] εκ [Kazakh] экспромт [Ido] expektorar [English] ex delicto [English] ex contractu [Old French] eschangier [Friulian] sgambiâ [Serbo-Croatian] екс [Aromanian] astalj [Papiamentu] pasobra [Galician] estrullar [Greek] εκ- [Sicilian] spillonga [Aromanian] astayi,*h₁eǵʰs,,70,259
[Torres Strait Creole] at [English] heart [Afrikaans] hart [Dutch] hart [Galician] corazón [Spanish] corazón [Danish] hjerte [Norwegian Bokmål] hjerte [Yola] hearth [Manx] cree [Faroese] hjarta [Icelandic] hjarta [Norwegian Nynorsk] hjarta [Portuguese] coração [Scots] hert [Swedish] hjärta [Azerbaijani] dil [Finnish] hertta [Haitian Creole] kè [Scottish Gaelic] cridhe [West Flemish] erte [German] Curaçao [Irish] croí [Norwegian Nynorsk] hjarte [Mauritian Creole] leker [Seychellois Creole] leker [Ladino] korasón [Norwegian Nynorsk] hjerta [Serbo-Croatian] dilkuša [Serbo-Croatian] дилкуша [Slavomolisano] srca [Old Swedish] hiærta [Jutish] jaart [Cebuano] Heart [Cebuano] Heart [Westrobothnian] hjart [Jamaican Creole] heartical [Norwegian Nynorsk] hjartans [Kabuverdianu] kurason [Papiamentu] kurason [Papiamentu] kurason [Guinea-Bissau Creole] korson [Bengali] হরতন,*ḱḗr,,43,260
[Yola] at [English] eat [English] et [Faroese] eta [Icelandic] eta [Norwegian Nynorsk] eta [Manx] ee [Manx] ee [Dutch] eten [Middle Dutch] eten [Middle English] eten [Westrobothnian] ita [Irish] ith [Irish] ith [Scottish Gaelic] ith [Scottish Gaelic] ith [Swedish] äta [Westrobothnian] åt [Scots] ait [Bulgarian] яд [Westrobothnian] etu [Norwegian Bokmål] ete [Icelandic] át [Icelandic] éta [Slavomolisano] jist [Papiamentu] kome [Papiamentu] kome [English] odynophagia [Scots] aet [Guinea-Bissau Creole] kume [Kabuverdianu] kume [Elfdalian] jätå [Danish] æde [Old Swedish] æta [Middle Irish] ithid [Middle Irish] ithid [Indo-Portuguese] comê [Icelandic] etja [English] odynophobia [Norwegian Nynorsk] åte [English] odynometer [English] esthiomene [Westrobothnian] jäta,*h₁ed-,,43,261
[Limburgish] deer [Limburgish] deer [Sranan Tongo] dia [Icelandic] dýr [Afrikaans] dier [Afrikaans] dier [Dutch] dier [Dutch] dier [Dutch] dier [Middle Dutch] dier [Ladin] tier [East Central German] Dier [Hunsrik] Dier [Pennsylvania German] Dier [German] Tier [Norwegian Bokmål] dyr [Norwegian Nynorsk] dyr [Luxembourgish] Déier [English] Dear,*dʰewsóm,,19,262
[German] an [Pennsylvania German] aa [Esperanto] na [Cimbrian] å [Central Franconian] aan [Cimbrian] aan [Hunsrik] aan [Luxembourgish] Enkel [Icelandic] á [Old Norse] á [West Frisian] oan [Armenian] ան- [Middle Armenian] ան- [Albanian] nulë [Yiddish] אָן [German] Ahne [French] anulingus [Yiddish] אָנ־,*h₂en-,,18,263
[Irish] an [Irish] an [Scottish Gaelic] an [Scottish Gaelic] an [Irish] sin [Middle Irish] sin [Scottish Gaelic] sin [Sardinian] semper [Catalan] sempre [Galician] sempre [Ido] sempre [Occitan] sempre [Old Portuguese] sempre [Portuguese] sempre [English] sempervirent [Catalan] sempervirent [Translingual] Sempervivum [Asturian] siempre [Spanish] siempre [Manx] shen [Manx] yn [Old French] sempres [English] henology [Venetian] senpre [Istriot] senpro [Dalmatian] siampro [Dalmatian] sianpro [Tagalog] siyempre [Old Spanish] sienpre,*sḗm,,29,264
[Scottish Gaelic] an [Irish] as [Scottish Gaelic] na [Scottish Gaelic] à [Scottish Gaelic] a [Scottish Gaelic] a [Scottish Gaelic] a [Scottish Gaelic] a [Scottish Gaelic] a,*ésyo,,9,265
[Scottish Gaelic] an [Irish] as [Scottish Gaelic] na [Scottish Gaelic] à [Scottish Gaelic] a [Scottish Gaelic] a [Scottish Gaelic] a [Scottish Gaelic] a [Scottish Gaelic] a,*ō,,9,266
[Papiamentu] lama [Papiamentu] lama [Corsican] mare [Dutch] mare [French] mare [Istriot] mare [Italian] mare [Neapolitan] mare [Romanian] mare [Sardinian] mare [Venetian] mare [Afrikaans] meer [French] mer [French] mer [French] mer [Middle French] mer [Middle French] mer [Old French] mer [Romansch] mer [Walloon] mer [Walloon] mer [Asturian] mar [Bourguignon] mar [Catalan] mar [Chavacano] mar [Galician] mar [Galician] mar [Guinea-Bissau Creole] mar [Icelandic] mar [Icelandic] mar [Kabuverdianu] mar [Occitan] mar [Old Portuguese] mar [Portuguese] mar [Portuguese] mar [Romansch] mar [Spanish] mar [Venetian] mar [English] cormorant [English] cormorant [Slavomolisano] mor [Norman] mé [Norman] mé [Megleno-Romanian] mari [Sardinian] mari [Sicilian] mari [Esperanto] maro [French] marée [Aromanian] amari [Mauritian Creole] lamer [English] maar [Cebuano] marino [Dalmatian] mur [Papiamentu] laman [Papiamentu] laman [English] Muir [Czech] moře [Italian] Morava [Romagnol] mêr [Kabuverdianu] már [English] mariculture [English] marigraph [Haitian Creole] lamè [Estonian] Merili [Spanish] marsopa [Friulian] mâr [Istro-Romanian] måre [Ligurian] mâ [English] marograph [Faroese] marur [Seychellois Creole] lanmer [German] Maar,*móri,,72,267
[Lower Sorbian] wiki [English] ecology [English] village [Catalan] eco- [Spanish] eco- [Icelandic] villa [Norwegian Bokmål] villa [Norwegian Nynorsk] villa [Spanish] villa [English] villain [English] villein [Bourguignon] ville [English] vill [English] oecus [Galician] vila [Portuguese] vila [Venetian] vila [Danish] økologi [Kazakh] экология [Ukrainian] екологія [English] wike [Macedonian] вила [Serbo-Croatian] вила [Greek] οίκος [Hungarian] ökológia [English] wrixle [German] öko- [Catalan] vil·la [Irish] éici- [Galician] Vigo [English] oikophobia [English] oikology [English] oikocryst [Hijazi Arabic] فلة [Irish] éicea- [Galician] Vilaguillulfe [Galician] Vilasantar [English] oikophobe [Greek] οικο- [English] oecium [Galician] Vilatuíxe [Italian] stenoeco [Esperanto] ekologo [Kazakh] экогенетика [Kazakh] экосфера [Kazakh] экотоксикология [Dutch] Vijlen [English] Wykeham,*weyḱ-,,48,268
[English] tree [Norwegian Bokmål] tre [English] tar [Yola] tar [Bislama] tri [Samoan Plantation Pidgin] tri [Torres Strait Creole] tri [Middle English] ter [Yola] tren [English] larch [German] Lärche [Budukh] дар [Kazakh] дар [Scottish Gaelic] darach [Esperanto] lariko [Urdu] دارو [French] mélèze [English] havildar [Greek] δόρυ [Middle English] teer [Italian] larice [English] tehsildar [Irish] dair [Manx] darragh [Greek] δρυοκολάπτης [Translingual] Larix [Translingual] Dryocopus [Serbo-Croatian] haznadar [Serbo-Croatian] хазнадар [Norwegian Bokmål] lerk [Norwegian Nynorsk] lerk [Hindi] महावरेदार [Hindi] शानदार [Swahili] jemadari [English] Majumdar [Hindi] वफ़ादार [Alemannic German] Läärche [Marathi] जबाबदार [English] selictar [Urdu] جمعدار [Jamaican Creole] chrii [Bengali] ইজারাদার [Danish] lærk [Old High German] lerihha [Bengali] দৌলতদার [Turkish] kasadar [Turkish] taraftar [Turkish] darağacı,*dóru,,48,269
[Yola] her [Yola] her [Scottish Gaelic] gun [English] hire [English] hire [English] cis [Esperanto] cis [Irish] gan [Czech] cese [Greek] σήμερα [Manx] gyn [Dalmatian] čedur [Maltese] ċeda,*ḱe,,13,270
[Sranan Tongo] boy [English] boychik [Cebuano] Boy [Indonesian] boi [Sranan Tongo] boi [Faroese] beiggi [Bislama] boe [Pijin] boe [Tok Pisin] baimboi [Chinese] BL [Vietnamese] bồi [Jamaican Creole] bwoy [English] boitjie [Yiddish] בויטשיק [Nzadi] bɔy [Lingala] bɔ́i,*bʰā-,,16,271
[Westrobothnian] boy [Norwegian Bokmål] bog [Norwegian Nynorsk] bog [Swedish] bog [Danish] bov [Icelandic] bógur [Scots] bou [Indonesian] bahu [Indonesian] bahu [Indonesian] bahu [Indonesian] bau [Dutch] bouw [Thai] พาหุ [Thai] พาหุ [Hindi] बाँह [Punjabi] ਬਾਂਹ [Phalura] baaugáaṛu [Urak Lawoi'] บาฮู [Urak Lawoi'] บาฮู [Punjabi] بانہہ,*bʰeh₂ǵʰús,,20,272
[Chinese Pidgin English] my [English] mine [Nigerian Pidgin] ma [English] min [English] min,*méynos,,5,273
[Manx] my [Scottish Gaelic] ma [Irish] má [Spanish] menopausia [Spanish] menarquia [Greek] μήνας [Polish] menopauza [Norwegian Bokmål] amenoré [Norwegian Bokmål] amenore,*meh₂,,9,274
[Catalan] to [English] ton [Friulian] ton [Friulian] ton [Indonesian] ton [Romanian] ton [Swedish] ton [Portuguese] tom [English] tone [English] tone [Danish] tone [Danish] tone [Norwegian Bokmål] tone [Norwegian Bokmål] tone [Norwegian Nynorsk] tone [Norwegian Nynorsk] tone [Dalmatian] tun [Dalmatian] tun [Romanian] tun [Romansch] tun [English] tune [English] tune [Afrikaans] toon [Dutch] toon [German] Ton [German] Ton [Cebuano] tono [Cebuano] tono [Italian] tono [Galician] trono [Italian] trono [Spanish] trueno [Latin] tonus [Portuguese] trom [Occitan] tron [Bulgarian] тон [Bulgarian] тон [Russian] тон [Russian] тон [Indonesian] tona [Italian] tuono [Italian] tuono [Ligurian] trón [Greek] τόνος [Sicilian] tronu [Sicilian] tronu [Finnish] tooni [English] tono- [Icelandic] tónn [Icelandic] tónn [Welsh] tôn [Telugu] తానరూపి [Luxembourgish] Toun [Luxembourgish] Toun [Asturian] truenu [Asturian] truenu [Bulgarian] тонус [Russian] тонус [Italian] truono [Greek] άτονος [Marshallese] toņ [Marshallese] toņ [Hungarian] tónus,*tónos,,63,275
[English] article [Italian] arto,*h₂r̥tós,,2,276
[English] article [Italian] arto,*h₂értus,,2,277
[Norwegian Bokmål] case [Norwegian Nynorsk] case [Gallo] chair [Papiamentu] kai [Middle English] cas [Neapolitan] caso [English] casuist [Indonesian] kasus [Norwegian Bokmål] kasus [Norwegian Nynorsk] kasus [Swedish] kasus [Venetian] cascar [Gallo] cheir [Istriot] cascà [Walloon] tchair [Cebuano] kaso,*ḱh₂d-,,16,278
[English] leather [Middle English] ledder [Irish] leathar [Middle English] leddyr [Middle English] lether,*létrom,,5,279
[Catalan] mill [English] mole [Middle English] mile [English] meal [Dalmatian] mail [English] Melanesia [English] mule [English] millet [French] millet [Galician] moa [French] mil [English] Melanie [Danish] Melanie [German] Melanie [Portuguese] mó [English] Mole [Spanish] muela [Norwegian Nynorsk] mol [Friulian] mei [Romanian] mei [English] mielie [Afrikaans] mielie [Old High German] mulin [Old English] mylen [Middle English] mele [Portuguese] milho [Catalan] mola [Italian] mola [Swedish] Mjölner [Icelandic] Mjölnir [Italian] miglio [Czech] malovat [Spanish] mijo [Translingual] Melanogrammus [Friulian] muele [French] meule [Norman] meule [Portuguese] milha [Latin] melanogaster [English] malagueta [Translingual] Mola [Galician] millo [Old Portuguese] millo [Icelandic] möl [Romanian] moară [English] mela- [English] -meal [French] môle [Translingual] Melanitta [Dutch] Melanesië [Venetian] méjo [Venetian] moła [Translingual] Melanospiza [French] Mélanésie [Aromanian] meljiu [Aromanian] moarã [Norwegian Bokmål] melanom [Translingual] Melaleuca [Italian] melano- [Latin] melanoleucus [Aromanian] melj [Ligurian] mêua [Alemannic German] Müli [Galician] amoado [Norwegian Nynorsk] mòl [Corsican] migliu [Italian] melanerpe [English] molnupiravir,*melh₂-,,68,280
[Irish] mill [Manx] mill [Scottish Gaelic] mill [Catalan] mal [Dalmatian] mal [Dutch] mal [French] mal [Interlingua] mal [Old French] mal [Old Occitan] mal [Portuguese] mal [Spanish] mal [English] mollify [Portuguese] mole [Bourguignon] mau [Bourguignon] mau [Portuguese] mau [English] moll [Catalan] moll [Hungarian] moll [Icelandic] moll [Norwegian Bokmål] moll [Norwegian Nynorsk] moll [English] mull [Irish] mall [Scottish Gaelic] mall [English] melodrama [Norwegian Bokmål] melodrama [Norwegian Nynorsk] melodrama [Spanish] melodrama [Galician] malo [Italian] malo [Spanish] malo [Sicilian] mali [Norman] mo [Spanish] muelle [German] Amelie [Friulian] mâl [Sicilian] mala [Spanish] maldad [Friulian] mol [Galician] mol [Asturian] malu [Papiamentu] malu [Sardinian] malu [Sicilian] malu [Italian] molle [Middle English] molle [Esperanto] mola [English] amelia [Finnish] molli [Galician] mao [Old Portuguese] mao [French] mou [English] mullein [Aromanian] moli [Italian] malia [English] melic [Translingual] Malus [Greek] μέλος [Hungarian] molett [Dalmatian] mul [Sicilian] moddu [Dutch] bonus-malus [Old French] malvais [Old Occitan] malvais [Romanian] moale [English] polymelia [Romagnol] mêl [Venetian] moło [Translingual] Melospiza [Italian] melos [Catalan] mullar [English] melomaniac [Faroese] ferska [Portuguese] maldade [Aromanian] moali [Czech] malér [Portuguese] amolgar [Asturian] aguamala [English] melo- [Italian] melo- [Norwegian Bokmål] a-moll [German] mollig [French] Meaux [English] acromesomelia [Mauritian Creole] malelve [Seychellois Creole] malelve [English] malafide [English] amelic [Greek] ερρινομελής [Norwegian Bokmål] malplassert [Norwegian Nynorsk] malplassert [English] mollin [Venetian] mòlo [Italian] dimoiare [Polish] melodeklamacja,*mel-,,97,281
[Irish] air [Old Swedish] æria [Swedish] ärja,*h₂éryeti,,3,282
[Norwegian Bokmål] all [Norwegian Nynorsk] all [Swedish] all [Danish] al [Bislama] ol [Tok Pisin] ol [English] element [Catalan] element [Crimean Tatar] element [Dutch] element [Norwegian Bokmål] element [Norwegian Nynorsk] element [Romanian] element [Turkish] element [Translingual] pro [English] Alps [English] alp [Danish] alder [Norwegian Bokmål] alder [Norwegian Nynorsk] alder [Old Swedish] alder [Old Swedish] alder [Portuguese] aluno [Faroese] alt [Esperanto] olda [Esperanto] elemento [Galician] elemento [Italian] elemento [Portuguese] elemento [Spanish] elemento [German] Element [Faroese] aldur [Icelandic] aldur [Faroese] allur [Icelandic] allur [Kazakh] элемент [Swedish] ålder [Translingual] Ulva [Norwegian Bokmål] aldring [Finnish] elementti [Italian] alvo [Tok Pisin] olkain [Hungarian] elem [French] élément [Tok Pisin] olsem [English] Arpitan [Kannada] ಅರಣ್ಯ [Armenian] ողջ [Irish] uile [Middle Irish] uile [Scottish Gaelic] uile [Greek] άλσος [Manx] ooilley [Swedish] allra [Bulgarian] елемент [Translingual] Arundinicola [Konkani] रान [Welsh] elfen [Georgian] ელემენტი [French] arpitan [Gujarati] રણ [Chinese] 蘭若 [Chinese] 阿爾卑斯 [Old Gujarati] अरंन [Hindi] रन [Galician] olga [Hungarian] alpesi [Sranan Tongo] owru [Westrobothnian] åll [Occitan] Aups [Bengali] অরণ্য [Kazakh] фотоэлемент [Turkish] eleman [Indonesian] elemen [Malayalam] അരണ്യം [Lithuanian] elementas,*h₂el-,,76,283
[Haitian Creole] ant [Irish] idir [Scottish Gaelic] idir [English] enter- [Scottish Gaelic] eadar [Manx] eddyr [Scottish Gaelic] eadar- [Sardinian] intre,*h₁enter,,8,284
[English] angle [Catalan] angle [French] angle [Esperanto] angulo [Haitian Creole] ang [Italian] angolo [Sicilian] àngulu [Sicilian] agnuni [Romanian] unghi [Romansch] anghel [Romansch] ànghel [Translingual] Angulus [Welsh] ongl [Friulian] angul [Romansch] angul,*h₂engulos,,15,285
[English] answer [English] swear [Friulian] sort [Aromanian] surd [Romanian] surd [Dutch] zwaard [German] Schwert [German] Schwert [Swedish] svärd [Icelandic] sverð [English] swarm [Middle English] swarm [Tok Pisin] ansa [Tok Pisin] ansa [Italian] sordo [Spanish] sordo [Esperanto] surda [Middle Dutch] swert [Middle High German] swert [Middle English] sweren [French] sourd [Middle French] sourd [Spanish] susurro [Irish] searbh [Scottish Gaelic] searbh [Faroese] svørja [Swedish] svära [Romanian] asurzi [Faroese] Sverri [Yiddish] שווערד [Danish] sværd [Antillean Creole] soud [Italian] sussurro [Icelandic] sverja [Norwegian Nynorsk] sverja [Faroese] svørð [Norwegian] Sverre [Norwegian Bokmål] sverd [Norwegian Nynorsk] sverd [Afrikaans] sweer [Afrikaans] sweer [Istriot] surdo [Portuguese] surdo [Sranan Tongo] sweri [Sranan Tongo] sweri [Catalan] sord [Albanian] shurdh [Danish] sværm [Aragonese] xordo [Galician] xordo [Danish] svære [Aromanian] surdu [Sicilian] surdu [Hindi] सुर [Luxembourgish] schwieren [Indonesian] suara [Malay] suara [Icelandic] sver [Asturian] sordu [Alemannic German] schwere [Icelandic] Sverrir [Swedish] svärm [Norwegian Bokmål] sverm [Norwegian Nynorsk] sverm [Old Danish] swærth [Danish] sværge [Dalmatian] suard [Old Swedish] sværþ [Luxembourgish] Schwäert [Luxembourgish] Schwäert [Aromanian] asurdzãscu [Old Swedish] sværmber [Old Swedish] sværia [Norwegian Bokmål] sverge [Burmese] သရ [Westrobothnian] sväri [Catalan] eixordar [Afrikaans] swerm [Balinese] ᬲ᭄ᬯᬭ [Aromanian] surdzest [Mon] သွဵု [Venetian] sórdo [Malayalam] സ്വരം [Urak Lawoi'] ซาวารา [Norwegian Nynorsk] svørd,*swer-,,85,286
[English] advice [French] visa [French] avis [English] visage [French] visage [Old French] visage [English] visual [Asturian] visual [Catalan] visual [Galician] visual [Indonesian] visual [Portuguese] visual [Spanish] visual [Middle Irish] fis [Italian] visuale [Catalan] vist [Hungarian] vizuális [Old Occitan] vizatge [Istriot] veîso [Istriot] veisto,*wéydtus,,20,287
[English] arm [English] arm [Scots] arm [Scots] arm [Scots] airm [Yola] arrm,*arəm-,,6,288
[English] arm [English] arm [Scots] arm [Scots] arm [Scots] airm [Yola] arrm,*erm-,,6,289
[English] arm [English] arm [Middle English] arm [Middle English] arm [Scots] arm [Scots] arm [Scots] airm [Yola] arrm,*mos,,8,290
[Afrikaans] arm [Jersey Dutch] arm,*h₂erH-,,2,291
[Cimbrian] arm [Cimbrian] arm [German] Arm [Yiddish] אָרעם [Yiddish] אָרעם [Luxembourgish] Aarm [Luxembourgish] aarm [Central Franconian] Ärm [Hunsrik] Aarem,*h₂ermos,,9,292
[Irish] arm [Manx] arm [Scottish Gaelic] arm [English] armistice [French] armistice [French] arme [Friulian] arme [Norman] arme [Old French] arme [Aragonese] arma [Asturian] arma [Catalan] arma [Galician] arma [Italian] arma [Occitan] arma [Old Occitan] arma [Old Portuguese] arma [Portuguese] arma [Spanish] arma [English] alarm [Middle Welsh] arf [Welsh] arf [Portuguese] armistício [Galician] armisticio [Spanish] armisticio [Cebuano] armas [Italian] armistizio [Romanian] armă [Ladin] erma [Esperanto] armeo [Dalmatian] jarma [Greek] άρμα [Catalan] armistici [Aromanian] armã [English] armatole [Czech] armatol,*h₂er-mn̥-tom,,36,293
[English] art [English] art [Ido] arto [Yola] ete [Scots] airt [Yola] yarth,*h₂r̥tís,,6,294
[Catalan] art [Cornish] art [Occitan] art [Albanian] artist [Esperanto] arto [Asturian] arte [Galician] arte [Portuguese] arte [Ladin] ert [Hungarian] artista [Finnish] artenomi [Lombard] aart [Spanish] artilugio,*h₂értis,,13,295
[Irish] art [French] ours [Middle French] ours [English] Antarctica [Old Spanish] osso [English] Arcadia [Spanish] Arcadia [Ido] urso [Aragonese] onso [Swedish] Antarktis [English] Arthur [Chavacano] oso [Chavacano] oso [Galician] oso [Spanish] oso [Tetelcingo Nahuatl] uso [Manx] Art [Translingual] Ursus [Ladin] lors [Old French] urs [Romanian] urs [Romansch] urs [Italian] orso [English] arctophile [Armenian] արջ [English] Arcady [Mauritian Creole] lours [Seychellois Creole] lours [Indonesian] Antarktika [Translingual] Ursus maritimus [Asturian] osu [Aromanian] ursu [Sardinian] ursu [Sicilian] ursu [Catalan] ós [Friulian] ors [Maltese] ors [Occitan] ors [English] Acadia [Punjabi] ਰਿੱਛ [Greek] αρκούδα [Translingual] Ursus arctos [Translingual] Ursus arctos [Romansch] uors [Pontic Greek] άρκος [Translingual] Arctictis [Translingual] Arctostaphylos [Portuguese] Arcádia [Old Portuguese] usso [Portuguese] usso [Gujarati] રીંછ [Somali] oorso [English] arctogaeal [Corsican] orsu [Sanskrit] अच्छ [Translingual] Arctocephalus [Sardinian] ussu [Old Marathi] रिहस [Garhwali] रिख [Hindi] रीछ [Torwali] ایِݜ [Old Marathi] 𑘨𑘱𑘮𑘭 [Urdu] ریچھ [Ladino] lonso [Savi] inčeṛi [Phalura] iṇc̣ [Romagnol] órs [Translingual] Arctia,*h₂ŕ̥tḱos,,68,296
[Middle English] art [English] ear [Tok Pisin] ia [Spanish] borona [Middle English] erden [Middle English] eren [Irish] arbhar [Scottish Gaelic] arbhar [English] erd [Middle English] erd [Middle English] erd [English] yedding [Romanian] arbănaș [Aromanian] arbines,*h₂erh₃-,,14,297
[Aragonese] mundo [Galician] mundo [Portuguese] mundo [Spanish] mundo [Friulian] mond [Occitan] mond [Romansch] mond [Old French] munt [Bourguignon] monde [French] monde [Middle French] monde [Middle French] monde [Old French] monde [Old French] monde [Walloon] monde [English] mundane [Old Occitan] mon [Franco-Provençal] mondo [Istriot] mondo [Italian] mondo [Spanish] mondo [Old French] mund [Romansch] mund [Neapolitan] munno [Sicilian] munnu [Picard] monne [Catalan] món [English] Muspell [Asturian] mundu [Sardinian] mundu [Asturian] mundiu [Portuguese] mundano [Spanish] mundano [Venetian] móndo [English] mundivagant [Romansch] muond [English] mundialization [Middle English] mounde [Old Saxon] mudspelli [Old High German] muspilli [Sardinian] mundhu,*mh₂nd-,,41,298
[Aragonese] mundo [Galician] mundo [Portuguese] mundo [Spanish] mundo [Friulian] mond [Occitan] mond [Romansch] mond [Old French] munt [Bourguignon] monde [French] monde [Middle French] monde [Middle French] monde [Old French] monde [Old French] monde [Walloon] monde [English] mundane [Old Occitan] mon [Franco-Provençal] mondo [Istriot] mondo [Italian] mondo [Spanish] mondo [Old French] mund [Romansch] mund [Neapolitan] munno [Sicilian] munnu [Picard] monne [Catalan] món [English] Muspell [Asturian] mundu [Sardinian] mundu [Asturian] mundiu [Portuguese] mundano [Spanish] mundano [Venetian] móndo [English] mundivagant [Romansch] muond [English] mundialization [Middle English] mounde [Old Saxon] mudspelli [Old High German] muspilli [Sardinian] mundhu,*muh₂-,,41,299
[Catalan] as [English] Oslo [Japanese] アース [Icelandic] ás [Icelandic] ás [Danish] ås [Norwegian Bokmål] ås [Norwegian Bokmål] ås [Norwegian Bokmål] ås [Norwegian Nynorsk] ås [Norwegian Nynorsk] ås [Swedish] ås [Finnish] aasa [Faroese] ásur [Faroese] ásur [Faroese] ásur [Elfdalian] ǫs [Westrobothnian] ás’,*h₂énsus,,18,300
[Catalan] as [English] Oslo [English] merle [French] merle [English] merlon [French] merlon [Japanese] アース [Icelandic] ás [Icelandic] ás [Dutch] merel [Galician] merlo [Italian] merlo [Ladin] merlo [Spanish] merlo [Japanese] 阿修羅 [Danish] ås [Norwegian Bokmål] ås [Norwegian Bokmål] ås [Norwegian Bokmål] ås [Norwegian Nynorsk] ås [Norwegian Nynorsk] ås [Swedish] ås [Finnish] aasa [Spanish] mirlo [Pali] asura [Galician] melro [Portuguese] melro [Thai] อสูร [Bourguignon] marle [Romanian] mierlă [Luxembourgish] Märel [Catalan] merla [Galician] merla [Italian] merla [Romansch] merl [Dalmatian] miarla [Aromanian] njerlã [English] merlette [Faroese] ásur [Faroese] ásur [Faroese] ásur [Friulian] mierli [Spanish] mierla [Bourguignon] miâle [Italian] merlango [Vietnamese] A Tu La [Balinese] ᬲᬸᬭ [Elfdalian] ǫs [Westrobothnian] ás’,*h₂ems-,,49,301
[Dutch] wassen [Low German] wassen [English] wax [Icelandic] vaxa [German] wachsen [Danish] vokse [Norwegian Bokmål] vokse [Scottish Gaelic] feur [Middle English] waxen [Faroese] vaksa [Gutnish] vaksa [Swedish] växa [Irish] féar [Manx] faiyr [Norwegian Nynorsk] veksa [Norwegian Nynorsk] vekse [West Makian] uas [Yiddish] וואַקסן [Middle High German] wahsen [Cimbrian] baksan [Hunsrik] wachse [Central Franconian] wahße [Luxembourgish] wuessen [Scanian] vuğsa,*h₂weg-,,24,302
[English] thick [Afrikaans] dik [Ido] dika [Icelandic] þykkur [Swedish] tjock [Faroese] tjúkkur [Berbice Creole Dutch] deki [Danish] tyk [Norwegian Bokmål] tykk [Scanian] tjykker [Middle English] thikke [Papiamentu] diki,*tégus,,12,303
[German] was [Hunsrik] was [Ido] ke [Dalmatian] co [Alemannic German] waas [Aromanian] che [Istriot] che [Italian] che [Romansch] che [Cimbrian] baz [Cimbrian] bas [Translingual] quod vide [Romansch] cu [Romanian] că [Aromanian] cã [English] quod google [Yiddish] וואָס,*kʷod,,17,304
[Scots] sister [Mauritian Creole] ser [Romansch] sour [Middle French] soeur [Norman] soeur [French] sœur [Neapolitan] sora [Romansch] sora [Interlingua] soror [Portuguese] soror [Friulian] sûr [Dutch] zuster [Faroese] systir [Faroese] systir [Icelandic] systir [Icelandic] systir [Old Norse] systir [Old Swedish] systir [Ligurian] seu [Danish] søster [Norwegian Bokmål] søster [Norwegian Bokmål] søster [Norwegian Nynorsk] søster [Norwegian Nynorsk] søster [Dalmatian] saur [English] sorority [Catalan] sor [Spanish] sor [Afrikaans] suster [Afrikaans] suster [Indonesian] suster [Middle English] suster [Central Franconian] Schwester [German] Schwester [Kriol] sista [Nigerian Pidgin] sista [Pijin] sista [Tok Pisin] sista [Italian] suora [Armenian] քույր [Haitian Creole] sè [Italian] sorella [Romanian] soră [Rusyn] сестра [Maltese] soru [Sicilian] soru [Norwegian Nynorsk] syster [Norwegian Nynorsk] syster [Swedish] syster [Swedish] syster [Vilamovian] syster [Belarusian] сястра [Occitan] sòrre [Manx] shuyr [Aromanian] sorã [Luxembourgish] Schwëster [Venetian] soreła [Norman] soeu [English] sororize [Westrobothnian] söster [Sardinian] sorre [Yiddish] שוועסטער [French] 6ter [Franco-Provençal] suèr [Irish] siúr [English] Soroptimist [Spanish] sororidad [Yola] zister [Gandhari] 𐨯𐨿𐨤𐨯𐨂 [Khowar] اِسپُسار [Pennsylvania German] Schweschder [Dalmatian] seraul [Cimbrian] sbestar [Cimbrian] sbeistar [Cimbrian] sbéstar [Alemannic German] schweschter [Mòcheno] schbester [Cebuano] sororiti [Alemannic German] Schwöschter [Romagnol] surëla,*swésōr,,80,305
[Scots] what [Yola] what [English] whet [English] triquetrum [English] triquetrous,*kʷeh₁d-,,5,306
[Catalan] son [Old French] son [Asturian] so [Friulian] so [Mauritian Creole] so [Fala] sei [Sardinian] suu [Indo-Portuguese] su [Spanish] su [Old Catalan] sous [Catalan] sou [Old Catalan] sou [Sardinian] sou [Italian] suo [Sardinian] suo [Catalan] seu [Catalan] seu [Galician] seu [Ligurian] seu [Old Portuguese] seu [Portuguese] seu [French] sien [Old Catalan] sua [Romanian] său [Neapolitan] sujo [Old Catalan] sues [Galician] seus [Louisiana Creole French] sô [Sassarese] sóiu,*sewos,,29,307
[Catalan] son [Galician] sono [Portuguese] sono [English] somnambulist [Spanish] sueño [Spanish] sueño [Spanish] sueño [French] sommeil [Icelandic] svefn [Romansch] sien [English] somnifacient [English] somnolence [French] somnolence [Urdu] سوپن [French] somme [Picard] somme [Italian] sonno [Scottish Gaelic] suain [Irish] suan [Maithili] सपना [Nepali] सपना [Faroese] svøvnur [Romanian] somn [Swedish] sömn [Danish] søvn [Norwegian Bokmål] søvn [Norwegian Nynorsk] søvn [English] parasomnia [Italian] sonnolenza [English] sweven [English] sweven [Middle English] sweven [English] somnipathy [Italian] sonnecchiare [Sicilian] nzunnari [Sicilian] sonnu [Old Swedish] symn [French] somnambule [Friulian] sium [Spanish] somnolencia [Spanish] soñolencia [Dalmatian] samno [Aromanian] somnu [Neapolitan] suonno [Portuguese] sonolência [Asturian] sueñu [Old Gujarati] सुमिणउं [Norwegian Nynorsk] svevn [Ligurian] séunno [Maithili] 𑒮𑒣𑒢𑒰 [Assamese] সপোন [Mauritian Creole] somey [English] somniloquacious [Haitian Creole] sòmey [Assamese] সপান [Sicilian] sunnari [Norwegian Nynorsk] svebn [Norwegian Nynorsk] svemn [Norwegian Nynorsk] svømn [Norwegian Nynorsk] sømn [Esperanto] somnambulismo,*swépnos,,61,308
[English] nephew [Italian] nipote [English] neve [Mauritian Creole] neve [Middle English] neve [Seychellois Creole] neve [Irish] nia [Old Irish] nia [Esperanto] nevo [Esperanto] nevo [Ido] nevo [French] neveu [Afrikaans] neef [Persian] نوه [Middle English] newe [Persian] نوا [Esperanto] nepo [Ido] nepoto [Romanian] nepot [Venetian] neoda [Luxembourgish] Neveu [Greek] ανιψιός [Cimbrian] nevódo [Catalan] nebot [Catalan] neboda [Aromanian] nipot [Aromanian] nipoatã [Norman] n'veu [Greek] ανίψι [Kalasha] nawáw [Konkani] नाथु [Marathi] नातू [Cimbrian] nevóda [Middle English] nefe [Aromanian] nãpot [Aromanian] nãpote [Oriya] ନାତି,*népōts,,37,309
[English] niece [Old French] niece [Swedish] niece [Galician] neta [Portuguese] neta [French] nièce [Asturian] nietu [Spanish] tataranieto [Galician] neto [Portuguese] neto [Asturian] nieta [Spanish] nieta [English] nift [Catalan] néta [Luxembourgish] Niess [Catalan] nét [Norman] nièche [Dalmatian] niapta [Friulian] gnece [Middle English] nyfte,*néptih₂,,20,310
[English] uncle [English] uncle [Middle English] uncle [English] avuncular [Romansch] aug [Esperanto] onklo [Esperanto] onklo [Ido] onklo [Danish] onkel [Norwegian Bokmål] onkel [Norwegian Bokmål] onkel [Norwegian Bokmål] onkel [Norwegian Nynorsk] onkel [Norwegian Nynorsk] onkel [Catalan] oncle [French] oncle [French] oncle [French] oncle [Middle French] oncle [Middle French] oncle [Occitan] oncle [Old French] oncle [Romanian] unchi [Irish] uncail [Irish] uncail [Scottish Gaelic] uncail [Scottish Gaelic] uncail [French] avunculaire [English] avunculicide [Norman] aonclle [Norman] aonclle [Albanian] ungj [Yiddish] אָנקל [Norman] oncl'ye [Norman] oncl'ye [Norwegian Bokmål] filleonkel [Norwegian Bokmål] filleonkel [Norwegian Bokmål] filleonkel [Norwegian Bokmål] filleonkel,*h₂euh₂-n-tlo,,39,311
[English] aunt [Romansch] onda [Swedish] tant [Afrikaans] tante [Danish] tante [Dutch] tante [French] tante [Indonesian] tante [Indonesian] tante [Malay] tante [Norman] tante [Norwegian Bokmål] tante [Norwegian Nynorsk] tante [Hungarian] tanti [Icelandic] tanta [Papiamentu] tanta [Romanian] mătușă [Cimbrian] amada [Papiamentu] tanchi [Yiddish] טאַנטע [Middle English] aunte [Dalmatian] amia [Friulian] agne [Venetian] àmia [Venetian] àmeda [Norman] tànte [English] tannie [Old French] antain [Cimbrian] tånte [Cimbrian] gnégna [Norwegian Bokmål] filletante,*amma-,,31,312
[English] honey [Indonesian] kencana [Malay] kencana [Latin] cnecos [Sundanese] ᮊᮔ᮪ᮎᮔ [Marshallese] ōne [Yola] henee,*kn̥h₂ónks,,7,313
[Aromanian] car [Romagnol] car [Romanian] car [Lower Sorbian] kara [Polish] kara [Silesian] kara [English] carry [Venetian] caro [English] charge [French] char [Old French] char [English] career [Scots] career [English] carousel [Sranan Tongo] asi [English] chariot [Serbo-Croatian] хорс [Tok Pisin] hos [Catalan] carril [Portuguese] carril [Spanish] carril [French] charger [Catalan] carro [Galician] carro [Italian] carro [Occitan] carro [Portuguese] carro [Spanish] carro [Afrikaans] kar [Dutch] kar [Asturian] carrera [Catalan] carrera [Spanish] carrera [English] carrack [Spanish] corro [French] carrière [Italian] carriera [Italian] caricare [Romanian] descărca [Galician] cargar [Spanish] cargar [Venetian] cargar [Spanish] caricatura [German] Karren [German] Karre [Spanish] descargar [Venetian] descargar [Catalan] carrer [Estonian] kaarik [Swedish] karriär [Old French] carier [Albanian] kerr [Dutch] karos [Italian] discaricare [Spanish] carruaje [Cebuano] karo [Italian] carraio [Italian] carraia [Dutch] kraak [Romanian] încărca [Finnish] kärry [French] charrier [Occitan] carrièra [Russian] карета [Catalan] carruatge [Romanian] cărare [Occitan] carrejar [Romanian] căra [Old French] chargier [Bulgarian] карам [Hungarian] sarzsi [Catalan] carregar [Portuguese] carregar [Swedish] kärra [French] décharger [Galician] carreira [Portuguese] carreira [Portuguese] descarregar [Asturian] carru [Sardinian] carru [Latvian] ķerra [Aromanian] ncarcu [Aromanian] ãncarcu [Aromanian] discarcu [Albanian] shkarkoj [Albanian] ngarkoj [Norman] chèrgi [Friulian] cjar [Portuguese] carruagem [Galician] curral [Friulian] cjâr [Friulian] cjariâ [Polish] kariera [Friulian] discjariâ [Hungarian] karrier [Hungarian] karosszéria [Ido] charjar [Aromanian] cãrari [French] charrière [Franco-Provençal] chargiér [Norwegian Bokmål] kjerre [Norwegian Nynorsk] kjerre [Dalmatian] caricur [Ligurian] caregâ [Icelandic] kerra [Old Norse] kerra [Cebuano] karwahe [English] karozzin [Ancient Greek] κάρρον [Indonesian] karier [Aromanian] zdãcarc [Indonesian] korsel,*ḱr̥sós,,112,314
[Irish] car [Danish] hor [Old Swedish] hor [Swedish] hor [Danish] kær [Icelandic] kær [Faroese] kærur [Icelandic] hór [Icelandic] hór [Icelandic] hór [Caló] camelar [Spanish] camelar [Swedish] kär [Norwegian Bokmål] kjær [Norwegian Nynorsk] kjær [Norwegian Bokmål] kjærlig [Norwegian Nynorsk] kjærleg [Norn] kårr [Danish] kærlig [English] Carwyn,*keh₂-,,20,315
[Scottish Gaelic] car [English] chronology [English] curve [English] crown [Irish] cor [Scottish Gaelic] cor [Dalmatian] con [French] con [Old French] con [Swedish] krona [English] share [Middle English] share [English] cruciform [English] cross [Middle English] cross [Norwegian Bokmål] score [English] scorpion [Norman] scorpion [Romanian] scorpion [English] cruise [Latin] scorpius [Old English] cancer [Romanian] cancer [English] crêpe [French] crêpe [Norman] crêpe [English] crepe [Swedish] kurva [Indonesian] bias [English] quarry [English] scar [English] scar [Irish] scar [English] canker [Scots] canker [French] cunnilingus [Catalan] cony [English] corona [Aragonese] corona [Catalan] corona [Dutch] corona [Italian] corona [Old English] corona [Old Occitan] corona [Spanish] corona [English] crest [French] crucial [English] crisp [Middle English] crisp [English] coronation [Translingual] Scylla [English] Scylla [English] sheer [English] chronogram [English] curb [Czech] chrono- [Polish] chrono- [Esperanto] aranĝi [Galician] curvo [Italian] curvo [Portuguese] curvo [Spanish] curvo [Galician] curva [Portuguese] curva [French] couronne [Norman] couronne [German] Krone [German] Krone [French] croix [Middle French] croix [Old French] crois [Breton] croce [Italian] croce [Aragonese] cruz [Galician] cruz [Galician] cruz [Old Portuguese] cruz [Portuguese] cruz [Portuguese] cruz [Spanish] cruz [Translingual] Cancer [English] Cancer [English] Crux [Latin] scorpio [Norwegian Nynorsk] krone [Danish] kors [Swedish] kors [German] Kreuz [Faroese] skrá [Icelandic] skrá [Icelandic] skrá [Faroese] skera [Icelandic] skera [English] skerry [Translingual] Cruciferae [Spanish] coño [Afrikaans] kruis [Dutch] kruis [English] coronavirus [Vietnamese] coronavirus [Vietnamese] coronavirus [Greek] χρόνος [Spanish] corvo [Spanish] gusano [English] chronometer [Faroese] krúna [English] crosier [Faroese] króna [Catalan] cuir [French] cuir [Old French] cuir [Hungarian] szekrény [Catalan] cranc [Occitan] cranc [Welsh] cranc [English] chroneme [Ido] kruco [Ido] kruco [German] Schar [Afrikaans] kanker [Dutch] kanker [English] coriaceous [Galician] cono [Portuguese] cono [Translingual] corone [Friulian] corone [Old French] corone [Welsh] croes [Swedish] skära [Norwegian Bokmål] kryss [Norwegian Nynorsk] kryss [Swedish] kryss [Danish] kræft [Hindi] चमड़ा [Urdu] چمڑا [Italian] crespo [Portuguese] crespo [Spanish] crespo [Catalan] cresta [Italian] cresta [French] crinoline [Faroese] sker [Icelandic] sker [English] chancre [French] chancre [Middle French] chancre [Norman] chancre [Italian] cuoio [Finnish] kruunu [English] cron [Finnish] kiira [Norman] chârer [Norman] chârer [Finnish] kiirastuli [Esperanto] kresto [Italian] granchio [Galician] crista [Portuguese] crista [Faroese] krossur [Icelandic] kross [Sardinian] rughe [Friulian] creste [Welsh] cont [Aragonese] cuero [Spanish] cuero [Italian] scorza [French] crête [Portuguese] caranguejo [Spanish] cangrejo [Greek] κορμός [Icelandic] kóróna [Icelandic] krús [Romanian] cruce [Romanian] scrot [Hungarian] korona [Indonesian] korona [Indonesian] korona [Yoruba] korona [Esperanto] kancero [Greek] κόρακας [Spanish] coso [Galician] coroa [Portuguese] coroa [Hindi] काटना [Norwegian Bokmål] skjære [Danish] skære [French] chronologie [Translingual] Cortinarius [Estonian] skorpion [Norwegian Bokmål] skorpion [Norwegian Nynorsk] skorpion [Italian] Scilla [Indonesian] kres [Polish] krzyż [Galician] cona [Portuguese] cona [Finnish] shortata [Portuguese] couro [Guinea-Bissau Creole] karni [Papiamentu] karni [Papiamentu] karni [Swedish] skär [Dutch] scheer [Portuguese] escorpião [Dutch] schorpioen [Armenian] քերել [Galician] crina [Italian] crina [Portuguese] crina [Dutch] skeer [Scottish Gaelic] iuchair [Greek] κρίκος [Danish] kryds [Hindi] कैंसर [Urdu] کینسر [Spanish] coraza [Italian] corion [Scottish Gaelic] sgar [Esperanto] karno [Catalan] crono- [Galician] crono- [Italian] crono- [Portuguese] crono- [Spanish] crono- [Catalan] corba [Sardinian] cruche [Serbo-Croatian] оквир [Serbo-Croatian] okvir [Esperanto] ŝiri [Norwegian Bokmål] skrotum [Norwegian Nynorsk] skrotum [Greek] κουρά [Bulgarian] корем [Irish] eochair [Westrobothnian] stjer [Icelandic] skör [Czech] kruci [Esperanto] kruci [Old Saxon] kruci [Kazakh] хронология [Norwegian Nynorsk] skjera [Norwegian Nynorsk] skjere [Esperanto] kankro [Manx] ogher [Irish] croch [Old Irish] croch [Scottish Gaelic] sgeir [English] cancrivorous [Romanian] creastă [Catalan] creu [Romanian] cunună [Lithuanian] kryžius [Romanian] coș [Assamese] কাটা [Bengali] কাটা [Russian] скорпион [English] scrobe [Spanish] chancro [Danish] skær [Old Spanish] escorpion [Swedish] krönika [Swedish] skrapa [Greek] κουράζω [Irish] sceir [Venetian] cróxe [Indonesian] krep [Indonesian] krep [Gojri] چم [Torwali] چم [Translingual] Lycocorax [Luxembourgish] Kräiz [Manx] crosh [Luxembourgish] Kéier [Romanian] scorbură [Irish] coróin [Manx] crogh [Aromanian] cãrunã [Aromanian] crutse [Aromanian] curunã [Dalmatian] crauc [English] crinicultural [English] crunode [French] crépu [Norman] crouaix [Norman] kérouaïe [Norman] croués [Norman] couraonne [Asturian] guxán [Indonesian] karti [Irish] cros [German Low German] Krüüz [English] abdominoscrotal muscle [Aromanian] creastã [Plautdietsch] Kjriez [Norman] crêp'ler [Indonesian] kronologi [Translingual] crumenophthalmus [Guinea-Bissau Creole] kurtu [Kabuverdianu] kurtu [Latin] scarus [Spanish] Carballo [Slovak] kríž [Irish] iseacrónúil [Irish] iseacrónach [Galician] coiro [Translingual] Coronavirus [Classical Syriac] ܩܪܩܣܐ [Translingual] MERS-CoV [Translingual] MERS-CoV [Norman] couorône [Maltese] skorpjun [Japanese] クロス [Chakma] 𑄌𑄟𑄴 [Irish] scoir [English] cronjob [Asturian] coñu [Old Portuguese] corõa [Asturian] cueru [Friulian] crôs [Galician] coxo [Serbo-Croatian] šerati [Serbo-Croatian] šerati [Norwegian Bokmål] skjær [Slovak] škorpión [Norwegian Nynorsk] skjer [Aromanian] crutsi [Serbo-Croatian] šer [Serbo-Croatian] šer [Old French] cuirie [Friulian] granç [Kazakh] креп [English] nanocormia [Italian] cosso [Italian] conno [Norwegian Bokmål] skrape [Old Swedish] skæra [Central Franconian] Krütz [Latin] coracesia [Gothic] 𐍃𐌺𐌰𐌿𐍂𐍀𐌾𐍉 [Italian] cuora [Chinese] 秀逗 [Hindi] कटना [Punjabi] ਕਟਣਾ [Galician] cairo [Awadhi] काटब [Assamese] কটা [Urdu] کاٹنا [Galician] encrucillada [Kachchi] કટણુ [Bundeli] चामरो [Papiamentu] kòrtiku [Papiamentu] kòrtiku [Translingual] Acristavus [Assamese] কাট [Alemannic German] Chrüüz [Bourguignon] cueu [Kabuverdianu] kárni [Galician] coiraza [Spanish] cuera [Esperanto] ŝero [Kamta] kaṭ [Westrobothnian] kräon [Westrobothnian] kräon [Aromanian] scrob [Southeastern Tepehuan] kuruus [Middle English] coroune [Welsh] crog [English] parachronic [Coatlán Mixe] cruudz [English] chronosome [Indonesian] krusial [Cebuano] rapol [German] Schäre [Marshallese] kūrawūn [Marshallese] kūrawūn [Indonesian] Kanser [Translingual] SARS-CoV [Translingual] SARS-CoV [Translingual] COVID [Vietnamese] virus corona [Vietnamese] virus corona [Kazakh] коронавирус [Yakut] коронавирус [Translingual] SARSr-CoV [Translingual] SARSr-CoV [Translingual] MERSr-CoV [Translingual] MERSr-CoV [Breton] kroaz [Tok Pisin] sotpela [Norwegian Nynorsk] skrå [Welsh] crwys [Sardinian] grughe [Translingual] Crucianella [Aromanian] cãrutsi [Greek] Σκορπιός [English] chronomentrophobia [Yola] shor [Ukrainian] хронологія [Dutch] kruiven [Aragonese] candreixo [Kashmiri] ژَم [Punjabi] ਕੱਟਣਾ [Magahi] 𑂒𑂰𑂧 [Aromanian] cãrutse [Polish] szankier [Dhivehi] ހަން [Maltese] kuruna [Maltese] kuruna [Malayalam] കൊറോണ [Silesian] krojcować [Ahirani] चामडी [Marathi] चामडी [South Levantine Arabic] مكورن [Yiddish] קרייץ [Mariupol Greek] хронус [Catalan] cuiro,*(s)ker-,,416,316
[Aukan] bee [Bislama] bel [Tok Pisin] bel [Torres Strait Creole] beli [Sranan Tongo] bere [English] billow [Swedish] bolster [Danish] budget [German] Budget [Dutch] Belg [English] foolhardy [Faroese] bylgja [Icelandic] bylgja [Danish] bælg [Scottish Gaelic] balg [Crimean Tatar] bücet [Faroese] bólgna [Icelandic] bólgna [Serbo-Croatian] budžet [Faroese] Bylgja [Russian] бюджет [Polish] budżet [Scottish Gaelic] bolgan [Danish] bølge [Norwegian Bokmål] bølge [Hungarian] büdzsé [Irish] bolg [Manx] bolg [Swedish] bölja [Tok Pisin] belisi [English] boln [Icelandic] bólstur [Norwegian Nynorsk] bylgje [Tok Pisin] baset [Norwegian Bokmål] budsjett [Norwegian Nynorsk] budsjett [English] Belgae [Malay] bajet [Icelandic] belgur [Norwegian Bokmål] belg [Norwegian Nynorsk] belg [Old Swedish] bælgher [English] Bolster [Westrobothnian] bäli [Westrobothnian] bäli [Turkish] bütçe [Indonesian] bujet [Bakhtiari] بالشت [Middle English] bolnen [Swedish] bälg [Swedish] bälga,*bʰelǵʰ-,,51,317
[Afrikaans] warm [English] thermo- [French] thermo- [German] thermo- [English] gore [Middle English] gore [Ido] varma [Swedish] göra [English] thermos [Danish] varm [Norwegian Bokmål] varm [Norwegian Nynorsk] varm [Swedish] varm [English] thermic [Irish] grian [Manx] grian [Scottish Gaelic] grian [Faroese] gor [Middle English] gor [Westrobothnian] gor [English] thermite [Urdu] گرم [English] therm [Manx] grees [Icelandic] varmur [Greek] θερμός [Indonesian] termos [Polish] termos [Esperanto] varmo [Catalan] termo- [Czech] termo- [Italian] termo- [Norwegian Bokmål] termo- [Norwegian Nynorsk] termo- [Portuguese] termo- [Spanish] termo- [English] -thermic [Translingual] thermophilus [French] thermidor [German] Thermosphäre [Indonesian] geram [Scottish Gaelic] grìos [Irish] teirmi- [Polish] terma [Translingual] Thermus [Latin] Thermus [German] Thermit [Latin] therma [Norwegian Bokmål] termisk [Norwegian Nynorsk] termisk [Swedish] gör- [Old Swedish] varmber [Irish] gríos [Greek] -θερμος [Indonesian] termae,*gʷʰer-,,55,318
[Romanian] xerox [French] serein [Old French] serein [Italian] xero [Italian] xero- [Spanish] xero- [Polish] ksero [Latin] xerophilus [Irish] xéiri-,*kseros,,9,319
[English] finger [Esperanto] fingro [Yola] vinger,*penkʷrós,,3,320
[Danish] finger [Norwegian Bokmål] finger [Norwegian Nynorsk] finger [Old Swedish] finger [Swedish] finger [German] Finger [Hunsrik] Finger [Pennsylvania German] Finger [Faroese] fingur [Icelandic] fingur [Esperanto] fingro [Tok Pisin] pinga [Torres Strait Creole] pingga [Sranan Tongo] finga [Cimbrian] vingar [Luxembourgish] Fanger,*pénkʷrós,,16,321
[Norwegian Nynorsk] not [English] nut [Old Swedish] nut [Catalan] nou [Alemannic German] Nuss [German] Nuss [Hunsrik] Nuss [Pennsylvania German] Nuss [Icelandic] hnot [Translingual] Cocos nucifera [Icelandic] hneta [Swedish] nöt [Occitan] noga [Afrikaans] noot [French] noix [Aromanian] nuc [Romanian] nuc [German] Nutzen [Galician] noz [Portuguese] noz [French] noyau [Galician] nogueira [Portuguese] nogueira [Spanish] nogal [Romanian] nucă [Asturian] nuez [Spanish] nuez [Italian] nocciola [Sardinian] nuche [Danish] nød [Norwegian Bokmål] nød [Catalan] noguera [Spanish] noguera [Scottish Gaelic] cnò [Haitian Creole] nwa [Irish] cnó [Afrikaans] neut [Esperanto] nukso [Romansch] nitschoula [Romansch] nitschola [Old French] nois [Venetian] nóxa [Luxembourgish] Noss [Translingual] Nucifraga [Friulian] nole [English] nuciform [English] nuciferous [English] nucin [Norman] nouaix [Dalmatian] nauc [Aromanian] nucã [Yiddish] נוס [Yiddish] נוץ [Faroese] nøt [Norwegian Nynorsk] nøtt [Faroese] nugga [Jersey Dutch] nût [Friulian] noglâr [Ido] nuco [Luxembourgish] Notzen [English] Nuttall [Norwegian Nynorsk] nòt [Spanish] nuégado [Bourguignon] nouzôte [Marshallese] pinōt [Marshallese] pinōt [Sardinian] nughe [Venetian] nósa [Romagnol] nôșa [Romagnol] nôș [Jersey Dutch] nœüt,*knew-,,71,322
[Haitian Creole] men [Louisiana Creole French] men [English] main [Mauritian Creole] lame,*(s)meh₂-,,4,323
[Volapük] men [Hungarian] manus [English] Amazon [English] mush [English] amazon [Hungarian] amazon [Ternate] mancia [West Makian] mancia [Konkani] मान [Rohingya] manúic [Indonesian] manusia [Khowar] موش [Polish] Amazonka [Translingual] Amazona [Hindi] मानुस [Portuguese] amazona [Spanish] amazona [Lao] ມະນຸດ [Dutch] Amazone [Irish] Amasóin [Sundanese] manusa [French] manouche [Javanese] ꦩꦤꦸꦁꦱ [Cebuano] amasona [Punjabi] ਮਨੁੱਖ [Marathi] माणूस [Burmese] မနုဿ [Konkani] मनीस [Greek] αμαζόνα [Assamese] মানুহ [Kachchi] માડુ [Old Marathi] 𑘦𑘰𑘡𑘳𑘭 [Assamese] মুনিহ [Norwegian Bokmål] amasone [Norwegian Nynorsk] amasone [Prakrit] 𑀫𑀡𑀼𑀲𑁆𑀲 [Romani] manuś [Balinese] ᬫᬦᬸᬲ [Balkan Romani] manuš [Balkan Romani] manuš [Baltic Romani] manuš [Baltic Romani] manuš [Carpathian Romani] manuš [Carpathian Romani] manuš [Sinte Romani] manuš [Sinte Romani] manuš [Vlax Romani] manuš [Vlax Romani] manuš [Welsh Romani] manuš [Welsh Romani] manuš [Angloromani] mannush [Angloromani] mannush [Pangwali] मनख [Mon] မၞိဟ် [Savi] maanuṣ [Sindhi] ماڻهو [Sindhi] مڙس [Dutch] Manoesj [Dutch] Manoesj [Nyah Kur] พะนิฮ่ [Urak Lawoi'] เซอมียา [Dhivehi] މީހާ [Dhivehi] މީހާ,*mon-,,63,324
[Norman] rue [Indonesian] rua [Occitan] rua [Old Portuguese] rua [Portuguese] rua [Italian] ruga [Portuguese] ruga [Greek] ρούγα,*h₁roug-h₂-,,8,325
[Middle English] male [Italiot Greek] milo [Scottish Gaelic] mial [Greek] μήλο [Manx] meeyl [Irish] míol [Faroese] ferska [Kabuverdianu] minhóka,*(s)meh₁l-,,8,326
[English] very [Middle English] verre [French] vrai [Norman] vrai [Scots] verra [Dutch] fraai [Middle French] vray [Yola] veree,*weh₁-,,8,327
[Catalan] anterior [Galician] anterior [Portuguese] anterior [West Frisian] oar [Nigerian Pidgin] oda [Aukan] taa [Italian] anteriore [Tok Pisin] arapela [Finnish] anteriorinen,*h₂énteros,,9,328
[English] crew [Indonesian] kru [English] horn [Danish] horn [Faroese] horn [Icelandic] horn [Middle English] horn [Norwegian Bokmål] horn [Norwegian Nynorsk] horn [Swedish] horn [English] cru [Slavomolisano] krava [English] hornbeam [German] Horn [Irish] cearc [Scottish Gaelic] cearc [Cebuano] Ceres [Middle English] hore [German] Hirse [Czech] kráva [Yola] hoorn [Finnish] hirssi [Afrikaans] horing [Manx] kiark [Middle English] heore [Middle English] cresen [Sicilian] carusu [Sicilian] carusu [Luxembourgish] Har [Pennsylvania German] Hann [Norman] creitre [Yiddish] האָרן [Norman] craître [Yiddish] הירזש [English] korophilia [English] korophilia [Konkani] साकळी [Tagalog] tanikala [Dalmatian] crescro [Czech] kreace [Middle English] hoore [Konkani] साखळी [Marathi] साखळी [Cimbrian] hòrn,*ḱer-,,44,329
[English] wood [English] woad [English] wode [English] woodwall,*weh₂tós,,4,330
[English] wood [English] divisible [French] divisible [English] Woodstock [Sranan Tongo] udu [English] Woodley [Middle English] wode [Portuguese] divisível [English] Woodall [English] Woodbury [English] Woodford [English] Wootton [English] Calderwood [English] Woodhall [English] Woodthorpe [English] Chetwode,*h₁weydʰh₁-,,16,331
[English] hole [Middle English] hole [Middle English] hol [Middle English] helen [Yola] helt [English] hele [English] forehold [English] Holbrook [Yola] hullès,*kēl-,,9,332
[Cebuano] bold [Bislama] bel [Bislama] bel [Bislama] bol [Norwegian Nynorsk] bol [English] flame [Old French] flame [English] flamingo [Portuguese] flamingo [Torres Strait Creole] blad [Finnish] pullo [Indonesian] pala [Malay] pala [Tagalog] pala [Tagalog] pala [English] bole [Danish] flamme [French] flamme [Norwegian Bokmål] flamme [Norwegian Nynorsk] flamme [English] boba [Indonesian] boba [German] Flamme [Translingual] Phallus [Translingual] Phallus [Polish] flaming [Awadhi] फल [Hindi] फल [Nepali] फल [Rajbanshi] फल [Ido] balda [Italian] fallo [Italian] fallo [Italian] fallo [Italian] fallo [Faroese] bál [Icelandic] bál [Indonesian] flambe [English] pulla [Haitian Creole] ble [Plautdietsch] Flaum [Louisiana Creole French] blé [Danish] bål [Norwegian Bokmål] bål [Norwegian Nynorsk] bål [Swedish] bål [Swedish] bål [Italian] folaga [Spanish] llamear [Spanish] flamear [Spanish] ballena [Italian] fiamma [Afrikaans] vlam [Dutch] vlam [Finnish] fallos [Faroese] bulur [English] bleu cheese [English] boba tea [Czech] falus [Romanian] falus [Serbo-Croatian] falus [Translingual] Amanita phalloides [Icelandic] bolti [Tok Pisin] belo [Greek] φάλαινα [Galician] chama [Portuguese] chama [Icelandic] bolur [Pali] ผล [Galician] balea [Portuguese] falo [Spanish] falo [Bengali] ফল [Hajong] ফল [Sicilian] ciamma [Romanian] balenă [Armenian] պլոր [Old Javanese] phala [Polish] flebo- [Serbo-Croatian] falos [Hungarian] flambíroz [Aragonese] flama [Catalan] flama [Old Occitan] flama [Middle Dutch] vlamme [Serbo-Croatian] фалус [Hungarian] fallikus [English] Blair [Luxembourgish] Flam [Urdu] پھل [Rajasthani] फळ [Aromanian] fleamã [Catalan] fal·lus [Telugu] ఫలకృషి [Telugu] ఫలపూరము [Telugu] ఫలకవచము [Indonesian] pahala [Serbo-Croatian] фалос [Khmer] ផល្លា [Italian] flammatura [Russian] афалина [Ukrainian] афаліна [French] foulque [Cebuano] nagbold [Pali] ඵල [Pali] ဖလ [Georgian] აფალინა [Chinese] 波霸 [Yiddish] פֿלאַם [Venetian] fòłega [Pennsylvania German] Flamm [Portuguese] bola gato [Sylheti] ꠚꠟ [Ligurian] balénn-a [Spanish] focha [Punjabi] ਫਲ [Middle English] flawme [Ottoman Turkish] فلامور [Ligurian] sciàmma [Balinese] ᬨᬮ [Bulgarian] афала [Turkish] afalina [Phalura] phalúuṛu [Catalan] fotja [Malayalam] ബലൂൺ [Malayalam] ബലൂണ് [Polish] fallus [Maltese] fjamma [Javanese] ꦥꦭ [Javanese] ꦥꦲꦭ [English] phallocrypt [Serbo-Croatian] Balec,*bʰel-,,132,333
[Danish] bold [English] ball [Norwegian Bokmål] ball [Norwegian Nynorsk] ball [Bislama] bol [Swedish] boll [English] boba [Indonesian] boba [Swedish] balle [English] boba tea [Icelandic] bolti [Icelandic] böllur [Chinese] 波霸 [Portuguese] bola gato [Malayalam] ബലൂൺ [Malayalam] ബലൂണ്,*bʰoln-,,16,334
[English] cyan [French] cyan [Finnish] syaani [Italian] ciano [Dutch] cyaan [Greek] κυανός [Assyrian Neo-Aramaic] ܟܝܢܐ [German] Kyanit [Hungarian] cianotípia [Polish] antocyjanina [Polish] antocyjan,*ḱwey-,,11,335
[English] maul [French] mail [English] mallet [Catalan] mall [Romanian] mai [Spanish] majar [Finnish] maila [Galician] mallo [Galician] mallo [Spanish] mallo [Esperanto] maleo [Portuguese] malha [Aromanian] maljiu [Serbo-Croatian] маљ [Aromanian] malj,*melh₂-no-,,15,336
[Danish] martyr [Cebuano] Merit [Tok Pisin] memori [Portuguese] mártir [Spanish] mártir [Italian] martire [Old French] martire [Esperanto] memoro [Ido] memoro [Indonesian] semara [Awadhi] सुमिरब [Indonesian] asmara [Malay] asmara [Balinese] ᬲ᭄ᬫᬭ [Kazakh] меритократия [Magahi] 𑂮𑂳𑂧𑂱𑂩𑂪 [Kashmiri] سۄر [Kashmiri] سَرُن,*(s)mer-,,18,337
[Dutch] lob [Esperanto] lobo [Portuguese] lobo [Latin] loba [English] lobe [French] lobe [Ladino] lamber [Dutch] lobotomie [Ladino] לאמביר [English] lobus [Latin] lobus,*leh₂b-,,11,338
[Kalasha] rat [Romani] rat [Rohingya] rait [Thai] ราตรี [Hindi] रात [Rajasthani] रात [Sindhi] رات [Urdu] رات [Gujarati] રાત [Kachchi] રાત [Varli] રાત [Bhojpuri] राति [Maithili] राति [Assamese] ৰাতি [Punjabi] ਰਾਤ [Sylheti] ꠞꠣꠁꠔ [Kashmiri] राथ [Bengali] রাইত [Kashmiri] راتھ [Oriya] ରାତି [Bhojpuri] 𑂩𑂰𑂞𑂱 [Magahi] 𑂩𑂰𑂞𑂱 [Prakrit] 𑀭𑀢𑁆𑀢𑀺 [Dhivehi] ރޭ,*Hréh₁trih₂,,24,339
[Torres Strait Creole] rat [Torres Strait Creole] rat [Ingrian] rotta [Galician] rastro [Italian] rastro [Portuguese] rastro [Galician] relo [Spanish] rallar [Italian] ralla [Italian] rostro [Saramaccan] alata [Saramaccan] alata [Sranan Tongo] alata [Sranan Tongo] alata [Old Portuguese] rosto [Portuguese] rosto [Portuguese] ralo [Catalan] rostre [English] raduliform [Sardinian] rostru,*reh₁d-,,20,340
[Spanish] tan [Portuguese] tão [Italian] tamagno,*téh₂m,,3,341
[English] alligator [English] lizard [Galician] lagarto [Portuguese] lagarto [Spanish] lagarto [Translingual] Alligator [German] Alligator [Spanish] laca [Polish] aligator [English] lacertus [French] lézard [Irish] laghairt [Scottish Gaelic] laghairt [Italian] alligatore [Catalan] llangardaix [English] lacert [Middle French] laizard [Norman] lêzarde [Dalmatian] lačas [Asturian] llagartesa [Middle French] lezart [Galician] lacón [Middle English] lesarde [Italian] lucertolo [Franco-Provençal] lezèrd,*Hlak-,,25,342
[English] tide [Serbo-Croatian] cajt,*déh₂itis,,2,343
[English] orchid [English] orchidectomy [Galician] orquídea [Portuguese] orquídea [Spanish] orquídea [Dutch] orchidee [Polish] orchidea [Translingual] Orchis [English] orchis [German] Orchidee [French] orchidée [Greek] όρχις [Greek] ορχιδέα [Italian] anorchidia [English] orchitis [Esperanto] orkido [English] orchialgia [French] orchidectomie [Norwegian Bokmål] orkidé [Norwegian Nynorsk] orkidé [Greek] αρχίδι [Cebuano] orkids [Catalan] orquídia [Italian] orchi- [Italian] anorchismo,*h₁órǵʰis,,25,344
[English] sill [Romanian] sill [Portuguese] acetileno [English] acetyl [Norwegian Bokmål] acetyl [Dutch] slip [Italian] slip [Spanish] slip [Estonian] saal [English] saloon [Galician] silva [Portuguese] silva [English] sally [Papiamentu] sala [Polish] sala [Serbo-Croatian] sala [Cebuano] salir [French] salle [Norman] saler [Italian] Silvia [Portuguese] Silvia [Spanish] Silvia [Translingual] Sylvia [Bikol Central] salon [Cebuano] salon [Indonesian] salon [Serbo-Croatian] salon [English] selva [Asturian] selva [Catalan] selva [Italian] selva [Portuguese] selva [Spanish] selva [Papiamentu] sali [Norwegian Bokmål] acetylen [English] hylogeny [Friulian] selve [Old French] selve [Italian] saliente [Portuguese] saliente [Spanish] saliente [Spanish] -ilo [Hungarian] szalon [Portuguese] silvicultura [Spanish] silvicultura [Italian] Silvano [English] -yl [Polish] Sylwia [English] ylem [English] hyle [Latin] hyle [Middle English] yle [Hebrew] סלון [Polish] hylo- [Translingual] Hylobates [Greek] ύλη [English] silvicolous [Georgian] ზალა [Spanish] hilemorfismo [Translingual] Solamen [Serbo-Croatian] салон [Finnish] salonki [Macedonian] сала [Serbo-Croatian] сала [Romagnol] siba [Norwegian Bokmål] salong [Norwegian Nynorsk] salong [Spanish] silvicultor [English] silvics [Aragonese] selba [Translingual] Sylvicapra [English] silvology [Norwegian Bokmål] acetylsalisylsyre [Norwegian Bokmål] salisyl [Polish] hilo- [Romagnol] sèiba [Bengali] সেলুন,*sel-,,77,345
[English] pen [English] pen [Danish] pen [Dutch] pen [Indonesian] pen [Tok Pisin] pen [English] pinnacle [English] feather [English] feather [German] Feder [English] pennant [Welsh] pìn [Middle High German] vedere [English] penna [Hungarian] penna [Italian] penna [Sassarese] penna [Swedish] penna [Afrikaans] veer [English] pterodactyl [Galician] pena [Galician] pena [Guinea-Bissau Creole] pena [Indonesian] pena [Indonesian] pena [Portuguese] pena [Translingual] Pinnipedia [Scottish Gaelic] peann [Friulian] pene [English] pinna [Sicilian] pinna [Icelandic] fjöður [Icelandic] penni [Middle English] feþer [French] penne [Middle English] penne [Norwegian Nynorsk] pinne [Swedish] fjäder [Spanish] peña [Polish] pana [English] pennaceous [Spanish] pterodáctilo [Norwegian Bokmål] fjær [Norwegian Bokmål] fjær [English] pinion [Faroese] fjøður [Danish] fjer [Romanian] pană [Translingual] Balaenoptera [English] pteropod [Manx] penn [English] pterion [Italian] pennacchio [Galician] peneira [Greek] φτερό [English] pteranodon [English] penniform [Romanian] împăna [Norwegian Bokmål] fjør [Norwegian Bokmål] fjør [Norwegian Nynorsk] fjør [Norwegian Nynorsk] fjør [Luxembourgish] Fieder [Pennsylvania German] Fedder [Kabuverdianu] péna [Translingual] Pterodroma [Translingual] Neophron percnopterus [Spanish] piñón [English] apteran [Aromanian] peanã [Latin] pterus [English] pennage [French] pennage [English] pinniform [English] pterotic [Translingual] Pteropus [Spanish] pendón [Yiddish] פֿעדער [English] peripterous [Vilamovian] faoder [English] apterium [Faroese] pennur [Translingual] Pterocarpus [Translingual] Pteria [Portuguese] penha [Translingual] Pteromalidae [Portuguese] pináculo [Spanish] pináculo [English] periptery [English] pennal [Spanish] Piña [Catalan] penya [English] pennibrachium [Old French] empaner [Italian] Pinna [Danish] fjeder [Translingual] Pteromys [English] penniferous [English] peripter [Cimbrian] fòdara [Welsh] ysgrifbin [Megleno-Romanian] peană [Yola] vethers [Yola] vethers [French] pinnipède [French] -ptère [Cimbrian] vèdara [English] pterippus [Norwegian Nynorsk] fjøder,*péth₂r̥,,109,346
[Tok Pisin] pen [English] pintle [Middle English] pyntel,*bend-,,3,347
[English] mosquito [Asturian] mosca [Catalan] mosca [Galician] mosca [Italian] mosca [Occitan] mosca [Portuguese] mosca [Spanish] mosca [English] musket [German] Moskito [Esperanto] moskito [English] muscarine [French] mouche [Translingual] Amanita muscaria [West Frisian] mosk [Dutch] muskiet [Romanian] muscă [Hungarian] moszkitó [Norman] moûque [Romansch] mustga [Catalan] mosquit [Ladino] מושקה [Ladino] moshka [Turkish] misket [Venetian] mósca [Walloon] moxhe [Translingual] Muscicapa [Romansch] muos-cha [Romansch] mostga [Aromanian] muscã [Dalmatian] muasca [Albanian] mushkonjë [Old French] musche [Friulian] moscje [Aromanian] mushconj [Irish] muiscít [English] muschetor [Bourguignon] môche,*mus-,,38,348
[French] taupe [Norman] taupe [Dutch] atlas [Irish] atlas [Norwegian Bokmål] atlas [Norwegian Nynorsk] atlas [Portuguese] atlas [English] Atlas Mountains [Italian] topo [Spanish] topo [Irish] toil [Scottish Gaelic] toil [English] Atlas [Dutch] Atlas [French] Atlas [Polish] Atlas [Portuguese] Atlas [Spanish] Atlas [English] thoil [English] thole [Catalan] talp [Italian] talpa [Occitan] talpa [Kazakh] атлас [Macedonian] атлас [Russian] атлас [Serbo-Croatian] атлас [Italian] atlante [Spanish] atlante [German] tolerieren [Galician] toupa [English] telamon [Asturian] topu [Corsican] topu [Middle English] þolien [Korean] 아틀란티스 [Greek] Άτλας [Middle French] taulpe [Manx] toill [Catalan] atles [Catalan] Atles [Khmer] តលភូមិ [Old Gujarati] तलउं [Armenian] թաղել [Hindi] तले [Translingual] Talpa [Phalura] talíi [Yiddish] אַטלאַס,*telh₂-,,48,349
[English] gun [Icelandic] gunnur,*gʷʰéntis,,2,350
[English] egg [English] egg [Faroese] egg [Faroese] egg [Icelandic] egg [Icelandic] egg [Norwegian Bokmål] egg [Norwegian Bokmål] egg [Norwegian Nynorsk] egg [Norwegian Nynorsk] egg [Swedish] egg [Westrobothnian] egg [Westrobothnian] egg [Chavacano] huevo [Chavacano] huevo [Spanish] huevo [Bourguignon] eu [Dutch] ei [Limburgish] ei [Aromanian] ou [Aromanian] ou [Sardinian] ou [Sicilian] ou [French] œuf [French] œuf [Middle French] œuf [Mòcheno] oi [English] ovary [Indonesian] ovum [Danish] æg [Danish] æg [Old Swedish] æg [German Low German] Ai [German] Ei [Plautdietsch] Ei [Pennsylvania German] Oi [Belarusian] яйцо [Swedish] ägg [Aukan] igi [English] ooecium [Spanish] desovar [English] oolith [Italian] oidio [English] oidium [Armenian] ձու [Armenian] ձու [Middle Armenian] ձու [French] ovaire [Bulgarian] яйце [Russian] яйце [Rusyn] яйце [Ukrainian] яйце [Serbo-Croatian] ovarij [Hungarian] ovális [Guinea-Bissau Creole] ovu [Kabuverdianu] ovu [Sardinian] ovu [Sicilian] ovu [Papiamentu] webu [Dutch] oölogie [Romanian] oară [French] oïdium [Spanish] ovar [Ladino] guevo [Ladino] guevo [Luxembourgish] Ee [Norman] oeu [Norman] œu [Walloon] oû [English] ovism [Aromanian] oauã [Yola] egges [Yiddish] איי [Westrobothnian] aigg [Westrobothnian] aigg [French] ovogonie [Mauritian Creole] dizef [Seychellois Creole] dizef [Translingual] -oolithus [Translingual] Tacuarembovum [Sardinian] obu [Translingual] Oviraptor [Italian] oecio [Norwegian Bokmål] A-egg [Norwegian Bokmål] a-egg [Norwegian Bokmål] kokt egg [Megleno-Romanian] uou,*h₂ōwyóm,,87,351
[English] egg [English] egg [Faroese] egg [Faroese] egg [Icelandic] egg [Icelandic] egg [Norwegian Bokmål] egg [Norwegian Bokmål] egg [Norwegian Nynorsk] egg [Norwegian Nynorsk] egg [Swedish] egg [Westrobothnian] egg [Westrobothnian] egg [Scots] ag [Tok Pisin] ia [English] oxygen [Latin] oxygenium [French] oxygène [English] egg on [Czech] kyslík [Italian] acme [English] acne [French] acier [Old French] acier [Spanish] acero [Esperanto] aso [English] oxy- [English] oxytocin [Esperanto] akuta [Spanish] oxígeno [Danish] æg [Danish] æg [Old Swedish] æg [Swedish] ägg [Portuguese] oxigénio [Portuguese] acervo [Romanian] ață [Latin] acta [Spanish] oxi- [Italian] accia [Indonesian] akne [Norwegian Bokmål] akne [Norwegian Nynorsk] akne [Esperanto] oksigeno [Faroese] eggja [Crimean Tatar] oksigen [Indonesian] oksigen [Malay] oksigen [Romanian] oxigen [Scots] agg [Hungarian] oxigén [Occitan] acièr [Danish] ægge [Sicilian] azzaru [Italian] ossi- [Spanish] acné [Greek] ακμή [Vietnamese] xì tố [Vietnamese] xì phé [Greek] ατσάλι [Translingual] Actophilornis [Translingual] Ocyphaps [Translingual] Oxypogon [Kabuverdianu] gudja [Tok Pisin] akas [Asturian] aceru [French] acmé [Latin] oxysporus [Translingual] Acaena [Latin] oxymorus [Translingual] Oxytropis [Translingual] oxycoccos [Norwegian Nynorsk] uer [Norwegian Nynorsk] uer [Swedish] uer [Swedish] uer [Latin] oxynosema [Yola] egges [Tagalog] aguhilya [Irish] aichear [English] menacme [Latin] oxytropis [Westrobothnian] aigg [Westrobothnian] aigg [Chinese] ace球 [Finnish] akme [Haitian Creole] asye [German Low German] Akes [Hijazi Arabic] برجون [Spanish] oxiuro [Catalan] oxiür [Marshallese] akjijen [Bengali] অশনি [Norwegian Nynorsk] åbor [Norwegian Bokmål] A-egg [Norwegian Bokmål] a-egg [Norwegian Bokmål] kokt egg [Phalura] áašuṇ [Kazakh] окситоцин [Esperanto] oksikoko [Polish] anoksybiont [Finnish] oksy- [Polish] oksy- [Polish] akmeizm,*h₂eḱ-,,104,352
[Catalan] om [English] limousine [French] orme [Norman] orme [Romanian] ulm [German] Ulme [Norwegian Bokmål] alm [Norwegian Nynorsk] alm [Swedish] alm [Galician] olmo [Italian] olmo [Portuguese] olmo [Spanish] olmo [English] Limoges [French] Limoges [English] alamosite [Irish] leamh [Scottish Gaelic] leamh [Translingual] Ulmus [Aromanian] ulmu [Galician] Lemos,*h₁élem,,21,353
[English] charcoal [English] carr [Tok Pisin] ka [Icelandic] kar [Tok Pisin] kar [Danish] kær [Icelandic] kjarr [English] Kerr [Swedish] kärr [Norwegian Bokmål] kjerr [Norwegian Nynorsk] kjerr [Norwegian Nynorsk] kjerre [Ukrainian] ґара [Marshallese] kaarar [Sanskrit] कारयान [Ukrainian] керувати,*gers-,,16,354
[English] pyrope [English] pyrargyrite [Dutch] pyro- [Neapolitan] purchiacca [Tok Pisin] paia [English] pyrophore [Translingual] Pyracantha [English] pyruvic acid [Afrikaans] vuur [Spanish] ababol [Italian] pira [Translingual] Pyrococcus [Aukan] faya [Sranan Tongo] faya [Italian] pirico [Georgian] პური [Portuguese] fona [German Low German] Füür [German Low German] Füer [Translingual] Pyrosoma [English] pyroballogy [Translingual] Fagopyrum [German Low German] füür [Maltese] f-j-r [Venetian] papàvaro [Kazakh] пиролиз,*péh₂wr̥,,26,355
[English] semaphore [Crimean Tatar] semafor [Portuguese] semáforo [Spanish] semáforo [English] aposematism [Hebrew] סימן [Yiddish] סימן [English] sematology [Translingual] Arisaema [Greek] σήμα [English] tetrasemic [English] semasphere [Arabic] سيماء,*dʰyéh₂mn̥,,13,356
[English] gyroscope [English] gyre [Norwegian Bokmål] cup [Norwegian Nynorsk] cup [English] gyrate [Latin] gyro [English] gyration [English] giro [Danish] giro [Dutch] giro [Italian] giro [Norwegian Bokmål] giro [Norwegian Nynorsk] giro [Tok Pisin] kap [Spanish] girar [Dutch] gier [English] gyrus [Latin] gyrus [Scottish Gaelic] gualann [Romanian] jur [Polish] giro- [Irish] gualainn [Manx] geaylin [Greek] εγγύηση [Greek] γυρεύω [Greek] αγγίζω [Gujarati] ગોળ [Translingual] Gyromitra [Friulian] gîr [Greek] γυλιός [English] gooly [Afrikaans] koeël [Irish] guala [Kholosi] golôndo [Phalura] gúuli [Polish] żyro- [Polish] autożyro [Bengali] গোলন্দাজ,*gew-,,38,357
[English] bucket [Catalan] boc [German] Bock [East Central German] Buuk [Georgian] ბუწი [Catalan] bocoi [Galician] bocoi,*bʰuǵ-,,7,358
[Romani] del [Guinea-Bissau Creole] da [Kabuverdianu] da [Czech] dát [Hindi] देना [Old Hindi] देना [Urdu] دینا [Greek] δίνω [Phalura] díi [Konkani] दिव्चे [Punjabi] ਦੇਣਾ [Marathi] देणे [Awadhi] देब [Assamese] দে [Prakrit] 𑀤𑁂𑀇 [Sindhi] ڏئڻ [Oriya] ଦେବା [Dhivehi] ދެނީ,*dédeh₃ti,,18,359
[Guinea-Bissau Creole] anu [Kabuverdianu] anu [Papiamentu] aña [Kabuverdianu] ánu [Kabuverdianu] óne,*h₂et-nos-,,5,360
[Torres Strait Creole] baik [Sranan Tongo] baka [Sranan Tongo] baka [Polish] bak [Finnish] pakki [Danish] bakke [Norwegian Bokmål] bakke [Tok Pisin] bekim [Russian] бак [Papiamentu] bek [Tok Pisin] bek [Icelandic] bakka [Macedonian] бек,*bʰogo,,13,361
[French] bai [English] bay [Galician] bazo [Galician] bazo [Spanish] bazo [Italian] baio [Spanish] bayo [Russian] байка,*badyo-,,8,362
[Sranan Tongo] bai [Sranan Tongo] bo [Tok Pisin] baim,*bʰūgʰ-,,3,363
[Sranan Tongo] bai [Tok Pisin] baim,*bʰeugʰ-,,2,364
[Kriol] ai [Sranan Tongo] ai [Tok Pisin] ai [Torres Strait Creole] ai [Portuguese] olho [Bislama] ae [Galician] ollo [Kabuverdianu] odju [Saramaccan] wójo [Papiamentu] wowo [Papiamentu] wowo [English] eyecatch [Guinea-Bissau Creole] udju,*h₃okʷ-,,13,365
[Kriol] ai [Danish] hår [Norwegian Bokmål] hår [Norwegian Nynorsk] hår [Swedish] hår [Finnish] hai [Norwegian Nynorsk] hai [German] Hai [Sranan Tongo] hei [Old Swedish] har [Faroese] hár [Icelandic] hár [Icelandic] hár [English] Harris [Danish] høj [Faroese] høgur [Norwegian Nynorsk] høg [Norwegian Nynorsk] håg [Westrobothnian] haug [Faroese] háur [Faroese] háur [Westrobothnian] hehl [Norwegian Nynorsk] hå [Norwegian Nynorsk] hå,*kewk-,,24,366
[Spanish] abuelo [English] ayle [Friulian] von [Esperanto] avo [Ido] avo [Italian] avo [Middle English] aiel [Bikol Central] lolo [Cebuano] lolo [Tagalog] lolo [English] aval [Catalan] avi [Portuguese] avô [Galician] avó [Armenian] հավ [Cappadocian Greek] ἀβοῦκα [French] aïeul [Romanian] auș [Aromanian] aush [Asturian] güelu [English] nimravid [Papiamentu] welo [English] avital [Tagalog] lelong [English] ayel [Tagalog] agwelo,*h₂éwh₂os,,26,367
[English] god [Dutch] god [Low German] god [Middle Dutch] got [Middle Low German] got [Hunsrik] Kot [Galician] bigote [Spanish] bigote [Icelandic] guð [Danish] gud [Swedish] gud [Yola] gud [English] Gott [Cimbrian] Gott [German] Gott [Hunsrik] Gott [Luxembourgish] Gott [Mòcheno] Gott [Sranan Tongo] gado [Galician] bigode [Icelandic] goð [Limburgish] gód [German] Gotthard [English] Goddard [Yiddish] גאָט [German] Gottlieb,*ǵʰutós,,26,368
[Danish] god [Low German] god [Norwegian Bokmål] god [Norwegian Nynorsk] god [Swedish] god [Swedish] god [Middle Low German] got [Westrobothnian] go [Tok Pisin] gutpela [Tok Pisin] gutpela [German] gut [Pennsylvania German] gut [Tok Pisin] gut [Tok Pisin] gut [Polish] git [German] Gut [Faroese] góður [Icelandic] góður [Luxembourgish] gutt [Nigerian Pidgin] gud [Nigerian Pidgin] gud [Volapük] gud [Volapük] gud [Afrikaans] goed [Afrikaans] goed [Dutch] goed [Zealandic] goed [Yiddish] גוט [Alemannic German] guet [Old Swedish] goþer [Portuguese] Godofredo [Spanish] Godofredo [Middle Dutch] goet [Pijin] gudfala [Pijin] gudfala [Korean] 굿밤 [Korean] 굿밤 [Dutch] goei [Elfdalian] guoð [Bislama] tugeta [Old Danish] goþær [Luxembourgish] Gutt [Tok Pisin] gutnem [Tok Pisin] gutnem [Scanian] goðer [Cimbrian] guut [Vilamovian] güt [Cimbrian] guat [Mòcheno] guat [Japanese] グッ [Japanese] グッ [Jersey Dutch] xût [Jersey Dutch] xût,*gʰedʰ-,,53,369
[Danish] god [Norwegian Bokmål] god [Norwegian Nynorsk] god [Swedish] god [Westrobothnian] go [Jamaican Creole] boots [Ido] boto [Faroese] góður [Icelandic] góður [Scottish Gaelic] buidhe [Irish] buí [Manx] buigh [Old Swedish] goþer [Elfdalian] guoð [Old Danish] goþær [Scanian] goðer [Phalura] buṭ [Malay] kasut but,*bʰed-,,18,370
[Aragonese] beso [Catalan] bes [Sicilian] vasu [Asturian] besu [Kabuverdianu] beju [Kabuverdianu] beje,*bu,,6,371
[Spanish] novio [French] neuf [Norman] neuf [Malay] neon [Romanian] neon [Domari] na [Norman] neu [German] nee [Danish] ny [Norwegian Bokmål] ny [Norwegian Nynorsk] ny [Swedish] ny [Westrobothnian] ny [Aromanian] nou [Catalan] nou [Romanian] nou [Sardinian] nou [Translingual] neo- [German] neo- [Norwegian Bokmål] neo- [Norwegian Nynorsk] neo- [Spanish] nuevo [Istriot] nuo [English] nova [Esperanto] nova [Esperanto] nova [Esperanto] nova [Esperanto] nova [Esperanto] nova [Ido] nova [Ido] nova [Ido] nova [Ido] nova [Ido] nova [Italian] nuovo [Romansch] nov [Translingual] nov. [Translingual] Neofelis [Translingual] Neoptera [Irish] nua [Irish] nua [English] neoteny [Mauritian Creole] nef [Galician] novo [Italian] novo [Portuguese] novo [Venetian] novo [Icelandic] nýr [Middle Irish] núa [Sicilian] novi [Greek] νέος [Scottish Gaelic] nuadh [Scottish Gaelic] nuadh [Romani] nevo [Occitan] nòu [Translingual] n. [Faroese] nýggjur [Persian] نو [Spanish] novicio [Papiamentu] nobo [Norwegian Bokmål] nyss [Ladino] muevo [Ladino] muevo [Mirandese] nuobo [Italian] novizio [Manx] noa [Manx] noa [Ladin] nuef [Old French] nuef [Haitian Creole] nèf [Louisiana Creole French] nèf [Louisiana Creole French] nèf [Translingual] nomen novum [Dalmatian] nuf [Latin] neophytus [Venetian] nóvo [English] novilunar [Translingual] novae-angliae [Romansch] niev [Romansch] nouv [Asturian] nuevu [Extremaduran] nuevu [Walloon] noû [Latvian] neodīms [Portuguese] noivo [Friulian] gnûf [Aromanian] nãu [Central Tagbanwa] nobya [Tagalog] nobya [Portuguese] noviço [Cebuano] nobyo [Tagalog] nobyo [Corsican] novu [Guinea-Bissau Creole] novu [Sicilian] novu [Konkani] नवें [Marathi] नवे [English] novuss [Ligurian] nêuvo [Translingual] Neoophora [Kachchi] નયો [Guinea-Bissau Creole] nobu [Kabuverdianu] nobu [French] novotestamentaire [Romagnol] növ [Lombard] neuv [Bengali] নওশা [Phalura] náawu [Phalura] núu [Kazakh] неотения [Bengali] নও- [Louisiana Creole French] nèv [Dhivehi] ނުވައެއް,*néwos,,113,372
[Esperanto] grupo [English] group [Norwegian Bokmål] gruppe [Afrikaans] groep [Polish] grupa [Indonesian] grup [Sranan Tongo] grupu [Irish] grúpa [Dutch] kroep [Norwegian Bokmål] abelsk gruppe [Lithuanian] grupė,*grewb-,,11,373
[Translingual] familia [Mòcheno] familia [Swahili] familia [English] family [Italian] famiglia [Romansch] famiglia [Norwegian Bokmål] familie [Esperanto] familio [Romanian] femeie [English] familial [Faroese] familja [Crimean Tatar] familiya [Catalan] família [Portuguese] família [Russian] фамилия [Lower Sorbian] familija [Sicilian] famigghia [Occitan] familha [Venetian] faméja [Luxembourgish] Famill [Indonesian] famili [Malay] famili [Norman] fomille [Norman] famîle [Norman] fanmil'ye [Dalmatian] famalja [Istriot] fameîa [Friulian] famee [Aromanian] fumealji [Yiddish] פֿאַמיליע [Ligurian] famìggia [Cimbrian] famildja [Alemannic German] Famiili [Venetian] fameja [Turkmen] familiýa [Marshallese] baam̧le [Cimbrian] faméeja [Turkish] familya [Norwegian Bokmål] abborfamilien [Ottoman Turkish] فاملیا [Romani] famìlia [Romagnol] famì,*dʰh₁-m-eló-m,,42,374
[Aragonese] voz [Spanish] voz [Yola] vice [Middle French] voix [Rohingya] abas [English] avaz [Serbo-Croatian] avaz [Turkish] avaz [Kalami] آواز [Tok Pisin] vois [Ladino] boz [Serbo-Croatian] аваз [Chechen] аз [Antillean Creole] vwa [Haitian Creole] vwa [Volapük] vög [Translingual] Coturnicops [Czech] vokál [English] dinopid [Japanese] イケメンボイス [English] opsoclonus [Garhwali] बाच [Phalura] aawaáz [English] Vāc,*wṓkʷs,,24,375
[Afrikaans] kind [Jersey Dutch] känt,*ǵenh₁tóm,,2,376
[Danish] kind [Swedish] kind [Icelandic] kinn [Norwegian Bokmål] kinn [Norwegian Nynorsk] kinn [Romanian] geană [Aromanian] dzeanã,*ǵénu-,,7,377
[Swedish] bad [English] beath [Finnish] paatipunkka,*bʰeh₁-,,3,378
[English] soil [Irish] suí [Scottish Gaelic] suidhe [Italian] soglio [Italian] soglio [Polish] arcosolium [Portuguese] assoalho [Galician] sollo [Irish] súiche [Polish] arkosolium,*sodyom,,10,379
[English] soil [Norwegian Nynorsk] sole [English] solum [Spanish] solar [Venetian] sólo [Galician] soar [Spanish] suelo [French] seuil [English] soleus [Catalan] sòl [Romanian] însura [Welsh] sylfaen [Norwegian Bokmål] såle [Galician] sollo [Galician] soio,*solom,,15,380
[English] soil [English] sole [English] soal,*sewol-,,3,381
[English] soil [English] soil [English] sole [English] sully [English] sowl [Finnish] sooli [English] soal,*sūl-,,7,382
[Norwegian Nynorsk] ban [English] bore [Danish] bark [English] barn [Danish] barn [Faroese] barn [Icelandic] barn [Norwegian Bokmål] barn [Norwegian Nynorsk] barn [Old Danish] barn [Old Swedish] barn [Swedish] barn [English] barrel [Middle High German] bor [English] fret [Sranan Tongo] boro [Cebuano] Baron [Spanish] herir [Icelandic] bur [Yola] brail [Maltese] fera [Greek] φαρμάκι [Afrikaans] baar [Afrikaans] baar [Afrikaans] baar [Afrikaans] baar [Irish] beir [Irish] beir [Scottish Gaelic] beir [Italian] farmaco [Norwegian Bokmål] fritte [Norwegian Nynorsk] fritte [Greek] φάρμακο [Faroese] barki [Icelandic] barki [Faroese] Bára [Faroese] bára [Icelandic] bára [French] brouette [Serbo-Croatian] frigati [Northern Sami] bárru [English] pharmaco- [French] baril [Swedish] bår [Limburgish] baere [Indonesian] barel [Indonesian] barel [Serbo-Croatian] barel [Tok Pisin] barel [Portuguese] fármaco [Spanish] fármaco [Danish] båre [Norwegian Nynorsk] båre [Middle Irish] beirid [Armenian] բարք [Romanian] farmec [Hungarian] farmakológia [Kazakh] фармакология [Tok Pisin] ofa [Latin] pharmacum [Manx] behr [Georgian] ფარმაკოლოგია [Norman] bathi [Aromanian] fãrmac [Serbo-Croatian] барел [Serbo-Croatian] фригати [German Low German] böhren [Italian] farmaco- [English] pharmacopole [Old Gujarati] भरतार [Kalasha] berú [Gujarati] ભરતાર [Catalan] fàrmac [Norwegian Nynorsk] bån [Westrobothnian] bån [Phalura] bóor [Greek] μπούρδα [Finnish] pääläri [Norwegian Nynorsk] båra [Hungarian] farmako- [Polish] farmako- [South Slavey] líbarí [Norwegian Bokmål] ABC-barn [Norwegian Bokmål] abc-barn [English] Barrell [Ukrainian] фармакологія [Skolt Sami] päärr [Norwegian Nynorsk] barkje [German] Frittate [Jamtish] bǫ́rn,*bʰer-,,90,383
[Kriol] bed [Jamaican Creole] bat [Tok Pisin] bet [Esperanto] bedo [French] batte [Spanish] hozar [Norman] foui [Sranan Tongo] bedi [Jamaican Creole] ratbat [Korean] 빠따,*bʰedʰh₂-,,10,384
[English] listen [Irish] cloth [Dutch] luisteren [English] Louis [French] Louis [Afrikaans] luister [Afrikaans] luister [Irish] cluas [Scottish Gaelic] cluas [Faroese] Ludvík [Manx] cleaysh [Buryat] ᠰᠢᠯᠦᠭ [Mongolian] шүлэг [Alemannic German] Alewiss [Phalura] šilúuk [Romagnol] Luvìgg [Romagnol] Luìgg,*ḱlew-,,17,385
[Scots] think [English] hinky [Low German] denken [Middle Low German] denken [Tok Pisin] ting [Spanish] teñir [Faroese] teinkja [Icelandic] þanki [Norman] teindre [Scots] hink [Nigerian Pidgin] tink [Norwegian Bokmål] tenke [Tok Pisin] tingting [Bourguignon] toindre [Catalan] tenyir [Icelandic] þenkja [Icelandic] þenkja [Jersey Dutch] dänke,*teng-,,18,386
[English] sing [Afrikaans] sing [Tok Pisin] song [Dutch] zingen [Yola] zing [Luxembourgish] sangen [Faroese] syngja [Icelandic] syngja [Norwegian Nynorsk] syngja [German] singen [Low German] singen [Middle Dutch] singen [Middle English] singen [Middle High German] singen [Swedish] sjunga [Yiddish] זינגען [Russian] зонг-опера [Elfdalian] singga [Old Swedish] siunga [Westrobothnian] sjåong,*sengʷʰ-,,20,387
[Danish] so [Danish] svin [Norwegian Bokmål] svin [Norwegian Nynorsk] svin [Swedish] svin [Faroese] svín [Icelandic] svín [Icelandic] sýr [Faroese] súgv [Jamtish] svýn [Westrobothnian] svyn [Norwegian Nynorsk] svintoks,*sū-,,12,388
[Tok Pisin] so [Breton] sin [Cornish] sin [English] saw [English] signal [French] signal [Serbo-Croatian] signal [Vilamovian] signal [Dutch] sein [Indonesian] sein [Sranan Tongo] sa [English] sign [English] sign [Galician] sino [Galician] sino [Old Portuguese] sino [Portuguese] sino [Portuguese] sino [Faroese] sag [Norwegian Bokmål] sag [Norwegian Nynorsk] sag [Galician] sina [Swedish] såg [Spanish] señal [English] signet [Danish] sav [German] Segen [Italian] segno [Faroese] saksur [Icelandic] sög [Friulian] segn [Italian] scure [Bashkir] сигнал [Kazakh] сигнал [Serbo-Croatian] сигнал [Ukrainian] сигнал [Portuguese] sinal [Irish] sín [Catalan] segar [Spanish] segar [Bulgarian] жага [Scottish Gaelic] seun [Dutch] zegen [Greek] τσεκούρι [Romanian] semn [Catalan] senyal [Corsican] segà [Tetum] sinu [Tetum] sinu [Danish] saks [Norwegian Nynorsk] saks [Indonesian] sinyal [Venetian] ségno [Aromanian] semnu [Dalmatian] sčor [Marshallese] jain [French] seing [Irish] séan [Occitan] senh [Occitan] senh [Old Occitan] senh [Sinhalese] සීනුව [Sinhalese] සීනුව [Welsh] swyn [Old Spanish] sennal [Old Swedish] sagh [Irish] sábh [Spanish] trisecar [Scanian] sağs [Afrikaans] seën [Yola] zeene [German] Sech [Middle English] sygne [Luxembourgish] Seegen,*sek-,,74,389
[Tok Pisin] so [English] saw [Sranan Tongo] sa [Indonesian] saga [Irish] sábh,*sekʷe-,,5,390
[Tok Pisin] so [English] shown [English] show [Polish] show [Scots] shaw [Lithuanian] šou [Serbo-Croatian] šou [Slovak] šou [Tok Pisin] soim [Turkish] şov [Chinese] 作秀,*(s)kewh₁-,,11,391
[English] cry [English] cry havoc [English] havoc [French] crier [Norman] crier [Esperanto] krii [Louisiana Creole French] crié [Tok Pisin] krai [Tok Pisin] karai [Dutch] krijten [Middle French] cryer [English] Krey [Mauritian Creole] kriye [Seychellois Creole] kriye [Yola] cry't,*greyd-,,15,392
[English] acre [French] acre [French] acre [Norwegian Bokmål] acre [Norwegian Bokmål] acre [Norwegian Nynorsk] acre [Portuguese] acre [Scots] acre [Scots] acre [Danish] ager [Scanian] ager [Galician] agro [Italian] agro [French] aire [Faroese] akur [Icelandic] akur [Aromanian] agru [Megleno-Romanian] agru [Central Atlas Tamazight] ⵉⴳⵔ [Dutch] akker [French] agronomie [Indonesian] agronomi [Middle English] aker [Old Swedish] aker [Armenian] արտ [Norwegian Bokmål] åker [Norwegian Nynorsk] åker [Swedish] åker [Classical Syriac] ܐܓܘܪܣܐ [Catalan] agre [Galician] agra [Translingual] Agriornis [Translingual] Agropsar [Translingual] Agrilus [Georgian] აკრი [Irish] acra [Min Nan] kah [Swahili] ekari [Hindi] एकड़ [English] Ackerley [Yola] aager [Yola] aager,*h₂éǵros,,42,393
[English] safe [Indonesian] sip,*solh₂wós,,2,394
[French] verre [Friulian] veri [Cebuano] bildo [English] vitrine [French] vitrine [Ido] vitro [English] vitrify [Italian] vetro [Catalan] vidre [Galician] vidro [Portuguese] vidro [Asturian] vidru [English] vitrescent [Asturian] bidre [Swedish] vitrin [Turkish] vitrin [English] vitrage [French] vitrage [Sicilian] vitru [Welsh] gwydr [Breton] gwer [English] vitrifacture [Norman] vèrre [Asturian] vidriu [Dalmatian] viatro [Romagnol] avidrê,*wed-ro-,,26,395
[Kabuverdianu] ben [Kabuverdianu] ben [Guinea-Bissau Creole] bin [Papiamentu] bin [Catalan] venir [Papiamentu] bini [Romansch] vegnir [Louisiana Creole French] vini [Mauritian Creole] vini [Greek] βαίνω [Romansch] neir [Walloon] vni [Norman] v'nir [Romansch] vagnir [Romansch] gnir [Norman] v'nîn [Bourguignon] veindre [Louisiana Creole French] vini pli mal [Greek] αναβαθμίδα [Gallo] véendr,*gʷm̥yéti,,20,396
[Manx] ben [Czech] žena [Irish] bean [Scottish Gaelic] bean [English] quean [Scots] quean [Danish] kone [Norwegian Bokmål] kone [Norwegian Nynorsk] kone [Faroese] kona [Icelandic] kona [Old Danish] kona [Old Swedish] kona [Swedish] kona [Norwegian Bokmål] kvinne [Norwegian Nynorsk] kvinne [Middle English] cwene [English] gynecology [Westrobothnian] kunu [Armenian] կին [Irish] bé [Middle English] quene [English] gyno- [Greek] γυναίκα [Middle English] queene [English] gylany [American Sign Language] G@Shoulder-PalmDown G@Abdomen-PalmDown [Greenlandic] Kuuna [Irish] banúil [Manx] benoil [Norman] guénipe [French] guenipe [Norman] guênipe [Japanese] バンシー [Japanese] バンシー [English] gynecide [English] gynemimetic [English] gynecophile [Middle English] quen [Tok Pisin] kwin [Translingual] Gynandria [Middle English] qwene [Irish] Bé [Cappadocian Greek] ναίκα [Tuvan] херээжен [Phalura] ǰhaní [Kashmiri] زٔنؠ,*gʷḗn,,47,397
[English] vert [French] vert [Friulian] vert [Middle English] vert [Old French] vert [Walloon] vert [Welsh] gwyrdd [English] verge [French] verge [Middle French] verge [Old French] verge [Esperanto] verda [Aragonese] verde [Asturian] verde [Corsican] verde [Galician] verde [Old Portuguese] verde [Old Spanish] verde [Portuguese] verde [Romanian] verde [Spanish] verde [Galician] verga [Italian] verga [Portuguese] verga [Spanish] verga [Istriot] virga [Italian] verza [Portuguese] verdura [Czech] bizon [English] verdurous [Spanish] verdugo [Basque] berde [Cebuano] berde [English] verge staff [French] vergue [Esperanto] vergo [Romanian] vargă [French] vergette [English] Weisenthal [Sardinian] birde [Catalan] verd [Franco-Provençal] verd [Friulian] verd [Lombard] verd [Middle French] verd [Occitan] verd [Piedmontese] verd [Romansch] verd [German] Wirsing [English] Vikram [Romansch] veard [Cornish] gwyrdh [Venetian] vérdo [Breton] gwer [Cornish] gwer [English] viridite [Norman] vèrt [Norman] vaert [Aromanian] nverdu [Aromanian] veargã [Aromanian] veardi [Albanian] verdhë [Ligurian] vèrde [Istriot] virdo [Ladin] vërt [Neapolitan] vescata [Dalmatian] viard [Sicilian] virdi [Franco-Provençal] vèrd [Bourguignon] vord [Ladino] vedre [Cimbrian] viirtza [Romagnol] vérd [Sassarese] verdhi,*weys-,,74,398
[Afrikaans] vers [Swedish] frisk [Icelandic] ferskur [Faroese] frískur [Icelandic] frískur [Faroese] feskur [Swedish] färsk [Norwegian Bokmål] fersk [Norwegian Nynorsk] fersk [Norwegian Bokmål] fresko [Norwegian Nynorsk] fresko [Hungarian] freskó [Afrikaans] vars [Papiamentu] fresku [Papiamentu] fresku [Mauritian Creole] fre [Cebuano] presko [Estonian] priske [Plautdietsch] fresch [Polabian] frišă,*preysk-,,20,399
[Danish] save [Alemannic German] seen [Belizean Creole] si [Norwegian Bokmål] si [English] segue [English] saga [Crimean Tatar] saga [French] saga [Galician] saga [Icelandic] saga [Italian] saga [Malay] saga [Malay] saga [Portuguese] saga [Serbo-Croatian] saga [Spanish] saga [Swedish] saga [Turkish] saga [French] suite [Old French] suite [Swedish] sia [Swedish] säga [English] Saga [French] suivre [Icelandic] segja [Norwegian Nynorsk] segja [Catalan] seguir [Galician] seguir [Occitan] seguir [Portuguese] seguir [Spanish] seguir [Faroese] siga [Afrikaans] sien [Danish] sige [Romanian] soț [Irish] seach [Scottish Gaelic] seach [Italian] seguire [English] socio- [Faroese] søga [Faroese] hesin [Middle English] sute [Aromanian] sots [English] suant [Norwegian Nynorsk] seie [Norwegian Nynorsk] sjå [Norwegian Nynorsk] sjå [Scottish Gaelic] sgeul [Dutch] socioloog [Irish] scéal [Manx] skeeal [Kazakh] сага [Norwegian Nynorsk] seia [Spanish] séquito [Norwegian Nynorsk] soge [Old French] sivre [Latin] Achaemenes [Middle French] suyvre [Middle English] suen [Jamtish] segi [Norwegian Nynorsk] soss [Jersey Dutch] zîn [Czech] sága [Slovak] sága [Norman] siéthe [Dutch] sociologe [Chinese] 十三點 [Italian] soccio [Old Swedish] sagha [Scanian] siğa [Old Swedish] sæghia [Norwegian Bokmål] sosio- [Norwegian Nynorsk] sosio- [Faroese] seggur [Westrobothnian] sögu [Tok Pisin] sosaiti [Gallo] sieude [Bourguignon] seugre [Sranan Tongo] syi [Maltese] segwa [Mon] စက္ကာန် [Polish] świta [Maltese] ssokta,*sekʷ-,,83,400
[English] from [Middle English] from [Danish] fra [Norwegian Bokmål] fra [English] fro [Icelandic] frá [Scots] frae [Norwegian Nynorsk] frå [Westrobothnian] frå [Swedish] ifrån [Danish] frem [Ido] furnisar [Icelandic] fremri [Icelandic] framur,*promo-,,14,401
[English] chromosome [English] chromium [Italian] cromo [Portuguese] cromo [Swedish] krom [Turkish] krom [Kazakh] хром [Dutch] chromo- [French] chromo- [Polish] chromo- [Danish] chrom [Greek] χρώμα [Translingual] Chromista [English] chromato- [Polish] chromato- [German] Chromosom [Danish] kromosom [Farefare] kromosom [Norwegian Bokmål] kromosom [Norwegian Nynorsk] kromosom [Serbo-Croatian] kromosom [Swedish] kromosom [Romanian] crom [Italian] cromo- [Portuguese] cromo- [Kazakh] хромосома [Translingual] olivochromogenes [Hungarian] kromoszóma [English] chromascope [Irish] crómatach [English] chromule [Malay] kromium [Latin] griseochromogenes [Irish] crómata- [Spanish] cromar [Spanish] cromado [Irish] crómasóm [Irish] cróimiam [Kazakh] хроматография [German] Chromatin [Kazakh] хроматин [Kazakh] хроматида [Polish] chromatyda [Polish] -chromia,*gʰrēw-,,44,402
[French] ver [English] worm [English] worm [Middle English] worm [Galician] verme [Galician] verme [Italian] verme [Portuguese] verme [Portuguese] verme [Spanish] verme [English] varmint [English] vermin [English] vermiform [English] vermicelli [English] vermifuge [French] vermifuge [Haitian Creole] ve [Danish] orm [Norwegian Bokmål] orm [Norwegian Nynorsk] orm [Swedish] orm [Translingual] Vermilingua [Faroese] ormur [Icelandic] ormur [Haitian Creole] vè [Romanian] vierme [French] vermine [Old French] vermine [English] vermicide [Venetian] vermo [Kazakh] вермишель [Russian] вермишель [Sicilian] vemmu [Catalan] verm [Old French] verm [Romansch] verm [Romansch] vierm [Romansch] vearm [Norman] vèr [Norman] vèr [English] vermifugal [Aromanian] yermu [English] vermetus [Asturian] viérbene [Occitan] vèrm [English] vermisol [Old Portuguese] vermen [Aromanian] ierm [Translingual] Vermes [English] Wormley [Norwegian Bokmål] ormeyngel [Corsican] vermu [English] Great Orme [Venetian] vèrme [Megleno-Romanian] ghermi,*wr̥mis,,55,403
[Galician] ver [Portuguese] ver [English] wit [English] wit [Afrikaans] wit [Middle English] wit [Norwegian Nynorsk] guide [Norwegian Nynorsk] guide [Irish] Taoiseach [Ido] ideo [English] wite [Icelandic] vitni [Irish] taoiseach [Swedish] vittne [Catalan] veure [Irish] fia [Irish] fia [Gallo] vair [Romansch] vair [Esperanto] gvidi [Esperanto] gvidi [Scottish Gaelic] fiadh [Serbo-Croatian] vic [Persian] ویستا [Czech] vize [Norwegian Bokmål] vits [Norwegian Nynorsk] vits [Armenian] գտնել [Romansch] vaser [Middle French] veoir [Romansch] veir [Haitian Creole] wè [Macedonian] виц [Yola] wut [Manx] feeaih [Danish] vidne [French] vidéo- [Scottish Gaelic] fiadh- [Middle English] bilewit [Hungarian] védikus [Irish] naí [Louisiana Creole French] oua [Irish] fiáin [Romansch] vzair [Romansch] verer [Romansch] vesair [Romansch] veser [Irish] túisce [Gallo] vér' [Ido] vidar [Ido] vidar [Hungarian] sztori [Tok Pisin] stori [Norwegian Bokmål] vitne [Norwegian Nynorsk] vitne [Thai] เวทมนตร์ [Tok Pisin] aidia [Seychellois Creole] vwar [Cimbrian] ghiiza [Ottoman Turkish] وید [Pali] vedikā,*weyd-,,61,404
[Icelandic] ver [Cimbrian] ber [Manx] fer [Middle Irish] fer [Ido] viro [English] wer [German] wer [Hunsrik] wer [German] Wehr [Norwegian Bokmål] viril [Norwegian Nynorsk] viril [Faroese] ver- [Galician] brilla [Welsh] gŵr [Indonesian] wira [Malay] wira [English] viripotent [Pali] vīra [Yiddish] ווער [Cimbrian] bèar [Luxembourgish] Wier [Hindi] बीर [Galician] virilla [Alemannic German] wër [Telugu] వీరుండు [Phalura] bhiiroó [Phalura] bhíiru,*wiHrós,,27,405
[Romansch] ver [Dutch] weer [English] ill [Norwegian Nynorsk] ill [Westrobothnian] ill [Yola] ill [English] Baroque [Romanian] beregată [English] varicose [English] waragi [Italian] verruca [Italian] verro [English] varix [Faroese] illur [Icelandic] illur [Friulian] viru [English] verrucose [Galician] varrer [Portuguese] varrer [French] baroque [Scottish Gaelic] feàrr [Italian] varice [Romanian] varice [Irish] fearr [Indonesian] barok [Italian] verrucoso [Catalan] barrejar [Catalan] variu [Norman] véthue [Spanish] variz [Spanish] birria [Spanish] barrueco [Tok Pisin] woa [Danish] ilde,*wers-,,34,406
[English] us [Yola] ouse,*ne-,,2,407
[Corsican] grazie [Swedish] grace [Chinese] agger [English] bard [Polish] bard [Romanian] bard [Finnish] bardi [Esperanto] bardo [Italian] bardo [Spanish] bardo [Hungarian] gratulál [Georgian] ბარდი [French] barde [Hungarian] bárd [Macedonian] бард [Ligurian] gràçia [Norwegian Bokmål] grasiøs [Norwegian Nynorsk] grasiøs [German] Barde [Galician] grazas [Maltese] grazzja,*gʷerH-,,21,408
[Aragonese] plata [Asturian] plata [Catalan] plata [Esperanto] plata [Spanish] plata [English] plate [Norwegian Bokmål] plate [Norwegian Nynorsk] plate [English] platform [Indonesian] platform [English] plat [Catalan] plat [Danish] plat [French] plat [Italian] piatto [Chavacano] plato [Spanish] plato [Galician] prato [Portuguese] prato [German] platt [English] plaice [Translingual] Platyhelminthes [Galician] prata [Old Portuguese] prata [Portuguese] prata [Indonesian] platina [Portuguese] chato [Spanish] chato [German] Platte [Czech] plát [Greek] πλατύς [Italian] chiatto [Neapolitan] chiatto [Middle Armenian] յաղթ [Catalan] xato [Cimbrian] platta [Latin] platyrhynchos [Piedmontese] piat [Venetian] piat [Irish] pláta [Norman] pliat [Translingual] Plateosaurus [Luxembourgish] Plat [Latin] platyrhynchus [Ligurian] ciàtto [Ligurian] piâto [Cimbrian] pjatto [German] Plätte [Mòcheno] piatt [Bengali] পরাত [Maltese] ċatt,*pléth₂us,,51,409
[French] cadastre [Russian] стих [Greek] στόχος [Old Church Slavonic] стихъ [Greek] στίχος [Catalan] vestigi [Irish] sticiméadracht [Italian] stico [Indonesian] kadaster [Italian] parastico [English] sticho-,*steygʰ-,,11,410
[English] bruit [English] bruit [French] bruit [Catalan] rot [French] rot [English] riot [Armenian] առյուծ [Greek] ρεύομαι [Italian] riotta [French] riotte [English] Romney,*h₁rewg-,,11,411
[English] talent [English] talent [Catalan] talent [Catalan] talent [Danish] talent [Danish] talent [Danish] talent [Danish] talent [Dutch] talent [Dutch] talent [French] talent [Middle English] talent [Middle English] talent [Old French] talent [Old French] talent [Old Occitan] talan [Italian] talento [Spanish] talento [Ukrainian] талант [Ukrainian] талант [Swahili] talanta [Serbo-Croatian] talenat [Latin] talentum [Finnish] talentti [Portuguese] talante [Portuguese] talante [Greek] ταλέντο [Greek] ταλέντο [Greek] τάλαντο,*tl̥h₂ent-,,29,412
[Westrobothnian] he [Low German] hebben [Spanish] caber [Dutch] kaap [Sranan Tongo] abi [Icelandic] hefja [Faroese] hevja [Norwegian Nynorsk] hevja [Catalan] capir [Ido] havar [Danish] hæve [Finnish] heivata [German] hieven [French] acabit [Swedish] häva [Old French] chevir [Norwegian Nynorsk] heva [Norwegian Nynorsk] heve [Polish] kapować [Old Swedish] hæfia [Westrobothnian] hyv [Norwegian Nynorsk] hevje,*kh₂pyéti,,22,413
[Tok Pisin] we [Kriol] weya [Jutish] væn [Indonesian] kualitas,*kʷo-,,4,414
[English] leg [Torres Strait Creole] leg [Samoan Plantation Pidgin] lek [Tok Pisin] lek [Faroese] leggur [Icelandic] leggur [Danish] læg [Old Swedish] lægger [Swedish] lägg [Westrobothnian] lägg [Norwegian Bokmål] legg [Norwegian Nynorsk] legg,*(ǝ)lak-,,12,415
[Lombard] leg [Lombard] lez [Galician] lei [Old French] lei [Portuguese] lei [Sardinian] lei [Chavacano] ley [Ladin] lege [Lombard] lege [Lombard] legge [Taos] láyna [German] -lei [Middle French] loy [Malagasy] lalana [Haitian Creole] lalwa [Venetian] łeje [English] legific [English] legist [Lombard] legg [Haitian Creole] lwa [Venetian] lège [Maltese] liġi [Lombard] lesg,*leǵ-s,,23,416
[Lombard] leg [Lombard] lez [Galician] lei [Old French] lei [Portuguese] lei [Sardinian] lei [Ladin] lege [Lombard] lege [Lombard] legge [German] -lei [Middle French] loy [Venetian] łeje [English] legific [English] legist [Lombard] legg [Venetian] lège [Maltese] liġi [Lombard] lesg,*legʰ-s,,18,417
[Westrobothnian] leg [English] law [English] law [English] law [English] lay [French] lit [Old French] lit [French] lie [English] low [English] lig [English] lig [Norwegian Nynorsk] log [English] litter [Finnish] laki [English] lecture [Danish] lag [Faroese] lag [Icelandic] lag [Norwegian Bokmål] lag [Norwegian Bokmål] lag [Norwegian Nynorsk] lag [Swedish] lag [Swedish] lag [Westrobothnian] lag [Danish] lav [Danish] lav [Norwegian Bokmål] lav [Italian] letto [Scanian] lower [Maroon Spirit Language] lai [Romansch] lai [Venetian] leto [Corsican] lettu [Sicilian] lettu [Sicilian] lettu [Faroese] lágur [Icelandic] lágur [Faroese] liggja [Icelandic] liggja [Norwegian Nynorsk] liggja [Icelandic] lög [Ido] lito [Old English] lagu [Norwegian Bokmål] låg [Norwegian Nynorsk] låg [Swedish] låg [English] lagan [Dutch] liggen [Bourguignon] leit [Lombard] lett [Aragonese] leito [Galician] leito [Galician] leito [Old Portuguese] leito [Portuguese] leito [Portuguese] leito [Danish] lov [Norwegian Bokmål] lov [Norwegian Nynorsk] lov [Swedish] ligga [Scottish Gaelic] laigh [Faroese] lóg [Catalan] llit [Norman] llit [Norman] liet [Spanish] litera [Norman] llet [Middle English] lawe [Spanish] lecho [Danish] ligge [Norwegian Bokmål] ligge [Old Danish] lagh [Occitan] lèit [Occitan] lièch [Old Danish] logh [Irish] luigh [Irish] luí [Romansch] letg [Occitan] liech [Venetian] łeto [Finnish] leijata [Norman] lliet [Dalmatian] ljat [Romansch] lètg [Yola] laas [Faroese] løg- [Sardinian] letu [Galician] liteira [Old Swedish] liggia [Old Swedish] lagher [Westrobothnian] lawi [Manx] lhie [Norwegian Bokmål] abortlov [Norwegian Bokmål] A-lag [Norwegian Bokmål] a-lag [Jersey Dutch] lixxe,*legʰ-,,96,418
[Aragonese] me [Ido] me [Ido] me [Romanian] mă [Corsican] mè,*h₁me-,,5,419
[Asturian] me [Old French] me [Portuguese] me [Spanish] me [Galician] eu [Romanian] mie [Sardinian] mie [Spanish] mí [Portuguese] mim [Mozarabic] ميب [Mozarabic] מיבי,*h₁mégʰ(e)y,,11,420
[Ido] me [Haitian Creole] m [Mauritian Creole] mo [Haitian Creole] mwen [Mauritian Creole] mwa,*(h₁)me-,,5,421
[English] knee [Greek] γόνατο [German] Knie [Icelandic] kné [Westrobothnian] kné [Norwegian Bokmål] kne [Norwegian Nynorsk] kne [Afrikaans] knie [Swedish] knä [Danish] knæ [Faroese] knæ [Icelandic] hné [Spanish] hinojo [Greek] γόνυ [Scottish Gaelic] glùn [Portuguese] joelho [Galician] xeonllo [Esperanto] genuo [Manx] glioon [Irish] glúin [Luxembourgish] Knéi [Yiddish] קני [Vilamovian] kni [Alemannic German] Chnüü [Central Franconian] Knee [Haitian Creole] jenou [Cimbrian] khnia [Kabuverdianu] duedju [Guinea-Bissau Creole] djudju [Afrikaans] knieg [Yola] konnee [Polish] ambligonit,*ǵónu,,32,422
[Spanish] pico [Italian] becco [English] beak [Esperanto] beko [Ido] beko [Catalan] bec [French] bec [Friulian] bec [Spanish] beca [Dutch] bek [Galician] bico [Portuguese] bico [Occitan] bèc [Norman] baec [French] bicher [Translingual] Azotobacter [Sicilian] biccaccia,*bak-,,17,423
[English] whose [Yola] fose,*kʷésyo,,2,424
[English] whose [Yola] fose [Middle English] whos,*kʷh₁dstós,,3,425
[English] who [Afrikaans] wie [Kriol] hu [Scottish Gaelic] cuin [Yola] fho,*kʷos,,5,426
[Polish] szkoła [Dutch] school [Finnish] koulu [Romanian] sever [English] schema [Italian] schema [Latin] schema [English] shul [Welsh] ysgol [English] scheme [English] severe [Italian] scuola [Old High German] scuola [Serbo-Croatian] škola [Russian] школа [Serbo-Croatian] школа [French] école [Asturian] escuela [Spanish] escuela [Icelandic] skóli [Basque] eskola [Ladino] skola [Latvian] skola [Maltese] skola [German] Schule [Scottish Gaelic] sgoil [Latin] schola [Romanian] școală [Danish] skole [Norwegian Bokmål] skole [Norwegian Nynorsk] skole [Slovak] schéma [Greek] έχω [Ladin] scola [Neapolitan] scola [Romansch] scola [Sicilian] scola [Scottish Gaelic] sgiamh [Hungarian] iskola [Albanian] shkollë [Afrikaans] skool [Irish] scoil [Catalan] esquema [Spanish] esquema [Bislama] skul [Kriol] skul [Kriol] skul [Nigerian Pidgin] skul [Nigerian Pidgin] skul [Pijin] skul [Pijin] skul [Tok Pisin] skul [Tok Pisin] skul [Kazakh] схема [Serbo-Croatian] схема [Dalmatian] scol [Manx] scoill [Old French] escole [Sardinian] iscola [Middle Dutch] schole [Gallo] escoll [Ladino] סקולה [Yiddish] שול [Middle English] scole [Serbo-Croatian] shema [Serbo-Croatian] šema [Serbo-Croatian] шема [Classical Syriac] ܐܣܟܘܠܐ [Classical Syriac] ܐܣܟܝܡܐ [Piedmontese] scòla [Irish] scéim [Romansch] scoula [English] echard [Lower Sorbian] šula [Friulian] scuele [Icelandic] skema [Indonesian] skema [Friulian] scuelâr [Skolt Sami] škooul [Yup'ik] eskuulaq [Palauan] skuul [Hebrew] סכמה [Norwegian Bokmål] skjema [Norwegian Nynorsk] skjema [Greek] -ούχος [Tok Pisin] skulim [Tok Pisin] skulfi [Hindi] सहना [Purepecha] eskuela [Hunsrik] Schul [Pennsylvania German] Schul [Cebuano] eskuwela [Mòcheno] schual [Assamese] সহা [Tataltepec Chatino] scuelya [Western Highland Chatino] xla [Tetelcingo Nahuatl] isfiela [Russian] зига [Russian] зига [Andalusian Arabic] اشكولة [Chinese] 死庫水 [Ternate] sikola [Phalura] iskuúl [Norwegian Bokmål] abnormskole [Sassarese] ischora [Irish] scéimh,*seǵʰ-,,106,427
[Italian] loco [Irish] log [English] local [Catalan] local [French] local [Portuguese] local [Spanish] local [Italian] locale [Maltese] lok [Romansch] lieu [Bourguignon] lei [Bourguignon] leu [Old French] leu [Galician] logo [Portuguese] logo [English] stall [English] stolid [Esperanto] loko [Ido] loko [English] stool [Italian] luogo [German] Stollen [Galician] lugar [Kabuverdianu] lugar [Portuguese] lugar [Spanish] lugar [Catalan] lloc [Aromanian] loc [Old Irish] loc [Old Occitan] loc [Romanian] loc [Sardinian] logu [English] stilling [Translingual] Stolonifera [Finnish] lokus [Indonesian] lokal [Polish] lokal [Italian] stolto [Middle English] stalle [Old Spanish] logar [Greek] στέλλω [Esperanto] stulta [Ido] stulta [Swedish] stolt [Armenian] առաստաղ [Armenian] առաստաղ [Picard] liu [Armenian] ստեղծել [Occitan] luòc [English] stell [Occitan] luec [Venetian] łógo [English] locofoco [Asturian] llugar [English] stulm [Dalmatian] luc [Neapolitan] stordo [Asturian] llueu [Asturian] llocal [Russian] штольня [Ladin] luega [Greek] στέλνω [Friulian] lûc [English] stulted [Papiamentu] logá [Portuguese] estólido [Spanish] estólido [Old French] locaige [Portuguese] estulto [Czech] štóla [Czech] štóla [Czech] štóla [Romanian] locație [Czech] lokál [Polish] lokalny [Polish] sztolnia [Translingual] Stalicoolithus [Kazakh] локус [Czech] štola [Papiamentu] lugá [Norwegian Nynorsk] stoll [English] Finstall [Yola] sthole [Occitan] lòc,*stel-,,84,428
[Spanish] loco [English] glaucous [Italian] glauco [Portuguese] glauco [Spanish] glauco [English] glaucus [Latin] glaucus [Hungarian] glaukóma,*gleh₂w-ko-,,8,429
[Friulian] re [Translingual] T. rex [Dalmatian] ra [English] real [Norwegian Bokmål] rik [Norwegian Nynorsk] rik [Scots] rik [Scots] rik [Scots] rik [Swedish] rik [Tagalog] raha [Old Occitan] rey [San Pedro Amuzgos Amuzgo] rey [Spanish] rey [Romani] raj [Manx] ree [Old French] roi [Albanian] rig [Danish] rig [Romansch] rai [English] Roy [English] rike [German] Reich [Atong (India)] raja [Indonesian] raja [Malay] raja [Norwegian Bokmål] raja [Norwegian Nynorsk] raja [English] rajah [Cebuano] rajah [Faroese] ríkur [Icelandic] ríkur [Afrikaans] ryk [Afrikaans] ryk [Faroese] ríki [Irish] rí [Middle Irish] rí [Galician] rico [Portuguese] rico [Spanish] rico [English] Bognor Regis [Haitian Creole] wa [Aragonese] rei [Asturian] rei [Galician] rei [Kabuverdianu] rei [Mirandese] rei [Occitan] rei [Old Occitan] rei [Papiamentu] rei [Portuguese] rei [Norman] roué [Scottish Gaelic] rìgh [Portuguese] riqueza [Greek] αρχι- [Farefare] diiki [Farefare] diiki [Greek] ρήγας [Taos] láyna [Hungarian] rádzsa [Ido] richa [Ido] richa [Dutch] radjah [French] radjah [Tamil] அரசன் [Norman] rouai [Middle French] roy [Sinhalese] රජ [Romansch] rètg [Romansch] retg [Romansch] raig [Ladino] ריי [Basque] errege [Khmer] រាជ [English] Raju [Oriya] ରାଜା [Portuguese] rajá [Russian] раджа [Old Swedish] riker [Old Gujarati] राइं [Hindi] राय [Old Gujarati] राय [Romanian] rigă [Burmese] ရာဇ [Kannada] ಅರಸು [Marathi] राव [Braj] राइ [Ashokan Prakrit] 𑀭𑀸𑀚𑀸 [Vaghri] રાજા [Assamese] ৰজা [Czech] archón [Mauritian Creole] lerwa [Greek] άρχω [Tagalog] ladya [Finnish] riikin- [Polish] radża [Bengali] রাই [Kashmiri] رازٕ [Esperanto] raĝo [Neapolitan] rré [Thai] เรียล [Old Marathi] 𑘨𑘰𑘊 [Kannada] ರಾಯ [Telugu] అరుసు [Malayalam] അരചൻ [Kannada] ಅರಸ,*h₃rḗǵs,,106,430
[Italian] moro [Italian] mora [Sardinian] mora [Romanian] mur [Galician] amora [Occitan] amora [Portuguese] amora [French] mûre [Polish] morwa [Galician] moreira [Romanian] mură [Latin] morum,*mórom,,12,431
[Sranan Tongo] moro [Tok Pisin] moa,*mē-,,2,432
[Sranan Tongo] moro [Tok Pisin] moa,*merk-,,2,433
[Serbo-Croatian] servus [English] serf [Catalan] serf [Dutch] serf [French] serf [Old French] serf [Galician] servo [Italian] servo [Portuguese] servo [English] serve [English] servitude [French] servitude [Spanish] siervo [Old French] servise [Romanian] șerb [English] Culdee [Serbo-Croatian] serbus [Sicilian] serbu [Friulian] sierf [Old Spanish] sieruo,*serwos,,20,434
[Finnish] pata [Maithili] इसपात,*sph₂-dʰ-,,2,435
[Spanish] humo [English] fume [Venetian] fum [English] femerell [Romani] thuv [English] fumet [Greek] θυμός [Papiamentu] huma [Bengali] ধোঁয়া [Hindi] धूआँ [Guinea-Bissau Creole] fumu [Kabuverdianu] fumu [Urdu] دھواں [Translingual] Fumaria [Konkani] धुवोर [Old Marathi] धुं [Old Marathi] 𑘠𑘳𑘽 [Guinea-Bissau Creole] fumansa [Marathi] धूर [Oriya] ଧୂଆଁ [Polish] aleksytymia [Bengali] ধুমা [Polish] -tymia,*dʰuh₂mós,,23,436
[English] swan [Middle English] swan [Catalan] sonar [Ido] sonar [Ido] sonar [Spanish] sonar [Czech] sono [Swedish] svan [Norman] sonner [English] Swanage [Luxembourgish] Schwan [Middle English] suan [Faroese] svanur [Icelandic] svanur [Tok Pisin] saun [Danish] svane [Norwegian Bokmål] svane [Norwegian Nynorsk] svane [Cebuano] sawon [English] Swancott,*swenh₂-,,20,437
[English] loose [Swedish] lie [Westrobothnian] li [Gutnish] laus [Icelandic] laus [Middle English] laus [Norwegian Nynorsk] laus [Tok Pisin] laus [Westrobothnian] laus [Danish] los [Danish] le [Swedish] -lös [English] lyophilization [Finnish] löysä [Westrobothnian] -laus [Danish] løs [Norwegian Bokmål] løs [Old Swedish] løs [Swedish] lös [English] unloose [Finnish] lössi [Icelandic] ljár [Jamtish] ljá [Scanian] ljá [Norwegian Bokmål] ljå [English] lyo- [Esperanto] laŭso [Faroese] leysur,*lewH-,,28,438
[English] trail [Catalan] tram [English] trawl [Catalan] trama [Romanian] destrăma [Romanian] targă [French] traille [German] treideln [Old French] trailler,*tragʰ-,,9,439
[Manx] lane [Alemannic German] vole [English] full [Norwegian Bokmål] full [Norwegian Nynorsk] full [Swedish] full [Scots] fou [Papiamentu] yen [Indonesian] pol [Irish] lán [Middle Irish] lán [Louisiana Creole French] plein [German] voll [Luxembourgish] voll [Afrikaans] vol [Dutch] vol [Faroese] fullur [Icelandic] fullur [Middle English] ful [Scottish Gaelic] làn [Punjabi] پر [Urdu] پر [English] replenish [Danish] fuld [Portuguese] cheio [Swedish] fullborda [Spanish] plenario [Nigerian Pidgin] plenti [Galician] cheo [Tok Pisin] planti [Bengali] পূর্ণ [Norwegian Bokmål] plen [Norwegian Nynorsk] plen [Romanian] împlini [Turkish] pür [Low German] vull [Yola] vull [Urdu] پورا [English] plenipotent [English] plenal [Telugu] పూర్ణము [Punjabi] ਪਰ [Portuguese] plenário [Yiddish] פֿול [Aromanian] mplinescu [Mirandese] cheno [Ladino] yeno [Kabuverdianu] tcheu [Kabuverdianu] cheiu [Guinea-Bissau Creole] tciu [Spanish] a full [Dutch] vol- [Korean] 풀발 [Cimbrian] vòll,*pl̥h₁nós,,54,440
[English] Florianópolis [English] -polis [Dutch] polis [English] Indianapolis [English] Minneapolis [Greek] πόλη [Sicilian] pulizzia [English] policlinic [Czech] poliklinika [English] -ple [Sicilian] pulizzìa [Sicilian] polizzia [Sicilian] polizzìa [Russian] Севастополь [Ukrainian] Севастополь [Spanish] policlínica [Chinese] 明尼阿波利斯 [Italian] -poli [Chinese] 明尼亞波利斯 [Greek] Σεβαστούπολη [Translingual] Polistes,*tpólHis,,21,441
[English] Putrajaya [Malay] Putrajaya [Italian] pollo [Spanish] pollo [Ladino] prove [German] power [English] poor [English] pause [Danish] pause [Norwegian Bokmål] pause [Norwegian Nynorsk] pause [Yola] boor [Venetian] poro [Galician] polo [Portuguese] polo [Italian] povero [English] poultry [Catalan] poll [Rohingya] fut [Ido] poka [English] repose [English] poule [French] poule [Norman] poule [Guinea-Bissau Creole] puku [French] pauvre [Norman] pauvre [Galician] pobreza [Portuguese] pobreza [Catalan] pobre [Galician] pobre [Portuguese] pobre [Spanish] pobre [English] pollera [Catalan] polla [Spanish] polla [Indonesian] putra [Malay] putra [Ternate] putra [German] Folter [Romanian] pulă [Dutch] bolder [Scots] puir [Italian] puledro [Occitan] paure [Galician] pola [Spanish] repollo [Lombard] pui [Romanian] pui [Spanish] potro [Dutch] pover [Greek] πουλί [Greek] πουλί [Albanian] pulë [Punjabi] پتر [Italian] pulcino [Greek] παύω [Armenian] հավ [Thai] บุตร [Moroccan Arabic] فلوس [Armenian] փոքր [Italian] pollastro [Italian] pollastra [Armenian] ագի [Interlingua] povre [Middle English] povre [Old French] povre [Arabic] فوطة [French] poulain [Norman] poulain [Esperanto] povra [Esperanto] povra [Esperanto] povra [Ido] povra [Malay] putera [Danish] pauver [Latin] repauso [Middle English] pulle [Middle French] pouvre [Occitan] paubre [Old Occitan] paubre [Papiamentu] poko [Papiamentu] poko [French] appauvrir [Urdu] پوت [Urdu] پوت [Norman] pouôrre [French] paupériser [Aromanian] puljiu [Latin] paurosaccharolyticus [Ligurian] pövou [Telugu] పుత్రభిక్ష [English] Putrakameshti [Maltese] fellus [Bikol Central] repolyo [Cebuano] repolyo [Asturian] pollu [Sinhalese] පුතා [Friulian] puar [Friulian] poleç [Greek] φαύλος [Aromanian] pulj [Turkish] piliç [English] paurometabolous [English] paurometabolism [Kabuverdianu] poku [Greek] -όπουλος [Prakrit] 𑀧𑀼𑀢𑁆𑀢 [Hindi] पूत [Konkani] पूत [Central Franconian] Pöll [Kalasha] putr [Phalura] putr [Franco-Provençal] pouvro [Punjabi] ਪੁੱਤ [Punjabi] ਪੁੱਤਰ [Marathi] पोर [Khmer] បុត្ត [Italian] poltro [Hindi] भूमिपुत्र [Bengali] পুত [Assamese] পো [Bengali] পো [Occitan] praube [Sylheti] ꠙꠥꠀ [Aromanian] pulã [Domari] putur [Galician] repolo [Indonesian] Putra [Oluta Popoluca] pro̱ve [Tetelcingo Nahuatl] prube [Xicotepec de Juárez Totonac] prohui [Maltese] povru [Sicilian] puddastra [Albanian] Palush [Marathi] पोते [Ashokan Prakrit] 𑀧𑀼𑀢𑁆𑀭 [Catalan] poncella [Kashmiri] پۆتھٕر [Bengali] পোলা [Ottoman Turkish] پالاز [Oriya] ପୁଅ [Marathi] पोतेरे [Ternate] ڤترا [Dhivehi] ފުތް [Persian] فوطه [Greek] πουλλίν [Greek] πουλλίν,*peh₂w-,,148,442
[English] Briton [English] Britain [French] Breton [Old French] Breton [English] tera- [Greek] τέρας [Urdu] کرنا [Dutch] karma [Turkish] karma [English] Britannia [English] terato- [Hindi] का [Deccani] کو [Hindi] काम [Marathi] काम [Urdu] کام [Faroese] pikti [Hindi] कमाना [Crimean Tatar] kâr [Turkish] kâr [Italian] Bretagna [Lao] ກຳ [Polish] Bretania [Tamil] கருமம் [Catalan] Bretanya [Portuguese] picto [Hebrew] בריטניה [Middle English] Breteyn [Persian] گرد [Norman] Brétangne [Armenian] քյար [Turkish] fedakâr [Tongan] Pilitānia [Occitan] Bretanha [Portuguese] Bretanha [Serbo-Croatian] ćerdati [Serbo-Croatian] ћар [Serbo-Croatian] ћердати [Serbo-Croatian] ćar [Greek] πελώριος [Gujarati] કામ [Armenian] ճար [Assamese] -অৰ [Assamese] -অক [Early Assamese] -অক [Prakrit] 𑀓𑀫𑁆𑀫 [Balinese] ᬓᬭ [Balinese] ᬓᬵᬭ [Dutch] Brittannië [Dogri] कम्म [Phalura] kráam [Malayalam] കർമ്മം [Sindhi] ڪمائڻ [Oriya] କାମ [Turkish] kimyager [Ottoman Turkish] فداكارلق [Ottoman Turkish] فداكار [Dhivehi] ކަން,*kʷer-,,58,443
[Danish] sy [Norwegian Bokmål] sy [Norwegian Nynorsk] sy [Swedish] sy [English] hymen [Czech] hymen [Finnish] hymen [Slovak] hymen [Catalan] himen [Spanish] himen,*syuh₁-,,10,444
[Scots] deem [Polish] daniel [Hindi] दम [French] daim [Old French] dain [Indonesian] demam [Marathi] दमणे,*demh₂-,,7,445
[Scots] deem [English] danger [French] danger [English] matter [Galician] madeira [English] don [Czech] don [Galician] don [Old Spanish] don [Spanish] don [English] timber [Dutch] dom [French] dom [English] dan [Middle English] dan [Esperanto] domo [Galician] dono [Portuguese] dono [English] dumb [English] dumb [English] Madeira [Portuguese] Madeira [French] domino [Italian] domino [Norwegian Bokmål] domino [Norwegian Nynorsk] domino [Polish] domino [English] materia medica [Aragonese] dueño [Spanish] dueño [Portuguese] dominó [English] domine [Romanian] domn [Romanian] dumneavoastră [Norwegian Bokmål] materie [Norwegian Nynorsk] materie [Afrikaans] materiaal [Dutch] materiaal [Spanish] doña [Kazakh] материя [Old French] damoisel [French] damoiseau [Italian] donzello [Dutch] timmer [Aromanian] domnu [Czech] cimra [Italian] donno [Czech] matérie [Aromanian] Domnu [Irish] dainséar,*dem-,,50,446
[Middle French] ia [Catalan] ja [Ido] ja [Old French] ja [Friulian] za [Spanish] ya [Italian] già [Indo-Portuguese] já [Portuguese] já [Galician] xa [Asturian] yá [Middle French] iamays [Venetian] zà,*Hyā́m,,13,447
[Irish] dia [Irish] dia [Irish] dia [Irish] dia [Scottish Gaelic] dia [Scottish Gaelic] dia [Irish] Dia [Irish] Dia [Scottish Gaelic] Dia [Scottish Gaelic] Dia [Manx] jee [Manx] jee [Gujarati] دن [Awadhi] दिन [Middle Gujarati] दिन [Assamese] দিন [Bengali] দিন [Translingual] Delonix [Indonesian] dini [Translingual] Arizelocichla [Pali] dibbati [Persian] زاوش [Newar] दिं [Kachchi] ડી [Balinese] ᬤᬶᬦ [Malayalam] ദിനം [Magahi] 𑂠𑂱𑂢𑂰,*dyew-,,27,448
[Haitian Creole] ke [Ido] ke [Ido] ke [Ido] ke [Friulian] ce [Romanian] ce [Sardinian] chi [Italian] che [Romansch] che [Kabuverdianu] ki [Kristang] ki [Mauritian Creole] ki [Papiamentu] ku [Asturian] que [Catalan] que [Fala] que [Fala] que [French] que [French] que [Galician] que [Galician] que [Galician] que [Indo-Portuguese] que [Indo-Portuguese] que [Indo-Portuguese] que [Middle French] que [Occitan] que [Old French] que [Old Occitan] que [Old Portuguese] que [Portuguese] que [Portuguese] que [Spanish] que [Sardinian] ite [Bourguignon] quoi [French] quoi [Asturian] qué [Occitan] qué [Spanish] qué [Aromanian] tsi [Corsican] chè [Catalan] què [Russian] шо [Venetian] ché [Romansch] tge [Megleno-Romanian] tse [Walloon] cwè [Walloon] qwè [Kabuverdianu] kusé [Manx] quoid [Scottish Gaelic] ciod [Italian] ched,*kʷid,,52,449
[Manx] ingin [Czech] noha [Scottish Gaelic] nighean [Rohingya] nok [Irish] iníon [Czech] nehet [Manx] inneen [Scottish Gaelic] inghean [Pali] nakha [Rotokas] riri [Irish] níon [Irish] iníonas [Gujarati] નૈયું [Prakrit] 𑀡𑀳 [Sylheti] ꠘꠃꠈ [Phalura] nóong,*h₃nogʰ-,,16,450
[English] weather [Danish] forvitre [Norwegian Bokmål] forvitre [Norwegian Nynorsk] forvitre,*wedʰrom,,4,451
[Italian] pollo [Spanish] pollo [Galician] polo [Portuguese] polo [English] poultry [Catalan] poll [English] poule [French] poule [Norman] poule [English] pollera [English] pollera [Catalan] polla [Spanish] polla [Romanian] pulă [Dutch] bolder [Italian] puledro [Galician] pola [Spanish] repollo [Lombard] pui [Romanian] pui [Spanish] potro [Greek] πουλί [Translingual] Falco peregrinus [Albanian] pulë [Translingual] Falco [Italian] pulcino [Moroccan Arabic] فلوس [Italian] pollastro [Italian] pollastra [French] poulain [Norman] poulain [Middle English] pulle [Romansch] falcùn [Romansch] falcung [Aromanian] puljiu [Maltese] fellus [Bikol Central] repolyo [Cebuano] repolyo [Asturian] pollu [Friulian] poleç [Aromanian] pulj [Greek] -όπουλος [Central Franconian] Pöll [Italian] poltro [Aromanian] pulã [Galician] repolo [English] pollotarian [Sicilian] puddastra [Catalan] poncella [Greek] πουλλίν,*polH-,,50,452
[Spanish] leche [Italian] latte [Sardinian] latte [French] lait [Norman] lait [Old French] lait [Dutch] lactose [Portuguese] lactose [Esperanto] lakto [Friulian] lat [Occitan] lach [Aragonese] leit [Galician] leite [Portuguese] leite [Aromanian] lapte [Romanian] lapte [English] lacto- [German] Laktose [Catalan] llet [Italian] allattare [Breton] laezh [Spanish] lactosa [French] allaiter [Cornish] leth [Lombard] lacc [Middle French] laict [Venetian] łate [English] lactobutyrometer [Irish] lacht- [English] lactific [Central Huasteca Nahuatl] lechi [Eastern Huasteca Nahuatl] lechi [Extremaduran] lechi [Western Huasteca Nahuatl] lechi [Aromanian] lapti [Mirandese] lheite [San Juan Colorado Mixtec] letsi [Piedmontese] làit [Kazakh] лактоферрин [Corsican] lattosiu,*ǵlákt,,40,453
[Italian] gallo [Spanish] gallo [Zacatlán-Ahuacatlán-Tepetzintla Nahuatl] gallo [Catalan] gall [Emilian] gal [Occitan] gal [Translingual] Gallus [Galician] galo [Portuguese] galo [Ladino] gayo [Swedish] galler [English] Gall [Franco-Provençal] jal [English] gallature [Ladino] גאייו [Translingual] Talegalla [Translingual] Galloperdix [Translingual] Gallirallus [Translingual] Galloanserae [Asturian] gallu [Corsican] gallu [Friulian] gjal [English] Gawel [English] gallid,*gols-o-,,24,454
[Faroese] tak [Norwegian Bokmål] tak [Norwegian Nynorsk] tak [Swedish] tak [Westrobothnian] tak [Danish] tag [Icelandic] þak [Afrikaans] dak [Dutch] dak [Indonesian] dak,*teg-,,10,455
[Norwegian Bokmål] hard [Norwegian Nynorsk] hard [German] hart [Swedish] hart [Faroese] harður [Icelandic] harður [Danish] hård [Swedish] hård [Alemannic German] hert [German] Harz [Luxembourgish] haart [Old Swedish] harþer [Westrobothnian] hahl [German] Hard [English] Hardt [Norwegian Nynorsk] hard’u,*kert-,,16,456
[Indonesian] sama [Indonesian] sama [Malay] sama [Fiji Hindi] ham [English] same [English] homo- [Catalan] homo- [Galician] homo- [German] homo- [Indonesian] homo- [Latvian] homo- [Polish] homo- [Spanish] homo- [Swedish] homo- [Tok Pisin] sem [Faroese] samur [Icelandic] samur [Italian] omo- [Hindi] हम [English] selfsame [Swedish] samma [Persian] هم [Urdu] سے [English] homotopy [English] homoplasy [Faroese] sam- [Norwegian Bokmål] sam- [Norwegian Nynorsk] sam- [Armenian] համ [Hebrew] הומוסקסואלי [Danish] homoseksuel [Latin] homosexualitas [Latin] homophylophilia [Kazakh] омоним [Khmer] ស្មើ [Thai] เสมอ [English] homomorphous [Khmer] សម [Translingual] Homoptera [Greek] ομο- [Bashkir] һәм [Braj] सौं [Bengali] হরহামেশা [Urak Lawoi'] ซามา [Turkish] hemfikir [Burmese] သမ,*somHós,,46,457
[English] alas [Catalan] las [French] las [Italian] lasso [Esperanto] laca [French] hélas [Galician] laso [Spanish] laso [Albanian] lashtë [Old Occitan] ailas,*l̥h₁dtós,,10,458
[English] force [French] force [French] force [English] forte [Danish] forte [Galician] forte [Galician] forte [Italian] forte [Old Portuguese] forte [Portuguese] forte [Portuguese] forte [Afrikaans] berg [Swedish] berg [English] fortification [French] fortification [English] fortress [Catalan] fort [French] fort [Norman] fort [Norwegian Bokmål] fort [Norwegian Nynorsk] fort [Old French] fort [Polish] fort [Swedish] fort [Danish] borg [Faroese] borg [Icelandic] borg [Norwegian Bokmål] borg [Norwegian Nynorsk] borg [Swedish] borg [Swedish] borg [Esperanto] forta [English] brahmin [Galician] forza [Italian] forza [Ladin] forza [Maltese] Borg [German] Fort [Galician] fortaleza [Portuguese] fortaleza [Spanish] fortaleza [Asturian] fuerte [Spanish] fuerte [Pali] brahman [German] Burg [Asturian] fuerza [Spanish] fuerza [Spanish] fuerza [Serbo-Croatian] forca [English] Brahma [Indonesian] Brahma [Galician] forzar [Spanish] forzar [Italian] forzare [Arabic] برج [Central Kurdish] برج [Central Kurdish] برج [Ottoman Turkish] برج [Ottoman Turkish] برج [Persian] برج [Persian] برج [Punjabi] برج [Punjabi] برج [Faroese] bjørg [English] Vyborg [English] Viborg [Swedish] Viborg [French] fortifier [Italian] sforzare [Khmer] ព្រះ [Crimean Tatar] regbi [Greek] πύργος [English] broch [Scots] broch [Walloon] foice [Yiddish] בורג [Galician] esforzar [Spanish] esforzar [Tok Pisin] ragbi [Catalan] forçar [Occitan] forçar [Portuguese] forçar [Catalan] força [Portuguese] força [Italian] fortificazione [Italian] fortificare [Istriot] forsa [Old Occitan] forsa [Polish] forsa [Danish] bjerg [Ladino] fuersa [Ladino] fuersa [Venetian] forsar [Tajik] бурҷ [Tajik] бурҷ [Armenian] բառնալ [Classical Syriac] ܒܘܪܓܐ [German] Burkhard [Old French] forteresce [Catalan] fortificar [Portuguese] fortificar [Spanish] fortificar [Indonesian] brahmana [Spanish] fortificación [Chinese] 梵語 [Macedonian] рагби [English] dagesh forte [Catalan] esforçar [Portuguese] esforçar [Luxembourgish] Buerg [Ido] burgo [Ido] burgo [Asturian] fuercia [Indonesian] forsir [Faroese] bjarg [Dalmatian] fuart [Friulian] fuart [Russian] регби [Norman] fortificâtion [Norman] forchi [Hindi] बुर्ज [Hindi] बुर्ज [Punjabi] ਬੁਰਜ [Punjabi] ਬੁਰਜ [Rajasthani] बुरज [Rajasthani] बुरज [Japanese] バラモン [Old Spanish] fuerça [Mirandese] fuorte [Friulian] fuarce [Portuguese] fortificação [Thai] พราหมณ์ [Turkish] burç [Turkish] burç [Turkish] burç [Cebuano] pwerte [French] Bourges [Catalan] fortificació [Old Swedish] borgh [Westrobothnian] bärg [English] Brion [Assamese] বামুণ [Ashokan Prakrit] 𑀩𑁆𑀭𑀸𑀫𑁆𑀳𑀡 [Ashokan Prakrit] 𐨦𐨿𐨪𐨨𐨞 [English] pyrgoidal [Gujarati] બામણ [Gujarati] બામણું [Gujarati] બામણી [Vietnamese] Bà La Môn [Burmese] ဗြာဟ္မဏ [Oriya] ବ୍ରାହ୍ମଣ [Occitan] fòrt [Konkani] बामण [Kazakh] брахман [Maltese] borġ [Persian] برهمن [Persian] برهمن [Bengali] বুরুজ [Bengali] বুরুজ,*bʰerǵʰ-,,159,459
[English] force [English] Force [English] foss [Icelandic] foss [Norwegian Bokmål] foss [Norwegian Nynorsk] foss [Norwegian Bokmål] Helsingfors [Old Swedish] fors [Swedish] fors [Faroese] fossur [Ukrainian] порох [Bulgarian] прах,*pers-,,12,460
[Afrikaans] winkel [Turkish] vinç [Finnish] vinssi [Norwegian Bokmål] vinsj [Norwegian Nynorsk] vinsj [Serbo-Croatian] vinkl [Tok Pisin] winis,*weng-,,7,461
[Tok Pisin] lam [Irish] lao [Greek] λάμπω [Dutch] limpio [Spanish] limpio [Spanish] limpiar [English] limpid [Aromanian] limpid [Turkish] lamba [Scottish Gaelic] laogh [Greek] λάμπα [Dutch] limpido [Galician] limpo [Mirandese] limpo [Portuguese] limpo [Galician] limpar [Portuguese] limpar [Italian] lampare [Manx] lheiy [Romanian] limpede [Asturian] llimpiu [Asturian] llimpiar [Cebuano] limpyo,*leh₂p-,,23,462
[English] palm [English] palm [Dutch] palm [Dutch] palm [Swedish] palm [English] palmitic acid [Asturian] palma [Galician] palma [Italian] palma [Malay] palma [Portuguese] palma [Spanish] palma [Translingual] Palmae [French] paume [Old French] paume [Ido] palmo [Ido] palmo [Ido] palmo [Ido] palmo [Ido] palmo [Ido] palmo [Ido] palmo [English] palmetto [Spanish] palmotear [Scottish Gaelic] làmh [Friulian] palme [Middle English] palme [Norman] palme [Norwegian Bokmål] palme [Norwegian Nynorsk] palme [Old French] palme [Welsh] llaw [Romanian] palmă [English] palmitic [Irish] lámh [Manx] laue [Kazakh] пальма [Kyrgyz] пальма [Portuguese] palmito [Spanish] palmito [Indonesian] palem [French] palmite [English] palmigrade [Norman] paûmé [Faroese] lámur [Faroese] pálmi [Icelandic] pálmi [Dalmatian] puolma [Aromanian] palmã [Norwegian Nynorsk] pelme [Yola] polm,*pl̥h₂meh₂,,51,463
[Catalan] pam [Galician] palmo [Italian] palmo [Portuguese] palmo [Spanish] palmo,*pl̥h₂m-,,5,464
[German] down [Tok Pisin] daun [Tok Pisin] daunbilo [Tok Pisin] daunim,*dʰowh₂-nis,,4,465
[Tok Pisin] mama [Aukan] mama bee,*méh₂-méh₂,,2,466
[English] pain [English] pain [English] pine [English] pine [Danish] pine [Danish] pine [Norwegian Bokmål] pine [Norwegian Nynorsk] pine [West Frisian] pine [West Frisian] pine [English] penal [Catalan] pena [Catalan] pena [Galician] pena [Galician] pena [Guinea-Bissau Creole] pena [Indonesian] pena [Italian] pena [Italian] pena [Ladin] pena [Ladin] pena [Old Occitan] pena [Old Occitan] pena [Portuguese] pena [Portuguese] pena [Spanish] pena [Spanish] pena [Irish] pian [Irish] pian [Manx] pian [Manx] pian [Scottish Gaelic] pian [Scottish Gaelic] pian [French] peine [French] peine [Old French] peine [Old French] peine [English] penology [Dutch] pijn [Dutch] pijn [Swedish] pina [Swedish] pina [Afrikaans] pyn [Afrikaans] pyn [Ladin] peina [Faroese] pína [Faroese] pína [Old Norse] pína [Finnish] piina [Finnish] piina [Greek] ποινή [German] verpönt [Middle Irish] pían [Middle Irish] pían [German] Pein [Kabuverdianu] péna [Ligurian] pénn-a [Portuguese] pênalti [Luxembourgish] Péng [Central Franconian] Peng [Welsh] poen [Old English] pinian [Old English] pinian [Saterland Frisian] Piene [Saterland Frisian] Piene [German] Pönale,*kʷoynéh₂,,66,467
[English] pin [Polish] pin [Welsh] pìn,*bendn-,,3,468
[English] race [English] risk [English] wort [English] wort [Scots] wort [English] root [English] rote [English] rote [English] uproot [Italian] razza [Galician] raíz [Translingual] Rhizaria [German] Radieschen [Swedish] radikal [Ternate] radis [Portuguese] raiz [Guinea-Bissau Creole] rais [Papiamentu] rais [Papiamentu] rais [Ossetian] уырыдзы [Translingual] Rhizocephala [Catalan] arrel [Manx] fraue [Haitian Creole] rasin [Dutch] radijs [Ligurian] reixa [Hungarian] radikális [Romanian] rezema [Romansch] risch [Romansch] ragisch [Romansch] rieisch [Scottish Gaelic] freumh [Venetian] raixa [Irish] fréamh [English] hydrorhiza [Armenian] արքատ [Translingual] Rhizopoda [English] radicicolous [Serbo-Croatian] rootati [Aromanian] aradzim [Afrikaans] radys [Norwegian Bokmål] reddik [Norwegian Nynorsk] reddik [Translingual] Rhizotrogus [Italian] rizo- [Kabuverdianu] raìs [English] rhizanth [Translingual] Rhizopogon [Translingual] Rhizantheae [Translingual] Rhizocarpeae [Translingual] Rhizostoma [Aragonese] radiz [Tsakonian] σχίντα [Romagnol] radìșa,*wréh₂ds,,54,469
[English] disgust [English] cost [French] goût [Norman] goût [English] gust [Catalan] gust [Friulian] gust [Romanian] gust [English] gusto [Esperanto] gusto [Italian] gusto [Esperanto] kosti [Danish] kost [Norwegian Bokmål] kost [Norwegian Nynorsk] kost [Swedish] kost [Icelandic] kostur [Afrikaans] kus [Tok Pisin] kos [Occitan] gost [English] ragù [Italian] ragù [English] gusty [Irish] Fearghas [Scottish Gaelic] Fearghas [Dutch] kust [Middle French] goust [Old French] goust [Tok Pisin] kostim [Portuguese] gosto [Aromanian] gustu [Sardinian] gustu [Serbo-Croatian] gušt [Serbo-Croatian] гушт [Old Danish] kostær [Cimbrian] güsten,*ǵéwstus,,36,470
[Icelandic] ber [Norwegian Bokmål] bar [Swedish] bar [Westrobothnian] bär [English] bare [Middle English] bare [Yola] baar [Norwegian Nynorsk] berre [Faroese] berur,*bʰosós,,9,471
[Yola] ber [English] bear [Norwegian Nynorsk] bere [Norwegian Nynorsk] bere [English] periphery [Faroese] bera [Icelandic] bera [Icelandic] bera [Norwegian Nynorsk] bera [Westrobothnian] bera [Old Swedish] bara [Swedish] bära [Urdu] بھرنا [Hindi] भरना [Spanish] periferia [Dutch] periferie [Danish] bære [Norwegian Bokmål] bære [Dutch] Christoffel [Greek] φέρνω [Middle English] beren [Icelandic] bæra [Old Swedish] bæra [Hungarian] periféria [Armenian] բերել [Danish] periferi [French] périphérie [Norwegian Nynorsk] berra [Bulgarian] периферия [Hungarian] feromon [Norwegian Bokmål] feromon [Norwegian Nynorsk] feromon [French] -fère [French] -fère [Marathi] भरणे [Old Marathi] 𑘥𑘨𑘜𑘹 [Kashmiri] بَرُن [Kazakh] феромон [English] Pherecydes [Chinese] 啤啤熊 [Ukrainian] периферія [Polish] peryferie,*bʰéreti,,42,472
[Irish] oil [Westrobothnian] äl [Faroese] ala [Icelandic] ala [Norwegian Nynorsk] ala [Swedish] alster [Norwegian Nynorsk] elde,*h₂életi,,7,473
[Afrikaans] sweet [Swedish] svett [Esperanto] ŝvito [Esperanto] ŝvito [Torres Strait Creole] swet [Catalan] suor [Old French] suor [Venetian] suor [Corsican] sudore [Italian] sudore [Corsican] sudori [Icelandic] sviti [Istriot] sudur [French] sudoripare [Romanian] sudoare [Norwegian Bokmål] svette [Norwegian Nynorsk] sveitte [Icelandic] sveiti [Dalmatian] sudaur [Serbo-Croatian] ušvicati [Friulian] sudôr [Romagnol] sudôr [Aromanian] asudoari [Faroese] sveitti,*swoyd-,,24,474
[English] vapor [Asturian] vapor [Catalan] vapor [Galician] vapor [Portuguese] vapor [Spanish] vapor [Middle English] vapour [English] hypercapnia [French] vapeur [Romanian] vapori [Greek] καπνός [Cebuano] bapor [Romanian] boare [Ido] vaporo [Maltese] vapur [Romanian] văpaie [English] hypocapnia [Spanish] capnomancia [Italian] vampo [Yola] vaaper [Aragonese] vabor,*kwep-,,21,475
[English] tribe [Middle English] tribe [French] tribu [Middle French] tribu [Spanish] tribu [Tagalog] tribu [Friulian] tribù [Italian] tribù [Maltese] tribù [Piedmontese] tribù [Cebuano] tribo [Translingual] tribus [Ido] tribuo [Czech] tribut [Czech] tribun [German] Tribus,*tri-dʰh₁o-,,16,476
[Saterland Frisian] er [Irish] ea [Hindi] यहाँ [Irish] feadh [Scottish Gaelic] feadh [Hindi] जहाँ [Nepali] अहिले [Scottish Gaelic] eadh [Bilaspuri] इक्खा [Bilaspuri] 𑚂𑚊𑚶𑚸𑚭 [Irish] feá,*ís,,11,477
[English] bid [ Bengali ] বোঝা [Kannada] ಬೋಧಿಸು,*bʰéwdʰeti,,3,478
[Afrikaans] bid [Irish] guigh [Scottish Gaelic] guidh,*gʷʰédʰyeti,,3,479
[Bislama] bred [French] bridge [Norwegian Bokmål] bridge [Tok Pisin] bris [Romanian] ferment [Volapük] bod [Czech] bridž [Serbo-Croatian] bridž [Galician] fermento [Italian] fermento [Portuguese] fermento [Spanish] fermento [Sranan Tongo] brede [Icelandic] bridds [Louisiana Creole French] brulé [Kazakh] фермент [Ukrainian] фермент [Tok Pisin] bret [Franco-Provençal] borlar [Finnish] fermentti [Spanish] brichero [Louisiana Creole French] bourlé,*bʰerw-,,22,480
[Bislama] bred [Volapük] bod [Sranan Tongo] brede [Tok Pisin] bret,*bʰera-,,4,481
[English] poop [Dutch] poep [English] Puppis [Italian] poppa [Asturian] popa [Catalan] popa [Galician] popa [Occitan] popa [Portuguese] popa [Spanish] popa [French] poupe [Norman] poupe [Romanian] pupă [Istriot] poûpa [Ottoman Turkish] پوپا,*pu,,15,482
[English] bring [English] bring [Scots] bring [Scots] bring [Middle Dutch] bringen [Dutch] brengen [Tok Pisin] bringim [English] bringhouse [Yola] ee-brougkt [Yola] ee-brougkt,*bʰrenk-,,10,483
[English] burst [Irish] bris [Scottish Gaelic] bris [Spanish] brasa [Manx] brish [Middle English] bresten,*bʰres-,,6,484
[Middle English] burst [Irish] burra [English] Burston,*bʰr̥stís,,3,485
[Middle English] burst [Irish] burra [English] Burston,*bʰres‑,,3,486
[English] icon [Latin] icon [English] weak [Papiamentu] bes [Asturian] vez [Galician] vez [Ladino] vez [Portuguese] vez [Spanish] vez [English] victim [English] vetch [Esperanto] fojo [French] fois [Bulgarian] икона [Macedonian] икона [Old Church Slavonic] икона [Russian] икона [Serbo-Croatian] икона [Polish] ikona [Serbo-Croatian] ikona [Slovene] ikona [Italian] ancona [Icelandic] vega [Norwegian Nynorsk] vega [Kabuverdianu] vés [Danish] ikon [Hungarian] ikon [Indonesian] ikon [Norwegian Bokmål] ikon [Norwegian Nynorsk] ikon [Danish] veje [Danish] veje [Italian] vece [Italian] icona [Italian] vicenda [Swedish] väga [Spanish] icono [Italian] fiata [Portuguese] ícone [Spanish] veza [Catalan] veu [Polish] wyka [Norwegian Bokmål] vege [French] icône [Dutch] icoon [Greek] εικόνα [Icelandic] víg [English] icono- [Russian] вика [Norwegian Bokmål] veie [Aragonese] vegada [Asturian] vegada [Catalan] vegada [Galician] vegada [Occitan] vegada [Spanish] vegada [Czech] vikev [Dutch] wikke [Middle English] wikke [English] wicke [Translingual] Vicia [Tok Pisin] wik [Norman] vèche [Irish] íocón [Classical Syriac] ܐܝܩܘܢܐ [Greek] εικάζω [French] vesce [Luxembourgish] Wick [Romanian] victimă [Egyptian Arabic] قونة [Old Swedish] vægha [Maltese] vittma [Middle English] fecche [German] Wicke [Faroese] víggj [Arabic] بيقية [Romanian] icoană [Aromanian] icoanã [Catalan] veça [Belarusian] ікона [Ukrainian] ікона [Norwegian Bokmål] vikke [Norwegian Nynorsk] vikke [Welsh] eicon,*weyk-,,84,487
[English] cost [English] cost [Crimean Tatar] dost [Turkish] dost [English] Angus [Danish] kost [Norwegian Bokmål] kost [Norwegian Nynorsk] kost [Swedish] kost [French] choix [Icelandic] kostur [French] choisir [Danish] kyse [Dongxiang] dosi [Old Swedish] kiusa [Faroese] kjósa [Icelandic] kjósa [Seychellois Creole] swazi [Archi] дос [Manx] Anghus [Middle Irish] Aengus [Irish] Aonghas [Scottish Gaelic] Aonghas [Haitian Creole] chwazi [Uzbek] doʻst [Icelandic] kjör [Old Danish] kostær [Breton] choaz [Assamese] দোস্ত [Bengali] দোস্ত [Mauritian Creole] swazire [Swedish] tjusa [Norwegian Nynorsk] kjosa [Norwegian Bokmål] aberdeen angus [Norwegian Bokmål] aberdeen angus [Lezgi] дуст,*ǵews-,,36,488
[English] cost [Mauritian Creole] kot [Asturian] costa [Catalan] costa [Galician] costa [Italian] costa [Portuguese] costa [Guinea-Bissau Creole] kosta [Czech] kost [Slavomolisano] kost [English] costal [Afrikaans] kus [English] coaster [Portuguese] costas [French] côtelette [Norman] côtelette [French] côte [Norman] côte [German] Küste [Italian] costola [Middle French] coste [Old French] coste [Spanish] cuesta [Mauritian Creole] lakot [Seychellois Creole] lakot [Romanian] coastă [English] coast [English] coast [Danish] kyst [Norwegian Bokmål] kyst [Norwegian Nynorsk] kyst [Dutch] kust [French] cotret [Friulian] cueste [Galician] costela [English] Côte d'Or [Old French] costet [Irish] cósta [Dalmatian] cuasta [Aromanian] coastã [Galician] costeiro [Spanish] entrecot [Asturian] costiella [English] Cote [English] Costa [French] Costa [Italian] Costa [Occitan] Costa [Portuguese] Costa [Spanish] Costa [Old French] costeret [French] Côté [English] Dacosta [Galician] Dacosta [Spanish] Cuesta [Kabuverdianu] kósta [Occitan] còsta [Maltese] kustilja [Polish] kuesta [Middle English] costret,*kost-,,60,489
[English] break [Tok Pisin] bruk [English] frangible [Low German] breken [Middle English] breken [German] brechen [Kabuverdianu] briga [English] breccia [English] braies [Norman] braies [Papiamentu] bringa [Italian] briccone [Romanian] dezbrăca [German] Brachet [Norwegian Bokmål] brekke [Finnish] breikata [Afrikaans] breek [Norwegian Bokmål] bresje [Norwegian Nynorsk] bresje [Danish] brække [Luxembourgish] briechen [Swedish] bräcka [Tok Pisin] brukim [Greek] βράκα [English] vraka [Portuguese] franzir [Norwegian Bokmål] brakett [Yiddish] ברעכן [Central Franconian] brääche [Galician] frangulla [Galician] faragulla [Esperanto] breĉo [Galician] farangulla [Galician] fragulla [Cimbrian] praachot [Mòcheno] prochet [Jamaican Creole] bruck [Catalan] sofraja [Catalan] sofraja [Yola] brocke [Old Spanish] frañer [Kabuverdianu] brigá,*bʰreg-,,42,490
[Friulian] dove [Italian] doga [Spanish] duela [Dalmatian] duag [French] douve [Romanian] doagă [Dutch] duig [Portuguese] aduela [Aromanian] doagã [Galician] doela [Venetian] dóa,*doḱ-éh₂,,11,491
[Icelandic] fell [Norwegian Bokmål] fjell [Norwegian Nynorsk] fjell [Westrobothnian] fjell [Faroese] fjall [Icelandic] fjall [Danish] fjeld [Swedish] fjäll [Norwegian Bokmål] fjellheim [Norwegian Nynorsk] fjellheim [Norwegian Nynorsk] fjedl,*pels,,11,492
[Danish] fire [Norwegian Bokmål] fire [Norwegian Bokmål] fire [Norwegian Nynorsk] fire [Norwegian Nynorsk] fire [Norwegian Nynorsk] fire [Norwegian Nynorsk] fire [Hunsrik] fier [English] tera- [Indonesian] catur [Indonesian] catur [Indonesian] catur [Malay] catur [English] tetra- [Catalan] tetra- [Italian] tetra- [Portuguese] tetra- [Spanish] cuatro [Elfdalian] fyra [Swedish] fyra [English] tessellate [English] cater [English] cater [Haitian Creole] kat [Louisiana Creole French] kat [Mauritian Creole] kat [Italian] tessera [Rohingya] sair [Icelandic] fjórir [English] tetrad [Scottish Gaelic] ceithir [English] quaterpolymer [Khowar] چار [Sindhi] چار [Hindi] चौड़ा [Faroese] fýra [Norn] fyre [Irish] ceathair [Bengali] চার [Russian] тетра- [Manx] kiare [Kazakh] тетраэдр [Old Swedish] fiurir [Sinhalese] හතර [Spanish] tetraóxido [English] Charminar [Translingual] kartefour [Oriya] ଚାରି [Portuguese] tetradracma [Spanish] tetradracma [Old Danish] fyrætiughæ [Kashmiri] ژور [Papiamentu] kuater [Papiamentu] kuater [Irish] cairéal [English] Featherstone [Awadhi] चारि [Braj] चारि [Old Hindi] चारि [Tagalog] de-kuwatro [Kabuverdianu] kuátu [Sylheti] ꠌꠣꠁꠞ [Guinea-Bissau Creole] kuatru [Kabuverdianu] kuadradu [Kalasha] čaw [Domari] štares [Savi] čur [Kazakh] тетрация [Turkish] çerçeve [Dhivehi] ހަތަރު [Bengali] চারি [Indonesian] catur- [Indonesian] catur- [Dhivehi] ހަތަރެއް,*kʷetwóres,,74,493
[Danish] felt [Norwegian Bokmål] felt [Norwegian Nynorsk] felt [English] compel [Indonesian] flan [Indonesian] flan [English] veld [Afrikaans] veld [English] polish [Welsh] mynd [Ido] apelar [Irish] lann [Irish] lann [Manx] lann [Scottish Gaelic] lann [Scottish Gaelic] lann [Italian] feldmaresciallo [Greek] πέλαγος [Portuguese] pego [Translingual] Opiliones [Polish] archipelag [Galician] piago [Italian] pelago [Greek] πλην [Middle Irish] -lann [Ladino] pelagos [Old Spanish] piélago [Spanish] piélago [Japanese] フラン [Yola] peale [Catalan] apel·lar [Translingual] Plesiosaurus [Bourguignon] aipelai [Polish] pelagial,*pelh₂-,,34,494
[Danish] drive [Italian] derivare [Italian] derivare [Afrikaans] dryf [Papiamentu] drif [Cebuano] drayb [Tok Pisin] dripman,*dʰreybʰ-,,7,495
[English] find [English] fand [English] fand [Middle English] finden [Faroese] finna [Icelandic] finna [Norwegian Nynorsk] finna [Old Swedish] finna [Swedish] finna [Norwegian Bokmål] finne [English] finding [Serbo-Croatian] патос [Serbo-Croatian] patos [Afrikaans] vind [Greek] πάτος [Mauritian Creole] lapat [Seychellois Creole] lapat [Danish] finde [Jersey Dutch] vände [English] fanding [Catalan] patota,*pent-,,21,496
[English] flesh [Icelandic] flikki [Yola] vleash,*pleh₁ḱ-,,3,497
[English] fit [English] fit,*pedio-,,2,498
[Danish] have [Norwegian Nynorsk] have [Dutch] hebben [Low German] hebben [Middle Dutch] hebben [Norwegian Bokmål] ha [Norwegian Nynorsk] ha [Swedish] ha [Yola] ha [English] hobnob [English] haft [Middle English] haven [Icelandic] hafa [Old Danish] hafa [Faroese] hava [Norwegian Nynorsk] hava [Old Swedish] hava [West Frisian] hawwe [Saterland Frisian] häbe [Sranan Tongo] hebi [Tok Pisin] hevi [North Frisian] haa [Ido] havar [North Frisian] heewe [Volapük] labön [Afrikaans] hê [Afrikaans] hê [Elfdalian] åvå [Norwegian Nynorsk] hå [Guinea-Bissau Creole] katcu [Westrobothnian] hafwa [Armenian] կիպ [Tok Pisin] hevipela [Jersey Dutch] häbbe [Jersey Dutch] häbbe [Jersey Dutch] hävve [Jersey Dutch] hävve,*keh₂p-,,37,499
[English] infer [English] incarcerate [English] in- [English] in- [Indonesian] in- [Italian] in- [Italian] in- [English] en- [Catalan] en- [French] en- [Galician] en- [Ladino] en- [Middle English] en- [Norman] en- [Occitan] en- [Old French] en- [Portuguese] en- [Spanish] en- [English] enact [English] intimidate [English] intrusion [English] inanimate [English] intransigent [English] infallible [English] amain [Galician] instalar [Portuguese] instalar [Spanish] instalar [Spanish] intruso [English] incremable [French] enquête [English] emprise [Thai] อนุบาล [French] entamer [Romanian] încotro [Romanian] îndărăt [Catalan] empitjorar [Catalan] instal·lar [Spanish] irreconciliable [English] incatenation [French] enclaver [English] inconcoct [Middle English] entamen [Thai] อนุสัญญา [Old French] enheriter [Dalmatian] imprendro [Romanian] în- [Neapolitan] ntufà [Aromanian] ãn- [Sicilian] nuncenti [Polish] intruz [Bengali] নূরান্বিত,*énu,,52,500
[English] hold [Middle English] hold [Catalan] cola [Galician] cola [Portuguese] cola [Spanish] cola [Bulgarian] кола [Italian] colla [French] colle [French] coller [Translingual] Collembola [English] desmocollin [Hungarian] kollázs [English] osteocolla [English] colloblast [English] collocyte [Kazakh] коллоид [Sicilian] coḍḍa [Indonesian] koloid,*kol-,,19,501
[English] hit [Limburgish] hit [Polish] hit [French] ciel [Norman] ciel [Old French] ciel [Dalmatian] cil [Italian] cielo [Mirandese] cielo [Neapolitan] cielo [Old Spanish] cielo [Spanish] cielo [Esperanto] ĉielo [Faroese] hitta [Icelandic] hitta [Norwegian Nynorsk] hitta [Swedish] hitta [Galician] ceo [Old Portuguese] ceo [Aragonese] ziel [Catalan] cel [Old Occitan] cel [Danish] hitte [Romanian] cer [Portuguese] céu [Istriot] sil [Basque] zeru [Istro-Romanian] țer [Megleno-Romanian] țer [Aromanian] tser [Megleno-Romanian] tser [Spanish] cielito [Romagnol] zil [Corsican] celu [Sicilian] celu [Occitan] cèl [Romansch] tschiel [Romansch] tschêl [Walloon] cir [Asturian] cielu [Galician] caxato [Portuguese] cajado [Friulian] cîl [Westrobothnian] hittug [Ligurian] çê [Sardinian] chelu,*kh₂eyd-,,46,502
[French] lent [Friulian] lent [Norman] lent [Romanian] lent [Galician] lento [Italian] lento [Portuguese] lento [Ido] lenta [Romanian] alinta [English] lentous [Asturian] llentu,*lentos,,11,503
[English] lend [English] London [Middle English] London [Norwegian Bokmål] London [English] laund [English] land [Afrikaans] land [Danish] land [Elfdalian] land [Faroese] land [Icelandic] land [Norwegian Bokmål] land [Norwegian Nynorsk] land [Old Danish] land [Old Swedish] land [Swedish] land [English] lumbar [English] loin [English] lawn [Cebuano] landing [Esperanto] lando [Esperanto] lando [Esperanto] lando [English] lumbago [French] Londres [Portuguese] Londres [Norwegian Nynorsk] Hordaland [Czech] lado [Irish] lann [Irish] lann [Manx] lann [Scottish Gaelic] lann [Scottish Gaelic] lann [Middle English] lond [Catalan] llom [Cebuano] lomo [Spanish] lomo [Galician] lombo [Italian] lombo [Portuguese] lombo [English] lande [English] lande [French] lande [Middle English] lande [Middle French] lande [Middle Irish] -lann [Welsh] llwyn [Icelandic] Hörðaland [Middle English] londe [Asturian] llombu [Old English] Lunden [English] Lengyel [Konkani] रांद्चे [Marathi] रांधणे [Assamese] ৰন্ধা [Assamese] ৰান্ধা [English] Bigland [English] Llandarcy [English] Llantwit Major [Sanskrit] लण्ड्र [Yola] lhoan [Kashmiri] रनुन [English] Llanrhian [English] Llandysilio [Kashmiri] رَنُن [Oriya] ରାନ୍ଧିବା [Middle English] loyne [English] Llansteffan [English] Llangefni [Welsh] lwyn [Bengali] লন্ডন [English] Llanegwad [English] Llangelynin,*lendʰ-,,73,504
[Tok Pisin] lain [Cebuano] linen [Esperanto] lino [Georgian] ლინი [Galician] liño,*līno-,,5,505
[Pijin] go [Sranan Tongo] go [Tok Pisin] go [Afrikaans] gaan [Samoan Plantation Pidgin] gokabaut [Korean] ㄱㄱ,*ǵʰeh₁-,,6,506
[English] lit [Norwegian Bokmål] let [Norwegian Nynorsk] let [Westrobothnian] let [Old French] volt [Old Occitan] volt [English] lore [English] walk [Irish] fuil [Faroese] litur [Icelandic] litur [Norwegian Nynorsk] lett [Middle English] wlite [English] waulk [Esperanto] valsi [Italian] volto [Spanish] bulto [Middle English] walken [Afrikaans] galop [Scottish Gaelic] bheil [Galician] vulto [Portuguese] vulto [Westrobothnian] völter [Tok Pisin] welpik [Tok Pisin] welman [Esperanto] Voltao,*wel-,,26,507
[Danish] let [Afrikaans] lig [Afrikaans] lig [Manx] loo [Dutch] licht [Dutch] licht [Dutch] licht [Icelandic] léttur [Irish] léim [Norwegian Bokmål] lett [Norwegian Nynorsk] lett [Irish] ling [Swedish] lätt [Faroese] lættur [Scottish Gaelic] leum [Old Swedish] lætter [Westrobothnian] ljett [Kabuverdianu] lébi,*h₁lengʷʰ-,,18,508
[Tok Pisin] let [Esperanto] ledo,*pl̥tro-,,2,509
[English] leave [Indonesian] loba [Tok Pisin] lav [Icelandic] leyfa [Icelandic] leyfi [Tok Pisin] liv [Tok Pisin] liv [Irish] lus [Manx] lus [Scottish Gaelic] lus [Afrikaans] lof [Danish] lov [Norwegian Nynorsk] lov [Swedish] lov [Swedish] Lübeck [Faroese] loyva [Faroese] loyvi [Japanese] ラブラブ [Icelandic] ljúfur [Icelandic] ljúfur [Finnish] lobata [Norwegian Nynorsk] ljuv [Norwegian Nynorsk] ljuv [Swedish] ljuv [Swedish] ljuv [Aukan] lobi [Sranan Tongo] lobi [Sranan Tongo] alobi [English] love hotel [Swedish] lobba [Danish] lobbye [Dutch] lobben [Tok Pisin] lavim [Swedish] Lybeck [Macedonian] лоби [Serbo-Croatian] лоби [Tagalog] lubha [Hindi] लुभाना [Old Norse] ljúfr [Burmese] လောဘ [Finnish] lovettaa [Norwegian Nynorsk] løyve [Norwegian Nynorsk] løyve [Korean] 러브샷,*lewbʰ-,,44,510
[English] light [German Low German] Licht [Tok Pisin] lait [Sranan Tongo] leti [Chinese] 輕小說 [Yola] lhygt,*lewktom,,6,511
[English] tomorrow [Greek] βρέχω [Tok Pisin] tumora,*mergʰ-,,3,512
[English] bull [English] bull [Tok Pisin] pik [Dutch] pollen [Dutch] pico- [English] bowl [Galician] bolo [English] piccolo [Danish] piccolo [Finnish] piccolo [French] piccolo [Hungarian] piccolo [Polish] piccolo [English] billet [French] billet [Galician] bula [Portuguese] bula [Spanish] bula [Italian] biglietto [Ladino] boyo [Portuguese] bolha [French] boule [Italian] bolla [Catalan] bola [Galician] bola [Indonesian] bola [Malay] bola [Portuguese] bola [Spanish] bola [Italian] bollo [Spanish] bollo [Old French] bille [Polish] bilet [Crimean Tatar] bülleten [Neapolitan] bolle [Middle French] bulle [Dutch] bul [Galician] bóla [Portuguese] boleto [English] papal bull [Italian] bollare [Middle French] bullette [Czech] paleta [Japanese] ピッコロ [Tok Pisin] poket [Galician] bullar [Catalan] butlla [Venetian] bóła [Luxembourgish] Bull [Norman] bouogi [Galician] burbulla [Kazakh] бюллетень [Russian] бюллетень [Maori] pākete [Galician] burbullar [German] Piccoloflöte [Hungarian] pikoló [Polish] flet piccolo [Polish] pikolo [Russian] пикколо [Turkish] poşet,*bew-,,61,513
[English] bog [Irish] -ach [Irish] -ach [Middle Irish] -ach [Scottish Gaelic] -ach [Manx] -agh [English] Kelleher,*-eh₂kos,,7,514
[Danish] bog [Norwegian Nynorsk] bog [Norwegian Bokmål] bok [Norwegian Nynorsk] bok [Old Swedish] bok [Swedish] bok [Swedish] bok [Old French] fou [Faroese] bók [Icelandic] bók [Norwegian Nynorsk] bók [Old Norse] bók [Translingual] Fagus [French] fouet [Danish] bøg [Italian] faggeto [Norwegian Bokmål] bøk [Norwegian Nynorsk] bøk [Norwegian Bokmål] abc-bok [Norman] fau [Old French] fau [Dalmatian] faguor [Gallo] faeu [Elfdalian] buok [Friulian] faiâr [Aromanian] fãdzet [Romanian] făget [Galician] faiar [Galician] faiado [Galician] faio [Translingual] Fagopyrum [Norwegian Bokmål] ABC-bok [Venetian] fagaro,*bʰeh₂ǵos,,33,515
[Danish] hår [Norwegian Bokmål] hår [Norwegian Nynorsk] hår [Swedish] hår [Norwegian Nynorsk] hai [German] Hai [Old Swedish] har [Faroese] hár [Icelandic] hár [Icelandic] hár [Esperanto] haro [English] Harris [Danish] høj [Faroese] høgur [Norwegian Nynorsk] høg [Norwegian Nynorsk] håg [Westrobothnian] haug [Faroese] háur [Faroese] háur [Westrobothnian] hehl [Norwegian Nynorsk] hå [Norwegian Nynorsk] hå,*keres-,,22,516
[English] wool [English] wool [Chinese] 呢 [Galician] la [Scots] oo [English] urna [Spanish] franela [Portuguese] lã [Tetum] lan [Ukrainian] вовна [Dutch] flanel [Galician] laa [Middle English] wol [Hiligaynon] delana [Portuguese] flanela [Irish] olann [Scottish Gaelic] olann [Belarusian] воўна [Tok Pisin] wul [Yola] wul [Yola] wul [Hindi] ऊन [Pali] uṇṇa [Danish] flonel [Kannada] ಉಣ್ಣೆ [Assamese] উণ [Kachchi] ઊન [Dogri] उन्न [Vaghri] ઊન્ન [Dogri] 𑠄𑠝𑠹𑠝 [Oriya] ଉଲ,*h₂wĺ̥h₁neh₂,,31,517
[English] with [English] with [Swedish] vid [Faroese] við [Icelandic] við [Danish] ved [Norwegian Bokmål] ved [Norwegian Nynorsk] ved [English] wythe [Westrobothnian] wiri [Elfdalian] wið [Westrobothnian] wä,*weyt-,,12,518
[English] with [Swedish] vid [English] guile [Faroese] við [Icelandic] við [Icelandic] vél [English] weel [Danish] ved [Norwegian Bokmål] ved [Norwegian Nynorsk] ved [Westrobothnian] wiri [Irish] féile [Irish] fial [Elfdalian] wið [Westrobothnian] wä,*wey-,,15,519
[English] with [Dutch] weer [Dutch] weer [Swedish] vid [Faroese] við [Icelandic] við [Danish] ved [Norwegian Bokmål] ved [Norwegian Nynorsk] ved [Westrobothnian] wiri [Elfdalian] wið [Westrobothnian] wä [Dutch] Weerwille,*wi-tero-,,13,520
[Catalan] mal [Dalmatian] mal [French] mal [Interlingua] mal [Old French] mal [Old Occitan] mal [Portuguese] mal [Spanish] mal [Bourguignon] mau [Bourguignon] mau [Portuguese] mau [Galician] malo [Italian] malo [Spanish] malo [Japanese] S [Sicilian] mali [Friulian] mâl [Sicilian] mala [Spanish] maldad [Asturian] malu [Sardinian] malu [Sicilian] malu [Galician] mao [Old Portuguese] mao [Italian] malia [Translingual] Malus [Dalmatian] mul [Dutch] bonus-malus [Old French] malvais [Old Occitan] malvais [Romagnol] mêl [Tok Pisin] smolhaus [Faroese] ferska [Portuguese] maldade [Czech] malér [Asturian] aguamala [English] malafide,*(s)mal-,,37,521
[Catalan] mal [Dalmatian] mal [French] mal [Interlingua] mal [Old French] mal [Old Occitan] mal [Portuguese] mal [Spanish] mal [Bourguignon] mau [Bourguignon] mau [Portuguese] mau [Galician] malo [Italian] malo [Spanish] malo [Sicilian] mali [Friulian] mâl [Sicilian] mala [Spanish] maldad [Asturian] malu [Sardinian] malu [Sicilian] malu [Galician] mao [Old Portuguese] mao [Italian] malia [Translingual] Malus [Dalmatian] mul [Dutch] bonus-malus [Old French] malvais [Old Occitan] malvais [Romagnol] mêl [Faroese] ferska [Portuguese] maldade [Czech] malér [Asturian] aguamala [English] malafide,*masdos,,35,522
[Swedish] mal [Norwegian Nynorsk] mol [Danish] møl [Norwegian Bokmål] møll [Norwegian Nynorsk] møll [Icelandic] mölur [Norwegian Nynorsk] mòl,*molH-(y)o-,,7,523
[English] rake [English] rake [English] rake [Scots] rake [English] rectangle [Norwegian Nynorsk] dress [Scottish Gaelic] rach [English] rectitude [French] rectitude [English] rhesus [Irish] téigh [Irish] éirigh [French] riche [Norman] riche [Aromanian] rug [Romanian] rug [Romanian] ruga [Papiamentu] rek [Scottish Gaelic] èirich [Italian] reso [Indonesian] arja [Ido] richa [Ido] richa [Louisiana Creole French] rish [Translingual] R- [Middle High German] rache [Georgian] რაზმი [Finnish] rankata [Guinea-Bissau Creole] direta [Kabuverdianu] direta [Manx] irree [Middle Irish] téit [Latin] Rhesus [Romagnol] rôg [Balinese] ᬅᬃᬚ [West Makian] rekeng,*h₃reǵ-,,36,524
[Portuguese] funeral [Spanish] funeral [Serbo-Croatian] dok [Turkish] dok [English] funerary [Finnish] delata [Italian] funerale [French] funéraire [Spanish] funerario [Catalan] funerari [Serbo-Croatian] док [French] funéraille [Hungarian] dokk [Norwegian Bokmål] dokk [Norwegian Nynorsk] dokk [Portuguese] doca [Portuguese] funerário,*dʰew-,,17,525
[Asturian] interior [Catalan] interior [Galician] interior [Portuguese] interior [Spanish] interior [Indonesian] intra- [Italian] intra- [Spanish] enteritis [English] gastroenterology [Romani] andre [Persian] اندر [English] enterolith [Italian] interiore [German] Interieur [English] entero- [Polish] entero- [Spanish] entero- [Greek] έντερο [Spanish] enterocito [English] enteron [English] abenteric [Middle Persian] 𐭡𐭩𐭭 [Norwegian Bokmål] interiør [Norwegian Nynorsk] interiør [Spanish] enterobiasis [Cebuano] interyor [Turkish] derhal [Ottoman Turkish] درسعادت [Ottoman Turkish] درعهده,*h₁énteros,,29,526
[English] central [English] center [English] centre [Catalan] centre [French] centre [Czech] centrum [Hungarian] centrum [Latin] centrum [Polish] centrum [Latin] cento [Galician] centro [Italian] centro [Portuguese] centro [Spanish] centro [German] Zentrum [English] hypocentre [Armenian] կենտրոն [Armenian] սանր [Norwegian Bokmål] sentrum [Norwegian Nynorsk] sentrum [Indonesian] senter [Translingual] Centrosaurus [Translingual] Dicentra [Spanish] alcántara [Gujarati] કેંદ્ર [Catalan] Alcàntara [Assamese] কেন্দ্ৰ [Bengali] কেন্দ্ৰ [Arabic] قنطرة [Burmese] ကိန်း [English] kendra [Czech] centr,*ḱentrom,,32,527
[English] brief [Afrikaans] brief [Dutch] brief [Old French] brief [Cebuano] bra [English] breve [Dutch] breve [Italian] breve [Portuguese] breve [English] merry [Galician] brazo [Icelandic] bréf [English] brevet [Papiamentu] brasa [English] brachytherapy [Middle English] bref [Old French] bref [English] brachyology [Japanese] 須臾 [Portuguese] braço [Translingual] Brachycera [Translingual] Brachyura [Yiddish] בריוו [Italian] brevio [English] brevipennate [Luxembourgish] Bréif [Translingual] Brachyramphus [Translingual] Brachypteryx [Latin] brachyrhynchos [Translingual] Brachygastra [Polish] brachy- [Translingual] Brachychiton [Translingual] Brachypoda [Greek] βραχυ- [Latin] brachyrhynchus [Kabuverdianu] brasu [English] brevi-,*mréǵʰus,,37,528
[English] bug [Bislama] bol [English] burden [English] bourdon [English] bourdon [French] bourdon [Louisiana Creole French] bourdon [Norman] bourdon [English] boud,*bʰūs-,,9,529
[English] camera [Italian] camera [Welsh] camera [Icelandic] kamar [Indonesian] kamar [Javanese] kamar [Ternate] kamar [Afrikaans] kamer [Dutch] kamer [Portuguese] câmara [Galician] cámara [Spanish] cámara [French] chambre [Old French] chambre [English] chamber [Czech] kamera [Hungarian] kamera [Indonesian] kamera [Swedish] kamera [Kriol] kemp [Esperanto] ĉambro [Italian] cambio [Greek] κάμπτω [English] cameralism [English] cameralist [Maltese] kamra [Armenian] քամակ [Norman] caméra [Middle Dutch] camere [German] Kamerad [French] cambrer [Catalan] cambra [Italian] cambra [Old Occitan] cambra [Spanish] cambra [Irish] seomra [Taos] kòmpu’úna [Danish] kammer [Norwegian Bokmål] kammer [Norwegian Nynorsk] kammer [Polish] kamrat [Ido] chambro [Irish] ceamara [Romansch] chambra [Manx] shamyr [Polish] kabaret [Romansch] chombra [Swedish] kammare [Scots] chaumer [German] Camp [Romansch] tgombra [Romansch] combra [Albanian] këmbej [Translingual] Camarasaurus [Serbo-Croatian] kambjati [Esperanto] kamerao [Old Portuguese] camara [Burmese] ကင်မရာ [Serbo-Croatian] kambijati [German] Perikambium [English] Camba [Friulian] cjamare [Cimbrian] khåmmar [Old Norse] kamarr [Middle English] caumber [Mòcheno] kòmmer [Phalura] keémp [Romanian] comarnic [Bengali] কামরা [Cimbrian] khamara,*kh₂em-,,70,530
[Catalan] card [English] cardoon [English] chard [English] Chardonnay [Galician] cardo [Italian] cardo [Portuguese] cardo [Spanish] cardo [English] carline [Galician] cardar [Spanish] cardar [French] carde [French] chardon [Italian] carlina [French] cardon [Occitan] cardon [Old Occitan] cardon [Translingual] Carduus [Old Portuguese] cardeo [Spanish] cárdeno [Translingual] Carlina [Alemannic German] Charte [English] chadon beni [Dutch] kardoen,*kars-,,24,531
[English] chin [Afrikaans] kin [Afrikaans] kin [Dutch] kin [Afrikaans] ken [Afrikaans] ken,*ǵénus,,6,532
[Aromanian] sin [Vietnamese] sin [French] sein [Old French] sein [Romansch] sein [Friulian] sen [Indonesian] sinus [Romanian] sinus [Galician] seo [Romansch] sain [Portuguese] seno [Spanish] seno [Romanian] sân [Finnish] sini [Asturian] senu [Hungarian] szinusz [Romansch] sagn [Portuguese] seio [Spanish] sinusal [Kazakh] синус [Spanish] ensenada,*sinos,,21,533
[Aromanian] sin [Vietnamese] sin [French] sein [Old French] sein [Romansch] sein [Friulian] sen [Indonesian] sinus [Romanian] sinus [Galician] seo [Romansch] sain [Portuguese] seno [Spanish] seno [Romanian] sân [Finnish] sini [Asturian] senu [Hungarian] szinusz [Romansch] sagn [Portuguese] seio [Spanish] sinusal [Kazakh] синус [Spanish] ensenada,*sh₁ih₂sno-,,21,534
[Cebuano] sin [English] zinc [Catalan] zinc [Romanian] zinc [Afrikaans] sink [Faroese] sink [Norwegian Nynorsk] sink [Spanish] cinc [Malay] seng [Ternate] seng [Central Melanau] jing [Armenian] ցինկ [Finnish] sinkki [Central Melanau] zink [Central Melanau] zink [Danish] zink [Malay] zink [Malay] zink [Swedish] zink [Serbo-Croatian] цинк [Serbo-Croatian] cink [Slovak] zinok [Greek] τσίγκος,*(e)dont-,,23,535
[Ladino] sin [Old Spanish] sin [Spanish] sin [Catalan] sense [Occitan] sense [Sardinian] sine [English] sinecure [Danish] sinecure [English] sans [French] sans [Norman] sans [Ladino] סין [Italian] senza [Esperanto] sen [Galician] sen [Ido] sen [Old Occitan] ses [Portuguese] sem [Mirandese] sien [Old French] senz [French] sinécure [Russian] синекура [Middle English] saunz,*sénHi,,23,536
[English] chalk [Middle English] chalk [English] calcium [Old English] cealc [Spanish] calcio [English] caltrop [Spanish] coz [Irish] cailc [Scottish Gaelic] cailc [Spanish] alcanzar [Kazakh] кальций [Galician] cal [Portuguese] cal [Spanish] cal [English] calcite [German] Kalk [Romanian] calce [Spanish] calar [English] haugh [Scots] haugh [English] causeway [English] caliche [Spanish] caliche [Sardinian] calche [Italian] incalzare [Catalan] calç [Finnish] kalkki [Italian] scalciare [Danish] kalk [Dutch] kalk [Icelandic] kalk [Indonesian] kalk [Norwegian Bokmål] kalk [Norwegian Nynorsk] kalk [Swedish] kalk [Spanish] calzada [Romanian] calciu [Portuguese] cálcio [Catalan] encalçar [Portuguese] encalçar [Dalmatian] calčaina [Norman] cauchie [French] calcique [Norman] caûchie [Latvian] kalcijs [English] calc-sinter [English] Halford [English] Hawk [Spanish] encalzar [Luxembourgish] Kallek [Norwegian Bokmål] kalsitt [Norwegian Nynorsk] kalsitt [Maltese] ċagħaq [Hungarian] kalcit [Galician] coucillón [Sardinian] calchina [Polish] kalcyfit [Cimbrian] khalch,*klHk(ᵂ)-(n)-,,58,537
[Danish] bag [Ladino] oveja [Ladino] oveja [Spanish] oveja [Spanish] oveja [Portuguese] ovelha [English] ovine [Danish] å [Danish] å [Danish] å [Norwegian Bokmål] å [Norwegian Nynorsk] å [Norwegian Nynorsk] å [Swedish] å [Swedish] å [Old Danish] a [Old Swedish] a [Faroese] á [Faroese] á [Icelandic] á [Icelandic] á [Faroese] ær [Icelandic] ær [Translingual] Ovis [Norwegian Nynorsk] ån [Afrikaans] ooi [Norwegian Nynorsk] åg [Catalan] ovella [Galician] ovella [French] ouaille [Translingual] Opiliones [Asturian] oveya [Romanian] oier [Elfdalian] ą̊ [Aromanian] uiar [Translingual] Pseudois [Translingual] Ovibos [Bourguignon] oille [Old Spanish] oueja [Old Catalan] oveylla,*h₂ówis,,40,538
[Czech] body [Norwegian Bokmål] by [Norwegian Nynorsk] by [English] forebode [English] bode [English] beadle [Faroese] bjóða [Icelandic] bjóða [Bislama] bodi [Tok Pisin] bodi [Torres Strait Creole] bodi [Swedish] bjuda [Korean] 보리 [Japanese] ボディーチェック [Danish] byde [Norwegian Bokmål] byde [Lao] ໂພທິ [Norwegian Nynorsk] bjoda [Norwegian Nynorsk] bjode [Macedonian] боди [English] Bodhipathapradīpa [English] bodai [Old Swedish] biuþa [Westrobothnian] bju,*bʰewdʰ-,,24,539
[Tok Pisin] basket [English] faggot [English] fagot [Old French] fais [Italian] fagotto [Spanish] hacinar [Spanish] fajo [Spanish] hacina [Icelandic] fasismi [Lombard] fagott [Italian] fascio [French] faisceau [French] faix [Galician] feixe [Portuguese] feixe [Macedonian] баскет [Catalan] feix,*bʰask-,,17,540
[English] leukemia [English] electric [English] low [Afrikaans] lig [Afrikaans] lig [Afrikaans] lig [Afrikaans] lig [English] lune [English] lune [English] lune [Italian] Lucca [English] electro- [Catalan] electro- [Guinea-Bissau Creole] lua [Kabuverdianu] lua [Latin] electrum [Danish] lys [Norwegian Bokmål] lys [Norwegian Nynorsk] lys [Norwegian Bokmål] loge [Norwegian Nynorsk] loge [Esperanto] elektro [Indonesian] elektro [Danish] lue [English] Lua [Cebuano] Luna [Cebuano] Luna [Dutch] licht [Dutch] licht [Dutch] licht [Dutch] licht [Dutch] licht [Dutch] licht [Icelandic] logi [English] lunatic [Faroese] ljós [Icelandic] ljós [Swedish] låga [Spanish] leucemia [Greek] λευκός [Kazakh] электроника [Irish] lon [Scottish Gaelic] lon [Spanish] eléctrico [Cebuano] Alicante [Spanish] Alicante [English] lown [Hindi] रोज़ [Persian] روز [Swedish] ljus [Spanish] electro [Elfdalian] liuos [Norwegian Bokmål] lun [Norwegian Nynorsk] lun [Faroese] logn [Icelandic] logn [Norwegian Bokmål] logn [Norwegian Nynorsk] logn [Indonesian] elektrik [Czech] elektro- [Dutch] elektro- [Hungarian] elektro- [Norwegian Bokmål] elektro- [Norwegian Nynorsk] elektro- [Polish] elektro- [Leonese] lluna [Malay] elektron [Portuguese] elétrico [Spanish] lucio [Italian] losco [Polish] elektryczny [Dutch] leukemie [Galician] lusco [Italian] lusco [Portuguese] lusco [Tajik] рӯз [English] leucophanite [Greek] λευχαιμία [Scottish Gaelic] foillsich [Kazakh] электрод [Kazakh] электролиз [Turkish] rüzgâr [English] leuko- [Polish] białaczka [Italian] leuco- [Norwegian Nynorsk] ljos [Greek] ήλεκτρο [Portuguese] elétron [Catalan] Alacant [Scots] lowe [English] luniform [English] lunistice [Bourguignon] leugne [Latin] leucogaster [Irish] léas [Irish] Éileictre [Old Swedish] lius [Portuguese] eletrão [Esperanto] leŭkocito [Latin] leucopus [Russian] белокровие [Mirandese] lhuna [Translingual] Leukovirus [Marathi] रोज [Old Gujarati] रोज [Indonesian] listrik [Indonesian] listrik [Konkani] पळव्चे [Galician] relusco [Galician] aluscar [English] solilunar [Hungarian] leukocita [Ukrainian] електрика [Westrobothnian] elestret [Greek] λευκο- [Kazakh] электр [Irish] leoca- [Kazakh] электроскоп [Latvian] elektrisks [Catalan] llosc [Galician] lumbrigar [Dutch] elektrum [Kazakh] лейцин,*lewk-,,123,541
[English] cell [Welsh] cell [Afrikaans] sel [Indonesian] sel [Galician] cela [Polish] cela [Portuguese] cela [Danish] celle [Middle English] celle [Norwegian Bokmål] celle [Norwegian Nynorsk] celle [English] cellar [Dutch] cel [Breton] kell [Cornish] kell [Hungarian] cella [Italian] cella [German] Keller [Hutterisch] Keller [Norwegian Bokmål] selle [Norwegian Nynorsk] selle [Finnish] selli [Irish] cill [Scottish Gaelic] cill [Greek] κελί [Romanian] celar [French] cellier [Sardinian] chedda [Manx] keeill [Swahili] seli [Old French] celier [Catalan] celler [Italian] cellario [Luxembourgish] Zell [Norman] ch'lyi [Serbo-Croatian] ћелија [Serbo-Croatian] ćelija [Galician] celeiro [Portuguese] celeiro [Italian] cellaio [Arabic] قلاية [Aromanian] tsilar [Galician] Celanova [Friulian] celâr [Hungarian] hungarocell [Marshallese] jeeļ,*ḱelneh₂,,46,542
[Turkish] put [Japanese] 仏 [Japanese] 仏 [Chinese] 佛 [English] Buddha [Italian] Budda [Hindi] बुत [Kazakh] Будда [Kazakh] будда [Tibetan] སངས་རྒྱས [Korean] 부처 [Kazakh] буддизм [Middle Persian] bwt' [Vietnamese] Bụt [Thai] พุทธพาณิชย์ [Thai] พุทธ [Urdu] بدھ [Punjabi] ਬੁੱਤ [Dutch] Boeddha [Kazakh] Бұддһа [Kazakh] Бұдда [Dhivehi] ބުދު [Kashmiri] ब्वद [Kashmiri] بۄد [Kashmiri] 𑆧𑇀𑆮𑆢𑇀,*bʰudʰtós,,25,543
[English] stay [English] stay,*stek-,,2,544
[English] stay [English] stay [English] stound [Middle English] stound [Scots] stound [Ingrian] tunni,*stā-,,6,545
[Romani] rang [Bhojpuri] रंग [Rajasthani] रंग [Urdu] رنگ [Garo] rong [Newar] रङ्ग [Hindi] रंज [Gujarati] રંગસૂત્ર [Punjabi] ਰੰਗ [Assamese] ৰঙা [Bengali] রাং [Magahi] 𑂩𑂑𑂹𑂏,*reg-,,12,546
[Romansch] said [Aragonese] set [Catalan] set [Occitan] set [Papiamentu] set [Papiamentu] set [Romansch] set [Romansch] seit [Romansch] seid [Dalmatian] sait [Spanish] sed [Sardinian] sidi [English] phthisis [French] soif [Old French] soif [Italian] sete [Romanian] sete [Asturian] sede [Leonese] sede [Papiamentu] sede [Portuguese] sede [Kabuverdianu] sedi [German] Schwindsucht [Aromanian] seti [Sardinian] sidis [Cebuano] tisis [English] nephronophthisis [Aromanian] seati [Friulian] sêt [Louisiana Creole French] swaf [Polish] ftyzjo-,*dʰgʷʰítis,,31,547
[Danish] ride [Norwegian Bokmål] ride [Tok Pisin] rot [Norwegian Bokmål] ri [Norwegian Nynorsk] ri [Faroese] ríða [Icelandic] ríða [Afrikaans] ry [Norwegian Nynorsk] rida [Swedish] rida [Norwegian Bokmål] vri [Old Swedish] riþa [Finnish] roudata [Greek] ράδα [Jersey Dutch] rāide,*reydʰ-,,15,548
[English] sold [Dutch] holocaust [Catalan] salut [English] saltee [Serbo-Croatian] sef [Slovene] sef [German] Salut [Finnish] sooli [Serbo-Croatian] сеф [Aragonese] salú [Asturian] salú [Translingual] Soldanella [Friulian] salût [Dutch] slukes [Kazakh] сейф [Hungarian] szol,*solh₂-,,16,549
[Tok Pisin] ran [English] rhenium [German] Rhein [Romansch] Rain [Sranan Tongo] lon [Hungarian] rénium [Dutch] runnen [English] ryth [English] Rye [Korean] 빤스런,*h₃reyH-,,10,550
[English] seek [Faroese] søkja [Norwegian Nynorsk] søkja [Icelandic] sækja [Afrikaans] soek [Swedish] söka [Danish] søge [Norwegian Bokmål] søke [Old Danish] søkia [Old Swedish] søkia [Westrobothnian] søtj [Low German] söken [Norwegian Bokmål] abortsøkende [Norwegian Bokmål] abortsøker,*séh₂gyeti,,14,551
[English] seek [Faroese] sætt [Icelandic] sætt [Faroese] søkja [Norwegian Nynorsk] søkja [Icelandic] sækja [Swedish] söka [Danish] søge [Faroese] sátt [Norwegian Bokmål] søke [Old Danish] søkia [Old Swedish] søkia [Westrobothnian] søtj [Norwegian Bokmål] abortsøkende [Norwegian Bokmål] abortsøker,*seh₂g-,,15,552
[Norwegian Nynorsk] rise [Norwegian Nynorsk] risa [Old Swedish] risa [Faroese] rísa [Icelandic] rísa [Faroese] reisa [Danish] rejse [Czech] rajzovat [Marshallese] diaka,*h₁rey-,,9,553
[English] sew [Georgian] ნემსი,*sīw-,,2,554
[English] shed [Yola] shet,*skeyt-,,2,555
[French] ring [Hungarian] ring [Serbo-Croatian] ring [English] harangue [Esperanto] aranĝi,*(s)krengʰ-,,5,556
[French] bourgeois [Indonesian] borjuis,*bʰrgʰ-,,2,557
[Norwegian Nynorsk] run [Catalan] rumor [Portuguese] rumor [Dutch] rune [Norwegian Bokmål] rune [Polish] runa [Portuguese] runa [Slovak] runa [Swedish] runa [Faroese] rún [Icelandic] rún [French] rumeur,*rewH-,,12,558
[English] mollify [Portuguese] mole [English] moll [Catalan] moll [Hungarian] moll [Icelandic] moll [Norwegian Bokmål] moll [Norwegian Nynorsk] moll [English] mull [Norman] mo [Spanish] muelle [Friulian] mol [Galician] mol [Pali] mudu [Italian] molle [Middle English] molle [Esperanto] mola [English] amblygonite [Translingual] Amblypygi [Finnish] molli [French] mou [English] mullein [Aromanian] moli [Hungarian] molett [Sicilian] moddu [Indonesian] merdu [Romanian] moale [Venetian] moło [Translingual] Amblyornis [Catalan] mullar [Aromanian] moali [Portuguese] amolgar [Translingual] Ambystoma [Norwegian Bokmål] a-moll [German] mollig [Old Marathi] मौ [Marathi] मऊ [Konkani] मोव [Translingual] Amblyopsis [Old Marathi] 𑘦𑘼 [English] amblygnathous [English] mollin [Venetian] mòlo [Polish] ambligonit [Italian] dimoiare,*ml̥dus,,45,559
[Czech] set [Indonesian] set [Afrikaans] sit [Norwegian Bokmål] sette [West Frisian] sette [Faroese] sett [Norwegian Bokmål] sett [Faroese] seta [Icelandic] setja [Norwegian Nynorsk] setja [Swedish] sätta [Danish] sætte [Old Swedish] sætia [Tagalog] iset [Saterland Frisian] sätte,*sodéyeti,,15,560
[English] curtail [Catalan] curt [Friulian] curt [Ladin] curt [French] court [Norman] court [Walloon] court [German] kurz [Old High German] kurz [Galician] corto [Italian] corto [Spanish] corto [Central Franconian] kurt [Afrikaans] kort [Dutch] kort [Norwegian Bokmål] kort [Norwegian Nynorsk] kort [Swedish] kort [Tarantino] corte [Dalmatian] cort [English] kirtle [Galician] curto [Neapolitan] curto [Portuguese] curto [Venetian] curto [Central Franconian] koot [Italian] accorciare [Danish] forkortelse [Russian] куртка [Ukrainian] куртка [Italian] scorciare [Danish] forkortning [Romanian] scurt [English] curtana [Luxembourgish] kuerz [Galician] corzo [Spanish] corzo [Aromanian] shcurtu [French] courtil [Asturian] curtiu [Albanian] shkurt [Yiddish] קורץ [Albanian] kursej [Spanish] escuerzo [Hunsrik] korz [Ligurian] cùrto [Catalan] escurçó [Westrobothnian] tjohll [Old English] cyrtel [Kazakh] күртке,*(s)kr̥tós,,50,561
[Catalan] sang [Lombard] sang [Haitian Creole] san [Ido] sango [Ido] sango [Ido] sango [Ido] sango [Aragonese] sangre [Asturian] sangre [Chavacano] sangre [Chavacano] sangre [Ladino] sangre [Spanish] sangre [English] consanguinity [Galician] sangue [Italian] sangue [Venetian] sangue [Finnish] sangria [Italian] sangria [English] sanguinarian [Papiamentu] sanger [Papiamentu] sanger [English] stanch [Italian] sangiovese [Romanian] sângeros [Italian] sanguinoso [French] étancher [Kabuverdianu] sangi [Kabuverdianu] sange [Italian] sanguinella [Hungarian] szangvinikus [English] sanguifluous [Guinea-Bissau Creole] sangui [English] sanguigenous [English] sanguify [Aromanian] sãndzinos [Translingual] Sanguisorba [Friulian] sanganôs [Friulian] sanzit [Dalmatian] suang [Russian] сангрия [Japanese] サングリア [Serbo-Croatian] sangrija [Serbo-Croatian] сангрија [Mauritian Creole] disan [Seychellois Creole] disan [Sardinian] sambene [Sardinian] sambenosu [Galician] sangomiño [Sardinian] sambine,*h₁sh₂-én-,,50,562
[Luxembourgish] sat [English] sad [English] sad [Middle English] sad [Scots] sad [English] hadron [Esperanto] sati [German] satt [Spanish] hadrón [Translingual] Sagina [Kazakh] адрон [Greek] αδρός [Translingual] Hadrosaurus [Czech] hadrosaurus [Catalan] sagí [English] Sadd [Yiddish] זאַט,*seh₂-,,17,563
[Sranan Tongo] spun [Tok Pisin] spun [English] spat [English] space [Lushootseed] spud [English] spatial [French] spatial [Portuguese] espacial [Portuguese] espaço [Galician] espazo [Greek] σπάω [Irish] spás [Sicilian] spasciari [Romanian] spaț [Chuukese] sipun [Indonesian] spasi [Italian] spagirico [Occitan] espaci [Shona] chipunu [Maltese] spazju,*(s)peh₂-,,20,564
[English] stank [Italian] stagno [Spanish] estancar [Catalan] estany [Old French] estanc [Occitan] estanh,*steh₂g-,,6,565
[French] tore [Esperanto] toro [Galician] toro [Ido] toro [Portuguese] toro [Dutch] torus [Finnish] torus [Romanian] tor [French] store [Polish] stora [Hausa] titi [German] Schleier [Romanian] lat [Afrikaans] straat [English] stroma [Galician] lado [Mirandese] lado [Italian] sterno [Translingual] Sternorrhyncha [Galician] esterno [Portuguese] esterno [Spanish] estera [English] biostrome [Scottish Gaelic] sròl [Esperanto] strato [Italian] stuoia [Translingual] Bilateria [Spanish] ladilla [Esperanto] latero [Asturian] llau [English] stromatology [English] laterad [Asturian] tueru [Portuguese] ladrilho [Galician] esteira [Portuguese] esteira [English] olistostrome [Portuguese] estore [English] Theron [English] Theron [Afrikaans] Theron [Scots] strammel [English] thoral [Sardinian] ladus [Galician] ladrizo [Catalan] estora [Kazakh] строма,*sterh₃-,,47,566
[Swedish] string [Tok Pisin] string [English] strong [Middle English] strong [Swedish] strong [Tok Pisin] strong [English] stronghold [Ligurian] stria [Icelandic] strangur [Westrobothnian] strang [Icelandic] strengur [Danish] streng [Manx] streng [Norwegian Bokmål] streng [Norwegian Bokmål] streng [Norwegian Bokmål] streng [Norwegian Nynorsk] streng [Norwegian Nynorsk] streng [Norwegian Nynorsk] streng [Romagnol] striga [Slovak] striga [Venetian] striga [Swedish] sträng [Swedish] sträng [Westrobothnian] sträng [Faroese] strongur [Sranan Tongo] tranga [Esperanto] strio [Spanish] estría [Romanian] strigoi [Irish] sreang [Scottish Gaelic] sreang [Middle English] stronge [Tok Pisin] strongpela [Romanian] ștreang [Translingual] Striga [Spanish] trasgo [Portuguese] estria [Old Swedish] strænger [Yola] straung [Greek] στραγγίζω [Macedonian] стрија [English] stria vascularis,*strengʰ-,,43,567
[Catalan] torn [English] turn [English] turn [English] turn [French] tour [English] tribade [French] termite [German] Termite [Alemannic German] Turner [Alemannic German] Turner [Latin] tornus [Walloon] tourner [Galician] tornar [Galician] torno [Galician] torno [Portuguese] torno [Spanish] torno [Middle English] turnen [Spanish] destornillador [Spanish] destornillador [Spanish] tragar [Greek] τρώω [Russian] тормоз [Italian] tornio [Afrikaans] draai [Greek] τρίβω [Hungarian] trágya [English] termes [Spanish] tornillo [Spanish] tornillo [Italian] tarma [Esperanto] truto [Esperanto] tribo- [Sicilian] stricari [Tok Pisin] tanim [Papiamentu] drai [Translingual] Termes [Translingual] Termitoidae [Spanish] desatornillar [Spanish] desatornillar [Polish] turnus [Polish] turnus [Tok Pisin] tromai,*terh₁-,,43,568
[Danish] torn [Faroese] torn [Norwegian Bokmål] torn [Norwegian Nynorsk] torn [Swedish] torn [English] thorn [German] Thorn [Icelandic] þyrnir [Finnish] tyrni [Esperanto] dorno [Swedish] törne [Danish] tjørn [Konkani] तण [Hindi] तिनका [Yola] thoornes,*tr̥nós,,15,569
[English] teach [Yola] teach [English] tack [Dutch] token [Faroese] tá [Icelandic] tá [Icelandic] tá [English] tache [Danish] tå [Norwegian Bokmål] tå [Norwegian Nynorsk] tå [Swedish] tå [Indonesian] desa [Malay] desa [English] titch [Swedish] teg [Norwegian Nynorsk] tåg [Faroese] tign [Icelandic] tign [Greek] δεικνύω [Thai] เทศาภิบาล [Bengali] দেশ [English] tatch [Greek] δείχνω [Bhojpuri] देस [Braj] देस [Rajbanshi] देस [Norwegian Bokmål] teig [Norwegian Nynorsk] teig [Faroese] teigur [Icelandic] teigur [Punjabi] ਦੇਸ਼ [Khmer] ទេស [Westrobothnian] tâ [Westrobothnian] tâ [Danish] fortov [Newar] देय् [Westrobothnian] täjg [Bhojpuri] 𑂠𑂵𑂮 [Magahi] 𑂠𑂵𑂮 [Newar] संदेय् [Balinese] ᬤᬾᬰ [Tamil] தேசபாஷை [Tamil] தேசாதிபதி [Tamil] தேசாசாரம் [Indonesian] bendesa [Balinese] ᬩᭂᬦ᭄ᬤᬾᬰ,*deyḱ-,,47,570
[Irish] teach [Translingual] Stegosaurus [Manx] çhagh [Manx] çhaagh [English] stegokrotaphic,*(s)tégos,,5,571
[English] wake [Tok Pisin] wet [English] watch [Middle English] waken [Indonesian] baja [Indonesian] baja [Indonesian] baja [Malay] baja [Italian] vigile [French] guetter [Persian] بزرگ [Indonesian] vigili [Fiji Hindi] wait karo [Mauritian Creole] gete [Scottish Gaelic] fèill [English] vajra [Manx] feaill [Japanese] 金剛 [Irish] féile [Thai] เพชร [Hindi] बुज़ुर्ग [Tok Pisin] wetim [Irish] feighil [Middle Persian] LBA [Haitian Creole] gueté [Indonesian] waja [Indonesian] waja [Thai] วิเชียร [Bengali] বাজ [Marshallese] waj [Marshallese] wajwaj,*weǵ-,,31,572
[English] wake [Swedish] vak [Westrobothnian] vak [Icelandic] vök [Greek] υγρός [English] antigropelos [Latin] hygrostathmicus [Norwegian Nynorsk] vok [English] weaky [Danish] våge [Kazakh] гигрометр [Norwegian Nynorsk] voke [Norwegian Nynorsk] vòke [Norwegian Nynorsk] voka [Norwegian Nynorsk] vòka [Norwegian Nynorsk] vòk [Polish] higro-,*wegʷ-,,17,573
[English] charm [Danish] charme [Dutch] charme [French] charme [Italian] charme [Middle English] charme [Norman] charme [Serbo-Croatian] karmine [Norwegian Bokmål] sjarm [Norwegian Nynorsk] sjarm [Tagalog] kalmen,*keh₂nmn̥,,11,574
[English] charm [Danish] charme [Dutch] charme [French] charme [Italian] charme [Middle English] charme [Norman] charme [Serbo-Croatian] karmine [Norwegian Bokmål] sjarm [Norwegian Nynorsk] sjarm [Tagalog] kalmen,*ḱens-,,11,575
[Araki] wet [Tok Pisin] wet [Galician] onda [Portuguese] onda [Sranan Tongo] wasi [Italian] otre [Catalan] odre [Galician] odre [Portuguese] odre [Spanish] odre [Aromanian] utri [Kabuverdianu] ónda [West Makian] uas [English] utriform [Cebuano] waswas,*wed-,,15,576
[English] cushion [Irish] cos [Istriot] cosa [Scottish Gaelic] cas [Galician] coxa [Portuguese] coxa [Spanish] cojín [German] Kissen [French] cuisse [Old French] cuisse [Italian] cuscino [Corsican] coscia [Italian] coscia [Sicilian] coscia [French] coussin [Esperanto] kuseno [Spanish] cojo [Romanian] coapsă [Catalan] coix [Haitian Creole] kuis [Aragonese] cuixa [Catalan] cuixa [English] coxal [French] coxal [Spanish] coxal [Manx] cass [Italian] cosciale [Sicilian] cuscinu [Middle French] coissin [Old French] coissin [Aromanian] coapsã [Dalmatian] copsa [Maltese] koxxa [Albanian] kofshë [Norman] tchuisse [Esperanto] kokso [Asturian] coxín [Friulian] cuesse [Galician] coxo [Portuguese] coxo [Japanese] クッション [Norman] tchusse [Norman] tchiêsse [Norman] kyis [Norman] tchiesse [Greek] κουτσός [Haitian Creole] kwis [Antillean Creole] tjwis,*koḱs-,,48,577
[Bislama] bi [Danish] bi [Swedish] bi [Tok Pisin] bi [Norwegian Nynorsk] bia [Irish] beach [Scottish Gaelic] beach [Norwegian Bokmål] bie [Norwegian Nynorsk] bie [English] sphexish [Italian] fuco [Faroese] býfluga [English] sphex [English] Beal [Icelandic] bý [Translingual] Sphex [Translingual] Sphecius [English] Wilby [English] Bewick,*bʰey-,,19,578
[Irish] cloth [Armenian] լու,*ḱlutós,,2,579
[English] change [English] jambe [English] gambit [English] gamba [English] gamba [French] changer [Old Spanish] cama [Esperanto] gambo [Ido] gambo [Tok Pisin] giaman [Norman] changi [Dutch] gambiet [Haitian Creole] janm [Norman] changier [Sicilian] jamma [Middle English] chaungen [Picard] canger,*kamp-,,17,580
[English] anchor [Italian] ancora [Latin] ancora [Ido] ankro [Norwegian Bokmål] anker [Norwegian Nynorsk] anker [English] angora [English] ankylosaurus [English] ancon [Asturian] ancla [Spanish] ancla [Greek] αγκώνας [Russian] якорь [Portuguese] âncora [Greek] άγκυρα [Sicilian] agnuni [Irish] ancaire [Catalan] àncora [Irish] angóra [Greek] αγκωνή [Galician] áncora [Aromanian] angurã [Portuguese] anquilossauro [Cebuano] angkla [Tagalog] angkla [Translingual] Ankylosaurus [Indonesian] langgar [Indonesian] langgar [Indonesian] angker [Indonesian] jangkar [Tamil] நங்கூரம்,*h₂enk-,,31,581
[Romanian] care [Scottish Gaelic] ge [Papiamentu] ken [English] ut [Catalan] ut [Italian] ut [Italian] quale [Irish] cé [Irish] cé [Mariupol Greek] ты [Manx] quoi [French] quel [Middle French] quel [Old French] quel [Dalmatian] calco [Dalmatian] calco [Scottish Gaelic] cò [Greek] τις [Corsican] chì [Corsican] chì [Papiamentu] kende [Aragonese] cual [Aromanian] cai [Bourguignon] quei [Aromanian] cari [Greek] πως [Portuguese] quê [Portuguese] quê [Greek] ποιος [Middle Irish] cía [Greek] πώς [Dalmatian] cic [Papiamentu] ki ora [Old Spanish] quiçab [Old Spanish] quiçab [Mariupol Greek] тыс,*kʷis,,36,582
[English] clear [English] class [English] claim [English] clairgustance [Esperanto] klara [Ido] klara [Russian] класс [Norwegian Bokmål] klar [Norwegian Nynorsk] klar [Swedish] klar [Icelandic] klár [French] glaire [Dutch] klasse [Dutch] klas [German] Klasse [Latin] Clarissa [Franco-Provençal] clamar [Italian] clarino [Romansch] clamer [Papiamentu] yama [Papiamentu] yama [Italian] chiasso [Vilamovian] klass [Bulgarian] клас [Macedonian] клас [Swedish] skall [Icelandic] skella [Irish] coileach [Scottish Gaelic] coileach [Esperanto] klaso [Esperanto] klaso [Ido] klaso [Czech] klasa [Polish] klasa [Serbo-Croatian] klasa [English] clas [Scottish Gaelic] clas [Welsh] clas [Serbo-Croatian] класа [Manx] kellagh [Indonesian] kelas [Romansch] cler [French] Clermont-Ferrand [Esperanto] kalendaro [Westrobothnian] skäll [Translingual] Claravis [Corsican] chjamà [Romansch] clomar [Norman] clâsse [Tok Pisin] kalenda [English] Clermont [Afrikaans] kleim [Middle English] kalende [Maltese] ċar [Indonesian] klasis [Marshallese] kilaj [Marshallese] kilaaj [Gulf Arabic] كلاس [Indonesian] klaim [Indonesian] klaim [Romanian] clasă [Ingrian] klaassa,*kelh₁-,,62,583
[English] stork [Translingual] Pelargonium [Norwegian Bokmål] pelargonia [Norwegian Nynorsk] pelargonia [Polish] pelargonia [English] pelargic,*sr̥ǵos,,6,584
[English] base [English] base [English] base [Asturian] base [Catalan] base [French] base [Galician] base [Italian] base [Old French] base [Portuguese] base [Spanish] base [English] basis [Dutch] basis [Indonesian] basis [Norwegian Bokmål] basis [Norwegian Nynorsk] basis [Indonesian] basa [German] Base [Sardinian] abasia [Translingual] Basidiomycota [English] basidium [Norwegian Bokmål] abasi [Crimean Tatar] baza [Polish] baza [Serbo-Croatian] baza [Kazakh] база [Macedonian] база [Russian] база [Serbo-Croatian] база [Ukrainian] база [Greek] βάση [Portuguese] baseado [Czech] báze [Hungarian] bázis [English] basicerite [Irish] basa- [Thai] คดี [Khmer] ក្តី [Norwegian Bokmål] abasi-astasi,*gʷémtis,,39,585
[English] microbe [Dutch] microbe [French] microbe [English] micro [Indonesian] minor [Romanian] minor [Translingual] micro- [English] micro- [Dutch] micro- [Spanish] micro- [Finnish] muuri [English] mono- [Catalan] mono- [Dutch] mono- [Galician] mono- [German] mono- [Portuguese] mono- [Spanish] mono- [Swedish] med [Finnish] mono [English] minority [English] mitre [English] monism [Esperanto] muro [Esperanto] muro [Portuguese] muro [English] miss [Swedish] mitt [Aromanian] min [Ido] mikra [English] Miocene [English] microscope [Latvian] Monako [Japanese] MAD [English] microcephalic [English] mitosis [English] monostich [Galician] microscopio [Italian] microscopio [Spanish] microscopio [Westrobothnian] midd [Galician] menor [Old French] menor [Spanish] menor [English] manometer [Greek] μόνος [Latin] Mithras [English] Monophysite [Norwegian Bokmål] mur [Norwegian Nynorsk] mur [Swedish] mur [Norwegian Nynorsk] mei [English] monopsony [Icelandic] miður [Icelandic] miður [Translingual] Mononegavirales [French] amener [Spanish] menguar [Spanish] menguar [Italian] minore [Faroese] Monika [French] moindre [Polish] mikrob [Indonesian] mitra [Indonesian] mitra [Italian] mitra [Polish] mitra [Portuguese] mitra [Slovak] mitra [Spanish] mitra [Persian] مهر [Middle Low German] mure [Danish] mikro- [Estonian] mikro- [Finnish] mikro- [Hungarian] mikro- [Indonesian] mikro- [Turkish] mikro- [Greek] μισθός [Central Kurdish] میکرۆب [Spanish] microbio [Norwegian Bokmål] Mikronesia [Norwegian Nynorsk] Mikronesia [German] Mitra [Urdu] مہر [English] manometry [Hungarian] mikroszkóp [English] monochasium [Dutch] mennen [German] Manometer [Norwegian Nynorsk] monogami [Scottish Gaelic] miosa [Hungarian] mitokondrium [Irish] measa [Bourguignon] meur [Malay] مين [Malay] مين [English] manoscope [Khmer] មិត្ត [Sicilian] nicu [Kazakh] мономер [Dutch] mijter [English] muropeptide [Kazakh] митохондрия [Kazakh] микрофон [Esperanto] mitozo [Esperanto] mikrobo [Kazakh] монография [Latin] monoculus [Kazakh] монизм [Greek] μονός [French] manomètre [German] Mitose [Irish] mona- [English] murenger [Dutch] Micronesië [Translingual] Manorina [English] murage [English] microlithic [Ukrainian] мікроскоп [Latin] microlepis [Translingual] Micrognathozoa [English] Minorite [Galician] manómetro [Portuguese] manómetro [Spanish] manómetro [English] Minoress [Polish] mitoza [English] micropachycephalosaurus [Norman] m'ner [Translingual] Gyromitra [Ladin] mendr [Latin] monographia [Translingual] Monodon [Friulian] minôr [Norwegian Bokmål] midje [Norwegian Nynorsk] midje [Spanish] monotrema [Norwegian Bokmål] midt [Norwegian Nynorsk] midt [Translingual] Monacanthocnemis [Burmese] မိတ် [Norwegian Bokmål] mikrobe [Norwegian Nynorsk] mikrobe [Translingual] Micropterus [Tocharian B] maitär [Translingual] Monaster [Irish] miotóis [Latin] monocytus [Tok Pisin] komyuniti [German] Monozyt [Braj] मीत [Hindi] मीत [Maithili] मीत [English] oneseed juniper [French] monopsone [Translingual] Monostroma [Hungarian] mitózis [Maithili] 𑒧𑒱𑒞 [Middle English] mytre [Kabuverdianu] meninu [Guinea-Bissau Creole] mininu [Translingual] Monandria [Balinese] ᬫᬶᬢ᭄ᬭ [Translingual] Monocotyledoneae [English] mito- [Esperanto] monokotiledonoj [Hindi] मितुल [Latin] monialis [Oriya] ମିତ [Javanese] ꦩꦶꦠꦿ [Icelandic] míkró- [Malayalam] മിത്രം [Ukrainian] мікро-,*mey-,,174,586
[Venetian] vero [German] Ware [Afrikaans] waar [Faroese] veruleiki [Maltese] veru [English] verism [Galician] veriño,*weh₁ros,,7,587
[Danish] ven [Norwegian Nynorsk] ven [Faroese] vinur [Icelandic] vinur [Swedish] vän [Norwegian Bokmål] venn [Norwegian Bokmål] norgesvenn,*wenh₁is,,7,588
[Swedish] ven [Afrikaans] weg [English] weigh [Norwegian Bokmål] vene [Norwegian Nynorsk] vene [Greek] όχλος [Low German] Weg [Translingual] Velociraptor [Faroese] vegur [Icelandic] vegur [Luxembourgish] bewegen [Danish] vag [Norwegian Bokmål] vag [Norwegian Nynorsk] vag [Swedish] vag [Swedish] väg [Faroese] vognur [Norwegian Bokmål] vei [Portuguese] veloz [Spanish] veloz [Armenian] վազել [Italian] vomere [Indonesian] sepeda [Danish] vej [Irish] féan [French] voguer [Classical Syriac] ܐܟܠܘܣ [Venetian] véna [Hebrew] אוכלוסין [Georgian] გზა [English] extravenate [Hindi] बहना [Urdu] بہنا [French] vélocipède [Aromanian] vomirã [Norwegian Bokmål] bomvei [Assamese] বোৱা [Prakrit] 𑀯𑀳𑀇 [Swedish] velociped [Norwegian Bokmål] bomveg [Hebrew] א־כ־ל־ס [English] bylee [Marathi] वाहणे,*weǵʰ-,,43,589
[Swedish] ven [Norwegian Bokmål] vene [Norwegian Nynorsk] vene [Esperanto] vibri [Venetian] véna [English] goemin [English] extravenate,*weyp-,,7,590
[Afrikaans] vel [Jersey Dutch] vääl,*pello-,,2,591
[Icelandic] vel [Norwegian Bokmål] vel [Norwegian Nynorsk] vel [English] well [Italian] volere [French] vouloir [English] gala [Polish] gala [English] gallimaufry [Danish] ville [Norwegian Bokmål] ville [Ido] volar [Ido] volar [Galician] regalo [Spanish] regalo [Catalan] voler [Interlingua] voler [Interlingua] voler [Norman] voler [Occitan] voler [Old Occitan] voler [Walloon] voler [Swedish] väl [Faroese] vilja [Icelandic] vilja [Norwegian Nynorsk] vilja [Swedish] vilja [Middle English] wel [Indonesian] warna [Ternate] warna [Jamtish] vili [Westrobothnian] vili [Walloon] voleur [Afrikaans] wil [Spanish] regalar [Faroese] væl [Romanian] vrea [Khmer] ព្រះ [French] galant [French] galer [Thai] พร [Thai] พระ [Santali] ᱵᱳᱨᱳᱱ [Middle English] wol [Haitian Creole] vle [Sicilian] vuliri [Mauritian Creole] oule [Old French] voloir [Esperanto] galanta [Ido] galanta [French] galvauder [Burmese] ဘုရား [Latin] vernix [Old Swedish] vilia [Venetian] vołer [Khmer] ពណ៌ [Telugu] వరము [Hindi] बान [English] Galvin [Tamil] பணம் [Kannada] ಬಣ್ಣ [French] galimafrée [Westrobothnian] väles [Assamese] বৰণ [Sardinian] bolere [Prakrit] 𑀯𑀡𑁆𑀡 [Gallo] vóleir [Balinese] ᬯᬭ [Telugu] వరంబు [Louisiana Creole French] oulé [Antillean Creole] vlé [Haitian Creole] vlé [Yola] waal [Magahi] 𑂥𑂩 [Old Javanese] warṇṇa [Javanese] ꦮꦫ [Tamil] வண்ணம்,*welh₁-,,77,592
[Volapük] kvär [English] firth [Translingual] Quercus [English] furrow [English] frith [Middle English] frith [English] quercivorous [Spanish] alcornoque [English] quercitannin [English] Firth [Galician] cerquiño [Galician] cerqueiro [Middle English] forow,*pérkus,,13,593
[English] acolyte [French] acolyte [Catalan] call [Asturian] calle [Spanish] calle [Aromanian] cali [Istriot] cal [Dalmatian] cale [Romanian] cale [Romanian] călătorie [Venetian] całe [Italian] accolito [Cebuano] galon [Indonesian] galon [Irish] colainn [Sranan Tongo] hori [Sranan Tongo] hori [English] acoloutha [German] Akolyth [Venetian] calìgo [Tok Pisin] holim [Tok Pisin] holim [Portuguese] célere [Portuguese] acólito [Spanish] acólito [Dutch] acoliet [Greek] ακόλουθος [Yiddish] גאַלאָן [Irish] acalaí [Esperanto] akolito [Marathi] कळणे [Ukrainian] ґальон [Hijazi Arabic] جالون,*kel-,,33,594
[English] lake [Haitian Creole] li [German] Lexikon [Dutch] lexicon [English] logarithm [Romansch] liger [Mirandese] ler [Romansch] ler [Spanish] leer [Romansch] leger [English] logorrhea [Norwegian Bokmål] logo [Norwegian Nynorsk] logo [English] logos [Czech] logos [Serbo-Croatian] logos [English] legacy [Catalan] elector [Greek] λόγος [Czech] lekce [Greek] λέγω [Spanish] neologismo [Catalan] llegir [Greek] λέω [Greek] -λογία [Galician] lenda [Portuguese] lenda [Cebuano] leksikon [Norwegian Bokmål] leksikon [Norwegian Nynorsk] leksikon [English] logopedics [Italian] elettore [English] collogue [Turkish] logaritma [Georgian] ლექსიკონი [Macedonian] -логија [Serbo-Croatian] -логија [Polish] dekalog [Kazakh] лексика [Esperanto] leksikono [Norwegian Bokmål] logaritme [Norwegian Nynorsk] logaritme [Norman] liéthe [English] logolepsy [Kazakh] логарифм [Norman] lyer [Kazakh] логос [English] sinologue [Maltese] lessiku [Aromanian] aleg [Serbo-Croatian] -logija [Czech] chiropterolog [Galician] neoloxismo [Polish] leksyka [Indonesian] legasi [Kazakh] нарратология [Polish] leksykon [Mariupol Greek] лэгу [Polish] logorea,*leǵ-,,59,595
[English] lake [English] Liguria [Italian] Liguria [Polish] Liguria [Spanish] Liguria [English] lich [Sranan Tongo] leki [Nigerian Pidgin] laik [Tok Pisin] laik [Afrikaans] lyk [Latin] ligustrum [German] Laich [Venetian] Łiguria [Finnish] leijata [Portuguese] levístico [Spanish] levístico [Serbo-Croatian] lajkati [Luxembourgish] Läich [Portuguese] Ligúria [Serbo-Croatian] lajk [Central Franconian] Leich [Pennsylvania German] Leich [Tok Pisin] laikim,*leyg-,,23,596
[English] lake [Russian] лак,*lok-néh₂-,,2,597
[Norwegian Bokmål] lake [Norwegian Nynorsk] lake [Swedish] lake,*welg-,,3,598
[Tok Pisin] kek [Taos] kèke’éna [Spanish] quequito [Cebuano] keyk [Urak Lawoi'] เคก [Esperanto] kiŝo [Malayalam] കേക്ക്,*gog-,,7,599
[English] acorn [Middle English] acorn [English] Accrington [Scots] aicorn,*h₂ógeh₂,,4,600
[Italian] albero [Catalan] arbre [French] arbre [Old French] arbre [Old Occitan] arbre [Leonese] árbol [Spanish] árbol [Portuguese] árvore [English] arbor [Old Spanish] arbor [English] arbour [Romanian] arbore [English] arboriculture [English] arborise [Thai] ฤทธิ์ [Sicilian] àrburu [Sicilian] àrvulu [Sicilian] àrbiru [Catalan] ardu [French] arbrisseau [Galician] árbore [English] arboreous [Macedonian] јарбол [French] arboricole [English] arboricity [Venetian] àlbaro [Romanian] arbure [Spanish] arbori- [Dalmatian] juarbol [Old Leonese] arbol [Friulian] arbul [Old Portuguese] arvor [Aromanian] arburi [English] arborol [Hungarian] árbóc [Old Gujarati] ऊभउं [Neapolitan] arvulo [Nepali] उभिनु [Kannada] ಉದ್ದ [Konkani] उभो [Marathi] उभे [Cimbrian] albar [Ligurian] èrbo [Ligurian] arbanèlla [Vaghri] અભો [Norman] âbre [Khmer] ឥទ្ធិ [English] arborolatry [Phalura] huṇḍ [Polish] arborycyd [Corsican] alberu [Megleno-Romanian] arbur,*h₃erdʰ-,,52,601
[Danish] end [Danish] end [Faroese] enn [Icelandic] enn [Norwegian Bokmål] enn [Norwegian Nynorsk] enn [Swedish] än [Middle Dutch] ende [Westrobothnian] änn,*h₂entí,,9,602
[English] flat [English] flat [English] flet [English] flet [Middle English] flet,*plat-,,5,603
[Tok Pisin] tit [Torres Strait Creole] tit [English] teeth [Tok Pisin] tis [Aukan] tifi [Sranan Tongo] tifi,*h₃dóntes,,6,604
[English] vole [Danish] val [Norwegian Bokmål] voll [Norwegian Nynorsk] voll [Icelandic] völlur [Swedish] vall [Faroese] vøllur [Danish] vold [English] Voll [Norwegian Bokmål] Valdres,*wólnus,,10,605
[English] beaver [English] beaver [English] bever [Pali] babbu [Persian] ببر [English] Beverley [Estonian] kobras [French] bièvre [Irish] béabhar [English] Beresford [Estonian] piiber [English] Belfrage,*bʰébʰrus,,12,606
[English] otter [English] otter [Dutch] otter [Westrobothnian] otter [Swedish] utter [Faroese] otur [Icelandic] otur [Danish] odder [Irish] odhar [Scottish Gaelic] odhar [Manx] ouyr [Middle English] oter [Norwegian Bokmål] oter [Norwegian Nynorsk] oter [Hindi] ऊद [Assamese] উদ [Sauraseni Prakrit] 𑀉𑀤𑁆𑀤 [Saraiki] ادڑ,*udrós,,18,607
[English] lynx [Dutch] lynx [Latin] lynx [Middle English] lynx [French] once [English] ounce [Translingual] Lynx [Portuguese] lince [Spanish] lince [Armenian] լուծ [Romanian] linx [Norwegian Nynorsk] lækje [Translingual] Lynx canadensis [Swedish] luguber,*lewǵ-,,14,608
[English] mole [Catalan] moll [English] molecule [Norwegian Bokmål] molo [Norwegian Nynorsk] molo [Hungarian] molekula [Hungarian] móló [Spanish] molécula [Dutch] molecuul [French] môle [Indonesian] molekul [Dutch] moelje,*meh₃-,,12,609
[Romanian] biet [Galician] vedro [Italian] vieto [Greek] έτος [Kabuverdianu] bedje [Italian] vetero- [Galician] vedraño [English] vetero-testamentary [French] vétérotestamentaire [Guinea-Bissau Creole] bedju [Kabuverdianu] bedju [Translingual] Vetigastropoda [Picard] viéz [Sicilian] vecchiu [Aragonese] viello,*wétos,,15,610
[Friulian] ram [Danish] ir [Italian] rame [Spanish] alambre [Armenian] հայ [Icelandic] eir [Norwegian Nynorsk] eir [Catalan] aram [Romansch] aram [French] airain [Faroese] kopar [Galician] arame [Portuguese] arame [Faroese] Eir [Spanish] bronce [Romanian] aramă [Romansch] arom [Romansch] irom [Old Spanish] aramne [Aromanian] aramã [Khmer] អយ,*h₂éyos,,21,611
[Indonesian] lem [Afrikaans] lym [Afrikaans] lym [Dutch] lijm [Kashmiri] اول [Venetian] łima [Dutch] Limbeek [Kashmiri] 𑆏𑆬𑇀,*sley-,,8,612
[French] œil [Norman] u [Norman] yi [Italian] occhiali [Italian] occhio [Ladino] ojo [Spanish] ojo [Portuguese] olho [Romanian] ochi [Catalan] ull [English] ullage [Friulian] voli [Esperanto] okulo [Ido] okulo [Sardinian] ogu [Interlingua] oculo [Portuguese] olhar [Romansch] îl [Aragonese] güello [Aromanian] oclju [Occitan] uèlh [Fala] ollu [Galician] ollo [Old Portuguese] ollo [Italian] adocchiare [Asturian] güeyu [French] oculiste [Italian] occhiale [Venetian] ocio [Old French] ueil [Sicilian] occhiu [Romansch] egl [Galician] illó [Galician] ollar [Walloon] ouy [Old Occitan] olh [English] oculiform [Romansch] ögl [Romansch] îgl [Norman] ieil [Sardinian] ogru [Dalmatian] uaclo [English] abducens oculi [Extremaduran] ohu [Ligurian] éuggio [Sassarese] occi [Neapolitan] uocchio [Gallo] uélh [Istriot] uocio [Mirandese] uolho [Old Portuguese] aollar [Mirandese] oulhar [Spanish] aojar [Mozarabic] ולויש [Norman] uû [Sardinian] oju [Bourguignon] euille [Bulgarian] вакъл [Greek] κιάλι [Occitan] uelh [Sardinian] ocru [Aragonese] uello [Venetian] òcio [Megleno-Romanian] uocľu,*h₃ókʷ-,,64,613
[Middle French] œil [Norman] u [Volapük] log [German] Auge [Norman] yi [Afrikaans] oog [Swedish] öga [Danish] øje [Czech] oko [Alemannic German] Aug [Bavarian] Aug [German] Aug [Central Franconian] Au [Icelandic] auga [Norwegian Nynorsk] auga [Norwegian Bokmål] øye [Central Franconian] Auch [Faroese] eyga [Serbo-Croatian] očale [English] ommatidium [Occitan] uèlh [Armenian] ակն [Pennsylvania German] Aag [English] ommatophore [Vilamovian] aojg [English] polyommatous [English] ommateum [Norman] ieil [Yiddish] אויג [Gallo] uélh [Central Franconian] Ooch [Old Swedish] øgha [Scanian] yva [Occitan] uelh [Westrobothnian] augʼ,*h₃ekʷ-,,35,614
[English] rim [English] rand [English] randy [English] Rand [English] Remington,*rem-,,5,615
[English] sap [Catalan] saber [Norman] sage [French] savoir [Sabir] sabir [English] Sabir [Aragonese] saper [Romansch] saver [Romansch] saveir [Corsican] sapè [Neapolitan] sapè [Tarantino] sapè [Romansch] savair [Dalmatian] sapro [Aragonese] sapia,*sep-,,15,616
[Kholosi] sap [Romani] sap [Marathi] साप [Spanish] sierpe [Sicilian] serpenti [Hindi] साँप [Assamese] সাপ [Bengali] সাপ [Urdu] سانپ [Bengali] সর্প [Greek] έρπω [Thai] สัปปะ [Oriya] ସାପ [Gujarati] સાપ [Bengali] হাপ [Konkani] सोरोप [Sylheti] ꠢꠣꠙ [Kachchi] સપ [Mauritian Creole] serpan [Seychellois Creole] serpan [Dhivehi] ހަރުފަ [Kashmiri] سَرُپھ [Kashmiri] سَرُف [Rohingya] háf,*serp-,,24,617
[English] castle [English] Chester [Cebuano] Chester [Italian] cassero [Galician] castro [Portuguese] castro [English] Gjirokastër [Albanian] Gjirokastër [English] alcazar [French] alcazar [Italian] alcazar [Spanish] alcázar [Greek] κάστρο [Catalan] Alcàsser [Catalan] alcàsser [French] encastrer [Galician] alcácer [Portuguese] alcácer [Arabic] قصر [English] Alcazar [Polish] alkazar [Middle English] Chestre [Aromanian] Iurucast [Turkish] kasır [Hungarian] Gyúró,*ḱéstrom,,25,618
[Romansch] ir [Romansch] eir [Polish] iść [Sinhalese] එනවා [Konkani] येव्चे [Konkani] येव्चे [Marathi] येणे [Marathi] येणे [Prakrit] 𑀏𑀇 [Prakrit] 𑀏𑀇 [Ashokan Prakrit] 𑀏𑀢𑀺,*h₁éyti,,11,619
[Danish] du [Norwegian Bokmål] due [Faroese] duga [Icelandic] duga [Norwegian Nynorsk] duga [Swedish] duga [Norwegian Bokmål] duge [Old Swedish] dugha [Westrobothnian] dåga,*dʰedʰówgʰe,,9,620
[Sranan Tongo] du [Greek] θέτω [Kalasha] dyek,*dʰédʰeh₁ti,,3,621
[English] danger [French] danger [English] don [Czech] don [Galician] don [Old Spanish] don [Spanish] don [Dutch] dom [French] dom [English] dan [Middle English] dan [Galician] dono [Portuguese] dono [French] domino [Italian] domino [Norwegian Bokmål] domino [Norwegian Nynorsk] domino [Polish] domino [Aragonese] dueño [Spanish] dueño [Portuguese] dominó [English] domine [Romanian] domn [Romanian] dumneavoastră [Spanish] doña [Old French] damoisel [French] damoiseau [Italian] donzello [Aromanian] domnu [Italian] donno [Aromanian] Domnu [Irish] dainséar,*domh₂nos,,32,622
[English] jewel [French] jeu [Danish] gene [English] joke [English] hoax [English] jeopardy [Spanish] joya [Afrikaans] jok [Catalan] joc [Portuguese] jogo [Danish] juvel [Norwegian Bokmål] juvel [Norwegian Nynorsk] juvel [Swedish] juvel [Catalan] joia [Portuguese] joia [Icelandic] djóka [Dutch] juweel [Catalan] joiell [Galician] xoia [Aragonese] chuego [Lombard] giögh,*yek-,,22,623
[English] narrow [Middle English] narwe [Yola] narrowe [Jersey Dutch] nâr,*(s)ner-,,4,624
[English] long [French] long [Haitian Creole] long [Middle English] long [Norman] long [Occitan] long [Aromanian] lung [Romanian] lung [Romansch] lung [Esperanto] longa [Esperanto] longa [Italian] lungo [Scots] lang [English] chaise lounge [English] lunge [Galician] longo [Istriot] longo [Portuguese] longo [Norwegian Bokmål] longe [Norwegian Nynorsk] longe [Finnish] lonkero [Sicilian] longu [French] allonger [English] Landon [Italian] allungare [Occitan] alongar [Portuguese] alongar [Spanish] alongar [English] long-acuminate [Esperanto] longitudo [Old Occitan] lonc [English] Langdon [Friulian] lunc [Catalan] llong [Spanish] lonja [English] Langley [Romanian] lungime [English] longilateral [English] longimetry [Aromanian] lungu [English] longiroster [Asturian] llongu [Norman] laong [Dalmatian] luang [Ladin] lonch [Neapolitan] luongo [Aromanian] lundzimi [English] Langston [English] Langford [English] Longfield [English] Langham [English] Langworthy [Norman] loung [Ligurian] lóngo [English] Langridge [Yola] lhaung [Italian] longi- [English] Longdon [English] Longbottom [Dutch] Longerhouw [English] Langdown [English] Langthorne,*dlongʰos,,62,625
[English] melt [Middle English] melten,*(s)mel-,,2,626
[English] loss [Middle English] los [Yola] lass,*lewHs-,,3,627
[Norwegian Bokmål] house [Dutch] osso [Sranan Tongo] oso [Tok Pisin] haus kuk [Tok Pisin] haus buk [Chinese Pidgin English] houso,*(s)kews-,,6,628
[English] blade [Dutch] blade,*bʰl̥h₃otom,,2,629
[English] blade [Middle English] blade [Afrikaans] blad [Danish] blad [Norwegian Bokmål] blad [Norwegian Nynorsk] blad [Swedish] blad [German Low German] Blatt [Faroese] blað [Icelandic] blað [Indonesian] belat [Old Swedish] blaþ,*bʰlh̥₃oto,,12,630
[English] blade [Middle English] blade [French] blé,*bhlēdh-,,3,631
[English] blade [Middle English] blade,*bhlē-,,2,632
[English] sugar [German] Zucker [Afrikaans] suiker [Dutch] suiker [Papiamentu] suku [English] saccharine [Icelandic] sykur [Lower Sorbian] cukor [Slovak] cukor [Catalan] sucre [Serbo-Croatian] šećer [Marshallese] juga [Indonesian] sakar [Indonesian] sakar [Malay] sakar [Indonesian] saka [Scottish Gaelic] siùcar [Hindi] शक्कर [Persian] شکر [Crimean Tatar] şeker [Turkish] şeker [Zazaki] şeker [Greek] ζάχαρη [Polish] cukier [Yiddish] צוקער [Danish] sukker [Livonian] sukker [Russian] сахар [Ukrainian] сахар [Portuguese] açúcar [Dhivehi] ހަކުރު [English] jaggery [Ottoman Turkish] شكر [Uzbek] shakar [Southern Altai] чикир [Northern Altai] шикир [Tuvan] чигир [Mongolian] чихэр [Karachay-Balkar] шекер [Kazakh] шекер [Kyrgyz] шекер [Serbo-Croatian] cukar [Tajik] шакар [Afar] sokkar [Irish] siúcra [Latvian] cukurs [Old French] çucre [Breton] sukr [Karelian] zuahari [Arabic] سكر [Marathi] साखर [Classical Syriac] ܫܟܪ [Latin] saccharon [Zazaki] seker [Faroese] sukur [Kaingang] asuka [Friulian] zucar [Middle Persian] škl [Kabuverdianu] sukra [Marshallese] jukwa [Gujarati] સાકર [Tamil] சக்கரை [Ossetian] сӕкӕр [Pali] sakkharā [Cebuano] Sugar [Kikuyu] cukari [Xhosa] iswekile [Middle English] sugre [Ancient Greek] σάκχαρ [Shona] tsvigiri [Sotho] tswekere [Bengali] সুগার [Old Ruthenian] сахаръ [Old Ruthenian] цукоръ,*ḱorkeh₂,,74,633
[English] salt [Middle English] salt [Middle English] salte [English] salten [Scots] saut [Afrikaans] sout [Haitian Creole] sèl [Yola] zall [Mauritian Creole] disel [Seychellois Creole] disel [Marshallese] jo̧o̧ļ,*seh₂l-,,11,634
[English] river [English] rope [English] rope [Dutch] rivier [Sranan Tongo] liba [French] rivière [French] rivière [Tok Pisin] riva [Middle French] riviere [German] Revier [Norman] riviéthe [Marshallese] reba [Hungarian] ráf [Polish] rewir,*h₁reyp-,,14,635
[English] near [Yola] near [English] kidney [Afrikaans] nier [Faroese] nýra [Icelandic] nýra [Swedish] njure [French] néphrologie [English] nephron [Danish] nyre [Norwegian Bokmål] nyre [Norwegian Nynorsk] nyre [Tok Pisin] kidni [Irish] neifri- [English] nephropid [Translingual] Nephrozoa [Spanish] nefrona [Old Swedish] niure [Italian] metanefro [Italian] pronefro [Italian] perinefrio,*negʷʰrós,,21,636
[English] near [English] oncology [Westrobothnian] ner [Swedish] när [Westrobothnian] när [Danish] nå [Norwegian Bokmål] nå [Norwegian Nynorsk] nå [Swedish] nå [Danish] nær [Icelandic] nær [Norwegian Bokmål] nær [Norwegian Nynorsk] nær [Icelandic] ná [Translingual] Oncorhynchus [Swedish] nära [Scottish Gaelic] èiginn [Manx] egin [Dutch] oncologie [English] onchocerciasis [Danish] når [Norwegian Bokmål] når [Norwegian Nynorsk] når [Icelandic] ná- [Danish] hvornår [English] onco- [Norwegian Nynorsk] nærare [Norwegian Nynorsk] nærast [Norwegian Nynorsk] nærmast [Irish] éigean [Ukrainian] онкологія [Hungarian] onkológia,*h₂neḱ-,,32,637
[Irish] fear [Irish] fear [Catalan] barb [English] -ward [Romanian] urdă [Ido] varma [English] garage [Pali] vata [Galician] verro [Tok Pisin] wot [Tok Pisin] wot [Tok Pisin] wot [Faroese] íkorni [Icelandic] íkorni [Danish] egern [Spanish] barro [Louisiana Creole French] guéri [Khmer] ព្រះ [Swedish] ekorre [Thai] พร [Thai] พระ [Hungarian] rajzol [Cebuano] garahe [Norwegian Bokmål] ekorn [Norwegian Bokmål] ekorn [Norwegian Nynorsk] ekorn [Esperanto] varmo [Irish] fearthainn [Burmese] ဘုရား [Telugu] వరము [Translingual] Viverra [Malay] garaj [Japanese] ラブライバー [Ido] garar [Middle Irish] feraid [Tok Pisin] werim [Japanese] 墓マイラー [Scanian] igarne [Indonesian] garasi [Balinese] ᬯᬭ [Telugu] వరంబు [Turkish] gerçi [Galician] vérrago [Magahi] 𑂥𑂩 [Korean] -러 [Javanese] ꦮꦫ,*wer-,,46,638
[English] sand [English] sand [Afrikaans] sand [Danish] sand [Middle English] sand [Norwegian Bokmål] sand [Norwegian Nynorsk] sand [Swedish] sand [Asturian] sable [French] sable [Translingual] Sabella [English] Sandy [German] Sand [Hunsrik] Sand [Luxembourgish] Sand [Faroese] sandur [Icelandic] sandur [Norwegian Bokmål] Kristiansand [Papiamentu] santu [Faroese] Sandur [Galician] saibro [Portuguese] saibro [English] Sandford [Dutch] zavel [English] Sandridge [English] Sandwick [Yola] zoane [Yola] zoane [English] Sanderford [Romagnol] sàbia [English] Sandilands [English] Sandall [English] Sancton,*sámh₂dʰos,,33,639
[English] smoke [Middle English] smoke [Yola] smock,*smug-,,3,640
[English] full [Scots] fou [Middle English] ful [Yola] vull,*pēl(w)-,,4,641
[English] full [Walloon] fleur [Galician] flor [Kabuverdianu] flor [Occitan] flor [Papiamentu] flor [Papiamentu] flor [Portuguese] flor [English] bless [Occitan] flour [English] blossom [Sranan Tongo] bro [Scottish Gaelic] blàth [Maltese] folla [Portuguese] baleia [Translingual] Phyllopoda [Greek] φύλλο [English] phylloxera [Galician] balea [Translingual] Petalophyllum [Sranan Tongo] blesi [Manx] blaa [Irish] bláth [Guinea-Bissau Creole] flur [Scottish Gaelic] flùr [Irish] plúr [English] -phyll [Translingual] Phyllanthus [French] foulon [Norman] flieur [Translingual] Phyllostachys [Norwegian Bokmål] plomme [Norwegian Nynorsk] plomme [Translingual] Schizophyllum [Sinte Romani] blûma [Translingual] Phyllium [Tok Pisin] plaua [English] balichao [Translingual] Rhapidophyllum [Old Norse] flúr [English] phyllon [Kabuverdianu] flór [Middle English] blosme [Middle English] blessen [Italian] -fillo [Italian] fillocacto [Italian] fillo- [Dutch] fyllosilicaat,*bʰleh₃-,,48,642
[Catalan] full [Old French] foil [Old Occitan] folha [Portuguese] folha [English] folic acid [Spanish] hoja [Ido] folio [Galician] folla [Spanish] follar [Norwegian Bokmål] folie [Norwegian Nynorsk] folie [Italian] foglia [Italian] foglio [Walloon] foye [Catalan] fulla [Kabuverdianu] folia [Romansch] figl [Italian] sfogliare [Occitan] fuèlha [English] folivore [Chavacano] hojas [Chavacano] hojas [English] foliophagy [English] foliole [Sicilian] fogghiu [Sicilian] fogghia [Old French] fueille [Romanian] foaie [Venetian] fogia [Hungarian] folsav [Romanian] fuior [English] infoliate [Asturian] fueya [Ladino] foja [Old Spanish] foja [Venetian] foja [Romansch] fögl [Romansch] fegl [Romansch] föglia [Norman] fielle [Norman] fuule [Norman] fieille [Dalmatian] fualja [Friulian] fuee [English] foliform [Spanish] hojuela [Old Occitan] folh [Aromanian] fuljor [English] foliicolous [Portuguese] filhó [Galician] filloa [Dutch] foelie [Kabuverdianu] fódja [Guinea-Bissau Creole] fodja [Arabic] بلية [Papiamentu] foya [Ternate] fuli [Haitian Creole] fèy [Portuguese] folho [Sassarese] fógliu,*bʰolh₃yom,,60,643
[Czech] klub [Danish] klub [Serbo-Croatian] klub [Serbo-Croatian] клуб [Finnish] klubi [Vietnamese] câu lạc bộ [Norwegian Bokmål] klubb [Norwegian Nynorsk] klubb [Tok Pisin] klap [Icelandic] klúbbur [Korean] 구락부 [Greek] γκλομπ [Turkish] kulüp [Norwegian Bokmål] klubbe [Norwegian Nynorsk] klubbe [Yiddish] קלוב,*glemb-,,16,644
[Indonesian] meter [Mòcheno] meter [Old Gujarati] म [English] metre [Italian] metro [Portuguese] metro [Spanish] metro [Romani] ma [Spanish] matar [Indonesian] matra [English] Metis [English] heliometer [English] fistmele [Irish] mó [Kalasha] mo [English] metis [Hebrew] מטר [English] -meter [English] metronome [Indonesian] metrum [Latin] metrum [Norwegian Bokmål] metrum [Norwegian Nynorsk] metrum [Crimean Tatar] millimetr [Faroese] metur [Czech] metr [Polish] metr [Catalan] -metre [English] metron [Polish] centymetr [Ottoman Turkish] مات [Polish] -metria [Galician] -metro [Italian] -metro [Portuguese] -metro [Spanish] -metro [Bulgarian] метър [Greek] μέτρο [Italian] metato [Scottish Gaelic] meatair [English] bdellometer [Irish] méadar [French] -métrie [Urdu] مت [Hindi] मत [Thai] มาตรา [Konkani] मेज्चे [Marathi] मोजणे [Gandhari] 𐨨 [Punjabi] ਮਤ [Pali] māna [French] moye [Galician] medoña [Irish] ceintiméadar [Ashokan Prakrit] 𑀫𑀸 [Kazakh] педометр [Phalura] móoṇ [Kazakh] колориметр [Polish] -metr [Irish] meadar,*meh₁-,,60,645
[Kholosi] meter [Urdu] موت [Rohingya] mut [Hindi] मूत [Rajasthani] मूत [Kalasha] mútra [Phalura] múutr [Kashmiri] مٕتھٕر [Malayalam] മൂത്രം [Oriya] ମୂତ୍ର [Oriya] ମୂତ,*múHtrom,,11,646
[Irish] lig [Scottish Gaelic] leig,*linékʷti,,2,647
[Tok Pisin] klin [Sranan Tongo] krin [Tok Pisin] klinim,*glēy-,,3,648
[Serbo-Croatian] lift [Serbo-Croatian] lift [Slovak] lift [Slovak] lift [Uzbek] lift [Uzbek] lift [Swedish] löv [Finnish] liftata [Finnish] liftata [Icelandic] lauf [Kazakh] лифт [Kazakh] лифт [Mongolian] лифт [Mongolian] лифт [Serbo-Croatian] лифт [Serbo-Croatian] лифт [Norwegian Bokmål] lauv [Norwegian Nynorsk] lauv [Norwegian Bokmål] løv [Faroese] leyv [Jamtish] louv [Yiddish] ליפֿט [Yiddish] ליפֿט,*lewp-,,23,649
[Danish] sal [Norwegian Bokmål] sal [Norwegian Nynorsk] sal [Swedish] sal [Norwegian] Solveig [Norwegian] Solfrid [Icelandic] salur,*sol-,,7,650
[Norwegian Bokmål] sal [Norwegian Nynorsk] sal [Icelandic] söðull [Danish] sadel [Norwegian Bokmål] sadel [Swedish] sadel,*sod-tló-,,6,651
[Norwegian Nynorsk] fil [Dutch] file [Dutch] file [Indonesian] fail [Cebuano] hilo [Kapampangan] hilo [Turkish] filo [English] filaria [English] fileteado [Hungarian] fájl [English] filar [Kazakh] профиль [English] filanders [English] filacer [English] filoplume [Dalmatian] filur [Translingual] Filoviridae [Marshallese] baeļ [Translingual] Filovirus,*gʷʰiH-(s-)lo-,,19,652
[Danish] himmel [Norwegian Bokmål] himmel [Norwegian Nynorsk] himmel [Icelandic] himinn [Faroese] himin,*ḱemen-,,5,653
[Gallo] vein [Aromanian] yin [Classical Nahuatl] vino [French] vin [Middle French] vin [English] vint [English] vinaceous [English] vinolent [French] vinaigre [English] beno [Tok Pisin] wain [Scottish Gaelic] fìon [French] vigne [Armenian] գինի [Hiligaynon] bino [Swahili] divai [Spanish] eno- [Irish] fíon [Manx] feeyn [English] œnolin [Malagasy] divay [Norman] vîn [English] sulphovinic acid [Rotokas] uain [Hungarian] vinil [English] oenomancy [Hungarian] önológia [Bourguignon] veing [Louisiana Creole French] diven [German] Vinothek [English] oenopoetic [German] öno-,*wóyh₁nom,,32,654
[Papiamentu] e [Papiamentu] e [Guinea-Bissau Creole] es [Kabuverdianu] es [Ido] esto [Kabuverdianu] aes [Ido] ica [Papiamentu] esaki [Papiamentu] esaya,*aus-,,9,655
[Romanian] e [Spanish] es [French] est [Sardinian] est [Afrikaans] eet [Italian] è [Romanian] este [Czech] jíst [Galician] é [Bulgarian] ям [Romagnol] l'è,*h₁édti,,11,656
[Czech] sorry [Mauritian Creole] sori [Serbo-Croatian] sori [Tok Pisin] sori,*sayǝw-,,4,657
[English] organism [English] organ [Indonesian] organ [Norwegian Bokmål] organ [Norwegian Nynorsk] organ [Polish] organ [Romanian] organ [Nigerian Pidgin] wok [Tok Pisin] wok [Afrikaans] orgaan [Dutch] orgaan [English] irk [Pijin] waka [Afrikaans] werk [English] organum [English] organon [Catalan] orgue [French] orgue [Finnish] organismi [Esperanto] organo [Ido] organo [Italian] organo [Dutch] orgel [Norwegian Bokmål] virke [Norwegian Nynorsk] yrkja [Galician] órgano [Spanish] órgano [Italian] argano [English] wark [Czech] orgán [Irish] orgán [Portuguese] órgão [Greek] όργανο [Hungarian] orgona [Serbo-Croatian] orgulje [Latin] organizo [Bulgarian] орган [Macedonian] орган [Moksha] орган [Esperanto] orgeno [Swedish] yrka [Classical Syriac] ܐܘܪܓܢܘܢ [Georgian] ორგანო [Irish] orgánacht [Irish] orgánach [Serbo-Croatian] оргуље [Old Swedish] yrkia [Westrobothnian] örk [Afrikaans] orrel [West Frisian] oargel [Sranan Tongo] wroko [Marshallese] o̧kwōn [Azerbaijani] orqan,*werǵ-,,53,658
[Rohingya] san [Hindi] चांद [Rajasthani] चांद [Urdu] چاند [Khmer] ព្រះច័ន្ទ [Lao] ຈັນ [Pali] canda [Assamese] চাঁদ [ Bengali ] চাঁদ [Hindi] चाँद [Indonesian] cendera [Malay] cendera [Indonesian] candra [Old Javanese] candra [Chakma] 𑄌𑄚𑄴 [Sindhi] چنڊ [Khmer] ព្រះចន្ទ្រ [Assamese] চান [Hajong] চান [Sinhalese] සඳ [Gujarati] ચાંદરણી [Dhivehi] ހަނދު [Khmer] ចន្ទ [Hindi] चाँदनी [Sinhalese] හඳ [Assamese] চান্দ [Early Assamese] চান্দ [Indonesian] cenderawasih [Oriya] ଚନ୍ଦ୍ର [Marathi] चांदणी [Malayalam] ചന്ദ്രൻ [Indonesian] candradimuka [Bengali] চান্নি [Bengali] চাঁদনি [Balinese] ᬘᬦ᭄ᬤ᭄ᬭ [Gujarati] ચાંદ,*(s)kand-,,36,659
[Venetian] san [Afrikaans] soen,*swā-n-,,2,660
[Guinea-Bissau Creole] bo [Kabuverdianu] bo [Papiamentu] bo [Kristang] bos [Kabuverdianu] abo [Papiamentu] abo [Guinea-Bissau Creole] bu,*wōs,,7,661
[Kalasha] bo [Urdu] بہت,*bʰénǵʰus,,2,662
[Sranan Tongo] bo [English] bow [Danish] bov [Dutch] boeg,*bʰeh₂ǵʰus,,4,663
[English] crowd [Old French] rote [English] crwth,*krū̆t,,3,664
[Norwegian Bokmål] clutch [Norwegian Nynorsk] clutch [Norwegian Nynorsk] kløtsje,*glew-,,3,665
[Norwegian Bokmål] clutch [Norwegian Nynorsk] clutch,*glēk-,,2,666
[French] femme [Middle French] femme [Poitevin-Saintongeais] femme [Louisiana Creole French] fame [Old French] fame [Spanish] mina [Karipúna Creole French] fam [Louisiana Creole French] fam [Mauritian Creole] fam [Polish] feminizm [Bourguignon] fanne [Antillean Creole] fanm [Haitian Creole] fanm [Seychellois Creole] fanm [Walloon] feme [Romanian] famen [English] transfeminated [Aromanian] feamin [Champenois] fanme [Louisiana Creole French] fenm,*dʰeh₁m̥h₁néh₂,,20,667
[English] hammer [English] hammer [Danish] hammer [Norwegian Bokmål] hammer [Middle English] hamer [Serbo-Croatian] hamer [German] Hammer [Pennsylvania German] Hammer [Luxembourgish] Hummer [Faroese] hamar [Icelandic] hamar [Norwegian Nynorsk] hamar [Old Swedish] hamar [Tok Pisin] hama [Swedish] hammare [Yiddish] האַמער [Serbo-Croatian] хамер [Norwegian Bokmål] hammar [Norwegian Nynorsk] hammar [Westrobothnian] hammar [Middle English] hamowre [English] Hammerton [English] Hamerton,*h₂eḱmoros,,23,668
[Hunsrik] meer [Mòcheno] mer [Alemannic German] mir [German] mir [German] mir [Luxembourgish] mir [Pennsylvania German] mir [Cimbrian] miar [Yiddish] מיר [Yiddish] מיר,*(e)me-,,10,669
[English] pass [English] pass [Chinese] pass [Chinese] pass [Lombard] pass [French] passer [Ladin] passer [Old French] passer [English] pace [Catalan] pas [Danish] pas [Dutch] pas [Dutch] pas [French] pas [Friulian] pas [Indonesian] pas [Occitan] pas [Old French] pas [Romanian] pas [Serbo-Croatian] pas [Breton] paz [Scottish Gaelic] ite [Serbo-Croatian] пас [Cebuano] paso [Galician] paso [Spanish] paso [Spanish] paso [Venetian] paso [Portuguese] passar [Italian] passo [Italian] passo [Portuguese] passo [English] passen [Finnish] passi [Finnish] passi [Dalmatian] puas [Norwegian Bokmål] passere [Greek] πεταλούδα [Spanish] compás [Irish] eite [Sicilian] pàssula [Portuguese] passear [Indonesian] siar [Sicilian] passari [Romanian] păsa [Catalan] pètal [Norman] pâssaïr [Galician] pasal [Norman] pâsser [Kabuverdianu] pidi [Papiamentu] pidi [Papiamentu] pidi [Irish] éis [Greek] -πετής [Icelandic] fiður [Phalura] paás [Indonesian] pesiar [Yiddish] פּאַס [Polish] pasaż,*peth₂-,,59,670
[Chinese] pass [Chinese] pass [Serbo-Croatian] pas [Serbo-Croatian] пас [Finnish] passi [Phalura] paás,*pth₂noh₂,,6,671
[French] potable [English] bucchero [Italian] bucchero,*peh₃-,,3,672
[English] perch [English] perch [English] fard [English] furrow [French] perche [French] perche [Middle English] perche [Middle English] perche [Aromanian] porche [Galician] porca [Galician] porca [Italian] porca [Italian] porca [Portuguese] porca [Latin] perca [Spanish] perca [Esperanto] perko [Esperanto] perko [Ido] perko [Ido] perko [Spanish] puerca [Romanian] poarcă [Romanian] porcoi [Translingual] Neophron percnopterus [Aromanian] poarcã [Translingual] Perca [Translingual] Perca [Russian] Пульхерия [Middle English] forow,*perḱ-,,29,673
[English] perch [Spanish] percha [French] perche [Middle English] perche [Catalan] perxa [Galician] pértega [Portuguese] empertigar,*pertʰ-,,7,674
[Middle English] seem [French] tong [Italian] soma [Latvian] soma [Occitan] sauma [English] sumpter [German] Saum [French] somme [Turkish] semer [Italian] salma [Saterland Frisian] Twoang [Greek] σαμάρι [Spanish] jalma [Spanish] enjalma,*twenk-,,14,675
[Franco-Provençal] cheval [French] cheval [Old French] cheval [English] capel [English] cavalier [Aragonese] caballo [Spanish] caballo [English] chevalier [French] chevalier [Old French] chevalier [Spanish] cabalgata [Spanish] cabalgar [Spanish] caballero [Romansch] chaval [English] caple [Aromanian] cal [Romanian] cal [Zoogocho Zapotec] cabayw [Mecayapan Nahuatl] cahua̱yoj [Yatzachi Zapotec] cabey [Seri] caay [Sayula Popoluca] cawa̱yu [Yosondúa Mixtec] kuayu [Chol] cawayuʼ [Italian] cavallo [Paraguayan Guaraní] kavaju [Apalaí] kawaru [Old Portuguese] cavalo [Portuguese] cavalo [Classical Nahuatl] cahuallo [Catalan] cavall [Albanian] kalë [Italian] cavalcare [Old Portuguese] cavaleiro [Portuguese] cavaleiro [Asi] kabayo [Bikol Central] kabayo [Cebuano] kabayo [Hiligaynon] kabayo [Kagayanen] kabayo [Mansaka] kabayo [Maranao] kabayo [Waray-Waray] kabayo [Dalmatian] caval [Istriot] caval [Occitan] caval [Old Occitan] caval [Alcozauca Mixtec] kuái̱ [Galician] cabalo [Chamicuro] kawali [French] chevaucher [Ido] kavalkar [Ido] kavalo [Italian] cavallaio [Sicilian] cavaddu [Old French] chevauchier [Romanian] călare [Romanian] încăleca [Romanian] călăreț [Walloon] tchivå [Romanian] descăleca [Portuguese] cavalgar [Volapük] jijevod [Volapük] hijevod [Volapük] jevod [Volapük] jeval [Old Occitan] chavaler [Romanian] cârlan [Venetian] cavało [Catalan] cavaller [Asturian] caballu [Gallo] ch'fa [Norman] ch'fa [Norman] qùeva [Cahuilla] kavaayu [Aromanian] ncalic [Albanian] kalorës [Aromanian] cãlãrets [Aromanian] cãlar [Aromanian] ncãlar [Norman] j'va [Lake Miwok] kawáj [Friulian] cjaval [Friulian] cjavalâr [Friulian] cjavalgjâ [Aromanian] discalic [Bourguignon] chevau [Limos Kalinga] kabayu [Sakizaya] kabayu [Bourguignon] chevaulei [Picard] cvau [Classical Nahuatl] cahuayo [Papiamentu] kabai [Kabuverdianu] kabálu [Corsican] cavallu [Classical Nahuatl] cahuayoh [Pipil] cahuayoh [Ladino] kavayo [Romagnol] cavàl,*kebʰ-,,99,676
[English] profile [Sardinian] po [Irish] ros [Irish] ros [Scottish Gaelic] ros [Scottish Gaelic] ros [English] for- [Sardinian] pro [Spanish] para [Indonesian] pra- [English] purport [Italian] pro- [Polish] pro- [English] Ross [Faroese] fram [Icelandic] fram [Norwegian Bokmål] fram [Norwegian Nynorsk] fram [Swedish] fram [Manx] rass [Finnish] pro gradu [English] procumbent [Irish] -r [English] prothallium [Irish] ró- [Hindi] पहला [English] prolocutor [Kazakh] профиль [Translingual] Proconsul [English] by Jove [English] forban [Urdu] پہلا [English] forjudge [Norman] pouor [Punjabi] ਪ੍ਰਾਂਗਾਰ [Gujarati] પહેલું [Gujarati] પ્રાંગાર [Old Gujarati] पहिलउं [Estonian] proosit [Westrobothnian] frammlänning [Westrobothnian] framm [English] by Jupiter [Konkani] पयलें [Thai] ประถม [Marathi] पुढे [Marathi] पहाट [English] procerous [Tamil] பயணம் [Portuguese] pró- [Indonesian] pratama [Indonesian] Pratama [Irish] próifíl [Konkani] पयलो [Indonesian] praba [Niya Prakrit] 𐨤𐨿𐨪𐨠𐨨 [Niya Prakrit] 𐨤𐨜𐨹𐨨 [Hindi] पौ [Hindi] पयान,*pro-,,58,677
[English] beard [English] beard [French] barbe [French] barbe [Middle French] barbe [Norman] barbe [Haitian Creole] bab [English] barb [English] barb [German] Bart [Afrikaans] baard [Afrikaans] baard [Dutch] baard [Greek] μπάρμπας [Norwegian Nynorsk] barde [Middle English] berd [Hunsrik] Baart [Luxembourgish] Baart [Pennsylvania German] Baart [Yiddish] באָרד [Scots] beird [Greek] μπαρμπα- [Mauritian Creole] labarb [Seychellois Creole] labarb [Yola] bearde [Yola] bearde,*bʰardʰeh₂,,26,678
[Dalmatian] pail [Dutch] pool [Aromanian] per [Megleno-Romanian] per [Asturian] pelo [Chavacano] pelo [Chavacano] pelo [Galician] pelo [Italian] pelo [Neapolitan] pelo [Portuguese] pelo [Spanish] pelo [English] pile [Sicilian] pila [Bourguignon] poil [French] poil [Sardinian] pilu [Sicilian] pilu [Romanian] păr [Asturian] pelu [Occitan] pel [Catalan] pèl [Italian] pigliare [Norman] pé [Italian] parrucca [French] peler [French] piller [English] epilate [French] épiler [English] pilo- [English] pilocyte [English] piliferous [Venetian] péło [English] piligerous [Old French] pillier [Friulian] pêl [Hungarian] plüss [Galician] pelexar,*pil-,,38,679
[English] brew [Greek] φρύδι [Gujarati] ભવું [Konkani] भुव [Marathi] भुवई [Old Marathi] भवै [Scots] broo [Old Marathi] 𑘥𑘪𑘺 [Tamil] புருவம் [Ukrainian] брова [Khowar] برُو [Malayalam] പുരികം [Middle Kannada] ಪುರ್ಬು [Pontic Greek] οφρύδιν,*h₃bʰrúHs,,14,680
[English] waffle [English] wave [English] web [Indonesian] web [Middle English] web [English] whiff [Mongolian] веб [Icelandic] vefa [English] hypha [Faroese] veva [Norwegian Nynorsk] veva [Danish] væve [Norwegian Bokmål] veve [Middle English] weven [Swedish] väva [Scots] waff [English] Gheber [Middle English] webe [Old Swedish] væva [Norwegian Bokmål] hyfe [Norwegian Nynorsk] hyfe [Swedish] hyf [English] wave in [Middle English] webbe [Middle English] waven [Moroccan Arabic] ڭاوري [Danish] vuf,*webʰ-,,27,681
[Japanese] 心 [Indonesian] cita [Pali] चित्त [Thai] จิตวิทยา [Khmer] ចិត្ត [Pali] ចិត្ត [Burmese] စိတ် [Pali] චිත්ත [Thai] จิต [Indonesian] cipta,*kʷeyt-,,10,682
[English] plank [Latin] phalanx [English] bloke [Catalan] palanca [Italian] palanca [Occitan] palanca [Portuguese] palanca [Spanish] palanca [Galician] panca [Turkish] blok [French] planche [Old French] planche [Catalan] falange [Italian] falange [Portuguese] falange [Spanish] falange [Italian] paranco [Greek] φάλαγγα [Dutch] falanx [Romanian] părângă [Irish] falang [Norwegian Bokmål] blokk [Norwegian Nynorsk] blokk [Polish] falanga [English] Falange [Polish] plansza [Alemannic German] Palangge [Arabic] فلقة [Romanian] palancă [English] tenji block [Marshallese] pirōk,*bʰelǵ-,,31,683
[English] gem [Portuguese] gema [Asturian] yema [Cebuano] yema [Old Spanish] yema [Spanish] yema [Spanish] Gema [Catalan] gemma [Translingual] Gemma [English] Gemma [Cebuano] Gemma [Italian] Gemma [Tagalog] Gemma [Cebuano] yemas [English] gemmotherapy [Galician] xema,*ǵemb-,,16,684
[Cimbrian] gem [German] geben [English] gale [English] cephalopod [Translingual] Cephalaspidomorphi [Vilamovian] gaon [Translingual] Cephalochordata [English] -cephaly [English] gavel [Translingual] Cephalopoda [Greek] κεφάλι [Esperanto] cefalopodo [Italian] cefalo- [Polish] -cefalia [Yiddish] געבן [Luxembourgish] ginn [English] cephalous [Latin] cephalicus [Spanish] cefalópodo [Classical Syriac] ܩܦܠܐ [Irish] gála [Translingual] Cephalaspis [Alemannic German] gë [Cimbrian] ghèban [Translingual] Cephalophus [Translingual] Cephalotaxus [Translingual] Goyocephale [Translingual] Tatankacephalus [Polish] androkefalizm [Polish] androkefaliczny,*gʰebʰ-,,30,685
[English] hydrogen [Volapük] vat [Volapük] vat [Volapük] vat [Romansch] unda [Kriol] woda [Kriol] woda [Norman] whisky [English] und [German] Wasserstoff [Czech] voda [Slavomolisano] voda [Indonesian] hidrogen [Malay] hidrogen [Romanian] hidrogen [Asturian] onda [Galician] onda [Italian] onda [Old Portuguese] onda [Portuguese] onda [Romansch] onda [Spanish] onda [Irish] uisce [English] undulate [English] anhydrous [Faroese] vatn [Icelandic] vatn [Norwegian Nynorsk] vatn [English] Sumatra [Cebuano] Sumatra [Dutch] Sumatra [Finnish] Sumatra [Indonesian] Sumatra [Italian] Sumatra [English] hydrangea [Middle English] unde [Old French] unde [Norwegian Bokmål] vann [Scanian] vann [Ido] ondo [Bulgarian] водород [Macedonian] водород [Russian] водород [English] hydro [Translingual] Hydrozoa [French] onde [Friulian] onde [English] hydrous [Scottish Gaelic] uisge [Swedish] vatten [Antigua and Barbuda Creole English] wata [Antigua and Barbuda Creole English] wata [Gullah] wata [Gullah] wata [Krio] wata [Krio] wata [Tok Pisin] wara [Tok Pisin] wara [Galician] ondear [Portuguese] ondear [Spanish] ondear [Portuguese] ondular [Spanish] ondular [Italian] ondulare [Spanish] hidrogeno [Danish] vand [Kalami] او [English] hydromel [French] hydromel [Latin] hydromel [Greek] ύδωρ [French] onduler [Translingual] Hydrangea [Pashto] سمندر [Sranan Tongo] watra [Sranan Tongo] watra [Italian] ondeggiare [Hungarian] hidrolízis [Chinese] 蘇門答臘 [Maltese] idroġenu [Hungarian] hidrogén [Thai] อุทกภัย [Bengali] সমুদ্র [French] ondoyer [English] hydrops [Danish] undulat [Manx] ushtey [Indonesian] samudra [Catalan] hidro- [Romanian] undă [Occitan] ondejar [Kalasha] uk [Chinook Jargon] tumwata [Chinook Jargon] tumwata [American Sign Language] 6@Chin [American Sign Language] 6@Chin [West Flemish] woater [Bislama] wota [Bislama] wota [Catalan] onejar [Translingual] Hydrobates [Latin] hydrochaeris [German Low German] Water [Romansch] uonda [Elfdalian] wattn [Dalmatian] jonda [Aromanian] undã [Negerhollands] watu [Afrikaans] water [Afrikaans] water [Dutch] water [Dutch Low Saxon] water [Limburgish] water [Middle Dutch] water [Middle Low German] water [Marathi] उदजन [Nepali] उदजन [Sindhi] उदजन [Translingual] Hydrochoerus [Indus Kohistani] vī [Aukan] wataa [Aukan] wataa [Gujarati] ઉદજન [Kachchi] ઉદજન [Translingual] Hydrophis [Norwegian Bokmål] dehydrere [Punjabi] ਸਮੁੰਦਰ [Greek] υδρο- [Bhojpuri] समुंद्र [Hindi] सुमात्रा [Westrobothnian] vâtn [Gujarati] સમદર [Khmer] សមុទ្ទ [Tsakonian] ύο [Kazakh] гидросфера [Bislama] wora [Bislama] wora [Zealandic] waeter [Pichinglis] wàtá [Pichinglis] wàtá [Pitcairn-Norfolk] worta [Pitcairn-Norfolk] worta [Hungarian] hidrát [Kazakh] гидролиз [Khowar] سَمَندار [Khowar] اُوغ [Phalura] wíi [Niya Prakrit] 𐨀𐨂𐨡𐨒𐨹 [Kazakh] гидрография [Dhivehi] މޫދު [Italian] idroa [Dhivehi] ސަމުންދުރަ,*wódr̥,,152,686
[Catalan] home [Czech] homo [Ido] homo [Ido] homo [Ido] homo [English] gum [Aragonese] hombre [Navarro-Aragonese] hombre [Spanish] hombre [English] gaum [Translingual] Homo sapiens sapiens [Translingual] Homo ergaster [Translingual] Homo floresiensis [Translingual] Homo erectus [Translingual] Homo habilis [French] homme [English] gorm [English] ombre [Aragonese] ombre [Ladino] ombre [Portuguese] homem [English] hominin [Guinea-Bissau Creole] omi [English] gome [Scots] gome [Papiamentu] homber [Papiamentu] homber [English] gomeral [Occitan] òme [Louisiana Creole French] nomme [Corsican] omu [Sicilian] omu [Esperanto] omaĝo [Haitian Creole] lèzòm [English] homiform [Louisiana Creole French] nòm [Indo-Portuguese] homm [Occitan] òm [Kabuverdianu] ómi [Translingual] Homo troglodytes [Papiamentu] hòmber [Bourguignon] houme [Norman] houme [Picard] onme [Haitian Creole] n'homme [Louisiana Creole French] n'homme [Translingual] Homo longi [French] hominiser [Louisiana Creole French] nonm,*ǵʰmṓ,,49,687
[English] mayor [Cebuano] mayor [Indonesian] mayor [Spanish] mayor [Old French] maire [English] major [Catalan] major [Estonian] major [French] major [Romanian] maior [Asturian] más [Spanish] más [Old French] mes [Aromanian] ma [Friulian] ma [Ido] ma [Istriot] ma [Italian] ma [Ladino] ma [Neapolitan] ma [Serbo-Croatian] ma [Italian] maggio [Sardinian] mere [Catalan] mai [Friulian] mai [Istriot] mai [Italian] mai [Occitan] mai [Romanian] mai [Fala] mais [French] mais [Indo-Portuguese] mais [Norman] mais [Old French] mais [Old Occitan] mais [Portuguese] mais [Portuguese] mas [Spanish] mas [Catalan] més [Scots] mair [Friulian] masse [Finnish] majesteetti [English] Mallorca [Catalan] Mallorca [Spanish] Mallorca [Dalmatian] maur [Finnish] majuri [Luxembourgish] mä [Afrikaans] majoor [Dutch] majoor [Ladin] majer [Dalmatian] mui [Galician] máis [Kazakh] майор [French] maie [Greek] μα [Bourguignon] mâs [Dutch] Meijer [Occitan] màger [Megleno-Romanian] mǫnca,*méǵh₂yōs,,60,688
[Papiamentu] mayor [English] mason [Polish] mason [French] match [Serbo-Croatian] меч [English] Machen [Chinese] 麻吉 [French] maçon [Middle French] maçon [Serbo-Croatian] meč [Norman] machon [German] Match [Armenian] մատչ [Mauritian Creole] makiye [Spanish] mazonero,*mag-,,15,689
[Latin] proton [Italian] proto [Romansch] protocol [English] protoplasm [French] proto- [Translingual] Protista [Translingual] Protozoa [Dutch] protium [English] prothonotary [Translingual] Protamoebae [Greek] πρώτος [Translingual] Protura [Irish] prótaplasma [Spanish] proteles [Greek] πρωτο- [Spanish] protozoario [Translingual] Protococcus [Catalan] protozou,*pr̥H-,,18,690
[French] moron [Turkish] moron [Turkish] bre [Greek] μωρός [Greek] μωρό [Greek] μωρό [Translingual] Morus,*mowHrós,,7,691
[English] floor [Tok Pisin] plua [Cebuano] plorwaks,*pleh₂ros,,3,692
[English] note [Danish] note [Scots] note [Scots] note [Middle English] noten [English] noteful [Middle English] nutte [Manx] fo-note,*newd-,,8,693
[Middle English] wal [Irish] fuil [Irish] fuil [Middle Irish] fuil [Scottish Gaelic] fuil [Scottish Gaelic] fuil [English] vulnific [Danish] valkyrie [Swedish] valkyria [Slovak] valkýra [Manx] fuill [Irish] flann [Scottish Gaelic] flann [Faroese] valkyrja [Icelandic] valkyrja [Norwegian Nynorsk] valkyrja [Polish] walkiria [English] uloid [Norwegian Bokmål] valkyrje [Norwegian Nynorsk] valkyrje [English] vulnary,*welh₃-,,21,694
[English] want [Norwegian Nynorsk] vond [English] wand [Middle English] wont [English] Wand [Traveller Norwegian] vanta [Norwegian Bokmål] vånd [Norwegian Nynorsk] vånd [Icelandic] vöndur,*wendʰ-,,9,695
[English] penguin [Kazakh] пингвин [English] pinguid [Old Spanish] pedaço [Portuguese] pedaço [German] Pinguin [Galician] pedazo [Spanish] pedazo [Portuguese] pinguim [Italian] pingue [Irish] iath [Latin] pittacium [Esperanto] pingveno [Spanish] pingüe [Romanian] pitac [Asturian] pedazu [Portuguese] pinho [Romanian] petic [Aromanian] peaticã [Translingual] Pinguicula vulgaris [Galician] piño [Italian] pitimio,*peyH-,,22,696
[English] genitor [Interlingua] genitor [Italian] genitore [Greek] γεννήτορας [Romansch] genitur [Sicilian] genituri [Friulian] genitôr [Sicilian] ginituri [Maltese] ġenitur,*ǵénh₁tōr,,9,697
[English] loch [French] loch [Irish] loch [Scottish Gaelic] loch [Norwegian Nynorsk] log [Esperanto] lago [Galician] lago [Ido] lago [Italian] lago [Papiamentu] lago [Papiamentu] lago [Portuguese] lago [Spanish] lago [Maltese] lag [Romansch] lag [Swedish] lag [Westrobothnian] lag [Aromanian] lac [Dalmatian] lac [Franco-Provençal] lac [French] lac [French] lac [Norman] lac [Norman] lac [Romanian] lac [Old French] lai [Romansch] lai [English] Loch [German] Loch [Walloon] lak [Kabuverdianu] lagu [Sardinian] lagu [Norwegian Bokmål] låg [Venetian] lach [Romansch] lej [English] lough [Catalan] llac [Translingual] lacus lacrimalis [Icelandic] lögur [English] laccolith [Aragonese] laco [Sicilian] lacu [Manx] logh [Finnish] lakustrinen [Galician] lagar [Portuguese] lagar [Romansch] laitg [Asturian] llagu [Finnish] leijata [Galician] lagoa [Emilian] lèg [Friulian] lâc [Guinea-Bissau Creole] lagua,*lókus,,53,698
[English] gender [English] genus [Danish] genus [Dutch] genus [English] generic [English] genre [Danish] genre [French] genre [Norman] genre [English] genocide [Catalan] gens [Translingual] gen. [Romanian] gen [Italian] genere [English] geno- [Greek] γένος [Pali] jana [Arabic] جنس [French] génocide [German] Genom [Estonian] žanr [Serbo-Croatian] žanr [Turkmen] žanr [Galician] xénero [Kannada] ಜನ [Armenian] ծին [Kazakh] жанр [Kazakh] жанр [Serbo-Croatian] жанр [Azerbaijani] janr [Hungarian] genocídium [Assamese] -জন [Bengali] -জন [Irish] seánra [Esperanto] ĝenro [Esperanto] ĝenro [Irish] géineas [Georgian] ჟანრი [Norwegian Bokmål] intetkjønn [Norwegian Bokmål] hunkjønn [Norwegian Bokmål] hankjønn [Norwegian Nynorsk] hankjønn [Norwegian Nynorsk] sjanger [Khmer] ជននាថ [Khmer] ជន [Konkani] जाण [Bengali] জিনিস [Galician] xendra [Indonesian] generik [Phalura] zaán [Polish] genocyd [Latin] genocidium,*ǵénh₁os,,52,699
[Bislama] fri [Sranan Tongo] fri [English] proper [Danish] proper [Dutch] proper [German] proper [Esperanto] propra [Hindi] प्यार [Indonesian] pria [English] proper motion [Bengali] পেয়ারা [Italian] appropriare [French] approprier [Catalan] propi [English] presbypropria [Portuguese] apropriar [Istriot] pruoprio [English] propriospinal [Spanish] apropiar [English] freeter [Norwegian Bokmål] proprietær [Norwegian Nynorsk] proprietær [Japanese] フリーター [Hindi] पिया [Old Hindi] पिया [Pali] piya [Indonesian] priayi [English] proper right [English] proper left [Bengali] পেয়ার [Bengali] পিয়ার,*priHós,,31,700
[Bislama] fri [Sranan Tongo] fri [English] frith [Middle English] frith [Kriol] bren [Indonesian] prei [Afrikaans] vry [Tok Pisin] pren [Serbo-Croatian] frendica [Armenian] օրհնել [Serbo-Croatian] френд [Russian] зафрендить [English] freeter [Japanese] フリーター,*preyH-,,14,701
[Middle Irish] fri [Old Portuguese] ar [Indonesian] urita [English] re- [Catalan] re- [Esperanto] re- [French] re- [Hungarian] re- [Interlingua] re- [Norman] re- [Norwegian Bokmål] re- [Norwegian Nynorsk] re- [Occitan] re- [Portuguese] re- [Spanish] re- [Irish] le [English] recommend [English] redress [English] relent [English] -ward [Scottish Gaelic] ri [Scottish Gaelic] ri [English] repast [Old French] repast [Walloon] rire [English] refrain [Translingual] Erica [Scottish Gaelic] frith [English] recompense [Spanish] regatear [Spanish] rebuznar [Portuguese] reiterar [Spanish] repujar [Spanish] renegar [Spanish] recinto [Crimean Tatar] reaktsiya [Crimean Tatar] reanimatsiya [Crimean Tatar] rekonstruktsiya [Crimean Tatar] repatriatsiya [Crimean Tatar] reproduktor [Galician] recomendar [Portuguese] recomendar [Spanish] recomendar [Dutch] her- [Spanish] reconstruir [Catalan] riure [Italian] ri- [Norwegian Bokmål] refreng [Norwegian Nynorsk] refreng [Romansch] returner [Norman] rithe [French] ré- [English] retroussé [Pashto] ګرد [Manx] rish [Hindi] बीतना [Latin] erice [Spanish] recuadrar [Portuguese] refrão [Irish] frith- [Romanian] răs- [English] revigorate [Irish] fré [English] renay [Norman] r'penti [Romansch] retuornar [Romansch] returnar [Galician] arremedar [Galician] recear [Esperanto] eriko [Ido] remonstrar [Istriot] racumandà [Spanish] arrepentirse [Norman] r'- [Indonesian] berita [Cebuano] rekomendar [Spanish] recatar [Hindi] बिताना [Marathi] गर्दी [Galician] relustro [Punjabi] ਬੀਤਣਾ [Gujarati] વાટ [Pali] vatta [Galician] refollo [Marathi] वाटणे [Italian] ra- [Aromanian] arsar [Indonesian] warita [Jamaican Creole] tallawah [Galician] refucir [Magahi] 𑂥𑂩𑂞𑂪 [Galician] reconstruír [Tamil] வட்டம்,*wert-,,93,702
[Scots] fri [Yola] vrem [English] frim,*prom-,,3,703
[English] mason [Polish] mason [Scots] mathe [English] Machen [French] maçon [Middle French] maçon [Norman] machon [Spanish] mazonero,*mat-,,8,704
[French] massacre [Scottish Gaelic] mì- [Irish] mí- [Manx] mee- [Portuguese] Minho [Portuguese] Minho [Spanish] Miño [Spanish] Miño [Cebuano] masaker [Polish] masakra,*mei-,,10,705
[Afrikaans] trein [English] drag [Norwegian Bokmål] draft [Norwegian Nynorsk] draft [Faroese] draga [Icelandic] draga [Norwegian Nynorsk] draga [Swedish] draga [Westrobothnian] draga [Danish] drage [Norwegian Nynorsk] drage [Norwegian Bokmål] dra [Norwegian Nynorsk] dra [Swedish] dra [Scottish Gaelic] droch [Greek] τρέχω [Norwegian Bokmål] trene [Irish] droch- [Manx] drogh [Old Swedish] dragha [Bengali] ট্রেন [Bulgarian] драга [Russian] тренировать [Gutnish] dräga,*dʰregʰ-,,24,706
[English] neurula [Dutch] nerf [French] nerf [Old French] nerf [Welsh] nerf [English] nerve [Norwegian Bokmål] nerve [Norwegian Bokmål] nerve [Norwegian Nynorsk] nerve [Norwegian Nynorsk] nerve [English] neural [English] neuron [Czech] neuron [English] neuralgia [Polish] neuralgia [Italian] nerbo [Catalan] nervi [Italian] nervo [Portuguese] nervo [Galician] nervio [Spanish] nervio [German] Nerv [English] neuropil [Spanish] neurona [Polish] nerw [Translingual] Neuroptera [English] nervation [French] nervation [Macedonian] нерв [Russian] нерв [Ukrainian] нерв [Kazakh] нейрон [Irish] néarón [Asturian] nerviu [Ukrainian] невроз [Dalmatian] niar [Yiddish] נערוו [Norwegian Bokmål] nevron [Norwegian Nynorsk] nevron [Polish] newralgia [Ukrainian] неврологія [Old Spanish] nerbio [English] neuropilema,*snḗh₁wr̥,,43,707
[English] cycle [Portuguese] bicicleta [Spanish] bicicleta [English] wheel [Yola] wheel [Danish] cykel [Esperanto] biciklo [English] wheal [Norwegian Bokmål] sykkel [Norwegian Nynorsk] sykkel [English] cyclopaedia [Galician] ciclo [Italian] ciclo [Portuguese] ciclo [Spanish] ciclo [Hindi] साइकल [Nepali] साइकल [Greek] κύκλος [English] chukker [Faroese] súkkla [Translingual] Cycliophora [German] Zyklon [Polish] cyklo- [Lao] ຈັກ [Czech] cyklus [Danish] cyklus [Hungarian] csakra [Armenian] չարխ [Dutch] cyclus [Latin] cyclus [Hungarian] ciklus [Translingual] Cyclostomata [Manx] queeyl [English] charkha [Hungarian] ciklois [Scottish Gaelic] cuidheall [Catalan] cicle [Irish] ciogal [Translingual] Cyclorrhapha [Georgian] ციკლოტრონი [Malay] cakera [Georgian] ჩარხი [Irish] cuidhil [Norwegian Bokmål] syklus [Norwegian Nynorsk] syklus [Romanian] ciclostom [Serbo-Croatian] -cikl [Hindi] चक्कर [Indonesian] cakra [Translingual] Cyclostomatida [Burmese] စက် [Newar] चाकः [Assamese] চকা [Esperanto] Ku-Kluks-Klano [Hindi] चाक [Konkani] चाक [Marathi] चाक [Assamese] চকৰ [Assamese] চাক [Assamese] চাকি [Indonesian] cakram [Prakrit] 𑀘𑀓𑁆𑀓 [Afrikaans] siklus [Indonesian] siklus [Hindi] चक्का [English] chuckram [Chechen] чӏуьрг [Punjabi] ਚੱਕਾ [Tamil] சக்கரம் [Tamil] சக்கரம்,*kʷékʷlos,,70,708
[English] hart [Middle English] hert [Middle English] harte [English] Hartley [English] Horton [English] Hartfield [English] Harton [English] Hurston [English] Hartland [English] Hartshorne [English] Harthill,*kerud-,,11,709
[English] hart [French] cor [Old French] cor [English] cerebral [Catalan] cerebral [Danish] cerebral [Danish] horn [Faroese] horn [Icelandic] horn [Norwegian Bokmål] horn [Norwegian Nynorsk] horn [Swedish] horn [Aromanian] cornu [English] corn [English] corno [Galician] corno [Aromanian] crier [English] keratin [Norwegian Bokmål] keratin [Norwegian Nynorsk] keratin [Neapolitan] craje [Esperanto] cerbo [French] cervical [Galician] cervical [Portuguese] cervical [Spanish] cervical [English] Herne [English] cerebrum [German] Hirn [Swedish] hörn [Middle English] hert [English] cervelat [English] hern [Danish] krater [Norwegian Bokmål] krater [Norwegian Nynorsk] krater [English] Carnac [Aragonese] celebro [Middle English] harte [English] cerebrate [Italian] cervicale [Persian] سر [Romanian] creier [English] cornigerous [Translingual] Carya [French] cérébral [English] karyology [English] corniform [Greek] κέρας [Spanish] cráter [English] surla [Serbo-Croatian] surla [Translingual] Ceratosauria [English] ceras [Italian] gheriglio [Danish] hjørne [Norwegian Nynorsk] hyrne [Serbo-Croatian] зурна [English] zurna [Serbo-Croatian] zurna [Translingual] cerato- [Translingual] Caryocar [English] hartebeest [Greek] κεραυνός [Middle Norwegian] hyrni [Icelandic] hyrna [Norwegian Nynorsk] hyrna [Catalan] garota [English] hirn [Scots] hirn [English] kerato- [Swedish] hörna [Pennsylvania German] Hann [Dalmatian] cuarno [English] cornutor [English] Hearn [Luxembourgish] Hier [English] Hartley [English] Horton [Portuguese] procarioto [Translingual] Salicornia [English] keraunic [Translingual] Zhuchengceratops [English] sarpanch [Catalan] cràter [Portuguese] cerviz [Spanish] cerviz [Spanish] cerviz [English] keroid [Translingual] Ceratophyllum [English] Hartfield [English] Harton [English] Hurston [Portuguese] procarionte [Kazakh] прокариот [Kyrgyz] прокариот [Kazakh] эукариот [Azerbaijani] sərhəd [Translingual] Bagaceratops [Translingual] Bainoceratops [Translingual] Lamaceratops [Translingual] Mosaiceratops [Translingual] Turanoceratops [Translingual] Yamaceratops [Translingual] Ceratosaurus [Translingual] Kulceratops [Translingual] Liaoceratops [Translingual] Tatankaceratops [English] cerebral hemorrhage [English] Hartland [Translingual] Yehuecauhceratops [Phalura] šarái [Kumyk] саргьат [Italian] celabro [Indonesian] sasar [Indonesian] sasar [English] Hartshorne [Turkish] serlevha [Cimbrian] hiarn [English] Harthill,*ḱerh₂-,,120,710
[Sardinian] essere [Tarantino] essere [Bourbonnais-Berrichon] être [French] être [French] être [Lorrain] être [Catalan] ser [Portuguese] ser [Spanish] ser [Corsican] esse [Piedmontese] esse [Walloon] esse [French] suis [Italian] sono [Spanish] soy [Leonese] sou [Portuguese] sou [Romanian] fi [Ladin] ester [Old French] sui [Neapolitan] èssere [Interlingua] esser [Interlingua] esser [Old Occitan] esser [Romansch] esser [Leonese] sere [Romanian] sunt [Catalan] ésser [Franco-Provençal] estre [Middle French] estre [Old French] estre [Hungarian] pór [Czech] esence [Sicilian] èssiri [Occitan] èsser [Aromanian] escu [Emilian] èser [Venetian] èser [Venetian] èsare [Picard] ète [Megleno-Romanian] săm [Dalmatian] saite [Friulian] jessi [Romansch] easser [Istriot] ièsi [Bourguignon] étre [Franc-Comtois] étre [Franco-Provençal] étre [Venetian] l'è [Gallo] ête [Norman] ête [Gallo] étr [Emilian] êser [Gallo] estr,*bʰúHt,,54,711
[English] pinnacle [Galician] pena [Galician] pena [Translingual] Pinnipedia [English] pinna [French] penne [Romanian] pană [Italian] pennacchio [Romanian] împăna [Spanish] piñón [English] pinniform [Portuguese] penha [Portuguese] pináculo [Spanish] pináculo [Spanish] Piña [Catalan] penya [Italian] Pinna [Khowar] پھى [Welsh] ysgrifbin [Marathi] फावडे [French] pinnipède,*(s)piHn-,,21,712
[Irish] il- [Irish] il,*pélh₁us,,2,713
[Irish] il- [Irish] il [German] viel [Central Franconian] vill [Luxembourgish] vill [Cimbrian] vil [Bavarian] vü [Yiddish] פֿיל [Cimbrian] viil,*pelh₁-,,9,714
[French] liège [Norman] liège [Romansch] liger [Italian] leggero [French] léger [Norman] ligi [Portuguese] leve [Spanish] leve [Spanish] ligero [Romansch] lev [Italian] leggiadria [Spanish] liviano [Middle French] legier [Old French] legier [Romanian] ușor [Occitan] leugièr [Romansch] leiv [Catalan] lleuger [Romansch] leav [Aromanian] lishor [Aromanian] ljiushor [Occitan] lèu [Friulian] lizêr [Portuguese] léu [Galician] livián [Catalan] lleu [Venetian] lesiéro [Sardinian] lepiu [Sardinian] lebiu,*h₁lengʰwih₂-,,29,715
[French] liège [Norman] liège [Romansch] liger [Italian] leggero [French] léger [Norman] ligi [Portuguese] leve [Spanish] leve [Spanish] ligero [Romansch] lev [Italian] leggiadria [Spanish] liviano [Middle French] legier [Old French] legier [Romanian] ușor [Occitan] leugièr [Romansch] leiv [Catalan] lleuger [Romansch] leav [Aromanian] lishor [Aromanian] ljiushor [Occitan] lèu [Translingual] leio- [Friulian] lizêr [Portuguese] léu [Galician] livián [Catalan] lleu [Venetian] lesiéro [Sardinian] lepiu [Sardinian] lebiu,*leh₁y-u-,,30,716
[Old Portuguese] aa [Old French] ele [Sardinian] aba [English] alar [English] axon [Hungarian] axon [Galician] á [English] aliped [Middle French] aisle [Finnish] aksoni [Esperanto] akselo [Spanish] axón [Irish] acsón [Telugu] అచ్చు [Marathi] आस [Varhadi] आस [Middle Low German] assel [Old Marathi] 𑘁𑘽𑘏 [Galician] engalar [Tamil] அச்சு [Magahi] 𑂃𑂀𑂎𑂳𑂄,*h₂eḱs-,,21,717
[Old Gujarati] म [Romani] ma [Kalasha] mo [Greek] μη [Armenian] մի [Armenian] մի [Greek] μην [Urdu] مت [Hindi] मत [Konkani] मेज्चे [Marathi] मोजणे [Gandhari] 𐨨 [Punjabi] ਮਤ [Ashokan Prakrit] 𑀫𑀸 [Armenian] մը,*meh₁,,15,718
[English] pellet [Norwegian Nynorsk] pil [English] peloton [English] piles [Italian] palla [English] pill [English] pillar [Galician] pelota [Portuguese] pelota [Spanish] pelota [Esperanto] pilko [French] pilier [Irish] peil [Old French] piler [Norman] p'ler [Norman] pilyi [Welsh] pêl [Irish] piléar [Icelandic] píll,*pis-tlo-,,19,719
[English] image [Italian] immagine [Dutch] imago [Estonian] imago [French] imiter [Italian] emulo [Serbo-Croatian] imidž [Slovak] imidž [Asturian] imaxe [Galician] imaxe [Serbo-Croatian] имиџ [Armenian] իմիջ [English] imagology [Dutch] imiteren [Polish] imitować,*h₂eym-,,15,720
[English] link [English] lychnobite [English] lychnoscope [Greek] λυχνάρι [English] lychnomancy,*luk-s-nos,,5,721
[Dutch] file [Interlingua] pinger [Norman] peindre [Latin] pingo [Icelandic] fæll [Hungarian] fájl [English] poikilo- [Greek] ποικίλος [Irish] pimeantó [Maltese] pinġa [Italian] pecilo- [Maltese] p-n-ġ-j,*peyḱ-,,12,722
[English] udder [English] uberous [Faroese] júgur [Icelandic] júgur [Franco-Provençal] uvro,*h₁ówHdʰr̥,,5,723
[Japanese] 瓦 [Japanese] 骨 [English] copra [Irish] copra [Portuguese] copra [Tagalog] kapal [Indonesian] kepala [Danish] kopra [Finnish] kopra [Serbo-Croatian] kopra [Russian] копра [Serbo-Croatian] копра [Khmer] ក្បាល [English] kapala [Banjarese] kapala [Garhwali] कपाळ [Gujarati] કપાળ [Mongolian] гавал [Northern Khmer] กบาล [Urak Lawoi'] ปาลา,*káp-ōl,,20,724
[English] eng [Italian] angusto [English] angustifoliate [Romanian] îngust [Aromanian] ngustu [Catalan] angoixa [Catalan] angost,*h₂énǵʰus,,7,725
[English] famine [Portuguese] fome [Louisiana Creole French] fim [Louisiana Creole French] faim [Dalmatian] fum [Aragonese] fambre [English] Fames [Kabuverdianu] fómi [Papiamentu] hamber,*dʰH-,,9,726
[English] parliament [Catalan] -ment [Middle English] -ment [English] machicolation [English] annulment [Italian] -mento [Dalmatian] pinsamiant [Sardinian] -mentu [English] chronomentrophobia,*-mn̥teh₂,,9,727
[French] avoir [English] avoirdupois [Portuguese] haver [Galician] haber [Louisiana Creole French] a [Sranan Tongo] abi [Kabuverdianu] kenha,*gʰh₁bʰ-,,7,728
[English] host [Catalan] host [English] guest [Faroese] gestur [Icelandic] gestur [French] ost [Middle French] ost [Old French] ost [Swedish] gäst [Middle English] oost [Italian] osteggiare [Danish] gæst [Tok Pisin] ges [Norwegian Bokmål] gjest [Norwegian Nynorsk] gjest [Middle English] gest [Aromanian] oasti,*gʰóstis,,17,729
[English] host [English] hostie [Dutch] hostie [Italian] ostia [Indonesian] hosti [Cebuano] hostiya [Cebuano] ostiya,*ǵʰostiyo-,,7,730
[Dutch] host [Norwegian Bokmål] host [Norwegian Nynorsk] host [Danish] hoste [Norwegian Bokmål] hoste [Finnish] hostata,*gʰostipotis,,6,731
[Japanese] 経 [Indonesian] sutra [Norwegian Bokmål] sutra [Serbo-Croatian] sutra [Serbo-Croatian] сутра [English] sutta [Thai] สูตร [Hindi] सूत [Marathi] सूत [Mongolian] судар [Tagalog] sutla [Malay] sutera [Phalura] súutr [Ternate] sutara,*súh₁trom,,14,732
[English] kerf [Middle English] kerf [Czech] graf [Greek] γράφω [Italiot Greek] γράφω [English] -grapher [Portuguese] grafite [Galician] garfo [Portuguese] garfo [Italiot Greek] grafo [Portuguese] grafo [Kazakh] граф [Finnish] grafeemi [Hungarian] grafológia [Czech] krystalografie [Catalan] -grafia [Italian] -grafia [Polish] -grafia [Portuguese] -grafia [Greek] γραπτός [Danish] grafit [Polish] grafo- [Danish] krebs [Kazakh] графема [Hebrew] גרף [Czech] -graf [Norwegian Bokmål] -graf [Norwegian Nynorsk] -graf [Polish] -graf [Dutch] -graaf [Czech] -grafie [Dutch] -grafie [Polish] dysgrafia [Scanian] krævs [Hungarian] -gráfia [Cebuano] gramar [Kazakh] терминография [English] Creps [Mariupol Greek] графту,*gerbʰ-,,39,733
[English] call [Middle English] callen [Yola] caulthe,*gels-,,3,734
[Catalan] call [English] excel [English] culminate [Spanish] cumbre [Galician] galego [Italian] callo [Spanish] callo [Galician] calo [Portuguese] calo [Italian] colmo [Catalan] culminar [Portuguese] culminar [Spanish] culminar [Italian] culminare [Galician] cume [Portuguese] cume [French] culminer [Estonian] kolonel [Finnish] kulminaatio [Romanian] culme [Hungarian] kulminál [Swedish] kulminera [Galician] cumio [Aromanian] culmã [Galician] cumial [Galician] cumieira [Welsh] colfen [Irish] coirnéal [Cimbrian] kaalo [Dutch] Klimmen [Polish] kulminować [Sicilian] caḍḍu,*kelH-,,32,735
[Chinese] 肥 [Finnish] feilata,*bʰāl-,,2,736
[Chinese] 肥 [Finnish] feilata,*sgʷʰh₂el-,,2,737
[Chinese] 膜 [Ottoman Turkish] نماز [English] namaz [Crimean Tatar] namaz [Serbo-Croatian] namaz [Turkish] namaz [Hindi] नमस्ते [Nepali] नमस्ते [English] nemorous [Translingual] Nemorhaedus [Armenian] նամազ [Kazakh] намаз [Russian] намаз [Serbo-Croatian] намаз [Translingual] Nemosia [Rajasthani] निमाज [Rajasthani] निवाज [Punjabi] ਨਮਸਕਾਰ [Uyghur] ناماز [Chinese] 南無 [Japanese] 南無 [Indonesian] namaskara [English] namazi,*némos,,23,738
[Spanish] cuerpo [Guinea-Bissau Creole] kurpu [Kabuverdianu] korpu [Papiamentu] kurpa [Papiamentu] kurpa [Kabuverdianu] korpe,*ḱrep-,,6,739
[Greek] δώδεκα [Kazakh] додекаэдр [Dutch] dodecafonist,*dwoΗdeḱm̥,,3,740
[Romani] jag [Romani] jag [English] ignite [English] ignipuncture [Rohingya] ooin [Urdu] آگ [Hindi] आग [Marathi] आग [Indonesian] Agni [Kannada] ಅಗ್ನಿ [Bengali] আগুন [Javanese] agni [Ukrainian] вогонь [Doteli] आगो [Gujarati] આગ [Kachchi] આગ [Telugu] అగ్గి [Telugu] అగ్నిహోత్రము [Rajasthani] अगन [Punjabi] ਅੱਗ [Awadhi] आगि [Bhojpuri] आगि [Ashokan Prakrit] 𐨀𐨒𐨁 [Gandhari] 𐨀𐨒𐨁 [Balinese] ᬕᭂᬦᬶ [Bhojpuri] आगी [Prakrit] 𑀅𑀕𑁆𑀕𑀺 [Assamese] আগুনি [Old Marathi] 𑘁𑘐𑘲 [Old Marathi] 𑘁𑘐𑘲 [Bhojpuri] 𑂄𑂏𑂱 [Magahi] 𑂄𑂏𑂱 [Rusyn] огень [Dogri] अग्ग [Vaghri] અગ્ગ [Dogri] 𑠀𑠌𑠹𑠌 [Tamil] அக்கினிச்சுவாலை [Ashokan Prakrit] 𑀅𑀕𑀺 [Tamil] அக்கி [Oriya] ଅଗ୍ନି [Balinese] ᬅᬕ᭄ᬦᬶ [French] igni- [ُPunjabi] اگ,*h₁n̥gʷnís,,43,741
[Afrikaans] ham [Cebuano] ham [English] cnemis [Scottish Gaelic] cnàimh [Manx] craue [Irish] cnámh [Greek] κνήμη,*kónh₂m,,7,742
[Turkish] ham [Russian] карман [Manx] aw [Spanish] amarillo [English] amaretto [Galician] amarelo [Old Portuguese] amarelo [Portuguese] amarelo [Irish] amh [Scottish Gaelic] amh [Armenian] հում [Asturian] mariellu [English] convallamarin [Mirandese] amarielho [Phalura] óomu [Magahi] 𑂄𑂋𑂀,*h₂eh₃mós,,16,743
[Interlingua] ni [Romanian] nicicând [Romanian] nici [Aromanian] nichi [Aromanian] nitsi,*nekʷe,,5,744
[Japanese] 蘊 [Hindi] कंधा [Marathi] खांदा [Assamese] কান্ধ [Phalura] káand [Sinhalese] කඳ,*skendʰ-,,6,745
[Scottish Gaelic] tre [Ido] trans [Ido] tra [English] thorough [English] throughout [Kabuverdianu] tras [Hindi] तैरना [Irish] trí [Kabuverdianu] trás [Yola] draugh [Middle English] thurgh [Irish] trasna [Kashmiri] تَرُن [Middle Irish] tarsna [Kohistani Shina] taroón [Kashmiri] तरुन [Urdu] تیرنا [Sindhi] ترڻ [Greek] τρανός,*terh₂-,,19,746
[Norwegian Bokmål] sei [Norwegian Nynorsk] sei [Faroese] seiður [Icelandic] seiður [Danish] sej,*soytós,,5,747
[English] rot [Middle English] roten,*Hrewd-,,2,748
[Tok Pisin] nil [Tok Pisin] nidel,*(s)neh₁-,,2,749
[English] dame [Danish] dom [Dutch] dom [Dutch] dom [Indonesian] dom [Irish] dom [Norwegian Nynorsk] dom [Swedish] dom [Volapük] dom [Esperanto] domo [Esperanto] domo [Esperanto] domo [Ido] domo [Ido] domo [Italian] domo [Portuguese] domo [Portuguese] domo [Spanish] domo [English] dome [English] dumb [English] dumb [German] Dom [Czech] dům [Irish] damh [English] domal [Scottish Gaelic] dhomh [Armenian] տուն [Latin] doma [Hindi] दम [Esperanto] domaĉo [Corsican] domu [Corsican] domu [Corsican] domu [Sicilian] domu [Scottish Gaelic] domh [Finnish] doomi [Indonesian] demam [Swedish] dom-,*dṓm,,38,750
[English] ogre [French] ogre [English] orc [Old English] orc [Spanish] ejército [Portuguese] ogro [Galician] orco [Italian] orco [Armenian] արգել [Mòcheno] ork [Polish] ork [Polish] ogr [Italian] Orco [Arabic] عسكر [Old Spanish] huerco [Spanish] huerco [Maltese] eżerċtu [Ladino] guerko,*h₂erk-,,18,751
[Guinea-Bissau Creole] obi [Kabuverdianu] obi [Galician] oír [Romansch] udir [Middle French] ouyr [Basque] aditu [Romansch] dudir [Mirandese] oubir [Leonese] oyire [Kabuverdianu] uví,*h₂ewis,,10,752
[Old Occitan] mot [Catalan] multi- [Czech] multi- [French] multi- [Galician] multi- [German] multi- [Hungarian] multi- [Indonesian] multi- [Italian] multi- [Portuguese] multi- [Spanish] multi- [Portuguese] muito [Ladino] muy [Spanish] muy [Esperanto] multa [Spanish] mucho [French] moult [Middle French] moult [Catalan] molt [Aromanian] mult [Dalmatian] mult [Megleno-Romanian] mult [Romanian] mult [Asturian] munchu [Asturian] mui [Old Portuguese] mui [English] multeity [Ladino] muncho [Ladino] מויי [Venetian] móndo [Aromanian] multu [Galician] moito,*ml̥tós,,32,753
[Walloon] fleur [Occitan] flor [Spanish] flor [Basque] lore [Occitan] flour [Romansch] flour [Romagnol] fior [Mauritian Creole] fler [Romansch] flur [Romansch] flura [Haitian Creole] flè [Norman] flieur [Norman] flleur [Norman] flieu [Galician] chorume [Portuguese] chorume [Aromanian] floari [Megleno-Romanian] floari [Galician] chorima [Catalan] botifler,*bʰleh₃-s,,20,754
[Irish] boc [Middle English] buc [English] Buckley [Middle English] bukke [Irish] poc,*bʰugo-,,5,755
[Esperanto] mielo [Esperanto] mielo [Esperanto] mielo [Aragonese] miel [Asturian] miel [French] miel [French] miel [Old French] miel [Old Spanish] miel [Spanish] miel [Spanish] miel [Romansch] meal [Samoan] meli [Sicilian] meli [Catalan] mel [Galician] mel [Galician] mel [Istriot] mel [Old Portuguese] mel [Portuguese] mel [Portuguese] mel [Romansch] mel [Dalmatian] mil [English] mell [Romansch] mellen [Romanian] miere [Corsican] mele [Sardinian] mele [English] oenomel [Friulian] mîl [Italian] mellivora [Istro-Romanian] mľåre [Megleno-Romanian] m'ari [Italian] melassa [Dutch] melasse [Occitan] mèl [Romansch] mèl [Romansch] mêl [English] trimellic acid [Haitian Creole] myèl [English] rhodomel [Esperanto] melaso,*mélid,,42,756
[English] test [Portuguese] teste [Spanish] teste [Welsh] tyst [Old Irish] testas [English] testicond [Serbo-Croatian] тестис [Irish] teastas,*tristh₂s,,8,757
[English] lune [English] lune [English] lune [Guinea-Bissau Creole] lua [Kabuverdianu] lua [English] Lua [Cebuano] Luna [Cebuano] Luna [English] lunatic [Armenian] լուսին [Leonese] lluna [Persian] روشن [English] luniform [English] lunistice [Bourguignon] leugne [Mirandese] lhuna [Swahili] roshani [Tajik] равшан [English] solilunar,*lówksneh₂,,19,758
[English] idea [Asturian] idea [Czech] idea [Finnish] idea [Galician] idea [Hungarian] idea [Italian] idea [Latin] idea [Malay] idea [Maltese] idea [Polish] idea [Slovak] idea [Spanish] idea [Indonesian] ide [Turkish] ide [Ido] ideo [Dutch] idee [Romanian] idee [French] idée [Norman] idée [Bulgarian] идея [Kazakh] идея [Polish] idealista [German] Idee [Danish] idé [Irish] idé [Norwegian Bokmål] idé [Norwegian Nynorsk] idé [Swedish] idé [English] ideo- [Latvian] ideja [Serbo-Croatian] ideja [Portuguese] ideia [Macedonian] идеја [Serbo-Croatian] идеја [French] idéo- [Silesian] idyjŏ [Ukrainian] ідеологія [Yiddish] אידעע [Estonian] ideoloogia,*widéseh₂,,40,759
[English] London [Middle English] London [Norwegian Bokmål] London [French] Londres [Portuguese] Londres [French] flotter [Middle French] flotter [Greek] πλέω [Irish] luath [Scottish Gaelic] luath [Armenian] լվանալ [Greek] πλένω [Walloon] floter [Norman] fliotter [Old English] Lunden [Sanskrit] लण्ड्र [Bengali] লন্ডন,*plew-,,17,760
[Spanish] Madrid [Czech] matrix [Hungarian] matrica [Italian] matricola [Kazakh] матрица [Norwegian Bokmål] matrise [Norwegian Nynorsk] matrise,*méh₂trih₂ks,,7,761
[Basque] talo [Galician] talo [Portuguese] talo [Spanish] talo [English] thallium [English] dulse [English] dill [Spanish] talio [Irish] duille [Scottish Gaelic] duille [Kazakh] таллий [Armenian] դեղ [Middle Armenian] դեղ [Translingual] thallo- [Ukrainian] талій,*dʰelh₁-,,15,762
[Aragonese] casa [Asturian] casa [Catalan] casa [Corsican] casa [Galician] casa [Italian] casa [Occitan] casa [Old Spanish] casa [Portuguese] casa [Romansch] casa [Sicilian] casa [Spanish] casa [Romagnol] ca [French] chez [Tok Pisin] sen [French] caténaire [Esperanto] ĉe [English] casino [French] chalet [Cebuano] kasa [Guinea-Bissau Creole] kasa [Kabuverdianu] kasa [Romanian] casă [Papiamentu] kas [English] catenane [Kabuverdianu] kása [Italian] casale [Occitan] cò [Ladin] cesa [Middle Irish] ceithern [Italian] caterva [Indonesian] kasino [Catalan] casal [Galician] casal [Romansch] chasa [Istro-Romanian] cåsĕ [Kabuverdianu] kaza [Ladino] kaza [Catalan] casera [Serbo-Croatian] kaciga [Portuguese] cassino [Venetian] caxa [Romanian] căsători [Romagnol] cadéna [Ladino] קאזה [Serbo-Croatian] кацига [Aromanian] casã [Dalmatian] cosuol [Romansch] tga [Romansch] chesa [Romansch] tgeasa [Romansch] tgesa [Romansch] tgea [Norman] ciz [Dalmatian] cuosa [Ligurian] câza [Friulian] cjase [Ladin] cèsa [Polish] szalet [Mauritian Creole] lakaz [Seychellois Creole] lakaz [Italian] cassida [Italian] cassidide [Ladin] cësa [Tagalog] katerba,*kat-,,65,763
[Aragonese] casa [Asturian] casa [Catalan] casa [Corsican] casa [Galician] casa [Italian] casa [Occitan] casa [Old Spanish] casa [Portuguese] casa [Romansch] casa [Sicilian] casa [Spanish] casa [Romagnol] ca [French] chez [English] kettle [Esperanto] ĉe [English] casino [French] chalet [Cebuano] kasa [Romanian] casă [Italian] casale [Occitan] cò [Ladin] cesa [Indonesian] kasino [Catalan] casal [Galician] casal [Romansch] chasa [Istro-Romanian] cåsĕ [Ladino] kaza [Catalan] casera [Portuguese] cassino [Venetian] caxa [Romanian] căsători [Ladino] קאזה [Aromanian] casã [Dalmatian] cosuol [Romansch] tga [Romansch] chesa [Romansch] tgeasa [Romansch] tgesa [Romansch] tgea [Norman] ciz [Dalmatian] cuosa [Ligurian] câza [Friulian] cjase [Ladin] cèsa [Polish] szalet [Ladin] cësa [Romagnol] cadén,*ket-,,49,764
[French] taureau [Catalan] toro [Italian] toro [San Pedro Amuzgos Amuzgo] toro [Spanish] toro [Old French] tor [Greek] ταύρος [Norman] tuore [English] toreador [Asturian] toru [Irish] tarbh [Scottish Gaelic] tarbh [Bulgarian] тур [Faroese] tarvur [Faroese] tarvur [Galician] tauromaquia [Spanish] tauromaquia [Icelandic] tarfur [Icelandic] tarfur [Tetelcingo Nahuatl] turo [Swedish] tjur [Galician] touro [Portuguese] touro [Taos] tùlu’úna [Faroese] tjórur [Friulian] taur [Occitan] taur [Romanian] taur [Romansch] taur [Esperanto] torei [Danish] tyr [Norwegian Bokmål] tyr [Norwegian Nynorsk] tyr [Manx] tarroo [Southeastern Tepehuan] tuur [Ido] tauro [Gallo] toret [Aromanian] tavru [English] taurylic acid [Norman] touoré [Norman] touothé [English] taurolatry [Old Swedish] þiur [Romanian] Turia [Northern Tepehuan] tuúru [Norwegian Nynorsk] tjor [Icelandic] þjór [Basque] tauromakia,*táwros,,48,765
[Catalan] mer [English] manticore [Cebuano] murder [Walloon] mori [Walloon] mori [French] mourir [Middle French] mourir [English] mere [English] marble [Guinea-Bissau Creole] muri [Papiamentu] muri [Papiamentu] muri [Aromanian] mor [Catalan] morir [Occitan] morir [Hungarian] malter [English] morbilli [Galician] brume [English] murrain [Dutch] marmer [Indonesian] marmer [Serbo-Croatian] мермер [Serbo-Croatian] mermer [Turkish] mermer [Persian] مرد [Portuguese] mero [Spanish] mero [Romani] merel [Catalan] marbre [French] marbre [Norwegian Bokmål] marmor [Norwegian Nynorsk] marmor [Scottish Gaelic] marmor [Welsh] marmor [Italian] marmo [Afrikaans] moord [Italian] morbo [Romansch] murir [German] Marmor [Palenquero] morí [Spanish] muermo [Sranan Tongo] memre [Galician] mármore [Portuguese] mármore [Asturian] mármol [Spanish] mármol [Urdu] مرنا [Urdu] مارنا [Dutch] morbiditeit [Ottoman Turkish] مرمر [Persian] مرمر [Haitian Creole] mouri [Louisiana Creole French] mouri [Armenian] մարի [Armenian] մարի [Middle Armenian] մարի [Romanian] marmură [Hungarian] márvány [Ido] koshmaro [Esperanto] morbilo [Manx] marmyr [Aromanian] marmar [Irish] marmar [Old Irish] marmar [Georgian] მარმარილო [Norman] mouorir [Norman] mouorir [Norman] mouothi [Norman] mouothi [Galician] mormo [Romansch] mureir [Asturian] mármole [Kabuverdianu] móri [Spanish] mantícora [Spanish] mantícora [Galician] esmorecer [Portuguese] esmorecer [Spanish] esmorecer [Friulian] marmul [Aromanian] marmurã [Gujarati] મરવું [Thai] มฤตยู [Bashkir] мәрмәр [Kazakh] мәрмәр [Greek] μάρμαρο [Catalan] borm [Shor] мармар [Marathi] मरणे [Assamese] মৰ্মৰ [Kashmiri] مَرُن [Swahili] marumaru [Konkani] मर्चे [Kashmiri] मरुन [Romanian] mermeli [Old Georgian] მარმალი [Ukrainian] мармур [Romanian] marasm [Oriya] ମରିବା [Bengali] মরদ,*mer-,,99,766
[English] milk [Scanian] milk [Swedish] mjölk [Swedish] mjölk [Faroese] mjólk [Icelandic] mjólk [Westrobothnian] mjólk [Afrikaans] melk [Afrikaans] melk [Afrikaans] melk [Afrikaans] melk [Dutch] melk [Dutch] melken [Tok Pisin] melek [Czech] mléko [Greek] αρμέγω [Esperanto] melki [Esperanto] melki [Irish] bleacht [Papiamentu] muhe [Ido] melkar [Saramaccan] mujɛ́ɛ [Guinea-Bissau Creole] mindjer [Westrobothnian] mjâł̣k [Papiamentu] muhé [Kabuverdianu] mudjér [Ancient Greek] μέλκα [Westrobothnian] ǫłmyk [Old Swedish] miolk [Jersey Dutch] määlke [Jersey Dutch] määlke [Irish] bligh,*h₂melǵ-,,32,767
[Dutch] carbon [Scottish Gaelic] carbon [Galician] carbono [Portuguese] carbono [Spanish] carbono [Asturian] carbón [Galician] carbón [Spanish] carbón [Norwegian Bokmål] karbon [Norwegian Nynorsk] karbon [Portuguese] carvão [French] crématorium [Norwegian Bokmål] karbonat [Norwegian Nynorsk] karbonat [Norwegian Bokmål] karbamid [Norwegian Nynorsk] karbamid [Romansch] charvun [Papiamentu] kima [French] cramer [Romansch] carvung [Romansch] charbun [Romansch] cravun [Aromanian] cãrbuni [Friulian] cjarvon [Friulian] cjarbon [English] Carbonell [Romagnol] carbôn,*kerh₃-,,27,768
[English] thrice [English] -s [Low German] -s [Swedish] -s [English] -es [English] -'s [English] -s-,*-es,,7,769
[Portuguese] bicicleta [Spanish] bicicleta [Indonesian] bi- [French] bijection [English] biloquium [Italian] binubo [French] binocle,*duwo,,7,770
[Norwegian Bokmål] stein [Norwegian Nynorsk] stein [Elfdalian] stien [Gutnish] stain [Westrobothnian] stain [Danish] sten [Norwegian Bokmål] sten [Old Swedish] sten [Swedish] sten [Icelandic] steinn [Faroese] steinur [Ido] stono [Sranan Tongo] ston [Tok Pisin] ston [Tok Pisin] stonim [Norwegian Nynorsk] steidn,*steyh₂-,,16,771
[Greek] άλογο [English] hippogriff [Irish] each [Scottish Gaelic] each [Latin] hippodromos [Translingual] Equus [English] equipage [Armenian] էշ [Icelandic] jór [Translingual] Equisetum [Sinhalese] අශ්වය [Taos] yàwoʼóna [Manx] agh [Italian] ippo- [Latin] hippurus [Portuguese] hipismo [Spanish] hipismo [Rajasthani] अस [Spanish] burdégano [Translingual] Hippophae [Irish] eachmairt [Shina] انشپو [Indonesian] aswa [Prakrit] 𑀆𑀲 [English] equiphile [Tat] əs [Niya Prakrit] 𐨀𐨭𐨿𐨤 [Dhivehi] އަސް,*h₁éḱwos,,28,772
[French] grue [English] craic [Italian] gru [Dutch] geranium [Norwegian Bokmål] geranium [Norwegian Nynorsk] geranium [Polish] geranium [Translingual] Geranium [Catalan] grua [Occitan] grua [English] crake [Faroese] kráka [Icelandic] kráka [Spanish] grulla [Norwegian Bokmål] kråke [Norwegian Nynorsk] kråke [Swedish] kråka [Spanish] grúa [Greek] γερανός [Galician] grou [Portuguese] grou [Danish] krage [Esperanto] gruo [Translingual] Geranoaetus [Translingual] Grus antigone [Esperanto] kraki [Serbo-Croatian] geranij [Serbo-Croatian] geranijum [Westrobothnian] krååk [English] craic killer,*gerh₂-,,30,773
[Friulian] dam [English] damage [Old French] damage [Italian] danno [Dalmatian] damno [Spanish] daño [Catalan] dany [French] dommage [Norman] dommage [Romanian] daună [Irish] damáiste [Portuguese] dano [Occitan] damatge [Asturian] dañu [Istriot] dagno [Old Occitan] damnatge [Cebuano] danyos [Tagalog] danyos [Italian] dannaggio,*dh₂pnóm,,19,774
[Romanian] fag [English] favaginous [Fiji Hindi] botal [Indonesian] botol [Malay] botol [Tok Pisin] botol [Sranan Tongo] batra [Galician] favo [Italian] favo [Portuguese] favo [Bislama] botel [Romanian] fagure [English] favose [Translingual] Favosites [Persian] بوتل [Papiamentu] bòter [Italian] fiavo [Brunei Malay] butul,*bʰōw-,,18,775
[Asturian] cesta [Galician] cesta [Italian] cesta [Portuguese] cesta [Romansch] cesta [Spanish] cesta [English] chest [English] chest [English] cistern [English] cistern [Catalan] cisterna [Galician] cisterna [Galician] cisterna [Italian] cisterna [Latin] cisterna [Old Spanish] cisterna [Portuguese] cisterna [Portuguese] cisterna [Spanish] cisterna [Spanish] cisterna [Icelandic] kista [Old Norse] kista [Dutch] kist [Afrikaans] kis [Afrikaans] kis [Old English] cest [German] Kiste [Latin] cista [Serbo-Croatian] cista [Serbo-Croatian] цистерна [Middle English] cisterne [Esperanto] kesto [Esperanto] kesto [Ido] kesto [Ido] kesto [Romansch] chista [Danish] kiste [English] cist [Serbo-Croatian] kištra [Serbo-Croatian] киштра [Hungarian] ciszterna [French] citerne [Romansch] chaista [Dalmatian] cistierna [Istriot] zustierna [Friulian] cistierne [Serbo-Croatian] циста [Esperanto] cisterno [Hunsrik] Kist [Middle English] cheste,*kisteh₂,,50,776
[English] fluorine [Spanish] flúor [Italian] fluoro [German] Fluor [Luxembourgish] Fluor [English] flume [Czech] fluor [French] fluor [Occitan] fluor [Polish] fluor [Romanian] fluor [Slovene] fluor [Swedish] fluor [Finnish] fluori [Vietnamese] flo [Middle French] flum [Slovak] fluór [Faroese] flúr,*bʰlew-,,18,777
[Norwegian Bokmål] aluminium [Norwegian Nynorsk] aluminium [Afrikaans] aal [English] ale [English] ale [French] ale [Middle English] ale [Icelandic] öl [Swedish] öl [Scots] yill [Scots] yill [Spanish] aluminio [Danish] øl [Faroese] øl [Norwegian Bokmål] øl [Norwegian Nynorsk] øl [Ukrainian] ель [Hungarian] alumínium [Portuguese] alúmen [Yiddish] אייל,*h₂elut-,,20,778
[Malay] barium [English] grave [Danish] grave [French] grave [Norwegian Bokmål] grave [Portuguese] grave [Spanish] grave [English] guru [English] guru [English] guru [Hungarian] guru [Hungarian] guru [Indonesian] guru [Pali] guru [Polish] guru [Slovak] guru [Swedish] guru [Dutch] baryon [English] grief [Dutch] grief [French] grief [Ladin] grief [Old French] grief [Norwegian Bokmål] brutal [Norwegian Nynorsk] brutal [Esperanto] grava [Norwegian Bokmål] accent grave [Aromanian] greu [Catalan] greu [Romanian] greu [Thai] ครู [Latin] gurus [Kazakh] барий [Italian] greve [Greek] βαρύς [Lao] ຄູ [Swedish] gravera [Khmer] គ្រូ [Polish] barion [Sicilian] bruttu [Romanian] greață [Romanian] îngreuna [Polish] bary- [Romansch] greav [Romansch] greiv [Romansch] grev [English] gravigrade [Tagalog] guro [Translingual] Barosaurus [Friulian] grivi [Aromanian] greatsã [Aromanian] ngriunedz [Aromanian] ngrec [Romanian] îngreca [Norwegian Bokmål] gravitasjon [Norwegian Nynorsk] gravitasjon [Macedonian] варија [Dutch] goeroe [Translingual] Gravigrada [English] baryo- [Garhwali] गर्रु [Gujarati] ગોર [Gujarati] ગોરાણી [Garhwali] गरु [Kholosi] gavoro [Sindhi] ڳرو [Awadhi] गरू [Phalura] graán,*gʷréh₂us,,68,779
[Catalan] fe [Old Occitan] fe [Old Portuguese] fe [Norwegian Nynorsk] bide [Portuguese] fé [French] foi [Faroese] bíða [Icelandic] bíða [Danish] bie [Norwegian Bokmål] bie [English] fideism [Greek] πείθω [Italian] fede [Esperanto] fido [Maltese] fidi [Dalmatian] faid [Scottish Gaelic] beus [Spanish] fidedigno [Swedish] bida [Irish] béas [English] pithiatism [Norman] fouai [Macedonian] беса [Macedonian] беса [Old Swedish] biþa [English] pisteology [French] fidéisme [English] pistanthrophobia,*bʰeydʰ-,,28,780
[Norwegian Bokmål] fe [Norwegian Nynorsk] fe [Icelandic] fé [Swedish] fä [German] Vieh [Pennsylvania German] Vieh [Spanish] feudo [Danish] fæ [Faroese] fæ [Bengali] পশু [Luxembourgish] Véi [German] Viech [Cebuano] pasongan [Cebuano] pasong [Yiddish] פֿיך [Kannada] ಹಸು [Old Kannada] ಪಸು [Alemannic German] Vëh [Alemannic German] Vee [Occitan] fèu [Cimbrian] viighe,*péḱu,,21,781
[Romansch] never [Istro-Romanian] ne [Catalan] neu [Galician] neve [Portuguese] neve [Norman] né [English] névé [Italian] nevicare [Asturian] nieve [Spanish] nieve [Romagnol] név [French] neiger [Aragonese] nevar [Asturian] nevar [Catalan] nevar [Galician] nevar [Occitan] nevar [Old Spanish] nevar [Portuguese] nevar [Spanish] nevar [Dalmatian] nai [Sicilian] nivi [Aragonese] nieu [Aromanian] niau [Occitan] nèu [Walloon] nive [Aragonese] nebar [Venetian] nevegar [Aromanian] neao [Old French] negier [Romansch] neiver [Romansch] naiver [Aromanian] neauã [Ladin] nëif [Friulian] nêf [Friulian] neveâ [Old Spanish] nieue [Translingual] Nix Olympica [Bourguignon] noige [Aromanian] aneauã [Romagnol] néva,*snéygʷʰs,,41,782
[Indonesian] kayak [Pali] ka [Braj] को [Phalura] koó [Dhivehi] ކާކު,*kʷós,,5,783
[Danish] sex [Norwegian Bokmål] sex [Norwegian Nynorsk] sex [Slovak] sex [Cebuano] seks,*séksus,,5,784
[Aragonese] au [Catalan] au [Catalan] oca [Italian] oca [Romansch] oca [Sardinian] oca [Spanish] oca [Italian] uccello [Tagalog] aba [Translingual] Avicula [English] avifauna [Galician] ave [Galician] ave [Interlingua] ave [Kabuverdianu] ave [Old Portuguese] ave [Portuguese] ave [Portuguese] ave [Portuguese] ave [Spanish] ave [English] aviation [Portuguese] avião [Romansch] ocha [French] autruche [Norman] autruche [French] oiseau [Mirandese] abe [French] oie [Old French] oie [Italian] avocetta [Sicilian] aceddu [Kabuverdianu] avi [Catalan] ocell [Occitan] auca [Romansch] auca [Occitan] aucèl [Armenian] հավ [Esperanto] aviado [Old French] oisel [Italian] augello [Mauritian Creole] zwazo [Seychellois Creole] zwazo [English] avicolous [Norman] weze [Greek] οιωνός [Romansch] utschè [Norman] ouaîsé [Venetian] oseo [Venetian] oxeło [Middle French] oizeau [Romanian] aușel [Norman] ouaie [Walloon] oujhea [Norman] ouésé [Norman] ouaïe [Dalmatian] jauca [Welsh] estrys [Neapolitan] auciello [Gallo] ouézai [Norman] ouaîthé [Assamese] বি- [Bengali] বি- [Friulian] uciel [Istriot] uzai [Istriot] uoca [Friulian] ocje [Dutch] avi- [Norman] ouée [Romansch] utschel [Romansch] utschi [Spanish] avíape [Ido] aviaco [Ligurian] öca [Translingual] Vegavis [Ligurian] öxéllo [Translingual] Avemetatarsalia [Leonese] ouca [Spanish] aviano [Corsican] acellu [Friulian] ucel [Sardinian] achedda [Marathi] वैतागणे [Polish] awio-,*h₂éwis,,83,785
[Irish] saor [Scottish Gaelic] saor [Manx] seyr,*sapiros,,3,786
[Irish] saor [Scottish Gaelic] saor [Spanish] sabio [Manx] seyr,*sap-,,4,787
[English] links [Scots] links [English] lynchet [English] linch [English] Lingwood [English] Malvern Link,*kleng-,,6,788
[Romani] kana [Marathi] केव्हा,*kʷodéh₂,,2,789
[Asturian] ca [Galician] ca [Romanian] ca [Spanish] ca [Sassarese] chi [Middle French] que [French] à quia,*kʷih₂,,7,790
[Norman] co [Middle English] coupe [Dutch] coup [French] coup [English] coppice [English] glaive [Old French] glaive [Asturian] golpe [Galician] golpe [Portuguese] golpe [Spanish] golpe [English] clastogenic [Indonesian] kup [Italian] colpo [English] clavate [Spanish] gladio [Ido] glavo [Catalan] esglaiar [Old French] colp [Old Occitan] colp [Greek] κλάσμα [Old French] colper [Greek] κλάνω [Swedish] glav [English] alloclasite [Greek] κόλαφος [Old French] copeiz [Italian] ghiado [English] trichoclasis [Norwegian Nynorsk] lunn,*kelh₂-,,30,791
[Norman] co [Galician] colo [Portuguese] colo [Norman] ko [French] cou [English] col [Dutch] col [French] col [Middle French] col [Old French] col [Italian] collo [Esperanto] kolo [Aragonese] cuello [Old Spanish] cuello [Spanish] cuello [Catalan] coll [Norman] collet [Occitan] còu [Dalmatian] cual [Swedish] kolli [Polish] kolia [Romanian] colan [Hungarian] dekoltázs [Sicilian] coddu [Scottish Gaelic] coilear [Venetian] coło [Norman] colyi [Neapolitan] cuollo [Portuguese] colete [Friulian] cuel [Irish] coiléar [Cebuano] kwelyo [Occitan] còl,*kʷolso-,,33,792
[Corsican] ti [English] tee [Corsican] tè [Taos] téne,*twé,,4,793
[Mauritian Creole] ti [English] id [English] ide [Romansch] stad [Danish] øgle [Norwegian Bokmål] øgle [Norwegian Nynorsk] øgle [Romansch] sted [Romansch] stà [English] Etna [Italian] Etna [Portuguese] Etna [Old French] esté [Icelandic] eðla [Piedmontese] istà [English] aethogen [English] Aetna [Dalmatian] instuat [Greek] Αίτνα [Louisiana Creole French] èté,*h₂eydʰ-,,20,794
[Kalasha] ar [Danish] ål [Icelandic] alur [Hindi] आरा [Vaghri] આર [Magahi] 𑂄𑂩𑂲,*h₁ólos,,6,795
[Old Portuguese] ar [English] re- [Catalan] re- [Esperanto] re- [French] re- [Hungarian] re- [Interlingua] re- [Norman] re- [Norwegian Bokmål] re- [Norwegian Nynorsk] re- [Occitan] re- [Portuguese] re- [Spanish] re- [English] recommend [English] redress [English] relent [English] repast [Old French] repast [English] refrain [English] recompense [Spanish] regatear [Spanish] rebuznar [Portuguese] reiterar [Spanish] repujar [Spanish] renegar [Spanish] recinto [Crimean Tatar] reaktsiya [Crimean Tatar] reanimatsiya [Crimean Tatar] rekonstruktsiya [Crimean Tatar] repatriatsiya [Crimean Tatar] reproduktor [Galician] recomendar [Portuguese] recomendar [Spanish] recomendar [Dutch] her- [Spanish] reconstruir [Italian] ri- [Norwegian Bokmål] refreng [Norwegian Nynorsk] refreng [Romansch] returner [French] ré- [English] retroussé [Spanish] recuadrar [Portuguese] refrão [Romanian] răs- [English] revigorate [English] renay [Norman] r'penti [Romansch] retuornar [Romansch] returnar [Galician] arremedar [Galician] recear [Ido] remonstrar [Istriot] racumandà [Spanish] arrepentirse [Norman] r'- [Cebuano] rekomendar [Spanish] recatar [Galician] relustro [Galician] refollo [Italian] ra- [Aromanian] arsar [Galician] refucir [Galician] reconstruír,*ure-,,64,796
[Scottish Gaelic] ar [Irish] ár [Scottish Gaelic] oir,*n̥serōm,,3,797
[Scottish Gaelic] na [Asturian] nave [Galician] nave [Spanish] nave [Spanish] nave [French] nef [Middle French] nef [Old French] nef [French] nacelle [Galician] nao [Spanish] nao [Armenian] նավ [Scottish Gaelic] no [Tok Pisin] nevi [Portuguese] aeronave [Aragonese] nau [Catalan] nau [Occitan] nau [Irish] nó [Irish] nae [Ido] navo [Ido] navo [Ido] navo [Romanian] naie [Georgian] ნავი [Marathi] नाव [Old French] nacele [English] nauscopy [Friulian] nâf [German] Naue [Lepcha] ᰍᰟᰲᰦ [Bengali] নাও [Bengali] নাও [Sylheti] ꠘꠣꠅ [Kabuverdianu] naviu [Kannada] ನೌಕೆ,*néh₂us,,36,798
[Chavacano] si [Papiamentu] si [Limburgish] si si [Limburgish] sisi,*sébʰye,,4,799
[Kabuverdianu] si [Papiamentu] si [Portuguese] si [Portuguese] sim,*so,,4,800
[Tok Pisin] si [Armenian] հիանալ [Japanese] シーチキン,*sh₂ey-,,3,801
[Kalasha] se [Pnar] hajar [Rohingya] házar [Hindi] सो [Garhwali] सु [Kashmiri] सु [Kashmiri] سُہ [Bengali] হে [Avar] азарго [Chechen] эзар,*sm̥-,,10,802
[Dutch] deuterium [Greek] δέω [Translingual] Deuteromycota [Greek] δεύτερος [Esperanto] deŭterio [Greek] δένω,*dews-,,6,803
[English] pot [English] potsherd [English] pothole,*budnós,,3,804
[English] pot [French] pot [Norman] pot [Hausa] po [English] potsherd [Portuguese] pote [Portuguese] pote [English] putty [Galician] pota [Kabuverdianu] póti,*budn-,,10,805
[Latvian] krona [Lithuanian] krona [Slovak] króna [Galician] coroa [Portuguese] coroa,*kor,,5,806
[English] terminal [Catalan] terminal [Cebuano] terminal [French] terminal [Indonesian] terminal [Norwegian Bokmål] terminal [Norwegian Nynorsk] terminal [Polish] terminal [Portuguese] terminal [Spanish] terminal [English] term [Indonesian] term [Norwegian Bokmål] term [Norwegian Nynorsk] term [Irish] droim [French] terminus [Romanian] terminus [Catalan] terme [French] terme [English] terminus ante quem [Romanian] țărm [Dutch] termijn [Cebuano] termino [Esperanto] termino [Ido] termino [Tagalog] termino [Italian] termine [Scottish Gaelic] druim [Finnish] termi [Italian] terminale [German] Termin [Old English] termen [Galician] termo [Portuguese] termo [Czech] termín [Dutch] terminologie [Danish] termin [Swedish] termin [Bulgarian] термин [Serbo-Croatian] термин [Danish] terminologi [Norwegian Bokmål] terminologi [Norwegian Nynorsk] terminologi [Manx] dreeym [Irish] téarma [English] termon [Kazakh] терминология [Kazakh] терминал [Welsh] terfyn [Kazakh] терминография [English] terminalian,*térmn̥,,51,807
[English] tar [Yola] tar,*dérwom,,2,808
[English] tar [Yola] tar [Middle English] ter [Aukan] taa [Middle English] teer,*derwo-,,5,809
[Tok Pisin] stilim [English] sterile [Italian] sterile [English] stereo [Italian] stereo [Cebuano] torpedo [Norwegian Bokmål] torpedo [Norwegian Nynorsk] torpedo [Italian] stero [English] stereo- [Polish] stereo- [English] stere [Portuguese] estéril [Spanish] estéril [Finnish] steriili [Turkish] torpido [Ukrainian] стереотип [Indonesian] steril [Norwegian Bokmål] steril [Norwegian Nynorsk] steril [Catalan] estèril [Greek] στειρώνω [Latin] cholesterolum [Esperanto] sterila [Hungarian] sztereoszkóp [Greek] στείρος [Greek] στείρωση [French] stéréo- [Kazakh] стерадиан [Hungarian] sztereotípia [Polish] sterylny,*ster-,,31,810
[English] Arcadia [Spanish] Arcadia [English] arrow [Bislama] ara [English] Arcady [English] Acadia [Icelandic] ör [Portuguese] Arcádia [Faroese] ørvur [Faroese] ørv [Middle English] arewe,*h₂érkʷo-,,11,811
[Italiot Greek] ce [Greek] και [Greek] κάτι [Mariupol Greek] ки [Tsakonian] τσαι [English] octakaidecahedron,*ḱm̥t-,,6,812
[Catalan] ho [Catalan] hoc [Old Occitan] oc [Awadhi] हि [Occitan] òc [Romanian] încoace [Romanian] auace [Dalmatian] cauc [Aromanian] aoatsi [Megleno-Romanian] ạncoatsi,*gʰe,,10,813
[Guinea-Bissau Creole] po [Guinea-Bissau Creole] pe [Chavacano] palo [Galician] pau [Portuguese] pau [Kabuverdianu] pó [Papiamentu] palu [English] Palo Pinto County,*peh₂ǵ-slos,,8,814
[Norwegian Bokmål] la [Norwegian Nynorsk] la [Swedish] lada [Westrobothnian] lada [Danish] lade [Danish] lade [Norwegian Bokmål] lade [Norwegian Nynorsk] lade [Finnish] ladata [English] Lade [Irish] lasta [Icelandic] hlaða [Italian] clero [Portuguese] clero [Spanish] clero [English] laith [Swedish] ladda [Polish] kler [German] Klerus [Westrobothnian] lädi [Westrobothnian] lödu [English] Latham [Indonesian] klerus [Japanese] ラス一,*kleh₂-,,24,815
[Tok Pisin] huk [English] chang [Esperanto] hoko [Georgian] ჭანგი [Tok Pisin] hukim [Mon] စံၚ်,*kog-,,6,816
[Aromanian] am [English] aver [Interlingua] haber [Spanish] haber [Irish] gabh [Scottish Gaelic] gabh [Scottish Gaelic] gobhlach [Armenian] գոտի [Armenian] կոպ [Irish] gabhal [Scottish Gaelic] gobhal [Manx] gow [Walloon] aveur [Catalan] gavot,*gʰeh₁bʰ-,,14,817
[English] sole [Finnish] sooli,*swol-,,2,818
[Aromanian] vache [French] vache [Middle French] vache [Old French] vache [Corsican] vacca [Italian] vacca [Romansch] vacca [Sardinian] vacca [Sicilian] vacca [Romanian] vacă [Aragonese] baca [English] vaccination [Mauritian Creole] vas [Seychellois Creole] vas [Papiamentu] baka [Papiamentu] baka [Aragonese] vaca [Asturian] vaca [Catalan] vaca [Dalmatian] vaca [Galician] vaca [Piedmontese] vaca [Portuguese] vaca [Spanish] vaca [Venetian] vaca [English] vachery [Paraguayan Guaraní] vaka [Paraguayan Guaraní] vaka [Sardinian] bacca [Ladin] vacia [Classical Nahuatl] huacax [Eastern Huasteca Nahuatl] huacax [Classical Nahuatl] vacas [English] vacher [French] vacher [Kazakh] вакцинация [Choctaw] waak [Romanian] văcar [Portuguese] vaqueiro [Romansch] vacha [Romansch] vatga [Navajo] béégashii [Aromanian] vacã [Cahuilla] vaaka' [Friulian] vacje [Walloon] vatche [Aromanian] vãcar [Romanian] văcăreață [Aromanian] vãcãreatsã [Italian] vaccareccia [Pipil] wakash [Picard] vake [English] vacci- [Spanish] vaqueriza [Alemannic German] Wagge [Ligurian] vàcca [Bourguignon] vaiche [Hopi] waakasi [Central Huasteca Nahuatl] uakax [Kabuverdianu] báka [Mayo] guaacas [Purepecha] uakasï [Papantla Totonac] huá̱cax,*woḱéh₂,,63,819
[Irish] acht [Irish] ach [Scottish Gaelic] ach [Manx] agh,*h₁eǵʰsto-,,4,820
[English] arthropod [English] arthro- [Translingual] Arthropoda [Greek] άρθρο [Catalan] artro- [Galician] artro- [Italian] artro- [Polish] artro- [Portuguese] artro- [Spanish] artro- [Irish] artra- [English] arthrodynia [Translingual] Arthropleuridea [Translingual] Arthrodira [Corsican] artropodu,*-dʰrom,,15,821
[English] macrocosm [Jamaican Creole] maga [English] macro [Louisiana Creole French] mæg [Danish] mager [Norwegian Bokmål] mager [Norwegian Nynorsk] mager [Swedish] mager [English] meager [English] meager [English] macilent [Translingual] Macrocystis [English] meagre [English] meagre [English] marga [Faroese] magur [Icelandic] magur [English] macro- [Catalan] macro- [French] macro- [Italian] macro- [Norman] maigre [Manx] mair [Catalan] magre [Afrikaans] maer [Scottish Gaelic] meur [Dutch] macrokosmos [Latin] macrocarpus [Irish] méar [Old French] meigre [English] macromastia [Translingual] Macrotis [Translingual] Macronectes [Finnish] makro- [Hungarian] makro- [Indonesian] makro- [French] macrocosme [Irish] macra- [Translingual] Macrophthalmus [Latin] macropus [Westrobothnian] mæger [Greek] μακρύς [Translingual] Macroglossus [Portuguese] macrocéfalo [Spanish] macrocéfalo [Old Swedish] magher [Jamaican Creole] mawga [Translingual] Macrodontia [English] macromastic [Middle English] megre [Guinea-Bissau Creole] magru [Kabuverdianu] magru [Kabuverdianu] mógre [Italian] Macrì [Italian] Macrì,*mh₂ḱrós,,55,822
[English] pilot [Dutch] piloot [Italian] pilota [Italian] pilotare [Marshallese] baiļat,*pēd-ó-,,5,823
[Serbo-Croatian] dok [Turkish] dok [Serbo-Croatian] док [Hungarian] dokk [Norwegian Bokmål] dokk [Norwegian Nynorsk] dokk [Portuguese] doca,*dʰeu-k-,,7,824
[English] real [Thai] เรียล,*rēy-,,2,825
[Norwegian Nynorsk] real [English] reification [Sardinian] rese [English] resistentialism [Portuguese] reivindicar,*reh₁ís,,5,826
[English] alter [Indonesian] alter [Bourguignon] autre [French] autre [Old Occitan] autre [Catalan] altro [Ido] altro [Aromanian] alt [Romanian] alt [Ido] altra [Spanish] nosotros [Istro-Romanian] åt [Papiamentu] otro [Papiamentu] otro [Spanish] otro [Friulian] altri [Catalan] altre [Old French] altre [Aromanian] altu [Megleno-Romanian] altu [Asturian] otru [Fala] otru [French] alternatif [Walloon] ôte [Sicilian] àutru [Romansch] oter [Ladin] auter [Romansch] auter [Norman] aut' [Norman] aoute [Dalmatian] jultro [Kabuverdianu] otu [Guinea-Bissau Creole] utru [Ladin] autr [Norman] âote [Mozarabic] ותרי [Friulian] noaltris [Friulian] vualtris,*h₂élteros,,38,827
[English] manifest [Norwegian Bokmål] manifest [Norwegian Nynorsk] manifest [Scots] manifest [Italian] manifesto [French] manifeste [Portuguese] infesto [French] manifester [Spanish] manifiesto [English] infestuous [Georgian] მანიფესტი [Indonesian] manifes,*dʰers-,,12,828
[English] utopia [Finnish] utopia [Italian] utopia [Polish] utopia [Portuguese] utopia [Spanish] utopía [Armenian] ոչ [Czech] utopie [French] utopie [Latvian] utopija [Lithuanian] utopija [English] uchronia [Irish] útóipe [Irish] Útóipe [Icelandic] útópía [Turkish] ütopya [Ukrainian] утопія,*()  kʷid,,17,829
[English] fork [Danish] fork [Dutch] fork [Catalan] forca [Italian] forca [Old English] forca [Portuguese] forca [Scottish Gaelic] forca [Dutch] vork [French] fourche [English] furcate [Esperanto] forko [Ido] forko [Ido] forko [Afrikaans] vurk [Indonesian] porok [Spanish] horca [Middle English] forke [Irish] forc [Scottish Gaelic] forc [Romanian] furcă [Welsh] fforc [Welsh] fforch [German] Forke [Tok Pisin] pok [Norman] frouque [Dalmatian] fuarca [Aromanian] furcã [Galician] forcado [Friulian] forcje [Spanish] forqueta [Romanian] furcătură [Romanian] înfurci [Aromanian] nfurcu [Middle Dutch] vorke [Cebuano] horka [Romansch] furtga [Romansch] fuortga [Romansch] fuorcha [English] furciform [Xhosa] ifolokhwe [Galician] furco [Papiamentu] fòrki [Sranan Tongo] forku [Ligurian] fórca [Maltese] furketta [Norman] fourque [Romagnol] furchèta [Maltese] forka [Ternate] forok,*ǵʰerk(ʷ)-,,50,830
[English] fork [Danish] fork [Dutch] fork [Catalan] forca [Italian] forca [Old English] forca [Portuguese] forca [Scottish Gaelic] forca [Dutch] vork [French] fourche [English] furcate [Esperanto] forko [Ido] forko [Ido] forko [Afrikaans] vurk [Indonesian] porok [Afrikaans] vrug [Spanish] horca [Middle English] forke [Irish] forc [Scottish Gaelic] forc [Romanian] furcă [Welsh] fforc [Welsh] fforch [German] Forke [Tok Pisin] pok [Norman] frouque [Dalmatian] fuarca [Aromanian] furcã [Galician] forcado [Friulian] forcje [Spanish] forqueta [Romanian] furcătură [Romanian] înfurci [Aromanian] nfurcu [Middle Dutch] vorke [Cebuano] horka [Romansch] furtga [Romansch] fuortga [Romansch] fuorcha [English] furciform [Xhosa] ifolokhwe [Galician] furco [Papiamentu] fòrki [Sranan Tongo] forku [Ligurian] fórca [Maltese] furketta [Norman] fourque [Romagnol] furchèta [Maltese] forka [Ternate] forok [Jersey Dutch] vrœxt,*perg-,,52,831
[Greek] ελεύθερος [Norwegian Nynorsk] loden [Danish] lodden [Translingual] Eleutherozoa [Slavomolisano] ljud [English] Luwian [Icelandic] lýður [Norwegian Bokmål] lyd [Norwegian Nynorsk] lyd [English] lith [Faroese] lýð- [Swedish] luden [Romanian] lefter [Westrobothnian] ludin [English] eleutherozoic,*h₁lewdʰ-,,15,832
[Middle English] launce [English] lance [French] lance [Friulian] lance [Old French] lance [Galician] lanza [Maltese] lanza [Spanish] lanza [Italian] lancia [Italian] lanciare [French] lancer [Manx] Lion [Portuguese] lança [Spanish] lanzar [English] Leinster [Portuguese] lancear [Spanish] lancear [Esperanto] lanco [Catalan] llança [Dutch] lans [Greek] λόγχη [Hungarian] lándzsa [Occitan] lançar [Old Portuguese] lançar [Portuguese] lançar [Faroese] lansa [Old Occitan] lansa [Esperanto] lanĉi [Catalan] llançar [Translingual] Lonchura [Asturian] llanzar [Norman] lanchi [Indonesian] lancar [Faroese] lansi [Asturian] llanza [Friulian] slançâ [Polish] lansować [Norwegian Bokmål] lanse [Norwegian Nynorsk] lanse [Middle Irish] Laigin [Irish] Laighin [Indonesian] langsir [Louisiana Creole French] plainde [Sardinian] pianghere,*pleh₂k-,,44,833
[Faroese] gras [Icelandic] gras [Norwegian Bokmål] gras [Norwegian Nynorsk] gras [Swedish] gräs [Danish] græs [Tok Pisin] gre [Norwegian Bokmål] gress [Tok Pisin] grepela [Norwegian Bokmål] abborgress [Norwegian Bokmål] abborgras,*ǵʰreh₁-,,11,834
[Romanian] slogan [Serbo-Croatian] слоган,*slowgʰos,,2,835
[Romanian] slogan [Irish] foghar [Scottish Gaelic] foghar [Czech] Germán [Irish] gair [German] Germane [Scottish Gaelic] gearan [Serbo-Croatian] слоган [Finnish] kurmottaa [Irish] gearán [Galician] garrir,*ǵeh₂r-,,11,836
[English] vague [Catalan] vague [French] vague [French] gai [English] vagary [Galician] vaga [Italian] vago [Portuguese] vago [Spanish] vago [Norwegian Bokmål] vag [Norwegian Nynorsk] vag [Swedish] vag [German] vage [Italian] gaio [Esperanto] svaga [English] gay [Middle French] gay [Dutch] vaag [Norman] dgai,*Hwogos,,19,837
[English] degree [Welsh] gris [English] grade [English] gradual [Indonesian] grad [Norwegian Bokmål] grad [Norwegian Nynorsk] grad [Old English] grad [Romanian] grad [Serbo-Croatian] grad [German] Grad [Asturian] grau [Catalan] grau [Portuguese] grau [Galician] grao [Spanish] grada [Esperanto] grado [Ido] grado [Ido] grado [Spanish] grado [Dutch] graad [French] degré [Old French] degré [Kazakh] градус [Hungarian] grádus [Middle English] gre [Portuguese] degrau [Norman] dégré [Italian] Grado [Welsh] gradd [Czech] gradace [Yiddish] גראַד,*gʰredʰ-,,32,838
[English] doom [Danish] dom [Norwegian Bokmål] dom [Norwegian Nynorsk] dom [Swedish] dom [Danish] -dom [Norwegian Bokmål] -dom [Norwegian Nynorsk] -dom [Swedish] -dom [Russian] дума [Ukrainian] дума [Faroese] dómur [Icelandic] dómur,*dʰóh₁mos,,13,839
[English] plane [Galician] plátano [Portuguese] plátano [Spanish] plátano [Spanish] plátano [Italian] platano [Czech] platan [Norwegian Bokmål] platan [Norwegian Nynorsk] platan [Polish] platan [Romanian] platan [Irish] plána [Catalan] plàtan [Aromanian] paltin [Romanian] paltin [Latin] platanus [French] platane [Russian] платан [Galician] pradairo,*pl̥th₂enós,,19,840
[English] weird [Scots] weird,*wr̥ti-,,2,841
[German] -um [Hungarian] -um [Spanish] -io [English] -ium [Italian] -o [Portuguese] -o [Spanish] -o,*-om,,7,842
[German] -um [Hungarian] -um [Spanish] -io [English] -ium [Italian] -o [Portuguese] -o [Spanish] -o,*-oHom,,7,843
[English] mast [English] mast,*mad(z)do-,,2,844
[Middle Irish] side [Irish] sí [Irish] sí [Manx] shee,*sēds,,4,845
[French] jambe [Old French] jambe [Polish] gambit [Italian] gamba [Italian] scampo [Catalan] cama [Romansch] comba [English] gammon [Norman] gambe [Picard] gambe [Esperanto] gambo [Romanian] gambă [Romansch] chomma [Romanian] gâmba [Romansch] chamma [Romansch] tgomba [Romansch] tgomma [Walloon] djambe [Hindi] कपटी,*kh₂emp-,,19,846
[Afrikaans] net [Danish] net [Faroese] net [Icelandic] net [English] Nassau [English] nasty [Galician] nasa [Spanish] nasa [German] Nass [German] nass [Norwegian Bokmål] nett [Norwegian Nynorsk] nett [Swedish] nät [French] nasse [Luxembourgish] naass [Yiddish] נאַס [Old Swedish] næt [Catalan] nansa [Translingual] Nassa [Translingual] Nassarius [Korean] 넷카마,*ned-,,21,847
[English] bang [Bislama] bang [Swedish] banka [Cebuano] bangs [Icelandic] banga [Danish] banke [Norwegian Bokmål] banke,*bʰen-,,7,848
[English] rectangle [English] rectitude [French] rectitude [Afrikaans] reg [Danish] ret [Danish] ret [Icelandic] réttur [Icelandic] réttur [Swedish] rätt [Swedish] rät [Faroese] rættur [Translingual] R- [Norwegian Bokmål] rett [Norwegian Nynorsk] rett [Westrobothnian] rett [Westrobothnian] rett [Norwegian Bokmål] abandonrett,*h₃reǵtós,,17,849
[English] sine [Latin] sinus [Kalasha] ǰi,*gʷyéH,,3,850
[Irish] sine [Scottish Gaelic] sine [Scottish Gaelic] sine [English] parthenogenesis [Pali] thana [Greek] παρθένος [Manx] sheeiney [Gujarati] થાન [Hindi] थन [Norwegian Nynorsk] partenogenese [Polish] partenogeneza [Oriya] ଥନ,*pstḗn,,12,851
[Catalan] testa [Galician] testa [Italian] testa [Old Occitan] testa [Portuguese] testa [Romansch] testa [Sicilian] testa [Spanish] testa [French] tête [Norman] tête [English] tester [Friulian] teste [Old French] teste [Norman] teet [Occitan] tèsta [Romanian] țeastă [Hungarian] teszt [Walloon] tiesse [Asturian] tiesta [Istriot] tiesta [Leonese] tiesta [Old Spanish] tiesta [Ligurian] tésta,*tₔtḱ-t-,,23,852
[Manx] gear [Aragonese] agro [Old Spanish] agro [Old French] aire [English] eager [English] acrocephaly [Esperanto] acero [Italian] acero [Esperanto] akra [Irish] géar [English] vinegar [Translingual] Acer [Translingual] acro- [English] acro- [Dutch] acro- [Italian] acro- [Spanish] agrio [Scottish Gaelic] geur [Romanian] arțar [English] acrolein [Spanish] agriar [Spanish] arce [French] érable [Indonesian] akronim [English] alegar [French] aigre [Dutch] acroniem [Portuguese] acrograma [Dutch] acryl [Galician] agre [Portuguese] agre [English] acrogynous [English] acromion [French] acromion [Spanish] acromion [Manx] geayr [Manx] geyre [Irish] acra- [French] acrophonie [English] Acroceraunian [Norwegian Bokmål] akro- [Norwegian Nynorsk] akro- [English] acra [Latin] acorum [Translingual] Acrochaetium [Latin] acoros [Latin] acorus [Norwegian Nynorsk] uer [Swedish] uer [Italian] acoro [English] acrotrichium [Irish] aichear [Portuguese] ácer [Greek] άκρος [Ottoman Turkish] اگیر [Marshallese] penkō [Catalan] auró [Kazakh] айыр [Romagnol] àzar [German] Agrest,*h₂ḱrós,,60,853
[Dalmatian] bar [Romansch] beber [Spanish] beber [Middle French] boire [Ladino] bever [Romansch] bever [Manx] iu [Louisiana Creole French] boi [Papiamentu] bebe [Papiamentu] bebe [Romagnol] bé [Spanish] abrevar [Guinea-Bissau Creole] bibi [Haitian Creole] bwè [Kabuverdianu] bebi [Catalan] abeurar [Occitan] abeurar [Romansch] baiver [Romansch] beiber [Gallo] baire [Irish] ibh [Mauritian Creole] bwar [Seychellois Creole] bwar [Haitian Creole] boir,*píph₃eti,,24,854
[English] grandee [Franco-Provençal] grant [Friulian] grant [Old French] grant [English] grand [Bourguignon] grand [French] grand [Middle French] grand [Norman] grand [Occitan] grand [Romansch] grand [Walloon] grand [Asturian] grande [Corsican] grande [Galician] grande [Ladino] grande [Old Portuguese] grande [Portuguese] grande [Spanish] grande [Aragonese] gran [Catalan] gran [Galician] gran [Ladin] gran [Occitan] gran [Old Occitan] gran [Old Portuguese] gran [Dalmatian] grund [English] Grant [Norwegian Bokmål] grill [Norwegian Bokmål] grill [Norwegian Nynorsk] grill [Norwegian Nynorsk] grill [English] grandiose [English] grandeur [Limburgish] grille [Limburgish] grille [Romansch] grond [English] furfur [Finnish] grilli [Finnish] grilli [Luxembourgish] Grill [Luxembourgish] Grill [Luxembourgish] grillen [Luxembourgish] grillen [Istriot] grando [Limburgish] gkrille [Limburgish] gkrille [Limburgish] chrille [Limburgish] chrille [Limburgish] gkrèlle [Limburgish] gkrèlle [Limburgish] grèlle [Limburgish] grèlle [Limburgish] chrèlle [Limburgish] chrèlle [Sicilian] granni [Manx] tree-chroamatagh [Esperanto] grandioza [Norman] grànd [Romansch] grànd [Gallo] graund [Norman] graund [Kazakh] зерзат [Russian] Зарема [Norwegian Bokmål] grilldress [Norwegian Bokmål] grilldress [Esperanto] groco [Scottish Gaelic] Grannd,*gʰer-,,68,855
[German] englisch [French] angliche [Indonesian] Inggris [Tok Pisin] Inglis [Tok Pisin] inglis [French] Angliche [Central Atlas Tamazight] ⵜⵉⵏⴳⴻⵍⵉⵣⵜ,*h₂enǵʰ-,,7,856
[English] Liguria [Italian] Liguria [Polish] Liguria [Spanish] Liguria [Latin] ligustrum [Venetian] Łiguria [Portuguese] levístico [Spanish] levístico [Portuguese] Ligúria,*(s)leyg-,,9,857
[English] temple [Catalan] temple [Old Spanish] temple [Serbo-Croatian] templar [Italian] templo [Italian] templare [English] Templar [Italian] tempio [Italian] tempio [Irish] teampall [German] Tempel [Afrikaans] tempel [Danish] tempel [Dutch] tempel [Norwegian Bokmål] tempel [Norwegian Nynorsk] tempel [Swedish] tempel [Italian] templario [English] Knight Templar [Romanian] întâmpla [Romanian] tâmplă [Manx] çhiamble [Serbo-Croatian] темплар [Marshallese] tampeļ [Welsh] teml,*templom,,25,858
[English] Manila [German] Manila [Italian] Manila [Portuguese] Manila [Spanish] Manila [Hindi] नीला [Indonesian] nila [Spanish] añil [Bulgarian] лилав [Assyrian Neo-Aramaic] ܡܝܠܐ [Tagalog] Maynila [Indonesian] nilam [Persian] نیل [Pali] nīla [Bhojpuri] नील [Hindi] नील [Pashto] نيلي [Kalasha] níḷa [Mongolian] нил [English] Nila [Dhivehi] ނޫ [Marathi] नेणे [Arabic] نيل [Marathi] निळा [Marathi] निळे [Malayalam] നീലം [Urdu] نیلا [Phalura] níilu [Malayalam] നീല,*neyH-,,29,859
[Polish] Milan [Czech] milý [Rusyn] милый [Italian] Milena [Polish] Milena [Belarusian] мілы,*meyl-,,6,860
[English] tapas [Scottish Gaelic] teth [Persian] تاوه [Manx] çheh [Indonesian] aftab [Arabic] طواية [Marathi] तावणे [Saraiki] تاوݨ [Varhadi] तावनं [Old Marathi] 𑘝𑘰𑘪𑘜𑘹 [Sinhalese] තවනවා,*tep-,,11,861
[English] pat [Middle English] platten,*blod-,,2,862
[Aromanian] pat [Portuguese] padecer [Spanish] padecer [Maltese] bata [Italian] patire [Serbo-Croatian] patiti [Galician] paixón [Romanian] păți [Portuguese] paixão [Aromanian] pãtsãscu [Albanian] pësoj [Old Portuguese] paixon [Friulian] patî [Maltese] b-t-j,*ph₁-tós,,14,863
[Romanian] pat [Romanian] pact [Spanish] patio [Italian] patto [Old Spanish] pecho [Catalan] pati [Indonesian] pak [Galician] peito [German] Pacht [Spanish] empatar [Catalan] pacte [Maltese] patt [Polish] pakt [Italian] impattare [Dutch] pacht [Czech] fér [Hungarian] paktum [German] Pakt [Portuguese] pátio [Old Spanish] pechar [Spanish] pechar [Spanish] pechero,*peh₂ḱ-,,22,864
[Tok Pisin] skin [Faroese] hind [Norwegian Bokmål] hinne [Norwegian Nynorsk] hinne [Finnish] skini [Danish] hinde [Danish] hinde [Swedish] hinna [Maroon Spirit Language] sikin [Korean] 스킨십,*sken-,,10,865
[English] destiny [Dalmatian] destinur,*stnéh₂ti,,2,866
[English] fate [German] Fee [Yiddish] פֿעע,*bʰéh₂ti,,3,867
[English] puer [English] pooh [Catalan] pudir [Swedish] foula [French] pourrir [English] pyaemia [Spanish] empiema [Irish] othar [Scottish Gaelic] othar [Scottish Gaelic] othar [Latin] pyogenes [Occitan] poirir [Romanian] puți [Galician] podre [Portuguese] podre [Spanish] podre [Italian] putrire [Greek] πύον [Papiamentu] putrí [Guinea-Bissau Creole] podri [Kabuverdianu] podri [Welsh] pwdr,*puH-,,22,868
[Hunsrik] puer [Malay] puri [Esperanto] pia [Spanish] purina [Translingual] Ptyonoprogne [Georgian] ფანქარი [Uyghur] پاك [Prakrit] 𑀧𑀼𑀡𑀇 [Kazakh] пәк [Khowar] پھُونىک,*pewH-,,10,869
[English] glass [English] glaze [Afrikaans] glas [Danish] glas [Faroese] glas [Icelandic] glas [Swedish] glas [Indonesian] gelas [West Makian] gelas [Scots] gless [English] Glasscock [Marshallese] kilaj [Marshallese] kilaaj,*ǵʰel-,,13,870
[Irish] fan [Scottish Gaelic] fan,*h₂énh₁ti,,2,871
[West Frisian] fan [North Frisian] foon [Saterland Frisian] fon,*h₂pó,,3,872
[English] barbarian [Bikol Central] bobo [Portuguese] bobo [Spanish] bobo [Tagalog] bobo [English] Barbara [French] Barbara [Hungarian] Barbara [Polish] Barbara [Ladino] bovo [English] booby [English] barbarous [Greek] βάρβαρος [English] Berber [German] Berber [Irish] balbh [Scottish Gaelic] balbh [Italian] balbo [Arabic] بربري [Italian] barbaro [Galician] bárbaro [Portuguese] bárbaro [Spanish] bárbaro [Italian] balbettare [Norman] barbare [Hungarian] barbár [Polish] barbaria [Catalan] babau [Latin] barbarus [Danish] barbar [Indonesian] barbar [Norwegian Bokmål] barbar [Norwegian Nynorsk] barbar [Serbo-Croatian] barbar [Swedish] barbar [Turkish] barbar [Russian] бербер [Manx] Barbrey [Serbo-Croatian] барбар [Romanian] bâlbâi [Catalan] balb [Old Irish] balb [Dutch] barbaar [Galician] bouba [Cimbrian] balbatar [Russian] Варвара [Irish] Bairbre [Polish] barbarzyńca [Greek] Βαρβάρα [Polish] barbarzyniec,*balb-,,50,873
[English] Brindisi [Italian] Brindisi [Portuguese] Brindisi,*bʰrendos,,3,874
[English] pole [Dutch] pool [English] telephone [Indonesian] acara [English] tele- [Basque] tele- [Catalan] tele- [Czech] tele- [Hungarian] tele- [Norwegian Bokmål] tele- [Norwegian Nynorsk] tele- [Albanian] telefon [Azerbaijani] telefon [Faroese] telefon [Galician] polo [Ido] polo [Italian] polo [Portuguese] polo [Spanish] polo [Irish] pol [Esperanto] telefono [English] quilt [English] counterpoint [Luxembourgish] Pol [Serbo-Croatian] пол [English] paleo- [Esperanto] paleo- [Indonesian] cara [Malay] cara [Galician] colcha [Portuguese] colcha [Greek] τέλος [Kazakh] телефон [Russian] телефон [English] sericulture [Polish] telomer [Walloon] couler [Hebrew] טלוויזיה [English] quoit [English] telophase [English] telomere [Polish] telepatia [Afrikaans] kolonel [Icelandic] póll [Czech] pól [Japanese] コロン [French] pôle [Greek] παλιός [English] telencephalon [French] couette [Afrikaans] kultuur [Tok Pisin] kalsa [Polish] teleologia [Dutch] teleologie [Tok Pisin] koloni [Polish] kołdra [Kazakh] телеграф [Czech] telegraf [Dutch] paleontoloog [English] telestial [English] telestial [English] telestich [Greek] πλήμνη [Armenian] էղնել [French] polaire [American Sign Language] C@NearFinger-PalmForwardHandUp-1@CenterChesthigh-FingerUp RoundHoriz C@NearFinger-PalmBackHandUp-1@CenterChesthigh-FingerUp [Latin] polus [Serbo-Croatian] polaran [Hebrew] טלויזיה [Haitian Creole] kilti [German] Teleologie [Portuguese] telescópico [Spanish] telescópico [Serbo-Croatian] polarni [Serbo-Croatian] поларни [Serbo-Croatian] поларан [Irish] pailé- [French] paléo- [Welsh] cylched [Norman] téléphône [Norwegian Nynorsk] kvilt [Italian] coltrice [Asturian] coxín [Translingual] Palaeosaurus [Burmese] တယ်လီဖုန်း [Telugu] టెలిఫోను [Cebuano] kutson [Old French] coilte [Latin] telegraphum [Latin] telephonum [Thai] โคโลญ [Translingual] Palapteryx [Pitcairn-Norfolk] kulchur [Translingual] Telerpeton [French] couilte [Translingual] Palaeotherium [Indonesian] cultuurstelsel [Occitan] pòl [Kazakh] телеология [Maltese] kutra [Marshallese] talboon [Galician] cócedra [Afar] telfoon [Finnish] pooli [English] teleophobia [German] Teleophobie [Kazakh] палеобиология [Kazakh] палеогеография [Kazakh] теломера [Indonesian] telekomunikasi [German] Kolter [Kazakh] палеоклиматология [Catalan] politja [Irish] clupaid [Indonesian] kolumnis [Middle English] quilte,*kʷel-,,116,875
[Afrikaans] wat [Kriol] wot [Norwegian Bokmål] hva [Hebrew] ווסווסים [Tok Pisin] wataim [Jersey Dutch] wāt,*kʷód,,6,876
[Friulian] font [English] fund [Romanian] fund [Catalan] fons [Occitan] fons [Romansch] fons [English] fond [Danish] fond [French] fond [Ladin] fond [Norwegian Bokmål] fond [Norwegian Nynorsk] fond [Romanian] fond [Catalan] fondo [Galician] fondo [Italian] fondo [Spanish] fondo [Asturian] fondu [Basque] ondo [Aromanian] fundu [Spanish] hondo [English] honda [Spanish] hondura [Esperanto] fundo [Portuguese] fundo [Tagalog] pondo [Romansch] funs [Esperanto] fono [Romanian] înfunda [Cebuano] pundo [Romansch] fuond [Romansch] fùns [Romansch] fuonz [Aromanian] afundu [Galician] afondar [Luxembourgish] Fong [Cebuano] pundiyo [Italian] sfondolare,*bʰudʰ-(m)n-o-s,,38,877
[English] Toki Pona [Tok Pisin] tok [Esperanto] colo [Sranan Tongo] taki [Serbo-Croatian] цол [Slovak] cól,*dol-,,6,878
[English] limb [Norwegian Bokmål] lin [Norwegian Nynorsk] lin [Middle English] lim [Middle English] lym [Middle English] lime [Middle English] lyme [Asturian] llinu [Middle English] leome,*lei-,,9,879
[English] grain [Tok Pisin] kon [English] corn [English] corn [Middle English] corn [Scots] corn [Scots] corn [English] grange [Norman] grange [Old French] grange [English] granule [Lombard] gera [Portuguese] grana [Danish] korn [Faroese] korn [Icelandic] korn [Norwegian Bokmål] korn [Norwegian Nynorsk] korn [Swedish] korn [Dutch] grein [Portuguese] granito [English] granger [Dalmatian] grun [Corsican] granu [Kazakh] гранит [Finnish] graani [English] graniform [Portuguese] grânulo [Portuguese] leira [Middle French] granche [Catalan] llera [Afrikaans] koring [Spanish] glera [Yola] koorn [Yola] koorn [Yola] gryne [Marshallese] ko̧o̧n [Marshallese] ko̧o̧n [English] Corney [Icelandic] granít [Middle English] graunge [English] Cornhill,*ǵr̥h₂nóm,,42,880
[Norwegian Bokmål] drone [Norwegian Nynorsk] drone [German] Drohne [Azerbaijani] dron [Macedonian] дрон,*dʰrēn-,,5,881
[English] soporific [Czech] spát [Romanian] sopor [French] assouvir [Swedish] sömn [French] soporifique [Portuguese] soporífico [Spanish] soporífico [Catalan] ensopir [Kazakh] құтпан,*swep-,,10,882
[English] in- [English] en-,*indʰro-,,2,883
[English] turn [English] turn [Alemannic German] Turner [Latin] tornus [Walloon] tourner [Galician] tornar [Galician] torno [Middle English] turnen [Spanish] destornillador [Spanish] tornillo [Spanish] desatornillar [Polish] turnus,*tórnos,,12,884
[English] tern [Spanish] tejo [Faroese] terna [Faroese] terna [Faroese] terna [Italian] tasso [French] sterne [Bulgarian] тека [Corsican] tassu [Norwegian Bokmål] terne [Norwegian Nynorsk] terne [Translingual] Taxus [French] tâter [Esperanto] taksuso [Ido] taxuso [Icelandic] þjá [Swedish] tärna [Swedish] tärna [Swedish] tärna [Galician] teixo [Portuguese] teixo [Asturian] texu [German] Deern [Translingual] Taxodium [Norwegian Nynorsk] tjå [Westrobothnian] tjå [Irish] teith [Westrobothnian] tjeen [Icelandic] þerna [Icelandic] þerna [Arabic] طخش [Translingual] Cephalotaxus [Old Norse] -þér [Catalan] teix,*tekʷ-,,34,885
[Italian] zabaione [Portuguese] zabaione [English] zabaglione [Spanish] savia [Swedish] sav [Italian] sapa [Occitan] saba [Sardinian] saba [Norman] sève [English] sabayon [French] sabayon [Old French] seve [French] zambajon [Aragonese] sapia,*sab-,,14,886
[English] Brabant [Dutch] Brabant [Romanian] Bărăbanț,*bʰonHdeₕ₂-,,3,887
[English] pneumoconiosis [English] pneumatolysis [English] neume [Translingual] Amphiuma [English] pneumato- [Portuguese] pneumática,*pnéwmn̥,,6,888
[French] los [Friulian] laud [Galician] lodo [Portuguese] lodo [Spanish] lodo [Catalan] llot [Italian] loto [Aromanian] lut [Romanian] lut [English] loos [Italian] lauda [English] lues [Finnish] lues [Serbo-Croatian] lues [English] losenger [English] illutation [Spanish] lisonja [Serbo-Croatian] луес,*lew-,,18,889
[Pitcairn-Norfolk] mien [English] mechanism [German] Mechanismus [French] mécanisme [Armenian] մեքենա [Danish] maskine [Irish] smacht [Kazakh] механизм [Spanish] mecanografía [Spanish] mecanógrafo [Indonesian] mekanisme [Catalan] mecanisme [Dutch] mechanisme [Cebuano] madyik [Norwegian Nynorsk] umage [Korean] 메인트 [Romanian] mecanism [Welsh] mecanism [Lithuanian] mechanizmas,*megʰ-,,19,890
[English] Brent [Danish] barm [English] brant [Faroese] barmur [Icelandic] barmur [Northern Sami] bárbmu,*bʰren-,,6,891
[English] arc [Catalan] arc [French] arc [Friulian] arc [Irish] arc [Occitan] arc [Old French] arc [Romanian] arc [English] arch [English] arcade [English] archer [French] archer [Galician] arqueiro [Old Portuguese] arqueiro [Portuguese] arqueiro [Galician] arco [Italian] arco [Portuguese] arco [Spanish] arco [English] arbalest [Danish] ark [Icelandic] ark [Middle English] ark [Norwegian Bokmål] ark [Norwegian Nynorsk] ark [Swedish] ark [English] arc- [Esperanto] arko [English] arson [Aromanian] arcu [Asturian] arcu [Sicilian] arcu [German] Erker [French] arçon [Old French] arçon [Latvian] arka [Lithuanian] arka [German] Armbrust [French] arche [Old Spanish] arquero [Spanish] arquero [Italian] arcione [French] arbalète [English] arciform [Polish] arcosolium [Kazakh] арбалет [Old French] archier [Romanian] arcar [Venetian] arconbè [English] archivolt [Esperanto] arkado [Asturian] arqueru [Indonesian] arku [English] gonarcus [Alemannic German] Armbruscht [Spanish] arzón [Old Occitan] arquier [Indonesian] arkade [English] arculus [Icelandic] örk [Norwegian Bokmål] A4-ark [Kazakh] арксинус [Kazakh] арктангенс [Russian] арктангенс [Kazakh] арккосинус [Russian] арккосинус [Kazakh] арккотангенс [Kazakh] арксеканс [Kazakh] арккосеканс [Norwegian Bokmål] A3-ark [Norwegian Bokmål] A5-ark [Norwegian Bokmål] A5-papir [Polish] arkosolium,*h₂erkʷos,,73,892
[English] barber [Indonesian] barber [Polish] barber [French] barbe [Friulian] barbe [Middle French] barbe [Norman] barbe [Old French] barbe [Welsh] barf [Norwegian Nynorsk] bard [Esperanto] barbo [Aragonese] barba [Asturian] barba [Catalan] barba [Corsican] barba [Emilian] barba [Galician] barba [Italian] barba [Occitan] barba [Piedmontese] barba [Portuguese] barba [Romansch] barba [Sicilian] barba [Spanish] barba [Romanian] barbă [English] burbot [Sicilian] babba [Romanian] bărbie [Belarusian] барада [Italian] barbuto [Sicilian] varba [Sicilian] varva [Breton] barv [Cornish] barv [Galician] barbudo [Portuguese] barbudo [Spanish] barbudo [French] barbu [Norman] barbu [Occitan] abarbar [Dalmatian] buarba [Aromanian] barbã [Ligurian] bàrba [Corsican] berba [Emilian] berba [Istro-Romanian] borbĕ [English] barbal [Aromanian] bãrbutã [Emilian] bèrba [English] Broda [Icelandic] barð [Galician] maravalla [Icelandic] Barði [Indonesian] barbir,*bʰardʰéh₂,,54,893
[Polish] farmer [English] farm [English] firm [English] fir [English] terra firma [French] ferme [French] ferme [Middle English] ferme [Old French] ferme [German] Farm [German] Farm [French] firme [Scots] ferm [Crimean Tatar] ferma [Polish] ferma [Polish] ferma [Irish] feirm [Norman] fèrme [Norman] fèrme [Welsh] fferm [Yiddish] פֿאַרם,*perkʷ-,,21,894
[English] penumbra [Portuguese] penumbra [Spanish] penumbra [English] patient [French] peine [English] penannular [Sranan Tongo] pasensi [French] pénombre [Translingual] Paenibacillus [Translingual] paen- [English] peninitial [Catalan] penedir-se,*peh₁-,,12,895
[English] tire [English] retire [Norman] tither [French] tirer [Gallo] tirer [Middle French] tirer,*derH-,,6,896
[Haitian Creole] tire [Tok Pisin] traim [Louisiana Creole French] tiré [Taos] tròki’ína [American Sign Language] T@NearInsideChesthigh-PalmAcross-T@NearInsideChesthigh-PalmAcross T@InsideChesthigh-PalmDown-T@InsideChesthigh-PalmDown [Scottish Gaelic] dreuchd [Scottish Gaelic] duirc [Bislama] trak [Tok Pisin] trak [Chuukese] taraku [Greek] δέρνω [Southeastern Tepehuan] trooka [Ukrainian] трок [Japanese] トロッコ,*der-,,14,897
[Tok Pisin] mit [Swahili] meli [Dutch] mat [French] mat [English] mastodon [English] mina [Indonesian] mina [Greek] μαστός [English] myna [Indonesian] meta [Translingual] Mastodon [Sranan Tongo] meti [English] polymastia [Russian] мат [Kannada] ಮೇಣ [Danish] maile [English] minah [English] mast- [Finnish] mastektomia [Romanian] dezmetici [Polish] amastia [Irish] maígh [English] onychomadesis [Hindi] मैना [Assamese] মইনা [Konkani] मेण [Gujarati] મીણ [English] -mastia [Japanese] メール便 [Balinese] ᬫᬢ᭄ᬢ [Norwegian Bokmål] mastitt [Norwegian Nynorsk] mastitt [Gandhari] 𐨨𐨡𐨣 [Kashmiri] مَدُن,*meh₂d-,,34,898
[English] ox [German] Ochse [Icelandic] uxi [Swedish] oxe [Danish] okse [Norwegian Bokmål] okse [Norwegian Nynorsk] okse [Cimbrian] oks [Westrobothnian] oks [Faroese] oksi [Luxembourgish] Ochs [Yiddish] אָקס [Icelandic] jötunuxi [Luxembourgish] Uess [Central Franconian] Ohs [Scanian] oğse [Telugu] ఉక్షము [Mòcheno] ocks,*uksḗn,,18,899
[Galician] demo [Old Portuguese] demo [Portuguese] demo [English] demon [Dutch] demon [Middle English] demon [Polish] demon [English] daemon [Latin] daemon [Danish] dæmon [Esperanto] demono [Ido] demono [Finnish] demoni [Irish] deamhan [Scottish Gaelic] deamhan [English] daimonic [Greek] δαίμονας [Czech] démon [French] démon [Aromanian] demun [Dalmatian] demun [Norman] dêmon [Czech] démonický [Dutch] demoon [Catalan] dèmon,*deh₂-i-,,25,900
[Catalan] sort [Danish] sort [Norman] sort [Polish] sort [English] service [Catalan] serva [English] heretic [English] hero [Cebuano] hero [Cebuano] hero [English] serum [Dutch] serum [Serbo-Croatian] serum [English] sorb [Romanian] sorb [English] sorcery [English] heroin [Romanian] zer [Latin] heros [Polish] heros [Esperanto] sorto [Cebuano] insert [English] ensorcell [Asturian] suerte [English] Hermes [Catalan] Hermes [Galician] Hermes [Latin] Hermes [Portuguese] Hermes [Swedish] Hermes [English] sorcerer [Spanish] héroe [French] héros [Galician] sorte [English] service tree [Italian] sorta [Serbo-Croatian] sorta [Russian] герой [Norwegian Bokmål] strudel [Spanish] sortear [Italian] sorbo [Italian] sorba [Esperanto] serio [Irish] searbh [Scottish Gaelic] searbh [Esperanto] heroo [Ido] heroo [Ido] heroo [Faroese] serbi [Finnish] serbi [Galician] heroe [Greek] ήρωας [Spanish] hormona [English] hormesis [Spanish] suero [Spanish] siervo [French] sorcier [Old French] sorcier [Hungarian] hormon [Indonesian] hormon [Italian] orotico [Esperanto] sero [Translingual] Sorbus [Old Spanish] sortija [Spanish] sortija [Serbo-Croatian] серум [Cebuano] seris [Luxembourgish] Zort [Galician] soro [Portuguese] soro [French] sorbier [Norman] chorchi [Aromanian] dzer [Aromanian] dzãr [Aromanian] shar [German] Serum [German] Sorte [Kazakh] гормон [Venetian] sòrt [Istriot] suorto [Dalmatian] suart [Hebrew] שטרודל [Latvian] hormons [Cebuano] sorserer [Cebuano] sorserer [Cebuano] herowina [Picard] soér [German] Zürgel [Galician] sorbeira [Dzongkha] སོདཔ [English] hormic [Maltese] xorta [Maltese] xorti [Yiddish] סאָרט [Old Church Slavonic] Ермии [Old Church Slavonic] Ермисъ,*ser-,,96,901
[Danish] sort [Norwegian Bokmål] sort [German] schwarz [Hunsrik] schwarz [Pennsylvania German] schwarz [Yiddish] שוואַרץ [Scots] swart [German] Schwarz [Pennsylvania German] Schwarz [Faroese] svartur [Icelandic] svartur [Norn] svart [Norwegian Bokmål] svart [Norwegian Nynorsk] svart [Swedish] svart [Vilamovian] świöc [Central Franconian] schwatz [Pennsylvania German] schwatz [Old Swedish] svarter [Westrobothnian] sohtt [Cimbrian] sbartz [Mòcheno] schbòrz [Central Franconian] zjwats [Polish] szwarc,*swordo-,,24,902
[English] front [Dutch] front [Hungarian] front [Old French] front [Polish] front [Catalan] frontal [French] frontal [Galician] frontal [Portuguese] frontal [Spanish] frontal [Asturian] frente [Ladino] frente [Italian] frontale [Italian] fronda [Spanish] fronda [Portuguese] fronde [Sicilian] frunti [Old Occitan] fron [Ladino] פ׳רינטי [Friulian] frind [Dalmatian] fruant [Middle English] frount [Galician] frundío,*bʰrónts,,23,903
[English] front [Dutch] front [Hungarian] front [Old French] front [Polish] front [Catalan] frontal [French] frontal [Galician] frontal [Portuguese] frontal [Spanish] frontal [Asturian] frente [Ladino] frente [Italian] frontale [Italian] fronda [Spanish] fronda [Portuguese] fronde [Sicilian] frunti [Old Occitan] fron [Ladino] פ׳רינטי [Friulian] frind [Dalmatian] fruant [Middle English] frount [Galician] frundío,*bʰron-d-,,23,904
[English] offer [English] oppose [English] epi- [Dutch] epi- [Indonesian] epi- [Polish] epi- [English] optimum [English] epicentre [English] optimist [Dutch] optimist [English] ob- [English] epithelium [English] epinephrine [Galician] optimismo [Spanish] optimismo [Spanish] óptimo [Italian] ottimo [Finnish] optimi [Ingrian] aatto [Finnish] optimaalinen [Urdu] بھی [English] oblatum [Polish] optymista [Dutch] optimisme [Norwegian Bokmål] optimisme [Norwegian Nynorsk] optimisme [Greek] επιτέλους [Galician] optimista [Spanish] optimista [English] opsigamy [Portuguese] otimista [Italian] epifillo [English] epic [English] os- [Portuguese] ótimo [English] epicanthic [Hindi] भी [Hebrew] אופטימי [Spanish] epítopo [Irish] eipi- [Irish] eipilimnian [Latin] epipterygius [English] epichorial [Catalan] òptim [Albanian] epër [Hungarian] optimizmus [Greek] ψες [Translingual] Epeira [Punjabi] ਵੀ [Kazakh] эпидемиология [Russian] эпидемиология [Polish] optymalny [Ukrainian] оптимальний [Dutch] epitheel [Italian] epilacna,*h₁epi,,55,905
[Louisiana Creole French] dis [Portuguese] dizer [Haitian Creole] di [Haitian Creole] dir [Old Occitan] dir [Romansch] dir [Walloon] dire [Louisiana Creole French] dit [Fala] idel [Romansch] gir [Galician] dicir [Hungarian] dizőz [Romansch] deir [Norman] dithe,*déyḱti,,14,906
[English] hoarse [English] hussar [Serbo-Croatian] хусар [Serbo-Croatian] husar [Scots] hairse [Polish] husarz [English] Horscroft,*kers-,,7,907
[Manx] fo [Scottish Gaelic] fo [Tok Pisin] op [Irish] fé [Spanish] sotana [Irish] faoi [Scottish Gaelic] a-nuas [Irish] anuas [Manx] fo- [Scottish Gaelic] fo- [Bengali] উপজেলা [Bengali] উপ- [Irish] ó thuaidh [Irish] ó dheas,*upo,,14,908
[Old French] don [Portuguese] dom [Old French] dun [Irish] dán [Indonesian] dana [Malay] dana [Scottish Gaelic] dàn [Galician] doa [Hindi] दान [Japanese] 旦那 [Sylheti] ꠖꠣꠘ [Balinese] ᬤᬵᬦ,*déh₃nom,,12,909
[Tamil] அங்கம் [Thai] องค์ [Hindi] अंगूठा [Lao] ອົງ [Indonesian] angka [Khmer] អង្គ [Gujarati] અંગૂઠો [Rajasthani] अंगुठौ [Telugu] అంగజ [Telugu] అంగవస్త్రము [Hindi] अंगच्छेद [Hindi] अंगड़ाई [Dogri] ङूठा [Punjabi] ਅੰਗੂਠਾ [Vaghri] આંગ [Vaghri] આંગૂઠો [Mongolian] анги,*h₂eng-,,17,910
[English] juice [Faroese] djús [Icelandic] djús [Translingual] jus soli [English] jus soli [Translingual] jus sanguinis [Slovak] džús [German] Jus [Pali] yūsa [Prakrit] 𑀚𑀽𑀲 [Hindi] जूस,*yúHs,,11,911
[Norwegian Bokmål] juice [Norwegian Nynorsk] juice [Norwegian Bokmål] jus [Norwegian Nynorsk] jus [Tok Pisin] jus [Faroese] djús [Icelandic] djús [Serbo-Croatian] džus [Papiamentu] djus,*yows-,,9,912
[English] hymn [English] hymn [French] hymne,*sh₂em,,3,913
[English] hymn [Polish] hymn [Czech] hymnus [Danish] hymne [French] hymne [Middle English] ymne [Old French] ymne [Hungarian] himnusz [German] Hymne [Uzbek] gimn [Czech] hymna [Galician] himno [Spanish] himno [Armenian] հիմն [Catalan] himne [Maltese] innu [Friulian] imni,*sh₂em-,,17,914
[Old Swedish] mane [Aragonese] mes [Aromanian] mes [Asturian] mes [Catalan] mes [Galician] mes [Lombard] mes [Occitan] mes [Old Occitan] mes [Spanish] mes [Ladin] mens [Dalmatian] mais [Swedish] moona [Sranan Tongo] mun [Tok Pisin] mun [Torres Strait Creole] mun [Norwegian Bokmål] måned [Danish] måne [Norwegian Bokmål] måne [Norwegian Nynorsk] måne [Swedish] måne [Indonesian] masa [Tagalog] masa [Irish] mí [Afrikaans] maand [Afrikaans] maan [Faroese] máni [Icelandic] máni [Bengali] মাস [Sicilian] misi [Interlingua] mense [Manx] mee [Scottish Gaelic] mìos [Persian] ماه [Spanish] menopausia [Spanish] menarquia [Greek] μήνας [Hindi] मास [Antillean Creole] mwa [Haitian Creole] mwa [Polish] menopauza [Sinhalese] මාසය [Malayalam] മാസം [Norwegian Bokmål] amenoré [Norwegian Bokmål] amenore [Assamese] মাহ [Dhivehi] މަސް [Norn] måni [French] mensiversaire [Khowar] مَس [Arabic] ماهية [Oriya] ମାସ,*mḗh₁n̥s,,52,915
[English] glad [Middle English] glad [English] glade [Middle English] glade [Scots] gled [Yola] glaude,*gʰladh-,,6,916
[English] glad [Middle English] glad [English] glade [Middle English] glade [Scots] gled [Yola] glaude,*g̑ʰel-,,6,917
[Afrikaans] Duits [Aragonese] tot [English] tutti [Icelandic] þjóð [Irish] tuath [Scottish Gaelic] tuath [Japanese] ドイツ [Japanese] ドイツ [Korean] 독일 [English] Dutch angle [Scottish Gaelic] tuathanas [Faroese] tjóð [Romanian] totdeauna [Corsican] tuttu [Norman] touot [Vietnamese] Đức [Norwegian Nynorsk] tjod [Swedish] tjod [Scottish Gaelic] Tuath [Scots] thede [English] totipalmate [Chinese] 獨逸 [Russian] чудь [Palauan] Dois [Aukan] Doisii [Gutnish] tjaud [Kabuverdianu] túdu [Guinea-Bissau Creole] tudu [Kabuverdianu] tudu [Jersey Dutch] Däuts,*tewtéh₂,,30,918
[English] mange [Romansch] manger [Italian] mangiare [Romansch] magliar [Romansch] mangiar [Italian] manducare [Italian] manicare [Romansch] maglier [Romansch] magler [Romansch] magliear [Bourguignon] maingé [Bourguignon] migé [Italian] manucare,*menth₂-,,13,919
[German] zwischen [Catalan] bi- [Czech] bi- [Danish] bi- [French] bi- [Galician] bi- [German] bi- [Italian] bi- [Polish] bi- [Portuguese] bi- [Spanish] bi- [Catalan] di- [Dutch] di- [German] di- [Italian] di- [Portuguese] di- [Spanish] di- [Greek] για [French] biscuit [English] diprotodon [Esperanto] bis [French] bis [Italian] bis [Portuguese] bis [Translingual] Dipnoi [Translingual] Diapsida [Greek] δις [English] Dianetics [Latin] dioicus [Icelandic] biskví [Latin] diapente [Latin] diatessaron [Italian] bis- [Spanish] bis- [Albanian] binjak [Kazakh] биатлон [English] dicynodont [Translingual] Diprotodon [English] bipinnaria [English] besaiel [Translingual] bissotwo [Translingual] Dikarya [Translingual] Dicentra [Czech] digraf [Cebuano] biskotso [Galician] birollo [English] diergism [Translingual] Dioecia [Translingual] Diandria [Sicilian] spillonga [Italian] diacodio [Indonesian] biskuit,*dwís,,52,920
[German] Stadt [English] stasis [Afrikaans] stad [English] shtetl [Papiamentu] stat [English] homeostasis [English] stade [Yiddish] שטאָט [Finnish] staasi [French] stase [Norwegian Nynorsk] stase [Khmer] ឋិតិ [Greek] στάση [Hunsrik] xtat [Luxembourgish] Stad [Irish] stáis [Thai] สถิติ [Polish] sztetl [Pali] ṭhiti [Norwegian Bokmål] abasi-astasi [German] Homöostase [Polish] -staza [English] Karl-Marx-Stadt,*stéh₂tis,,23,921
[English] auf [Danish] alf [Swedish] alf [Norwegian Bokmål] elv [Norwegian Nynorsk] elv [Swedish] älva [Norwegian Bokmål] alv [Norwegian Nynorsk] alv [Swedish] alv [Icelandic] álfur [French] elfe [German] Albwin [American Sign Language] A@Center-PalmForward SevenVert [German] Alb [Faroese] álvur,*albʰós,,15,922
[Dutch] slip [Italian] slip [Spanish] slip,*slewb-,,3,923
[Dutch] slip [Italian] slip [Spanish] slip,*sleyb-,,3,924
[Dutch] slip [Italian] slip [Spanish] slip [Romanian] lubric,*slewbʰ-,,4,925
[English] raw [German] roh [Afrikaans] rou [Icelandic] hrjósa [Luxembourgish] réi [Central Franconian] rüh [Swedish] rysa,*krewh₂-,,7,926
[Norman] est [English] austromancy [English] Astley [Translingual] austro- [Italian] austro- [Portuguese] austro- [Dutch] Austronesisch [American Sign Language] E@SideNeckhigh-PalmAcross-E@SideNeckhigh-PalmAcross E@SideNeckhigh-PalmForward-E@SideNeckhigh-PalmForward [Irish] aol [Aromanian] austru [Romanian] austru [English] Easton [English] Austric [Norwegian Nynorsk] austan [Punjabi] ਅਸਟ੍ਰੇਲੀਆ [Middle Irish] áel,*h₂ews-,,16,927
[Norwegian Bokmål] sans [Norwegian Nynorsk] sans [Catalan] sentir [Esperanto] senti [Louisiana Creole French] senti [French] sens [Middle French] sens [Faroese] senda [Icelandic] senda [Norwegian Nynorsk] senda [Walloon] sinti [French] soin [Haitian Creole] santi [Danish] sende [Norwegian Bokmål] sende [Norwegian Nynorsk] sende [Swedish] sända [Scottish Gaelic] seud [Esperanto] senco [Esperanto] senco [English] forcené [French] forcené [Middle French] forcené [French] forcener [Interlingua] besonio [Norman] souongni [Old Swedish] sænda [Westrobothnian] sänn [Irish] seoid [Tok Pisin] sentens [Maltese] ħass [Irish] séad [Irish] séad [Kabuverdianu] xinti [Kabuverdianu] sintí [Yola] zense,*sent-,,36,928
[Romanian] turf [English] topsy-turvy [Georgian] ტორფი,*derbʰ-,,3,929
[English] clitoris [Greek] κλείνω [Greek] κλείω,*kleh₂uyeti,,3,930
[Scots] bury [Norwegian Bokmål] berge [Norwegian Nynorsk] berge [Faroese] bjarga [Icelandic] bjarga [Sranan Tongo] beri [German] Bürge [Dutch] abri [Danish] bjerge [Luxembourgish] Bierg [Russian] небрежный [Westrobothnian] bärg [Swedish] bärga,*bʰergʰ-,,13,931
[Dutch] pool [Swedish] pool,*bōlos,,2,932
[English] grate [Galician] grade [Portuguese] grade [Italian] grata [Spanish] grada [Italian] grissino [French] gressin,*kr̥tis,,7,933
[English] paginate [English] page [English] page [Dutch] page [Dutch] page [French] page [Swedish] page [Papiamentu] pas [Papiamentu] pas [Irish] páiste [Galician] pecho [Italian] pinto [Louisiana Creole French] paix [English] Paige [Spanish] pestillo [Scottish Gaelic] pàisde [Kazakh] пейзаж [Italian] pegno [Portuguese] penhor [Galician] fechar [Portuguese] fechar [Greek] πηγή [Italian] paggio [Haitian Creole] peyi [Manx] paitçhey [Cebuano] paisano [Spanish] paisano [Esperanto] paĝo [Hungarian] pogány [German] pfropfen [Bourguignon] paige [Latin] pessulus [Ido] pagino [Catalan] paisà [Spanish] peño [French] impacter [Ido] pajo [English] pignistic [Galician] pechar [Dalmatian] paiš [Pitcairn-Norfolk] paij [Bourguignon] poiys [Catalan] pestell [Galician] pecheira [Kazakh] пегматит [Sardinian] pinnus,*peh₂ǵ-,,46,934
[Dutch] more [Finnish] mora [Portuguese] mora [Scots] mora [Serbo-Croatian] mora [Spanish] mora [Serbo-Croatian] мора,*mere,,7,935
[English] meek [English] muck [Icelandic] mykja [Faroese] mjúkur [Icelandic] mjúkur [Norwegian Bokmål] mjuk [Norwegian Nynorsk] mjuk [Swedish] mjuk [Danish] myg [Norwegian Bokmål] myk [Old Swedish] miuker,*mewg-,,11,936
[Catalan] ros [Friulian] ros [French] roux [Spanish] rojo [English] rutile [Italian] rosso [Irish] rua [English] Roy [English] Roy [Esperanto] rubidio [Spanish] rubidio [German] Rubidium [English] rowan [Norwegian Nynorsk] raun [Scottish Gaelic] ruadh [Romanian] roșu [Istriot] russo [Kazakh] рубидий [Sicilian] russu [Norwegian Bokmål] rogn [Norwegian Nynorsk] rogn [Franco-Provençal] rox [Danish] røn [Manx] ruy [Corsican] rossu [Translingual] Rutilus [Venetian] róso [English] rufiopin [English] rubidus [Aromanian] arosh [Swedish] rönn [Icelandic] reynir [Aromanian] rosh [English] rudden [Thai] โลหิต [Thai] โลหิต [Khmer] លោហិត [Khmer] លោហិត [Gujarati] લોહી [Westrobothnian] röin [Dhivehi] ލޭ [Ligurian] rósso [Venetian] róare [Hunsrik] rosch [Finnish] rutiili [Hunsrik] Rosch [Khowar] لۓى [Kalasha] ḷúi [Romanian] roș [Bengali] লহু [Romagnol] ròss,*h₁rewdʰ-,,51,937
[Irish] ros [Irish] ros [Scottish Gaelic] ros [Scottish Gaelic] ros [English] prase [Manx] rass [Greek] πράσο [English] praseo- [Mingrelian] პურასკია [Laz] პრასკჲა,*pr̥so-,,10,938
[English] nix [Irish] nigh [Scottish Gaelic] nigh [English] nicker [English] Old Nick [English] nixie [English] knucker [Manx] niee [Punjabi] ਨਿੱਕਾ [Punjabi] نکا [Awadhi] नीक [Prakrit] 𑀡𑀺𑀓𑁆𑀓 [Magahi] 𑂢𑂲𑂍,*neygʷ-,,13,939
[English] trunk [Albanian] shark [English] truncheon [Translingual] Sarcopterygii [Norman] tron [Galician] tronco [Italian] tronco [Translingual] Sarcomastigota [Catalan] tronc [Dalmatian] tronc [French] tronc [Friulian] tronc [Spanish] trunco [English] tronk [Afrikaans] tronk [Dutch] tronk [Dutch] tronk [Albanian] sharki [Translingual] Sarcosuchus [Translingual] Sarcophilus [Dutch] sarcopenie [Esperanto] trunko [Greek] σάρκα [Translingual] Sarcostemma [Middle English] tronke [Marathi] तुरुंग [Kazakh] саркома,*twerḱ-,,27,940
[Indonesian] label [Italian] labbro [English] dewlap [English] lap [Afrikaans] lap [French] lèvre [Finnish] Lappi [Danish] læbe [Italian] lappa [Finnish] läppä [Polish] Laponia [Middle English] lappe [Lombard] lavor [English] umbelap [English] belap [Piedmontese] lavre [Translingual] Labrus [Basque] lauburu [Spanish] lampazo [Yiddish] לאַפּסערדאַק [Haitian Creole] lèv [Spanish] lebrillo [Piedmontese] làver,*leb-,,23,941
[English] truck [English] troche [Greek] τροχός [Indonesian] truk [English] trochus [English] trochal [English] telotrochal [Cebuano] trak [Greek] τρεχαντήρι [Spanish] troquel [Translingual] Trochus,*dʰrogʰos,,11,942
[Danish] ed [Norwegian Bokmål] ed [Swedish] ed [Norwegian Nynorsk] eid [Faroese] eiður [Icelandic] eiður [Old Swedish] eþer,*h₁óytos,,7,943
[Manx] ee [Irish] ith [Scottish Gaelic] ith [Middle Irish] ithid,*peyt-,,4,944
[Cornish] pons [Asturian] ponte [Galician] ponte [Catalan] pont [Maltese] pont [Norman] pont [Old French] pont [Welsh] pont [Romansch] punt [Haitian Creole] pon [Volapük] pon [Greek] ποταμός [Ido] ponto [Ido] ponto [Ido] ponto [Istriot] ponto [Italian] ponto [Armenian] հուն [Armenian] հուն [Middle Armenian] հուն [Latin] pontus [English] potamo- [Venetian] pónte [English] potamography [English] Pontefract [Spanish] pontocerebeloso,*pónteh₁s,,26,945
[Dutch] thesis [Dutch] these [Swedish] tes [Italian] tesi [Indonesian] tesis [Spanish] tesis [Icelandic] dáð [Danish] dåd [Norwegian Nynorsk] dåd [Swedish] dåd [Afrikaans] daad [French] thèse [Greek] θέση [Polish] teza [Irish] téis [Kazakh] тезис [Cebuano] tisis,*dʰéh₁tis,,17,946
[Faroese] vita [Norwegian Nynorsk] vita [Old Swedish] vita [English] wit [Norwegian Bokmål] vite [Scanian] veda [Jutish] veer [Norwegian Nynorsk] vit [Czech] vědět [Bavarian] wissen [German] wissen [Danish] vide [Dutch] weten [Low German] weten [Middle Dutch] weten [Middle Low German] weten [Swedish] veta [English] wot [English] wist [Afrikaans] weet [Afrikaans] weet [Afrikaans] weet [Swedish] vetta [Westrobothnian] vetta [Armenian] գիտեմ [Middle English] witen [Luxembourgish] wëssen [Luxembourgish] Wëssen [Yiddish] וויסן [Elfdalian] witå [Alemannic German] wüsse [Central Franconian] wesse [Cimbrian] bissan [Cimbrian] bizzan [Bulgarian] вям [Middle High German] wizzen [Norwegian Nynorsk] våtå [Norwegian Nynorsk] våtå,*wóyde,,38,947
[English] glut [Ido] glutar,*gʷlew-,,2,948
[English] glut [Dutch] keel [Indonesian] gala [French] gueule [Picard] gueule [Urdu] گل [Hindi] गला [ Bengali ] গলা [Middle French] gueulle [Walloon] gueuye [Norman] dgeule [Picard] dgeule [Ido] glutar [Konkani] गळो [Marathi] गळा [Dutch] geul,*gʷel-,,16,949
[Czech] opus [Romanian] op [English] oeuvre [Italian] uopo [Sardinian] obus [English] opere citato [Old Spanish] uebos [Macedonian] опус,*h₃épos,,8,950
[English] table [French] table [Middle English] table [Finnish] taulu [Galician] tala [English] tavla [Italiot Greek] tavla [Serbo-Croatian] tavla [Swedish] tavla [Turkish] tavla [Indonesian] tablet [German] Tafel [Afrikaans] tafel [Dutch] tafel [Polish] tafla [Esperanto] tablo [Faroese] talv [Asturian] tabla [Serbo-Croatian] tabla [Spanish] tabla [Icelandic] tafl [Old Norse] tafl [Arabic] طاولة [Hijazi Arabic] طاولة [English] tafferel [Italian] tavolo [Italian] tavola [Basque] taula [Catalan] taula [Occitan] taula [English] tole [Serbo-Croatian] тавла [Czech] vrhcáby [Friulian] taule [Greek] τάβλι [Irish] tábla [Galician] táboa [Old Armenian] տապեղ [Sicilian] tàvula [Serbo-Croatian] табла [Danish] tavle [Norwegian Bokmål] tavle [Norwegian Nynorsk] tavle [Middle Dutch] tafele [Classical Syriac] ܛܒܠܝܬܐ [Venetian] toła [Old Norse] tefla [Yiddish] טאָוול [Alemannic German] Taafele [Southeastern Tepehuan] taaꞌmla [Hunsrik] Daafel [Galician] tabuela [Welsh] taflen [Romanian] tablă [Romanian] tablă [Moroccan Arabic] طابلة,*tal-dʰleh₂,,56,951
[English] table [French] table [Middle English] table [Finnish] taulu [Galician] tala [English] tavla [Italiot Greek] tavla [Serbo-Croatian] tavla [Swedish] tavla [Turkish] tavla [Indonesian] tablet [German] Tafel [Afrikaans] tafel [Dutch] tafel [Polish] tafla [Esperanto] tablo [Faroese] talv [Asturian] tabla [Serbo-Croatian] tabla [Spanish] tabla [Icelandic] tafl [Old Norse] tafl [Arabic] طاولة [Hijazi Arabic] طاولة [English] tafferel [Italian] tavolo [Italian] tavola [Basque] taula [Catalan] taula [Occitan] taula [English] tole [Serbo-Croatian] тавла [Czech] vrhcáby [Friulian] taule [Greek] τάβλι [Irish] tábla [Galician] táboa [Old Armenian] տապեղ [Sicilian] tàvula [Serbo-Croatian] табла [Danish] tavle [Norwegian Bokmål] tavle [Norwegian Nynorsk] tavle [Middle Dutch] tafele [Classical Syriac] ܛܒܠܝܬܐ [Venetian] toła [Old Norse] tefla [Yiddish] טאָוול [Alemannic German] Taafele [Southeastern Tepehuan] taaꞌmla [Hunsrik] Daafel [Galician] tabuela [Welsh] taflen [Romanian] tablă [Romanian] tablă [Moroccan Arabic] طابلة,*th₂-dʰleh₂,,56,952
[Czech] vir [Dutch] virus [Malay] virus [Translingual] Virus [Vietnamese] coronavirus [Greek] ιός [Hungarian] vírus [Indonesian] bisa [Malay] bisa [Malay] bisa [Tagalog] bisa [English] bikh [Rajasthani] विख [Translingual] MERS-CoV [Kazakh] вирусология [Bengali] বিষ [Arabic] فيروس [Thai] ไวรัส [Kalasha] biṣ [Phalura] biṣ [Lao] ພິດ [Braj] बिष [Braj] बिषभाव [Gujarati] વખ [Gujarati] વિખ [Translingual] SARS-CoV [English] Medusavirus [Translingual] Pandoravirus [Vietnamese] virus corona [Translingual] SARSr-CoV [Translingual] MERSr-CoV [English] medusavirus [Bengali] ভাইরাস,*wisós,,33,953
[Catalan] via [Italian] via [Norwegian Bokmål] via [Norwegian Nynorsk] via [Portuguese] via [Romansch] via [Catalan] enviar [Galician] enviar [Portuguese] enviar [Spanish] enviar [French] vie [English] convey [French] envoyer [French] voyou [Galician] vía [Spanish] vía [French] voie [Old French] voie [Italian] inviare [Galician] beque [Dutch] fooi [Polish] wiadukt [Catalan] viari [Romansch] veia [Middle French] voye [Walloon] voye [German] Viadukt [English] viatecture [Asturian] unviar [Albanian] vijë [Istriot] veîa [Old French] envoiier [Translingual] Arkharavia [Indonesian] invois,*wih₁eh₂-,,34,954
[Catalan] via [Italian] via [Norwegian Bokmål] via [Norwegian Nynorsk] via [Portuguese] via [Romansch] via [Catalan] enviar [Galician] enviar [Portuguese] enviar [Spanish] enviar [French] vie [English] convey [French] envoyer [French] voyou [Galician] vía [Spanish] vía [French] voie [Old French] voie [Italian] inviare [Galician] beque [Dutch] fooi [Polish] wiadukt [Catalan] viari [Romansch] veia [Middle French] voye [Walloon] voye [German] Viadukt [English] viatecture [Asturian] unviar [Albanian] vijë [Istriot] veîa [Old French] envoiier [Translingual] Arkharavia [Indonesian] invois,*weǵʰyeh₂-,,34,955
[Latin] cygnus [English] cygnet [Italian] cigno [Translingual] Cygnus [English] Cygnus [French] cygne [Kalasha] šok [Translingual] Cygnus olor [Asturian] cisne [Galician] cisne [Old French] cisne [Portuguese] cisne [Spanish] cisne [Greek] κύκνος [Arabic] ققنوس [Persian] ققنوس [Translingual] Cygnus cygnus [Telugu] అశోకము [Telugu] శోకంబు [Thai] โศก [Hindi] सोग [Italian] cecero [Malayalam] ശോകം,*ḱewk-,,23,956
[Finnish] veto [Norwegian Nynorsk] veto [Serbo-Croatian] veto [Spanish] veto [Catalan] vet [Spanish] vedar [Spanish] vetar [Finnish] vetota [Serbo-Croatian] вето,*weth₂-,,9,957
[English] harpe [Latin] harpe [Catalan] arpa [Italian] arpa [Sicilian] arpa,*srp-,,5,958
[Basque] lupa [Polish] lupa [Cebuano] lapis [Tagalog] lapis [English] lop [Norwegian Bokmål] lupe [Norwegian Nynorsk] lupe [Indonesian] lup [Cebuano] lapida [Middle English] loppe [Finnish] luuppi [Portuguese] lápis [Maltese] lapes [Catalan] llapis [Catalan] làpida [English] lapidify [English] lapidist [English] inlapidate [English] lapidific [Korean] 루페 [English] lapidable [Romagnol] àbiș [Sassarese] làpisi,*lep-,,23,959
[English] calamari [French] calmar [English] shawm [Rohingya] holom [Ladino] kalem [Serbo-Croatian] kalem [Turkish] kalem [Arabic] قلم [Persian] قلم [Punjabi] قلم [Sindhi] قلم [Urdu] قلم [Italian] calamo [Hindi] क़लम [Galician] colmo [Portuguese] colmo [Spanish] colmo [English] calamus [Latin] calamus [English] chalumeau [French] chalumeau [Spanish] carámbano [Kholosi] kelam [Greek] καλαμάρι [Spanish] calamar [Spanish] colmena [Portuguese] colmeia [French] chaume [Nepali] कलम [Serbo-Croatian] калем [Kazakh] қалам [Tajik] қалам [Italian] cennamella [Romanian] calem [Romanian] carâmb [Greek] καλάμι [French] calame [Assyrian Neo-Aramaic] ܩܠܡܐ [Irish] seám [Georgian] კალამი [Russian] калам [Telugu] కలము [Bashkir] ҡәләм [Zazaki] qeleme [Old Portuguese] colmẽa [Turkmen] galam [Translingual] Calamus [Hebrew] קולמוס [Hebrew] קולמוס [Greek] καλέμι [Assamese] কলম [Bengali] কলম [English] qalam [Russian] калям [Punjabi] ਕਲਮ [Northern Kurdish] qelem [Indonesian] kalumet,*ḱolh₂mos,,57,960
[Tok Pisin] braun [Afrikaans] boor [Serbo-Croatian] Bern [Swedish] Bern [Norwegian Bokmål] barre [Norwegian Nynorsk] barre [Spanish] faro [Crimean Tatar] fara [Esperanto] bero [Spanish] herir [Faroese] berja [Icelandic] berja [Norwegian Nynorsk] berja [Maltese] fera [Translingual] Phryne [Bislama] braon [Irish] briathar [Scottish Gaelic] briathar [Greek] φάρος [American Sign Language] B@Cheek-PalmForward B@Jaw-PalmForward [Manx] breear [Old Swedish] bæria [Armenian] բիր [Tok Pisin] braunpela [Chinese] 啤啤熊 [Swedish] bärja,*bʰerH-,,26,961
[English] gale [Danish] gale [Norwegian Bokmål] gale [Faroese] gala [Icelandic] gala [Norwegian Nynorsk] gala [Old Swedish] gala [Swedish] gala [Afrikaans] geld [Norwegian Nynorsk] galen [Swedish] galt [Icelandic] göltur [English] chilopod [Greek] χείλι [Catalan] quilo- [Icelandic] góla [English] acheilous [Translingual] Delichon [Italian] Chilone [Translingual] Cheilostomata [English] cheilion [English] cheilo- [Jersey Dutch] xjäält [Pontic Greek] χελιδόνιν,*gʰel-,,24,962
[Esperanto] pugno [Italian] pugno [Catalan] puny [Galician] puño [Spanish] puño [Galician] puñal [French] poing [Norman] poing [Old French] poing [French] poignard [Neapolitan] punio [Italian] pugnale [Portuguese] punhal [Occitan] ponh [Occitan] punh [Portuguese] punho [Aromanian] pulmu [Greek] μπουνιά [Esperanto] ponardo [Romanian] pumn [Friulian] pugn [Romansch] pugn [Romansch] puogn [Walloon] pougn [Asturian] puñu [Istriot] poûgno [Emilian] pùgn [Emilian] póggn,*puǵnos,,28,963
[English] just [English] adjust [Spanish] ajustar [Spanish] yuxtaglomerular,*yéwgos,,4,964
[Plautdietsch] denn [German] dünn [Icelandic] þunnur [Swedish] tunn [Yiddish] דין [Faroese] tunnur [Scottish Gaelic] tana [Spanish] tenue [Hunsrik] dinn [Danish] tynd [Luxembourgish] dënn [Manx] thanney [English] tenuifolious [French] ténu [Catalan] tènue [Cimbrian] dünne [Norwegian Bokmål] tynn [Norwegian Nynorsk] tynn [Alemannic German] tünn [French] La Tène,*ténh₂us,,20,965
[Sranan Tongo] drei [Sranan Tongo] drei [Tok Pisin] drai [Tok Pisin] drai [Tok Pisin] draiwara [Tok Pisin] draiwara,*dʰerǵʰ-,,6,966
[German] Nebel [Spanish] niebla [Welsh] nef [Romansch] nivel [Italian] nebbia [Portuguese] névoa [Catalan] neula [Italian] Nettuno [Scottish Gaelic] nèamh [French] lutin [Icelandic] Njóla [Italian] nembo [English] isoneph [Irish] neamh [Manx] niau [Esperanto] nebulozo [Romanian] negură [Occitan] nèbla [Thai] เนบิวลา [Yiddish] נעפּל [Romansch] neabla [Romansch] nebla [Romansch] nibel [Venetian] nebia [Luxembourgish] Niwwel [Aromanian] negurã [Istriot] nenbo [Arabic] نبتون [Hebrew] נפטון [Yiddish] נעפּטון [Sicilian] negghia [English] nepho- [Prakrit] 𑀡𑀳 [Galician] nebra [Galician] néboa [Kabuverdianu] nébua [Aromanian] negure,*nébʰos,,37,967
[German] nackt [Finnish] naku [Czech] nahý [Irish] nocht [Scottish Gaelic] nochd,*nogʷós,,5,968
[Old French] neu [Norwegian Nynorsk] node [Portuguese] nó [Asturian] nuedu [Bourguignon] noud,*gned-,,5,969
[English] rude [Catalan] rude [French] rude [Galician] rude [Italian] rude [Norman] rude [Portuguese] rude [Spanish] rudo [English] rudite,*Hrew-,,9,970
[English] trait [Old French] trainer [Old Spanish] traer [Spanish] traer [German] Traktor [Catalan] treure [French] traîner [Irish] troigh [Scottish Gaelic] troigh [Romansch] trair [Romansch] trar [Romansch] trer,*tregʰ-,,12,971
[Dutch] rad [Dutch] rad [Dutch] rad [Dutch] rad [Irish] rith [Indonesian] roda [Esperanto] rado [Scottish Gaelic] ruith [Haitian Creole] rou [Hiligaynon] diruskas [Welsh] rhedeg [Manx] roie [Irish] reith [Irish] reithíocht [Mauritian Creole] larou [Seychellois Creole] larou,*Hret-,,16,972
[Middle Irish] recht [Scottish Gaelic] reachd,*tus,,2,973
[English] urchin [Finnish] är [Italian] erre [Old French] heriçun [Kabuverdianu] orisu [Old French] irechon,*ǵʰḗr,,6,974
[English] griffin [English] cramp [French] griffon [Old French] griffon [Italian] grifo [Portuguese] grifo [Spanish] grifo [English] crutch [French] crampon [French] crampe [Norman] crampe [Faroese] krúpa [Norwegian Nynorsk] krypa [Old Swedish] krypa [Swedish] krypa [Icelandic] krjúpa [Hungarian] griff [Danish] kryb [Danish] krybe [Greek] γρύπας [Polish] gryf [Manx] greeu [Irish] gríobh [Old Irish] gríb [Catalan] griu [Asturian] grifu [Scottish Gaelic] grib [Albanian] grifshë [Romanian] zgripțor [Norwegian Bokmål] krype [Norwegian Nynorsk] krjupa,*ger-,,31,975
[Manx] nee [Irish] ní [Irish] ní [Middle Irish] ní,* ,,4,976
[Asturian] fuga [Catalan] fuga [Danish] fuga [Dutch] fuga [Portuguese] fuga [English] fugue [Romanian] fugă [Italian] foga [French] fougue [English] phugoid [Spanish] fogoso [Aromanian] fugã [Cebuano] puga [Tagalog] puga [Russian] фуга,*bʰugéh₂,,15,977
[Asturian] cabra [Catalan] cabra [Franco-Provençal] cabra [Galician] cabra [Occitan] cabra [Portuguese] cabra [Sardinian] cabra [Spanish] cabra [Romanian] capră [Italian] capro [Italian] capra [English] caproic acid [English] chevron [French] chevron [Translingual] Capra [Esperanto] kapro [Ido] kapro [French] chèvre [Aromanian] capre [Neapolitan] crapa [Sicilian] crapa [English] chevrotain [Scottish Gaelic] gobhar [Spanish] cabrahigar [English] caproic [English] capric [Spanish] cabro [Italian] caprifoglio [English] caprid [French] chèvrefeuille [Irish] gabhar [Manx] goayr [Italian] caprareccia [Indonesian] kabriolet [English] caprigenous [Portuguese] cabrito [Spanish] cabrito [Old French] chievre [Romansch] chaura [Venetian] cavra [Aromanian] caprã [Dalmatian] capraina [Franco-Provençal] chiévra [Romansch] caura [Catalan] cabrit [Occitan] cabrit [Translingual] Capricornis [Friulian] cjavre [Translingual] Caprifolium [Romanian] căprui [Romanian] căprăreață [Aromanian] cãpãrleatsã [Romansch] chevra [Romansch] chavra [Romansch] tgora [Istriot] càvara [Aragonese] craba [Occitan] craba [Spanish] cabruno [Papiamentu] kabritu [Bourguignon] cheivre [Walloon] tchive [Norman] quièvre [Romagnol] cabriolèt,*kápros,,64,978
[English] wether [Italian] vecchio [Scots] wedder [Romanian] vătui [Hindi] बछड़ा [Aromanian] vitulj [Czech] vetchý [English] Wedderburn [Khmer] វត្ស [Korean] 이태리 타올 [Volapük] Täl [Khowar] بَۨچھوڑ [Phalura] bac̣húuṛu,*wet-,,13,979
[English] hop [Serbo-Croatian] хоби,*kewb-,,2,980
[Dutch] gander [Esperanto] ansero [Translingual] Chen [English] anserine [English] goosefoot [Spanish] ánsar [Indonesian] angsa [Translingual] Chenopodium [Thai] หงส์ [Cebuano] hansa [English] Goans [Chakma] 𑄦𑄌𑄴 [Old Portuguese] anssar [Newar] हँय् [Gujarati] હંસ [Khmer] ហង្ស [Burmese] ဟင်္သာ [Shan] ႁင်းသႃႇ [Shan] ႁူင် [Bengali] আঁস [Konkani] हांयस,*ǵʰh₂éns,,21,981
[English] sow [English] seed [Swedish] den [English] sad [Middle English] sad [Scots] sad [Cebuano] siglo [Spanish] siglo [Danish] så [Norwegian Bokmål] så [Norwegian Nynorsk] så [Swedish] så [French] siècle [Bourguignon] soi [Faroese] tann [Faroese] sá [Icelandic] sá [Icelandic] sá [Faroese] sú [English] shillelagh [Scottish Gaelic] sìol [Irish] sín [Swedish] sekel [Ingrian] saavi [Scottish Gaelic] saoghal [Irish] saol [Manx] seihll [Catalan] segle [Old Occitan] segle [Portuguese] serão [Occitan] sègle [Manx] sheeyn [Manx] sheel [Irish] síol [English] secle [Old French] secle [Norman] siècl'ye [Faroese] sáa [Old Swedish] þæn [Yola] zeade,*seh₁-,,40,982
[English] frog [English] floc [Catalan] floc [Dalmatian] floc [Romanian] floc [English] floss [Italian] fiocco [Italian] fioccoso [French] flocon [Neapolitan] cioccà [Portuguese] floco [Romanian] flocos [Spanish] fleco [Occitan] flòc [Portuguese] froco,*bʰlok-,,15,983
[English] tender [Indonesian] term [Norwegian Bokmål] term [Norwegian Nynorsk] term [Romansch] tener [Greek] τρέμω [Catalan] tendre [Norman] tendre [Romanian] tânăr [Portuguese] terno [Romanian] termen [Spanish] termita [Spanish] terco [Dutch] termiet [English] teneral [Friulian] tenar [Bulgarian] термит [Romanian] tinerețe [Aromanian] tinir [Portuguese] térmite [Aromanian] tinireatsã [Aromanian] tinãr [Welsh] tyner,*ter-,,23,984
[Welsh] arch [Asturian] preguntar [Afrikaans] vraag [Norman] prier [Catalan] pregar [Old Occitan] pregar [Dalmatian] precur [Friulian] preâ [Istriot] pragà [Maltese] talab [Middle English] preien,*preḱ-,,11,985
[Haitian Creole] pou [Papiamentu] pieu [Papiamentu] pieu [Portuguese] piolho [Kabuverdianu] piodju,*pezd-,,5,986
[Tok Pisin] spirit [English] spiritual [Romanian] spiritual [English] sprite [Italian] spirito [Ukrainian] спирт [Norwegian Bokmål] sprit [Norwegian Nynorsk] sprit [Swedish] sprit [French] spirituel [Ladin] spirituel [Friulian] spirt [Ladin] spirt [Romanian] spirt [Italian] spirituale [Asturian] espiritual [Catalan] espiritual [Galician] espiritual [Portuguese] espiritual [Spanish] espiritual [Cebuano] espiritu [Catalan] esperit [Old Occitan] esperit [Finnish] pirtu [Breton] spered [Romanian] spiriduș [German] Sprit [Welsh] ysbryd [Albanian] shpirrë [Middle English] enspiren [Maltese] spirtu [Belarusian] спірт,*(s)peys-,,32,987
[English] cancer [Translingual] Cancer [English] Cancer [Danish] kræft [Armenian] կարկին [English] carcino- [Italian] carcino- [Romanian] cearcăn [Catalan] càncer [Occitan] càncer [Translingual] Carcinus,*karkros,,11,988
[Old English] cancer [Romanian] cancer [English] canker [Scots] canker [Translingual] Cancer [English] Cancer [Asturian] cárcel [Leonese] cárcel [Spanish] cárcel [Catalan] cranc [Occitan] cranc [Welsh] cranc [Afrikaans] kanker [Dutch] kanker [Danish] kræft [English] chancre [French] chancre [Middle French] chancre [Norman] chancre [Italian] granchio [Portuguese] caranguejo [Spanish] cangrejo [Esperanto] kancero [Afrikaans] kerker [Dutch] kerker [English] carceral [German] Kerker [Hindi] कैंसर [Urdu] کینسر [Esperanto] karcero [Esperanto] kankro [English] cancrivorous [Spanish] chancro [French] chartre [Old French] chartre [Old Spanish] carcel [Galician] cárcere [Portuguese] cárcere [Friulian] granç [Welsh] carchar [Indonesian] Kanser [Irish] carcair [Catalan] càrcer [Aragonese] candreixo [Polish] szankier,*kr-kr-,,45,989
[Czech] nos [Mauritian Creole] nene [Seychellois Creole] nennen [Esperanto] nazo [Rohingya] nak [Pali] nāsā [Sanskrit] नक्र,*néh₂s,,7,990
[Norwegian Bokmål] nos [Norwegian Nynorsk] nos [Swedish] nos [Danish] næse [Norwegian Bokmål] nese [Swedish] näsa [Icelandic] nös [Faroese] nøs [Old Danish] næsæ,*nās-,,9,991
[Greek] κόσμος [Ukrainian] космонавт [Catalan] cosmos [French] cosmos [Spanish] cosmos [English] cosmology [Translingual] Cosmos [English] cosmopolite [French] cosmopolite [English] cosmonaut [English] cosmo- [Catalan] cosmo- [Italian] cosmo- [Spanish] cosmo- [Czech] kosmos [Finnish] kosmos [Norwegian Bokmål] kosmologi [Norwegian Nynorsk] kosmologi [Norman] cosmologie [English] Cosmo [Esperanto] kosmo [Yiddish] קאָסמאָס [English] cosmodicy [Kazakh] космополитизм [Russian] космополитизм [English] cosmolabe [English] paracosm [Serbo-Croatian] козмос [Russian] космополит [Armenian] կոսմոս [Yiddish] קאָסמאָנויט [Old Nubian] ⲕⲟⲥⲙⲟⲥ [English] chiliocosm [Esperanto] kosmopolito [Ladino] kosmopolito [Ladino] קוסמופוליטו [Ukrainian] космологія [Romagnol] cöșum,*ḱónsmos,,38,992
[Norwegian Bokmål] cup [Norwegian Nynorsk] cup [Middle English] coupe [English] coop [Tok Pisin] kap [Galician] cubo [Norwegian Bokmål] kube [Norwegian Nynorsk] kube [Ido] kuvo [Spanish] cuba [Slovak] kupola [Irish] cúb [Middle French] couppe [Old French] cuve [Russian] капель [Russian] купорить [Icelandic] kúpa [West Frisian] hôf [Dutch] De Houw [Saterland Frisian] Hoaf,*kewp-,,20,993
[English] snore [Middle English] snore [English] snort [Greek] πνέω [Middle English] snoren,*pnew-,,5,994
[Ladin] dormir [Middle French] dormir [Spanish] dormir [English] trap [English] trap [Afrikaans] trap [Louisiana Creole French] dormi [Norman] dormi [Romanian] dormi [Greek] δρόμος [English] -drome [English] -dromous [English] dromology [Romansch] durmir [French] trappe [Finnish] rampata [Sicilian] dromu [English] drome [Louisiana Creole French] dromi [Galician] -dromo [Italian] -dromo [Portuguese] -dromo [Spanish] -dromo [Romansch] durmeir [English] Drôme [French] Drôme [Guinea-Bissau Creole] durmi [Kabuverdianu] durmi [Irish] ortadromach [Walloon] doirmi [Dutch] velodroom [Papiamentu] drumi [Spanish] botellódromo [Haitian Creole] dòmi [English] acrodrome [Galician] rockódromo [Spanish] rockódromo [Spanish] canódromo [English] dromo- [English] Durmitor [Haitian Creole] droumi [Guianese Creole] dronmi [Polish] -drom [Ingrian] trappu,*drem-,,44,995
[Old French] sauce [Spanish] sauce [English] sallow [English] Sale [Galician] salgueiro [Portuguese] salgueiro [Scots] sauch [English] salicylic [Romanian] salcie [Translingual] Salix [Italian] saliceto [Italian] salice [Asturian] salce [Italian] salce [English] salicet [English] salicional [Esperanto] saliko [Catalan] salze [Romanian] sălciu [Sardinian] saliche [English] salicaceous [Venetian] salgaro [English] Salcedo [English] Sausal [Sardinian] salighe [English] Salkeld [English] Selwood,*sl̥H-ik-,,27,996
[French] eucalyptus [Translingual] Eukaryota [Translingual] Eutheria [Greek] ευ [English] euthymia [Spanish] eucalipto [English] eustasy [Norwegian Bokmål] eukalyptus [Norwegian Nynorsk] eukalyptus [Translingual] eu- [English] eu- [Polish] eu- [Indonesian] kesusasteraan [Spanish] eugenesia [Irish] eo- [Translingual] Eucalyptus [Esperanto] eŭkalipto [Translingual] Eupelmidae [Greek] φαρδύς [Polish] eucharystia [Marathi] सुरेख [Burmese] သု [Kazakh] евгеника [Indonesian] kesusastraan [Polish] Eucharystia,*h₁su-,,25,997
[Italian] zio [Old Spanish] tio [Portuguese] tio [Galician] tío [Spanish] tío [Asturian] tíu [Greek] θείος [Bikol Central] tito [Cebuano] tito [Tagalog] tito [Sicilian] ziu [Latin] thius [Maltese] ziju [Bikol Central] tiyo [Cebuano] tiyo [Sardinian] tziu [Latin] tius,*dʰéh₁s-yo-,,17,998
[Ladino] lago [English] lace [English] lasso [Dutch] lasso [Italian] lasso [Polish] lasso [Spanish] lazar [Italian] laccio [Galician] lazo [Italian] lazo [Spanish] lazo [Old French] lacier [French] lacs [Romanian] laț [Catalan] llaç [Aromanian] alats [Romanian] lasou,*leh₁k-,,17,999
[Cebuano] largo [Galician] largo [Italian] largo [Portuguese] largo [Spanish] largo [French] large [Norman] large [Old French] large [English] largesse [Romanian] larg [Romansch] larg [Cebuano] larga [Romanian] alerga [Catalan] llarg [Venetian] łargo [Aromanian] largu [Romansch] lartg [Asturian] llargu [Dalmatian] luarc [Aromanian] alag [Friulian] larc [Old Occitan] larc,*lai-,,22,1000
[Cebuano] largo [Galician] largo [Italian] largo [Portuguese] largo [Spanish] largo [French] large [Norman] large [Old French] large [Galician] lar [Portuguese] lar [Spanish] lar [English] largesse [Romanian] larg [Romansch] larg [Cebuano] larga [Romanian] lasciv [Romanian] alerga [Catalan] llarg [Venetian] łargo [Aromanian] largu [Romansch] lartg [Asturian] llargu [Dalmatian] luarc [Aromanian] alag [Translingual] Lariscus [Friulian] larc [Old Occitan] larc [Chichewa] ulesi,*las-,,28,1001
[Haitian Creole] ren [English] phrenic [English] phren [English] symphronistic [English] phrenospasm [Polish] -frenia [French] hébéphrène,*gʷʰren-,,7,1002
[Tok Pisin] ren [Sranan Tongo] alen,*Hreǵ-,,2,1003
[Afrikaans] bom [English] bung,*bʰudʰ-,,2,1004
[Swedish] kon [English] cone [Galician] cono [Italian] cono [English] conure [English] conodont [Latin] conus [Bulgarian] конус [Kazakh] конус [Translingual] Conurus,*ḱóh₃nos,,10,1005
[English] ken [English] ken [Scots] ken [Middle English] kennen [English] kenning [English] kenning [Yola] ee-kent,*ǵonh₁éyeti,,7,1006
[Dutch] trap [Dutch] trap [Luxembourgish] Trapp [Japanese] トロット,*dreh₂-,,4,1007
[Torres Strait Creole] bon [Tok Pisin] bun [Asturian] feu [Sardinian] feu [Irish] bean [Irish] bain [Galician] feo [Spanish] feo [Indonesian] bahaya [Ternate] bahaya [Scottish Gaelic] biodag [Italian] fedo [Hungarian] föderáció [Mon] ဘဲ [Telugu] భయంకరుడు [Telugu] భయావహము [Telugu] భయోత్పాతము [Telugu] భయోత్పాదకము [Kazakh] федерализм [Danish] føderal [Norwegian Bokmål] føderal [Norwegian Nynorsk] føderal [Norwegian Bokmål] føderasjon [Norwegian Nynorsk] føderasjon [Javanese] bebaya [Konkani] भंय [Kannada] ಭಯೋತ್ಪಾದನೆ [Irish] béim [Vaghri] ભૅ [Burmese] ဘေး [Minangkabau] bahayo [Old Marathi] 𑘥𑘧𑘹𑘽 [Marathi] भें,*bʰeyh₂-,,33,1008
[Tok Pisin] sik [Icelandic] sökka [Pijin] siki [Romanian] usuc [Jamaican Creole] suck-suck [Louisiana Creole French] sicé,*sewg-,,6,1009
[Tok Pisin] lik [Dutch] leek [Icelandic] lækur [Scottish Gaelic] leagh [Manx] lheie [Irish] leáigh [English] Leake,*leg-,,7,1010
[Afrikaans] eend [Portuguese] adem,*h₂énh₂t-,,2,1011
[Tok Pisin] kom [Danish] kam [Norwegian Bokmål] kam [Norwegian Nynorsk] kam [Swedish] kam [Galician] gonzo [Portuguese] gonzo [Uzbek] dum [English] gomphosis [Greek] γόμφος [Faroese] kambur [Icelandic] kambur [Elfdalian] kamb [Old Swedish] kamber [Latin] gomphus [Estonian] kamm [Greek] γοφός [Tok Pisin] konim [Scanian] køm [Galician] golfón [Kazakh] дем,*ǵómbʰos,,21,1012
[Afrikaans] oor [Dutch Low Saxon] oor [Swedish] öra [Danish] øre [Norwegian Bokmål] øre [Norwegian Nynorsk] øre [Icelandic] eyra [Faroese] oyra [Elfdalian] ära [Norwegian Nynorsk] øyra [Norwegian Nynorsk] øyre [Norwegian Nynorsk] øra [Old Swedish] øra [Old Danish] øræ [Westrobothnian] öir [Jamtish] ǿre,*h₂ows-,,16,1013
[Dutch] vaas [English] vase [Norwegian Bokmål] vase [Norwegian Nynorsk] vase [Scottish Gaelic] rach [Irish] Taoiseach [Irish] téigh [Indonesian] vas [Russian] ваза [Uzbek] vaza [Irish] taoiseach [Spanish] vasija [Norwegian Bokmål] kar [Hungarian] váza [Scottish Gaelic] tùs [Manx] toshiaght [Irish] tosach [Irish] tús [Irish] feidhm [Scottish Gaelic] feum [English] transvasation [Irish] túisce [Armenian] վարել [Irish] vása [Middle Irish] téit [English] Weddle [Armenian] վարվել,*wedʰ-,,27,1014
[English] Douglas [Manx] doo [Danish] dum [Irish] dubh [Scottish Gaelic] dubh [English] dumb [English] dumb [Irish] domhan [Scottish Gaelic] domhan [Italian] Tevere [Dutch] Tiber [Afrikaans] doof [Icelandic] Dyflinn [Swedish] dubba [Danish] doven [Norwegian Bokmål] doven [Norwegian Nynorsk] doven [Czech] dabovat [Icelandic] dofinn [Manx] dowan [Translingual] Typhlops [Faroese] dovin [Spanish] Tíber [Westrobothnian] duven [Hindi] डबलिन,*dʰewbʰ-,,25,1015
[Norwegian Bokmål] tape [Norwegian Nynorsk] tape [Faroese] tapa [Icelandic] tapa [Swedish] tappa [Danish] tabe,*dh₂pnéh₂ti,,6,1016
[Danish] stol [Norwegian Bokmål] stol [Norwegian Nynorsk] stol [Old Swedish] stol [Swedish] stol [Icelandic] stóll [Faroese] stólur [Irish] stól,*stāl-,,8,1017
[English] lire [Icelandic] hlýr [Norwegian Nynorsk] ly [Westrobothnian] ly [Faroese] lýggjur,*ḱlews-,,5,1018
[English] lire [Icelandic] hlýr [Norwegian Nynorsk] ly [Westrobothnian] ly [Faroese] lýggjur,*ḱal(w)e-,,5,1019
[Asturian] nalga [Spanish] nalga [English] natch [Italian] natica [Galician] nádega [Portuguese] nádega [Catalan] natja [English] internatal,*not-,,8,1020
[English] spot [English] splot [English] Spofforth,*splt-no-,,3,1021
[English] spot [English] splot [Portuguese] espólio [English] Spofforth,*(s)pel-,,4,1022
[Italian] mezzo [English] medal [Romanian] media [English] maidan [Romanian] maidan [Catalan] mig [English] mediation [Indonesian] medan [Italian] metà [English] moiety [Esperanto] medio [Spanish] medio [Translingual] meso- [English] meso- [Catalan] meso- [Indonesian] meso- [Esperanto] mezo [Venetian] mezo [Spanish] mitad [English] mediate [Irish] mí [French] moitié [Greek] μέσος [English] medius [Portuguese] mear [Papiamentu] mei [Romansch] mez [Romanian] jumătate [Galician] molo [Spanish] mediar [Italian] mediare [Portuguese] média [Papiamentu] meimei [Romanian] miez [Crimean Tatar] meydan [Turkish] meydan [Finnish] mediaani [French] maille [Spanish] medalla [Italian] mezzadro [Lombard] mezz [Maltese] mezz [Portuguese] medalha [English] mesocarp [English] mean [Galician] metade [Portuguese] metade [Portuguese] meio [Kazakh] мезон [Uzbek] maydon [Friulian] mitât [Old French] meitié [German] Mesosphäre [Catalan] meitat [Middle Irish] Mide [Serbo-Croatian] mejdan [Serbo-Croatian] megdan [Serbo-Croatian] мејдан [Bulgarian] мегдан [Macedonian] мегдан [Serbo-Croatian] мегдан [English] mesopodium [Aromanian] njedzu [English] mesogaster [English] mesole [French] métayer [French] mi- [Aromanian] nolgiuc [Bashkir] майҙан [English] Messapian [Portuguese] mealha [Italian] Messapi [Kazakh] майдан [Friulian] mieç [French] méger [Aromanian] nolgic [Aromanian] njedz [Nepali] मा [Italian] medietà [Irish] méisi- [English] mesostich [French] médiété [Konkani] मदी [Ligurian] mêzo [Ashokan Prakrit] 𑀫𑀛 [Galician] mión [Assamese] মাজ [Galician] miúl [Aromanian] giumitati [Kabuverdianu] meiu [Bengali] মাঝ [Indonesian] madya [Occitan] mièg [Italian] mesonefro [Phalura] méeǰi [Jamaican Creole] miggle [Venetian] mesàn [Aromanian] giumãtati [Oriya] ମଝି [Oriya] ମଧ୍ୟ [Bengali] মাইঝ্যাল [ Bengali ] মেঝে [Old Ruthenian] майданъ,*médʰyos,,103,1023
[Asturian] más [Spanish] más [Old French] mes [Aromanian] ma [Friulian] ma [Ido] ma [Istriot] ma [Italian] ma [Ladino] ma [Neapolitan] ma [Serbo-Croatian] ma [Catalan] mai [Friulian] mai [Istriot] mai [Italian] mai [Occitan] mai [Romanian] mai [Norwegian Bokmål] -is [Norwegian Bokmål] fjortis [Fala] mais [French] mais [Indo-Portuguese] mais [Norman] mais [Old French] mais [Old Occitan] mais [Portuguese] mais [Portuguese] mas [Spanish] mas [Catalan] més [Spanish] -es [Friulian] masse [Luxembourgish] mä [Dalmatian] mui [Galician] máis [French] maie [Greek] μα [Norwegian Bokmål] kjendis [Bourguignon] mâs [Norwegian Bokmål] A-kjendis [Norwegian Bokmål] a-kjendis [Megleno-Romanian] mǫnca,*-is,,41,1024
[Guinea-Bissau Creole] neve [Kabuverdianu] nevi [Scottish Gaelic] sneachda [Scottish Gaelic] sneachd [Manx] sniaghtey [Irish] sneachta,*snígʷʰs,,6,1025
[Esperanto] ritmo [Galician] ritmo [Ido] ritmo [Italian] ritmo [Portuguese] ritmo [Spanish] ritmo [English] rhythm [English] rhyme [Finnish] rytmi [French] rythme [Afrikaans] ritme [Dutch] ritme [Indonesian] ritme [West Frisian] ritme [Turkish] ritm [Turkish] ritim [Serbo-Croatian] ritam [English] rhythmus [Irish] rithim [Norwegian Bokmål] rytme [Norwegian Nynorsk] rytme [Bulgarian] ритъм,*sru-dʰmos,,22,1026
[English] né [Norman] naï [English] ni-Vanuatu [Prakrit] 𑀚𑀸𑀬 [Indonesian] jelata [Marathi] झाले [Konkani] जाल्लो,*ǵn̥h₁tós,,7,1027
[English] moustache [English] masticate [Luxembourgish] monter [English] masticatory [Italian] masticare [German] munter [Swedish] mustasch,*mendʰ-,,7,1028
[English] -er [English] -or [Old French] -or [Dutch] -eur [French] -eur [Portuguese] -dor [Spanish] -dor [Aromanian] -tor [Romanian] -tor [Norman] -eux [English] glossator [Irish] -tóir [Manx] -teyr [Japanese] ラブライバー [Japanese] 墓マイラー [Aromanian] -ãtor [Aromanian] -ãtoru [Aromanian] -toru [Papiamentu] -dó [Korean] -러,*-tōr,,20,1029
[English] spear [English] parse [Ladin] pert [Catalan] part [Czech] part [Friulian] part [Ladin] part [Swedish] part [Greek] σφαίρα [French] spare [English] spoor [English] spoor [Italian] sfera [Mirandese] sfera [Polish] sfera [English] partial [French] partial [Asturian] parte [Galician] parte [Catalan] esfera [Galician] esfera [Portuguese] esfera [Spanish] esfera [Aromanian] parti [Tok Pisin] spia [Italian] sperare [English] noosphere [Middle English] spere [Dutch] sfeer [Translingual] Sparidae [Faroese] partur [Icelandic] partur [Albanian] atmosferë [Hungarian] párt [German] Stratosphäre [Spanish] parcialidad [Danish] sfære [Catalan] -sfera [Greek] ατμόσφαιρα [German] Exosphäre [German] Troposphäre [German] Mesosphäre [German] Thermosphäre [Irish] sféar [Irish] páirt [Persian] سپهر [Dalmatian] puart [Irish] spéir [Czech] sféra [Cornish] parth [Welsh] parth [Latin] sphaeroglossa [French] noosphère [Italian] sparaglione [Manx] speyr [Tok Pisin] spiaim [Italian] sparide [Occitan] esfèra [German] Part [Greek] βιόσφαιρα [Latvian] atmosfēra [Indonesian] parsial [Catalan] esparralló,*sperH-,,63,1030
[French] fils [Bourguignon] fi [Tagalog] iho [Picard] fiu [Old Spanish] fijo [Corsican] figliu [Aragonese] fillo [English] Fibonacci [French] fieu [Norman] fieu [Middle French] filz [Luxembourgish] Fils [Spanish] feligrés [Lombard] fiö [Venetian] fìo,*dʰeh₁ylios,,15,1031
[Catalan] tangible [French] tangible [Spanish] tangible [English] thack [Vietnamese] tang [English] intangible [Spanish] intangible [English] thwack [Jamaican Creole] tek [Italian] intangibile [Sranan Tongo] teki [Catalan] pertànyer [Italian] tangibile [Catalan] tastar [Galician] tanguer [Classical Syriac] ܬܓܐ [Finnish] teikata [Greek] ταΐζω,*teh₂g-,,18,1032
[English] akimbo [Icelandic] kengur,*gengʰ-,,2,1033
[Scots] aim [Swedish] imma [Swedish] imma [Faroese] eimur [Icelandic] eimur [Norwegian Nynorsk] eim,*h₁ews-,,6,1034
[Italian] fio [English] fee [Sardinian] pecus [Translingual] Pecora [Sardinian] pegus [Venetian] piègora,*peḱu-,,6,1035
[English] isochronal [English] isogloss [English] isotherm [Indonesian] iso- [Translingual] Isopoda [Icelandic] samsæta [English] isochrony [Swedish] isomorfi [Hungarian] izosztázia [Greek] ίσος [Kazakh] изотоп [Assamese] বি- [Bengali] বি- [Hindi] वि- [Russian] исон [Kazakh] изоморфизм [Marathi] वैतागणे [Polish] izo-,*wi,,18,1036
[English] whale [Middle English] whale [Swedish] val [Faroese] hvalur [Icelandic] hvalur [Norwegian Bokmål] hval [Old Swedish] hval [Galician] escalo [Afrikaans] walvis [Estonian] vaal [Translingual] Squalus [Norwegian Bokmål] kval [Norwegian Nynorsk] kval [Scots] whaul [English] Whalsay [English] Whall,*(s)kʷálos,,16,1037
[French] croc [English] crochet [Louisiana Creole French] craqué [French] escroquer,*gerg-,,4,1038
[Middle Welsh] amyl [English] ample [Catalan] ample [Middle English] ample [Old Portuguese] ancho [Portuguese] ancho [Spanish] ancho [Italian] ampio [Spanish] amplio [Asturian] anchu [Welsh] aml,*h₂emlos,,11,1039
[Romani] amen [Gujarati] અમે [Punjabi] ਅਸੀਂ [Prakrit] 𑀅𑀲𑁆𑀫𑁂 [Konkani] आमि [Khowar] اسپا [Punjabi] اسیں [Saurashtra] ꢂꢪꢶ [Phalura] asíi [Pali] nāsā [Sanskrit] नक्र,*n̥smé,,11,1040
[English] smorgasbord [Polish] smar [Alemannic German] Schmër [German] Schmer,*smérus,,4,1041
[English] dung [English] dung [English] dungeon [English] dungeon [Middle English] donge [Middle English] donge [Middle English] donge [Middle English] donge,*dʰengʰ-,,8,1042
[English] miracle [French] miracle [Maori] merekara [Norman] mithacl'ye [Dutch] mirakel [Polish] mirakl,*(s)meyh₂-,,6,1043
[Indonesian] Adi [Pali] adhi [Balinese] ᬅᬥᬶ,*h₁n̥dʰí,,3,1044
[Italian] trace [Italian] trace [Latin] thrax [Latin] thraex,*dʰr̥h₂-gʰ-yé-,,4,1045
[Indonesian] arti [Indonesian] erti [Indonesian] harta [Javanese] yatra [Indonesian] arta [Khmer] អត្ថ [Khmer] អត្ថប្រយោជន៍ [Balinese] ᬅᬃᬣ [Javanese] ꦲꦂꦠ,*h₁ert-,,9,1046
[English] gene [German] Gen [Danish] gen [Dutch] gen [Greek] γενεά [Hungarian] gén [Kazakh] ген [Hebrew] גן [Greek] γενιά,*ǵenh₁eseh₂,,9,1047
[Antillean Creole] dan [Haitian Creole] dan [Mauritian Creole] ledan [Seychellois Creole] ledan [Papiamentu] djente,*h₃dénts,,5,1048
[English] phenotype [English] phenyl [English] tryptophan [English] pyrophane [English] homophene [English] pheno- [Polish] feno- [English] myophan [Albanian] rrëfej [Cebuano] pansi [English] phenogam [Kazakh] фенотип [English] -phany,*bʰh₂nyéti,,13,1049
[English] yard [Jamaican Creole] yard [Norwegian Bokmål] gard [Norwegian Nynorsk] gard [English] garth [English] garth [Bikol Central] yarda [Jamaican Creole] Yard [Faroese] garður [Icelandic] garður [English] yerd [Danish] gård [Norwegian Bokmål] gård [Swedish] gård [English] Garside [Norn] gart [Scots] yird [Scottish Gaelic] gàrradh [Norman] gardin [Irish] garraí [Irish] uirbeach [Norman] gardîn [Old Swedish] garþer [Scanian] gárð [Norwegian Bokmål] abildgård [Manx] garey,*gʰórdʰos,,26,1050
[Jamaican Creole] yard [English] girth [Bikol Central] yarda [Jamaican Creole] Yard [Esperanto] ĝardeno [Danish] gjord [Swedish] gjord [Asturian] xardín [Friulian] zardìn [Sicilian] jardinu [Icelandic] gjörð [Norwegian Bokmål] gjerde [Norwegian Nynorsk] gjerde [Old Swedish] giurþa [Faroese] gjørð [Westrobothnian] gjäl [Icelandic] gerði [English] Gardham,*gʰerdʰ-,,18,1051
[English] junk [English] junco [Portuguese] junco [Spanish] junco [English] junket [Catalan] junc [Catalan] jonc [French] jonc [Translingual] Juncus [Esperanto] junko,*yoy-ni-,,10,1052
[Bavarian] junk [Cimbrian] junk [Esperanto] juna [French] jeune [Alemannic German] jung [Cimbrian] jung [German] jung [Mòcheno] jung [Turkish] jön [Haitian Creole] jèn [Middle French] ieune [Yiddish] יונג [Central Franconian] jonk [Luxembourgish] jonk [Norman] janne [Alemannic German] jungu [Cimbrian] djung [Alemannic German] jòng [Alemannic German] junhs [Alemannic German] jungà [Walloon] djonne [Louisiana Creole French] jènn,*h₂yuh₁en-,,22,1053
[Bavarian] junk [Cimbrian] junk [Esperanto] juna [German] Junge [Irish] óg [Faroese] ungur [Icelandic] ungur [Danish] ung [Norwegian Bokmål] ung [Norwegian Nynorsk] ung [Swedish] ung [Dutch] jong [Limburgish] jong [Alemannic German] jung [Cimbrian] jung [German] jung [Mòcheno] jung [Scottish Gaelic] òg [Manx] aeg [Middle High German] junc [English] jonkmanskas [Italian] giovenco [Yiddish] יונג [Afrikaans] jonk [Central Franconian] jonk [Luxembourgish] jonk [Alemannic German] jungu [Norwegian Bokmål] yngel [Norwegian Bokmål] yngel [Cimbrian] djung [Alemannic German] jòng [Tok Pisin] yangpela [Alemannic German] junhs [Alemannic German] jungà [Norwegian Bokmål] ormeyngel [Norwegian Bokmål] abboryngel [Norwegian Bokmål] abboryngel [Catalan] jovençà,*h₂yuh₁n̥ḱós,,38,1054
[Plautdietsch] junk [Low German] jung [Polabian] jungĕ,*yuwn̥kós,,3,1055
[English] adenine [Portuguese] adenoma [Translingual] Adenophorea [English] adeno- [Italian] adeno- [Spanish] adeno- [Esperanto] adenito [Greek] αδένας [Irish] adana- [Irish] adainín [Irish] adanóma [English] adenocystic [Kazakh] аденин,*h₁engʷḗn,,13,1056
[English] adenine [Portuguese] adenoma [Translingual] Adenophorea [English] adeno- [Italian] adeno- [Spanish] adeno- [Esperanto] adenito [Greek] αδένας [Irish] adana- [Irish] adainín [Irish] adanóma [English] adenocystic [Kazakh] аденин,*n̥gʷḗn,,13,1057
[Dutch] -ie [French] -ie [French] -ie [Middle English] -ie [Middle High German] -ie [Old French] -ie [English] -y [Esperanto] -io [Ido] -io [Ido] -io [German] -ei [English] -cy [English] -cy [Dutch] -ij [Dutch] -ij [Latvian] -ija [Latvian] -ija [Lithuanian] -ija [Lithuanian] -ija [Serbo-Croatian] -ija [Serbo-Croatian] -ija [Slovene] -ija [Slovene] -ija [German] -ien [German] -ien [Translingual] -ia [Translingual] -ia [English] -ia [English] -ia [Interlingua] -ia [Interlingua] -ia [Italian] -ia [Polish] -ia [Norwegian Bokmål] abbedi [English] panmixia [Indonesian] hipotermia [Spanish] hipotermia [English] panmictic [Translingual] Claytonia [Urdu] ـی [Hindi] -ई [Spanish] escalesia [Russian] -ия [Russian] -ия [Irish] útóipe [Irish] útóipe [Assamese] -ঈয়া [Irish] Útóipe [Irish] Útóipe [Indonesian] hipotermi [Turkish] hipotermi [English] langloisia [Polish] -gnozja [Translingual] Dawsonia,*-h₂,,54,1058
[Scots] -ie [English] -y [English] -y [Norwegian Bokmål] -ig [Norwegian Bokmål] -ig [English] -ic [Norwegian Bokmål] abbedverdighet [Norwegian Bokmål] abbedverdighet [Urdu] ـی [Hindi] -ई,*-kos,,10,1059
[French] gland [Romanian] gland [Norwegian Bokmål] glans [Norwegian Nynorsk] glans [Czech] žalud [Russian] гланда [Greek] βελανίδι [Ido] glano [Ido] glano [English] balanoposthitis [Romanian] ghindă [Italian] balano [Greek] βάλανος [Aromanian] gljindã [Spanish] bálano [Translingual] Balanus [English] balanic [Spanish] landre [Turkish] palamut,*gʷelh₂-,,19,1060
[English] triclavianism [Slovak] klavír [English] enclave [English] autoclave [Sardinian] crai [Rohingya] sabí [Romanian] cheie [Aragonese] clau [Serbo-Croatian] čavao [German] Klaviatur [Haitian Creole] kle [Serbo-Croatian] чавао [Assamese] চাবি [Bengali] চাবি [Marathi] चावी [Ido] klavo [Ido] klovo [Sicilian] ghiovu [Sicilian] ghiou [Esperanto] klavikordo [Occitan] clavèl [Dalmatian] cluf [Maltese] ċavetta [Ido] klefo [Aromanian] cljai [Danish] klaviatur [Oriya] ଚାବି [Cemuhî] kilé [Kazakh] автоклав [Haitian Creole] klou [Wolof] caabi [Sylheti] ꠌꠣꠛꠤ [Franc-Comtois] çhè [Mauritian Creole] lakle [Seychellois Creole] lakle [Galician] choiar [Tetelcingo Nahuatl] yöbi̱ [Mansaka] yabi [Papiamentu] yabi [Kabuverdianu] tchabi [Kabuverdianu] txabi [Kabuverdianu] xave [Afrikaans] krabbetjie,*(s)kleh₂w-,,43,1061
[English] member [Scots] member [Spanish] miembro [English] merus [Czech] maso [Esperanto] membro [Catalan] membre [Occitan] membre [English] meros [Greek] μηρός [Romanian] membru [Cebuano] miyembro [Asturian] miembru [Luxembourgish] Member [Welsh] mymryn,*mḗms,,15,1062
[English] scold [Faroese] skald [Polish] skald [Serbo-Croatian] skald [Slovak] skald [Swedish] skald [Icelandic] skáld [Danish] skjald,*skeldʰ-,,8,1063
[Esperanto] deci [Czech] docent [Greek] δέχομαι [Greek] δείπνο [Kriol] teil,*deḱ-,,5,1064
[English] uterine [Czech] uterus [Indonesian] uterus [Galician] útero [Portuguese] útero [Spanish] útero [Italian] utero [Catalan] úter,*úderos,,8,1065
[Guinea-Bissau Creole] tera [Papiamentu] tera [Papiamentu] tera [Translingual] tarsier [English] tarsier [Haitian Creole] tè [Mauritian Creole] later [Seychellois Creole] later [Danish] torsk [Norwegian Bokmål] torsk [Norwegian Nynorsk] torsk [Swedish] torsk [English] thirst [Afrikaans] dors [Icelandic] þyrstur [Welsh] tir [Scottish Gaelic] tìr [German] Dorsch [Icelandic] þorskur [Icelandic] þorsti [Faroese] toskur [Faroese] tystur [Faroese] tosti [Polish] dorsz [Swedish] törst [Irish] tír [Norwegian Bokmål] tørst [Norwegian Bokmål] tørst [Norwegian Nynorsk] tørst [Irish] trosc [Manx] çheer [Haitian Creole] latè [Swedish] tass [English] terre-tenant [English] terre-verte [Norwegian Bokmål] tørke [Norwegian Nynorsk] tørke [Norwegian Nynorsk] tørke [Norwegian Bokmål] tørste [Norwegian Nynorsk] tørste [Norwegian Nynorsk] tørste [Low German] Döst [Icelandic] þorna [English] Tierra Amarilla [English] Terreneuvian [Westrobothnian] törkes [English] Terrebonne Parish [Kabuverdianu] téra [English] Terre Haute,*ters-,,49,1066
[English] oat [Scots] ait [Yola] oathès,*h₁eyd-,,3,1067
[Indonesian] harga [Javanese] rega [Bikol Central] halaga [Tagalog] halaga [Waray-Waray] halaga [Lao] ລາຄາ [Thai] ราคา [Hindi] आघ,*h₂elgʷʰ-ós,,8,1068
[Scots] gum [Norwegian Bokmål] gutt [Faroese] goyggja [Danish] gø [Italian] guitto [Norwegian Bokmål] gjø,*ǵʰeh₂w-,,6,1069
[English] achluophobia [English] achluophobic,*h₂eǵʰlu-,,2,1070
[Tat] di [Persian] ده [Hindi] दास [Balinese] ᬤᬵᬲ [Pali] dāsa,*des-,,5,1071
[Spanish] anda [Galician] andas,*h₂em-,,2,1072
[English] totter [Aromanian] dor [Romanian] dor [English] dolus [French] dol [Faroese] tjaldur [Icelandic] tjaldur [Dutch] tölten [Italian] dolo [Spanish] dolo [Danish] tølt [Scots] chalder [Norwegian Nynorsk] tjeld [English] tolter [Finnish] tiltata [Norn] chaldro,*del-,,16,1073
[Papiamentu] sa [Papiamentu] sa [Chinese Pidgin English] savvy [Chavacano] sabor [English] Sabir [Kabuverdianu] sabe [Guinea-Bissau Creole] sibi [Krio] sabi [Nigerian Pidgin] sabi [Papiamentu] sabi [Papiamentu] sabi [Sranan Tongo] sabi [Macau Pidgin Portuguese] 撒㗑 [Haitian Creole] savé,*seh₁p-,,14,1074
[Sranan Tongo] sa [Yola] shell [Danish] skulle [Norwegian Bokmål] skulle [Norwegian Nynorsk] skulle [Norwegian Nynorsk] sku [Swedish] skola [Icelandic] skulu [Faroese] skula [Old Swedish] skula [Norwegian Nynorsk] skulla [Serbo-Croatian] šel [Serbo-Croatian] шел,*skel-,,13,1075
[Arabic] الكويت [Dutch] koto [Sranan Tongo] koto [Taos] kùti’ína [Pashto] کوټ,*gʷewd-,,5,1076
[Danish] over [Norwegian Bokmål] over [Norwegian Nynorsk] over [Swedish] över [Icelandic] yfir [Faroese] yvir [Swedish] över- [Serbo-Croatian] iber [English] Uber,*upéri,,9,1077
[English] algolagnia [English] -algia [Italian] -algia [Portuguese] -algia [Spanish] -algia [Maltese] reliġjon [Russian] религия [English] veisalgia [Romanian] religie [English] algo- [Ladino] relijion [English] -algy [English] antalgic [English] alginuresis [Greek] άλγος [Greek] αλγολαγνεία [Tok Pisin] relisen,*h₂leg-,,17,1078
[Scottish Gaelic] deur [Greek] δάκρυ [Irish] deoir,*dáḱru,,3,1079
[Tok Pisin] lok [Tok Pisin] lok [Norman] litter [English] luxe [English] luxe [Dutch] luxe [Dutch] luxe [Icelandic] Loki [Translingual] Loxodonta [Spanish] lucha [Spanish] lujo [Spanish] lujo [Italian] lotta [Romanian] luptă [French] lutte [Portuguese] luta [Danish] luksus [Danish] luksus [Finnish] luksus [Finnish] luksus [Norwegian Bokmål] luksus [Norwegian Bokmål] luksus [Norwegian Nynorsk] luksus [Norwegian Nynorsk] luksus [Polish] luksus [Polish] luksus [Serbo-Croatian] luksus [Serbo-Croatian] luksus [Albanian] luftë [Friulian] lote [Serbo-Croatian] luksuz [Serbo-Croatian] luksuz [Icelandic] lúxus [Icelandic] lúxus [Ternate] rugi [Thai] โรค [Hungarian] luxus [Hungarian] luxus [Hindi] रोग [Danish] Loke [Norwegian] Loke [Swedish] Loke [Danish] lukke [Norwegian Bokmål] lukke [Irish] Láca [Albanian] luftoj [Catalan] lluita [Translingual] Loxia [Asturian] lluchar [Aromanian] alumtu [English] luthern [Middle French] luitter [Romansch] lotga [Romansch] luotta [Romansch] lutga [Aromanian] alumtã [Swedish] lyx [Swedish] lyx [Asturian] llucha [Galician] loita [Icelandic] lykja [Lao] ໂລກ [Aromanian] ljuftã [Khmer] រោគ [Shina] रोक [Greek] λυγίζω [Tagalog] lugi [Scanian] lákke [Ligurian] lùsso [Ligurian] lùsso [Translingual] Lygodium [Bengali] রোগ [Kashmiri] روٗگ [Malayalam] രോഗം,*lewg-,,74,1080
[Afrikaans] bier [Breton] bier [Norwegian Bokmål] bever [Norwegian Nynorsk] bever [Cimbrian] bira [Spanish] birra [Faroese] bjór [Icelandic] bjór [Icelandic] bjór [Sakizaya] bilu [Taivoan] bilu [Min Nan] bih-luh [Min Nan] bì-luh [Irish] beoir [Albanian] birrë [Bulgarian] бира [Danish] bæver [Min Nan] bì-lù [Westrobothnian] bjur [Cimbrian] biira [Norwegian Nynorsk] bjor [Norwegian Nynorsk] bjor [Polish] birofil [Polish] birofilia,*bʰews-,,24,1081
[Irish] fiú [Translingual] Eukaryota [Scottish Gaelic] fiù [Kazakh] евгеника,*h₁wésus,,4,1082
[Kholosi] hat [Indonesian] hasta [Rohingya] hát [Garhwali] हाथ [Hindi] हाथ [Nimadi] हाथ [Old Gujarati] हाथ [Oriya] ହାତ [Assamese] হাত [Bengali] হাত [Chakma] 𑄦𑄖𑄴 [Konkani] हात [Malvi] हात [Marathi] हात [Nepali] हात [Punjabi] ਹੱਥ [Gujarati] હાથ [Kachchi] હથ [Balinese] ᬳᬲ᭄ᬢ [Khowar] هوست [Khowar] ھوست [Phalura] haát [Punjabi] ہتھ [Sindhi] ھٿ,*ǵʰes-,,24,1083
[Tok Pisin] hat [Sranan Tongo] ati [Serbo-Croatian] kaciga [Serbo-Croatian] кацига [Italian] cassida [Italian] cassidide,*kadʰ-,,6,1084
[Asturian] vera [Spanish] vera [Greek] βέρα [Italian] ghiera,*weyh₁ros,,4,1085
[Indonesian] hemi- [Polish] hemi- [Translingual] Hemitragus,*sēmi,,3,1086
[English] sperm [Norwegian Bokmål] sperm [English] spermatozoon [French] sperme [Latvian] sperma [Norwegian Bokmål] sperma [Norwegian Nynorsk] sperma [Esperanto] spermatozoo [Norwegian Bokmål] spermie [Norwegian Nynorsk] spermie [Greek] σπέρμα [Armenian] սպերմա [Polish] aspermia [German] Sperma [Esperanto] spermo [English] spermophyte [Translingual] Spermatophyta [Translingual] Spermophilus [Italian] -spermia [English] boneseed [Italian] spermazio,*spérmn̥,,21,1087
[English] germ [Italian] germe [Kabuverdianu] irma [French] germinal [Papiamentu] ruman [Kabuverdianu] armum [English] Germinal [Italian] germinale [Italian] germile [Galician] irmán [Esperanto] ĝermo [Galician] xerme [Kabuverdianu] irmon [Romanian] germănar [Galician] xermolo [Kabuverdianu] armun,*ǵénh₁mn̥,,16,1088
[English] jolly [Danish] jul [Norwegian Bokmål] jul [Swedish] jul [English] Yuletide [Faroese] jól [Icelandic] jól [French] joli [Norman] joli [Old French] jolif [Ingrian] Joulu,*yekə-,,11,1089
[Danish] eg [Swedish] ek [German] Eiche [Afrikaans] eik [Afrikaans] eik [Dutch] eik [Faroese] eik [Icelandic] eik [Norwegian Bokmål] eik [Norwegian Nynorsk] eik [Westrobothnian] eik [English] aegilops [English] aegilops [Greek] αίγα [English] Aigburth [Italian] eschio [Italian] ischio [Translingual] Aegilops [Translingual] Aegilops [Vilamovian] aach [Translingual] Aix [Central Franconian] Eech [Luxembourgish] Eech [Greek] αιγο- [Translingual] Aesculus [Cimbrian] aicha [Yiddish] אייכנבוים [Italian] eschia [Dutch] Exel [Dutch] Exel [Dutch] Ekris [Dutch] Maaseik,*h₂eyǵ-,,32,1090
[Dutch] coma [Finnish] kooma [Danish] koma [Indonesian] koma [Norwegian Bokmål] koma [Norwegian Nynorsk] koma [Polish] koma [German] Koma [English] Cwmamman,*ḱumbʰ-,,9,1091
[Malay] dos [English] dose [French] dose [French] dose [Norwegian Bokmål] dose [Norwegian Nynorsk] dose [Italian] dote [German] Dose [Dutch] doos [Afrikaans] dosis [Afrikaans] dosis [Dutch] dosis [Hiligaynon] dosis [Indonesian] dosis [Spanish] dosis [Tagalog] dosis [German] Dosis [Polish] doza [Turkish] doz [Dalmatian] duauta [Esperanto] dozo [Esperanto] dozo [Ido] dozo [Greek] δόση [Norman] dôse [English] dosis-effect [Franc-Comtois] dôje [Hungarian] dózis [Romanian] dotă,*déh₃tis,,29,1092
[English] rime [Translingual] rimiculus,*reyH-meh₂,,2,1093
[English] stare [Italian] storno [Translingual] Sturnus [Esperanto] sturno [Galician] estorniño [Norman] êtourné [Catalan] estornell [Galician] estornillo,*storo-,,8,1094
[English] hail [Scots] hail [Luxembourgish] Hol [German] Hagel,*kagʰlos,,4,1095
[Slovak] švagor [Belarusian] швагер [English] Swauger,*swēḱurós,,3,1096
[Slovak] švagor [Hindi] ससुर [Sicilian] soggiru [Catalan] sogre [Marathi] सासरा [Kalasha] išpášur [Khowar] اِشپاشُور [Friulian] suesar [Sylheti] ꠢꠃꠞ [Assamese] শহুৰ [Early Assamese] শশুৰ [Kashmiri] ہِہُر [Belarusian] швагер [Phalura] šúur [Kashmiri] ہیُٛہُر [Bengali] হউরী [Bengali] শউরী [English] Swauger [Romani] sastro,*swéḱuros,,19,1097
[English] -hedron [Danish] tetraeder [Danish] polyeder [English] hexecontahedron [Manx] tree-heedragh [Norwegian Bokmål] -eder [Norwegian Nynorsk] -eder [Greek] έδρα,*sedreh₂,,8,1098
[Galician] quinto [Spanish] quinto [English] quintuplicate [Catalan] quinta [English] quintuple [French] quintuple [Catalan] quint [Finnish] kvintti [Dutch] kwint [Dalmatian] cincto [Asturian] quintu [Cebuano] kinto [Hungarian] kvint [Norwegian Bokmål] kvint [Norwegian Nynorsk] kvint,*pénkʷtos,,15,1099
[Friulian] nono [Istriot] nono [Mòcheno] nono [Portuguese] nono [Spanish] Núñez [Translingual] Nonnula [Khowar] نَن,*nana-,,7,1100
[Catalan] bio- [Czech] bio- [Galician] bio- [Hungarian] bio- [Ido] bio- [Italian] bio- [Norwegian Bokmål] bio- [Norwegian Nynorsk] bio- [Polish] bio- [Portuguese] bio- [Spanish] bio- [English] biography [English] biopsy [Kazakh] биология [Greek] βίος [Polish] -biont [Asturian] biografía [Galician] biografía [Spanish] biografía [Latin] biologia [French] biologie [Azerbaijani] biologiya [Esperanto] biologo [Esperanto] biografo [Danish] biologi [Spanish] biología [Dutch] bioscoop [French] abiogenèse [Hungarian] biográfia [Hungarian] biológia [Italian] -bio [Hebrew] ביו־ [Esperanto] biosfero [Polish] anaerob [Kazakh] биосфера [Norwegian Bokmål] abiogenese [Kazakh] биомасса [Ukrainian] біографія [Kazakh] биогеография [Yiddish] ביאָלאָגיע [Polish] -bioza [Polish] anoksybiont [Polish] anaerobiont [Indonesian] biopsi [German] Probiotikum,*gʷeyh₃-,,45,1101
[English] pane [Middle English] pane [Zoogocho Zapotec] bay [English] panel [Indonesian] panel [Middle English] panel [Spanish] paño [Galician] pano [Old Portuguese] pano [Portuguese] pano [Asturian] pañal [Spanish] pañal [French] pan [Middle English] pan [Old French] pan [Italian] panno [Romanian] pânză [Portuguese] painel [Irish] pána [Norman] panné [Catalan] pany [Spanish] pañero [Pochutec] payoʹ [Yosondúa Mixtec] pañu [Tataltepec Chatino] payu̱ [San Miguel el Grande Mixtec] pañú,*peh₂n-,,26,1102
[English] orb [Polish] orbita,*h₃erbʰis,,2,1103
[English] orb [Aromanian] orb [Romanian] orb [English] orphan [Ido] orfano [Italian] orfano [Czech] rab [Polish] rab [Portuguese] órfão [Spanish] huérfano [Hungarian] Orpheusz [Spanish] Orfeo [Italian] orbo [Venetian] orbo [Albanian] verbër [Esperanto] orfo [Esperanto] orfo [Galician] orfo [Russian] раб [Albanian] varfër [Greek] ορφανός [Sicilian] orvu [Aromanian] orbu [Sicilian] orbu [Romanian] orbecăi [Catalan] orfe [Latin] orphanus [Albanian] vorfën [Romanian] oarfăn [Aromanian] oarfãn [Dalmatian] vuarb [Friulian] vuarb [French] Orphée [Istriot] uorbo,*h₃órbʰos,,34,1104
[English] toast [Welsh] tost [Galician] torrar,*torséyeti,,3,1105
[English] bottom [English] bottom [Albanian] abonim [Albanian] abonohem [Albanian] abonuar [Danish] fond [Danish] fond [Norwegian Bokmål] fond [Norwegian Nynorsk] fond [Esperanto] aboni [English] Po [Italian] Po [German] Bühne [Haitian Creole] fon [Kabuverdianu] fundu [Kabuverdianu] funde [English] abonnement [Norwegian Bokmål] abonnent [Danish] abonnere [Norwegian Bokmål] abonnere [Armenian] բուն [Norwegian Nynorsk] abonnera [Esperanto] fono [Lezgi] пун [Portuguese] Pó [Volapük] lebonedön [Georgian] ბუნი [Yiddish] אַבאָנירן [English] Fond du Lac [English] Bottomley [Bislama] botom [Yola] bothom [Yola] bothom [Middle English] botme [Norwegian Bokmål] abonnering [Yiddish] בינע,*bʰudʰmḗn,,36,1106
[Hungarian] hetero- [Indonesian] hetero- [Polish] hetero- [English] heterodont [Translingual] Heteropoda [Translingual] Heteropteryx [Hebrew] הטרוסקסואלי [Latin] heterophyllus [French] hétérœcie [Translingual] Heterotremata [Translingual] Heterodontosaurus [Translingual] Heterotrichida [Kazakh] гетеротроф,*sḿ̥teros,,13,1107
[Aragonese] fornica [English] -form [Translingual] Myrmecia [Ido] formiko [Swedish] myra [Translingual] Acromyrmex [Icelandic] maur [Norwegian Bokmål] maur [Norwegian Nynorsk] maur [Danish] myre [Greek] μυρμήγκι [Translingual] Myrmecophaga [Dutch] formicarium [Armenian] մրջյուն [Corsican] furmicula [Faroese] meyra [Translingual] Myrmica [Papiamentu] fruminga [Papiamentu] fruminga [Italian] mirmeco- [Westrobothnian] möur [Bourguignon] fremin [Papiamentu] vruminga [Papiamentu] vruminga [Kabuverdianu] furminga [Kazakh] формальдегид [Scots] mooratoog,*morwi-,,27,1108
[English] olla [Aragonese] olla [Italian] olla [Romanian] oală [Aromanian] ular [Portuguese] olha [Romanian] olar [Romanian] ulcea [Aromanian] oalã [English] Aul,*Hukʷsleh₂,,10,1109
[English] olla [Aragonese] olla [Italian] olla [Romanian] oală [Aromanian] ular [Portuguese] olha [Romanian] olar [Romanian] ulcea [Aromanian] oalã [English] Aul,*Hukʷ-,,10,1110
[Irish] ua [Manx] oe [Manx] oe [Irish] ó [Middle Irish] ó [Scottish Gaelic] ogha [Manx] veih [Old Irish] úa [Manx] voish,*h₂ewh₂yos,,9,1111
[English] sock [Translingual] Sus [Translingual] Suiformes [Romanian] sor [Sranan Tongo] agu [Swahili] soketi [Punjabi] سور [Translingual] hyointestinalis [Translingual] hyopneumoniae [Urdu] سؤر [Afrikaans] swyn [Hindi] सूअर [Hindi] सूअरी [Punjabi] ਸੂਰ [Saramaccan] hágu [Santali] ᱥᱩᱠᱨᱤ [Pali] sūkara [Sardinian] sughe,*suH-,,18,1112
[Slavomolisano] krv [Czech] krev [English] creosote [Greek] κρέας [English] creatine [English] creatic [Irish] cró [Norwegian Bokmål] kreosot [Norwegian Nynorsk] kreosot [English] kreotoxin [English] kreophagy [Irish] craorag,*kréwh₂s,,12,1113
[Catalan] prop [French] prochain [French] approcher [Old French] aprochier [Romanian] apropia [Aromanian] aprochiu [English] prochein [Megleno-Romanian] proapi [Megleno-Romanian] prochiu,*prokʷe,,9,1114
[English] Uri [Portuguese] orlar [Spanish] orlar [Portuguese] orla [Spanish] orla [English] orle [French] ourler [Asturian] oriella,*h₁erh₂-,,8,1115
[English] hypno- [Greek] ύπνος [Polish] hipnoza [Polish] hipno- [English] hypnalis [Latin] ypnalis,*supnós,,6,1116
[English] match [Translingual] -mycota [English] mycorrhiza [Catalan] mújol [Spanish] mújol [English] myctophid [Greek] μύκητας [English] -mycin [English] myxovirus [English] mycetism [Translingual] Myxozoa [Translingual] Myxophaga [Translingual] -myces [Translingual] Mycena [Greek] μύξα [Irish] ascaimícéit [Spanish] micosis [Greek] μυκτήρ [Translingual] Mycomorphoolithus [Kazakh] микоплазма [Middle English] mecche,*mew-k-,,21,1117
[English] dys- [French] dys- [Latin] dys- [Norwegian Bokmål] dys- [Norwegian Nynorsk] dys- [Portuguese] dis- [English] dystopia [English] dyslexia [Irish] do- [Manx] do- [Scottish Gaelic] do- [Romanian] dușmăni [Greek] δύσκολος [Romanian] dușman [Serbo-Croatian] dušman [Macedonian] душман [Russian] душман [Serbo-Croatian] душман [Spanish] distrofia [Armenian] դժ- [Hungarian] diszlexia [Manx] doillee [Irish] dios- [Polish] dyskalkulia [Polish] dysgrafia [Aromanian] dushman [Uzbek] dushman [Norwegian Bokmål] dyskalkuli [Thai] ทุ [Aromanian] dushmanu [Avar] тушман [Irish] doiligh [Esperanto] disleksio,*dus-,,33,1118
[Old Occitan] dir [Romansch] dir [Walloon] dire [Romansch] gir [Hungarian] dizőz [Romansch] deir [Norman] dithe,*dḗyḱst,,7,1119
[Old Occitan] dir [Romansch] dir [Walloon] dire [Romansch] gir [Hungarian] dizőz [Romansch] deir [Norman] dithe,*deyḱ-s,,7,1120
[Galician] sebe [Portuguese] sebe,*seh₂ip-,,2,1121
[English] ento- [Italian] entandrofragma,*h₁éntos,,2,1122
[English] ethno- [Portuguese] etnia [Spanish] etnia [French] ethnie [Greek] έθνος [Catalan] etno- [Italian] etno- [Polish] etno- [Portuguese] etno- [Spanish] etno- [English] ethnarch [Esperanto] etno [Catalan] ètnia [Portuguese] etnográfico [Spanish] etnográfico [Russian] этнология,*swedʰ-no-,,16,1123
[English] -gamy [English] -gamous [English] bigamy [Greek] γάμος [Italian] genero [English] agamogenesis [Greek] γαμπρός [Romanian] ginere [Portuguese] genro [Catalan] gendre [French] gendre [Galician] xenro [Asturian] xenru [Norwegian Nynorsk] monogami [Turkish] damat [Italian] -gamia [Polish] -gamia [Portuguese] -gamia [English] tamada [Latin] quadrigamus [Sicilian] ienniru [Sicilian] jenniru [Irish] -gamacht [Kabardian] тхьэмадэ [Old Portuguese] genrro [Friulian] zinar [English] gamergate [Aromanian] dziniri [Hindi] जमाई [Oriya] ଜ୍ୱାଇଁ [Konkani] जांवंय [Kalasha] ǰamów [Old Marathi] 𑘕𑘰𑘪𑘰𑘃 [Assamese] জোঁৱাই [Kabuverdianu] jénru [French] -game [Early Assamese] জমাই [Norwegian Nynorsk] apogami [Norwegian Nynorsk] -gami [Norwegian Nynorsk] -gam [Polish] -gam [Assamese] জঙাই [Khowar] جَمار [Marathi] जावई [Sardinian] gheneru [Punjabi] جوائی [Kashmiri] زامتُر,*ǵem-,,47,1124
[Romanian] sever [English] severe,*seǵʰwr̥,,2,1125
[English] toga [Italian] toga [Norwegian Bokmål] toga [Norwegian Nynorsk] toga [Spanish] toga [English] tog [English] toge [Finnish] tooga,*togéh₂,,8,1126
[Ido] -ed [Catalan] -at [Norwegian Nynorsk] -at [French] partenariat,*-eh₂tos,,4,1127
[Czech] život [English] biotin [German] Biotin,*gʷih₃wo-teh₂,,3,1128
[English] mead [English] mead [English] mead [Yola] mead [Czech] med [Middle English] mede [Indonesian] madu [Malay] madu [English] Maeve [Faroese] mjøður [Urdu] مدھو [Swedish] mjöd [Icelandic] mjöður [Danish] mjød [Norwegian Bokmål] mjød [Norwegian Nynorsk] mjød [Greek] μέθη [Gujarati] મધ [English] Mead [German] Methyl [English] methomania [Konkani] म्होंव [Westrobothnian] mjø [Assamese] মৌ [Prakrit] 𑀫𑀳𑀼 [Sundanese] ᮙᮓᮥ [Oriya] ମହୁ [Early Assamese] মউ [Malayalam] മധു [Urak Lawoi'] มาทู [Niya Prakrit] 𐨨𐨯𐨂 [Javanese] ꦩꦢꦸ [Ladino] meana [Irish] Meadhbh,*médʰu,,34,1129
[Kazakh] ксилофон [Russian] ксилофон [Hebrew] קסילופון [Translingual] Xylopia [Greek] ξύλο [Hungarian] xilofon [Scottish Gaelic] cìr [Esperanto] ksilofono [Translingual] Xylosma [Irish] cíor [Irish] xiléin [Irish] xiléim [Translingual] Xylotrya [Kazakh] ксилит [Translingual] Xylophagus,*kes-,,15,1130
[Danish] tornado [Esperanto] tornado [Norwegian Bokmål] tornado [Norwegian Nynorsk] tornado [Scots] tornado [German] Tornado [Catalan] tro [Catalan] tronar [Urdu] تندر [Galician] estourar,*(s)tenh₂-,,10,1131
[Portuguese] lua [Galician] lúa,*lewksnā,,2,1132
[Tagalog] kuba [Spanish] cobija [Marathi] खुजे,*ḱewb-,,3,1133
[English] pasta [Galician] pasta [English] pastel [Danish] pastel [French] pastel [Indonesian] pastel [English] pastiche [French] pastiche [French] cahoter [Serbo-Croatian] pašteta [Serbo-Croatian] паштета [Greek] πάστα [German] Pasta,*kʷeh₁t-,,13,1134
[Westrobothnian] tong [Danish] tung [Norwegian Bokmål] tung [Norwegian Nynorsk] tung [Swedish] tung [Icelandic] þungur [Faroese] tungur,*téngʰus,,7,1135
[Westrobothnian] tong [Danish] tung [Norwegian Bokmål] tung [Norwegian Nynorsk] tung [Swedish] tung [Icelandic] þungur [Faroese] tungur [Asturian] timón [Greek] τιμόνι [Westrobothnian] tȳnj [Westrobothnian] tȳnj [Romanian] timonă [Maltese] tmun,*tengʰ-,,13,1136
[English] taste [Old French] tache [German] Taste [German] taxieren [French] tacher [Tetelcingo Nahuatl] texu,*teḱs-,,6,1137
[Norwegian Nynorsk] lo [Westrobothnian] lo [Faroese] lógv [Westrobothnian] løg [English] Hadley [English] Snotley [English] Bratley,*lówkos,,7,1138
[English] smart [Norwegian Bokmål] smart [Norwegian Bokmål] smart [Norwegian Nynorsk] smart [Norwegian Nynorsk] smart [Catalan] merda [Galician] merda [Italian] merda [Portuguese] merda [French] merde [English] mierda [Aragonese] mierda [Asturian] mierda [Spanish] mierda [Ladino] medra [Chavacano] morde [Kabuverdianu] morde [Papiamentu] morde [Papiamentu] morde [Aromanian] merdu [Romanian] dezmierda [Guinea-Bissau Creole] murdi [Catalan] mossegar [Esperanto] merdo [Dalmatian] miarda [Aromanian] diznjerdu [Friulian] mierde [Tok Pisin] smat [Tok Pisin] smat,*(s)merd-,,29,1139
[English] cyclops [Latin] cyclops [English] Cyclopean [Polish] cyklop [Icelandic] kýklópi [Esperanto] ciklopo [Translingual] Cyclops [Translingual] Ufudocyclops [Dutch] cycloop,*Pḱuklōps,,9,1140
[English] cyclops [Latin] cyclops [English] Cyclopean [Polish] cyklop [Icelandic] kýklópi [Esperanto] ciklopo [Translingual] Cyclops [Translingual] Ufudocyclops [Dutch] cycloop,*pḱú-klōps,,9,1141
[Asturian] fin [French] fin [Middle French] fin [Norman] fin [Norwegian Bokmål] fin [Norwegian Nynorsk] fin [Occitan] fin [Old French] fin [Old Occitan] fin [Romanian] fin [Dalmatian] fain [Ido] finar [Esperanto] fino [Galician] fino [Portuguese] fino [Pijin] finis [Portuguese] fim [Czech] finiš [Estonian] finiš [Serbo-Croatian] finiš [Slovak] finále [Serbo-Croatian] fiks [Serbo-Croatian] финиш [Tok Pisin] pinis [Welsh] ffin [Tok Pisin] pinisim [Pijin] finisim [Serbo-Croatian] fiksati [Middle English] fyn [Yola] fhyne,*dʰeygʷ-,,30,1142
[English] entail [English] tally [Dutch] taille [French] taille [Catalan] tallar [Galician] tallar [Spanish] tallar [Sicilian] tagghiari [English] tallywhacker [Old French] taillier [Dalmatian] taljur [Istriot] talgià [Lombard] tajâ [Friulian] taiâ [Aromanian] taljiu [Aromanian] talj [Cebuano] tahal [Aromanian] tayi,*teh₂l-,,18,1143
[Italian] -io [English] demiurge,*-yós,,2,1144
[English] roast [French] rôtir [Middle French] roustir [Catalan] rostir [Galician] rustrir [Polish] ruszt,*reus-,,6,1145
[Elfdalian] wait [Swedish] vit [Faroese] hvítur [Icelandic] hvítur [Hindi] सफ़ेद [Danish] hvid [Norn] hvid [Persian] سفید [Persian] سپید [Norwegian Bokmål] kvit [Norwegian Nynorsk] kvit [Norwegian Bokmål] hvit [Old Swedish] hviter [Gujarati] સફેદ [Westrobothnian] gwit [English] Weisberg [Bengali] সফেদ [Norwegian Nynorsk] kvít’e,*ḱweytos,,18,1146
[Tok Pisin] wait [Translingual] Whispovirus [Bislama] waet [Korean] 화이트,*ḱweydós,,4,1147
[English] laity [Catalan] laic [Greek] λαός,*leh₂wos,,3,1148
[Czech] vale [Catalan] valor [Catalan] valer [Spanish] valer [Romanian] valoare,*h₂wl̥h₁éh₁yeti,,5,1149
[English] dale [Middle English] dale [English] Dalton [Middle English] deale [English] Ridsdale [English] Tindale,*dʰal-,,6,1150
[Danish] fold [Swedish] -falt [Swedish] -faldig [Icelandic] -faldur,*-poltos,,4,1151
[English] scull [Faroese] skola [Icelandic] skola [Westrobothnian] sköli [Kashmiri] छलुन,*kʷsel-,,5,1152
[Swedish] skull [Icelandic] skuld [Swedish] skuld [Danish] skyld [Norwegian Bokmål] skyld [Norwegian Nynorsk] skyld,*(s)kéltis,,6,1153
[English] -or [Catalan] -or [Old French] -or [Dutch] -eur [French] -eur [Irish] -óir [Norwegian Bokmål] -ør [Norwegian Nynorsk] -ør [Romanian] -oare,*-ōs,,9,1154
[Kriol] album [Kriol] album [Faroese] hjálpa [Icelandic] hjálpa [Swedish] hjälpa [Finnish] jelpata [Norwegian Bokmål] hjelpe [Danish] hjælpe [Tok Pisin] helpim [Tok Pisin] helpim [Norwegian Nynorsk] hjelpa [Westrobothnian] hjalp [Old Swedish] hiælpa [Malayalam] ഹെൽപ്പ് [Malayalam] ഹെൽപ്പ്,*ḱelb-,,15,1155
[Ido] listo [Ido] listo [Ido] lernar [Middle Dutch] lesschen,*leys-,,4,1156
[Ido] listo [Polish] lista [Portuguese] lista [Indonesian] lis [Luxembourgish] Lëscht,*leizd,,5,1157
[French] gouffre [Catalan] golf [Dutch] golf [English] gulf [German] Golf [Greek] κόλπος [Esperanto] golfo [Italian] golfo [Portuguese] golfo [Spanish] golfo [French] golfe [English] colpo- [Turkish] körfez [Azerbaijani] körfəz [Asturian] golfu,*kʷelp-,,15,1158
[Tagalog] dike [Catalan] dic,*dheigʷ,,2,1159
[Swahili] meli [Danish] maile [Japanese] メール便,*molko-,,3,1160
[Swahili] meli [Danish] maile [Japanese] メール便,*smh₁-tleh₂,,3,1161
[English] cataclysm [Greek] κλύδων [Georgian] ლურჯი [Armenian] լուրջ [Spanish] cataclismo [French] cataclysme [English] clysmic [Polish] kataklizm,*ḱlewH-,,8,1162
[Afrikaans] sorg [Danish] sorg [Faroese] sorg [Icelandic] sorg [Norwegian Bokmål] sorg [Norwegian Nynorsk] sorg [Swedish] sorg [Swedish] försorg,*swergʰ-,,8,1163
[Danish] sorg [Faroese] sorg [Icelandic] sorg [Norwegian Bokmål] sorg [Norwegian Nynorsk] sorg [Swedish] sorg,*surgh-,,6,1164
[Italian] Genova [German] Genua [Ligurian] Zena [Occitan] Gènoa [Turkish] Cenova,*ǵénw-eh₂,,5,1165
[Italian] guanto [French] gant [Norman] gant,*wondʰnú-,,3,1166
[Norman] por [English] porcupine [English] pork [Middle English] pork [English] porpoise [Galician] porco [Italian] porco [Portuguese] porco [Aromanian] porc [Catalan] porc [French] porc [Megleno-Romanian] porc [Middle French] porc [Old French] porc [Old Occitan] porc [Romanian] porc [English] farrow [Chavacano] puerco [Spanish] puerco [Italian] porcospino [Portuguese] pocilga [Spanish] pocilga [Catalan] porcell [Italian] porcello [Italian] porcaio [Italian] porcella [Esperanto] porko [Ido] porko [Papiamentu] porko [Papiamentu] porko [French] pourceau [Ladin] porcel [Welsh] porchell [Occitan] pòrc [Romanian] purcea [Romanian] purcel [Romanian] porcăreață [Romanian] porcar [Romansch] püerch [Romansch] portg [Romansch] piertg [Romansch] purschel [Romansch] purtschi [Romansch] purschi [Romansch] purschè [Romansch] purtscheala [Spanish] puercoespín [Cornish] porhel [English] porket [Aromanian] porcu [Corsican] porcu [Sardinian] porcu [Asturian] puercu [Dalmatian] puarc [Aromanian] purtsel [Aromanian] purtseauã [Aromanian] purcãreatsã [Norman] pourpais [Friulian] purcit [Old Norse] purka [Norwegian Bokmål] purke [Norwegian Nynorsk] purke [Norwegian Nynorsk] purke [Spanish] porquero [Old French] porpeis [Aromanian] purcar [Megleno-Romanian] purcar [Emilian] pôrz [Emilian] pōrc [Norwegian Bokmål] Orknøyene [Norwegian Nynorsk] Orknøyane [Spanish] porqueriza [Italian] porcareccia [Ligurian] pòrco [Alemannic German] Porgge [Friulian] porcarie [Kabuverdianu] porku [English] Fairey [Italian] Porcu [Yola] farragh [Aromanian] purtsiau [Friulian] porcjâr,*pórḱos,,82,1167
[Papiamentu] para [Papiamentu] para [Ido] pasero [Ido] pasero [Kabuverdianu] pasaru [Guinea-Bissau Creole] pastru,*p(e)t-tro-,,6,1168
[English] vice [French] vice [Middle English] vice [Middle French] vice [Ladino] dudar [Galician] vizo [Romanian] învăța [Albanian] ves [Galician] vezo [Spanish] vezo [Albanian] mësoj [Italian] avvezzare [Spanish] avezar [Irish] diabhal [Scottish Gaelic] diabhal [Aromanian] anvets [Aromanian] nvets [Romanian] dezvăța [Galician] dubidar [Old Portuguese] viço [Portuguese] viço [Old French] veisdie [Aromanian] dizvets [Catalan] avesar [Norwegian Bokmål] tvi- [Norwegian Nynorsk] tvi- [Maltese] ddubita,*dwi-,,27,1169
[English] friar [English] friar [English] friary [French] frère [French] frère [Norman] frère [Norman] frère [English] fra [English] pal [Dutch] brada [Sranan Tongo] brada [Turkish] birader [Tagalog] brad [Belarusian] брат [English] Fra [Faroese] bróðir [Icelandic] bróðir [Ido] frato [Ido] frato [Danish] bror [Norwegian Bokmål] bror [Norwegian Nynorsk] bror [Swedish] bror [German] Bruder [German] Bruder [Pennsylvania German] Bruder [Nigerian Pidgin] broda [Balkan Romani] phral [Carpathian Romani] phral [Sinte Romani] phral [Vlax Romani] phral [Danish] broder [Norwegian Bokmål] broder [Norwegian Nynorsk] broder [Swedish] broder [Scots] brither [Hindi] भाई [Old Gujarati] भाई [Tok Pisin] barata [Middle High German] bruoder [Welsh Romani] phal [Aromanian] frate [Scottish Gaelic] bràthair [Persian] برادر [Middle English] frere [Middle French] frere [Middle French] frere [Old French] frere [Spanish] fraile [Alemannic German] bruder [Alemannic German] bruder [Indonesian] bruder [Occitan] fraire [Old Occitan] fraire [Mauritian Creole] bayo [Seychellois Creole] bayo [Dutch] broeder [Tajik] бародар [Punjabi] بھائی [Urdu] بھائی [Manx] braar [Irish] bráthair [Haitian Creole] frè [Serbo-Croatian] фратар [Serbo-Croatian] fratar [Assamese] ভাই [Bengali] ভাই [Early Assamese] ভাই [Alemannic German] bröder [Alemannic German] bröder [Bislama] brata [Galician] frade [Portuguese] frade [Hindi] भैया [Bakhtiari] برار [Khowar] برار [Luxembourgish] Brudder [Norman] fréthe [Norman] fréthe [Mauritian Creole] frer [Seychellois Creole] frer [Marathi] भाऊ [Old Marathi] भाऊ [Galician] freire [Portuguese] freire [Limburgish] broor [Kalasha] báya [Konkani] भाव [Central Franconian] Broder [Catalan] frare [Alemannic German] Brüeder [Alemannic German] Brüeder [Old Swedish] broþir [Serbo-Croatian] буразер [Serbo-Croatian] burazer [Serbo-Croatian] buraz [Gandhari] 𐨧𐨪𐨡 [Punjabi] ਭਰਾ [Bavarian] pruadar [Bavarian] pruadar [Cimbrian] pruadar [Cimbrian] pruadar [Kachchi] ભા [Old Marathi] 𑘥𑘰𑘅 [Cimbrian] pruudar [Cimbrian] pruudar [Alemannic German] brueder [Alemannic German] brueder [Alemannic German] briöder [Alemannic German] briöder [Mòcheno] pruader [Mòcheno] pruader [Bavarian] pruider [Bavarian] pruider [Bavarian] prueder [Bavarian] prueder [Punjabi] ਭਾਈ [Bengali] ভাইয়া [Punjabi] بھرا [Russian] брателло [Baltic Romani] pšal [Caló] plal [Norwegian Bokmål] drikkebror [Prakrit] 𑀪𑀸𑀉 [Yola] brover [Phalura] bhróo [Kashmiri] بوے [Niya Prakrit] 𐨧𐨿𐨪𐨟 [Venetian] fradèlo [Sindhi] ڀاء [Oriya] ଭାଇ [Dhivehi] ބޭބެ,*bʰréh₂tēr,,132,1170
[English] wade [Italian] andare [Neapolitan] vaco [Middle English] waden [Ligurian] andâ,*weh₂dʰ-,,5,1171
[Indonesian] flan [Indonesian] flan [Japanese] フラン,*pl̥h₂t-,,3,1172
[French] poche [Tarantino] pote [Ido] posho [Haitian Creole] pòch,*buk-,,4,1173
[French] gent [English] genesis [Norwegian Nynorsk] genesis [Norman] gens [English] Genesis [Dutch] Genesis [Friulian] int [English] genetics [Greek] γένεσις [Indonesian] jati [Papiamentu] hende [Papiamentu] hende [Papiamentu] kende [Papiamentu] kende [Kabuverdianu] gentis [Spanish] génesis [Indonesian] jadi [West Makian] jadi [Norwegian Bokmål] genese [Norwegian Nynorsk] genese [French] Genèse [French] Genèse [Kazakh] генетика [Ukrainian] генетика [Asturian] xente [Galician] xente [Venetian] zente [Ladino] djente [Irish] -gineas [Spanish] -génesis [Esperanto] Genezo [Greek] Γένεση [Greek] Γένεσις [Dalmatian] ziant [Russian] генезис [Greek] γένεση [Pali] jāti [Dzongkha] ཛ་ཏི [Guinea-Bissau Creole] djinti [Catalan] gènesi [Catalan] gènesi [Norwegian Bokmål] abiogenese [Polish] geneza [Indonesian] genesa [Indonesian] genesa [Malayalam] ജാതി [Assamese] জাই [Finnish] sytogeneesi,*ǵénh₁tis,,48,1174
[Danish] ord [Norwegian Bokmål] ord [Norwegian Nynorsk] ord [Swedish] ord [Faroese] orð [Icelandic] orð [Scanian] orð,*wr̥dʰom,,7,1175
[Danish] ord [Norwegian Bokmål] ord [Norwegian Nynorsk] ord [Swedish] ord [Faroese] orð [Icelandic] orð [Scanian] orð [Ido] verbo [Ido] verbo [Ido] verbo,*werdʰo-,,10,1176
[English] thrall [Danish] træl [Norwegian Nynorsk] træl [Icelandic] þræll [Faroese] trælur [Swedish] träl [Norwegian Bokmål] trell [English] Threlkeld [Middle English] thral,*trāgʰ-,,9,1177
[Catalan] ira [Galician] ira [Portuguese] ira [English] oestrus [Latin] oestrus [Italian] estro [Portuguese] estro [Spanish] estro [Irish] éastras [Translingual] Oestrus [Norwegian Bokmål] østrogen [Norwegian Nynorsk] østrogen [German] Östron,*h₁eys-,,13,1178
[English] aegis [Latin] Aegidius [Spanish] égida [Greek] αιγίδα [Polish] aegikranion,*h₂eyg-,,5,1179
[English] blend [English] blend [English] bland [Icelandic] blanda [Swedish] blanda [Danish] blande [Norwegian Bokmål] blande [Norwegian Nynorsk] blande [Finnish] blandata [Serbo-Croatian] блести,*bʰlendʰ-,,10,1180
[English] govern [Latin] guberno [Asturian] gobernar [Galician] gobernar [Spanish] gobernar [Italian] governare [Leonese] governare [French] gouverner [Old French] governer [Catalan] governar [Occitan] governar [Portuguese] governar [Middle English] governen [Norman] gouvèrner [Friulian] guviernâ [Greek] γκουβέρνο,*kʷerb-,,16,1181
[French] faux [Norman] faux [Spanish] hoz [Catalan] falç [Italian] falce [Romanian] falce [Italian] falciare [Portuguese] foice [English] falchion [Sicilian] fauci [Translingual] Falco peregrinus [Translingual] Falco [Galician] faca [Portuguese] faca [Spanish] falciforme [French] faucille [Romanian] falcă [Middle French] faulx [Asturian] foz [Romansch] falcùn [Romansch] falcung [Breton] falc'h [Norman] faûcil'ye [Norman] faûchi [Galician] fouce [Gallo] faoucher [Old French] fauz [Aragonese] falz [Aromanian] falcã [Ladin] fauc [Occitan] fauç [Sardinian] falche [Esperanto] falĉi [Italian] falcare,*dʰelk-,,34,1182
[Middle English] coupe [Italian] colpa [English] culpe [Sicilian] curpa [Portuguese] desculpa [French] coulpe,*kʷolp-eh₂,,6,1183
[Hungarian] fax [Faroese] faks [Serbo-Croatian] faks [Serbo-Croatian] факс [Irish] facsáil [Karelian] faksu,*poḱsom,,6,1184
[Hungarian] fax [Catalan] pinta [English] fain [Spanish] peine [Spanish] pendejo [Portuguese] pentelho [Dutch] vechten [Portuguese] pente [English] pecten [Romanian] pieptene [Icelandic] fága [Sranan Tongo] feti [Sardinian] pecus [Translingual] Ctenophora [Italian] pettine [French] peigne [Old French] peigne [English] cteniform [Serbo-Croatian] fajt [Tok Pisin] pait [Tok Pisin] paitim [Galician] peite [Galician] empeña [Faroese] faks [Serbo-Croatian] faks [Dutch] fittie [Serbo-Croatian] факс [English] ctenidium [Translingual] Pecten [Irish] facsáil [Karelian] faksu [English] pectinibranchiate [Dalmatian] piacno [Asturian] peñe [Pijin] faet [Serbo-Croatian] fehtati [Friulian] pietin [Arabic] فقوس [Aromanian] cheaptini [Aromanian] chiaptini [English] ctenodont [English] pectiform [Translingual] Ctenotus [Translingual] cteno- [English] cteno- [Cebuano] payts [Spanish] pechina [Translingual] Pecora [Franco-Provençal] pégno [Greek] χτένα [Translingual] Ctenus [English] ctene [Galician] pentello [Catalan] petxina [English] pectunculus [Cebuano] payt [Sardinian] pegus [Venetian] piègora [Magahi] 𑂤𑂶𑂗 [Catalan] pentinella,*peḱ-,,60,1185
[Danish] fad [English] fade [French] fade [English] fatuous [Galician] fato [Italian] fatuo [Spanish] fatuo [Catalan] fat [Dutch] fat [French] fat [Portuguese] fatela [French] fadaise [Portuguese] fátuo,*bʰat-,,13,1186
[Arabic] زوج [Westrobothnian] auk [Urdu] جنگ [Aramaic] זוגא [Maltese] żewġ [Greek] ζευγάρι [Danish] øg [Arabic] ز و ج [Greek] ζεύγος [Santali] ᱡᱩᱠᱛᱤ [Guinea-Bissau Creole] djunda [Kabuverdianu] djinda [Norwegian Nynorsk] øyk [Papiamentu] djòin,*yewg-,,14,1187
[Irish] mac [Manx] mac [Middle Irish] mac [Scottish Gaelic] mac [Scottish Gaelic] mac [English] macilent [English] McMahon [Greek] μήκος [Translingual] Mecoptera [English] Micawber [English] mekometer [English] meco-,*meh₂ḱ-,,12,1188
[English] theodicy [English] pantheism [English] theism [English] henotheism [French] théodicée [Greek] θεός [Portuguese] panteísmo [Spanish] panteísmo [Norwegian Bokmål] panteisme [Norwegian Nynorsk] panteisme [Spanish] teísta [French] théisme [Portuguese] teísmo [Spanish] teísmo [Esperanto] teismo [Translingual] Theobroma [Catalan] teisme [Norwegian Bokmål] teisme [Norwegian Nynorsk] teisme [Norwegian Bokmål] teofani [Norwegian Nynorsk] teofani [Catalan] teo- [Czech] teo- [Spanish] teo- [Spanish] teobroma [Kazakh] теология [Georgian] თეოდიცეა [Greek] θεο- [English] polypantheism [Polish] teodycea [Kazakh] теобромин [Ukrainian] теологія,*dʰéh₁s,,32,1189
[Guinea-Bissau Creole] kai [Kabuverdianu] kai [Papiamentu] kai,*ḱad-,,3,1190
[Sranan Tongo] smoko [Icelandic] smók [Sursurunga] mismuk,*(s)mewg-,,3,1191
[English] rach [English] brachet [English] bratchet,*bʰreh₂g-,,3,1192
[Scottish Gaelic] rach [English] sty [Irish] téigh [Middle Irish] téit,*stéygʰeti,,4,1193
[Scottish Gaelic] rach [Irish] téigh [Middle Irish] téit,*h₁ludʰét,,3,1194
[Scottish Gaelic] rach [Irish] téigh [Middle Irish] téit,*h₁itós,,3,1195
[English] spiral [Norwegian Bokmål] spiral [Norwegian Nynorsk] spiral [English] spare [Danish] spare [Danish] spare [French] spare [French] spare [French] spire [French] spire [Greek] σπόρος [Spanish] esprintar [Translingual] Spirochaetae [Translingual] Spirochaeta [Norwegian Bokmål] spray [Norwegian Nynorsk] spray [Galician] esporta [Latin] spira [Italian] sporta [Czech] spirála [Dutch] spiraal [Greek] σπείρα [Portuguese] esporo [Russian] шпаргалка [Hungarian] spirális [English] spiricle [Spanish] espuerta [Translingual] Saprospira [Serbo-Croatian] šprint [Serbo-Croatian] шпринт [Translingual] Spirurida [Translingual] Spirometra [Romanian] șpur [Norwegian Bokmål] spraye [Norwegian Nynorsk] spraye [Polish] szpargał [Welsh] sbâr,*sper-,,37,1196
[English] morsel [English] morceau [French] morceau [Haitian Creole] moso [Yola] mossaale,*merə-,,5,1197
[Asturian] pues [Spanish] pues [Catalan] pus [Galician] pus [Italian] poi [Galician] pois [Old Occitan] pois [Portuguese] pois [Istriot] puoi [French] puis [Spanish] postergar [Czech] post- [Danish] post- [Dutch] post- [German] post- [Italian] post- [Polish] post- [English] postpartum [Basque] oste [Portuguese] pescoço [Romanian] poimâine [Romanian] păi [Old French] poiz [Italian] postcommunio [Lombard] pö [Hungarian] poszt- [Cebuano] puwes [Aromanian] pãimãni [Aromanian] puimeni,*pósti,,29,1198
[English] lido [Kriol] liba [Torres Strait Creole] liba [Tok Pisin] liva [Italian] litoraneo [English] blin [Portuguese] litorâneo [Middle English] blinnen,*ley-,,8,1199
[French] chère [Asturian] cara [Catalan] cara [Galician] cara [Portuguese] cara [Sardinian] cara [Spanish] cara [Old French] chiere,*ḱérh₂sō,,8,1200
[Irish] aire [Irish] aire [Scottish Gaelic] aire [English] prow [Translingual] Prokaryota [Translingual] Proboscidea [Translingual] Procyon [Catalan] proa [Galician] proa [Spanish] proa [Italian] prua [Italian] prora [Translingual] Procompsognathus [French] proue [Italian] proda [Asturian] proba [Translingual] Prokarya [English] prothalamion [Translingual] Prolemur [Irish] oireacht [English] procoelous [Translingual] promelas [Translingual] Procavia [Istriot] prùa [Translingual] Prosaurolophus [Translingual] Proceratosaurus [Manx] arrey [Translingual] Propithecus [Slavomolisano] prvidan [Translingual] Proailurus [Translingual] Procambarus [Translingual] Proganochelys [Kazakh] прогерия,*pró,,33,1201
[Norman] mettre [Walloon] mete [French] message [Dutch] miss [German] Mauser [English] moult [Catalan] mudar [Neapolitan] mette [Norman] maette [Tok Pisin] mesej [Armenian] մեսիջ,*meytH-,,11,1202
[Norman] mettre [Walloon] mete [French] message [Neapolitan] mette [Norman] maette,*(s)meyt-,,5,1203
[Tok Pisin] su [Danish] sko [Norwegian Bokmål] sko [Norwegian Nynorsk] sko [Swedish] sko [Icelandic] skór [Sranan Tongo] susu [Ido] shuo [Faroese] skógvur [German] schick [Bulgarian] шик [Indonesian] cik [Burmese] ရှူးဖိနပ် [Norwegian Nynorsk] skór’e,*skek-,,14,1204
[English] ou [Afrikaans] ou [Cimbrian] alt [German] alt [Pennsylvania German] alt [Zipser German] alt [Afrikaans] oud [Afrikaans] oud [Dutch] oud [Alemannic German] olt [Bavarian] olt [Alemannic German] altu [Bavarian] òlt [Mòcheno] òlt [Vilamovian] aołd [Yiddish] אַלט [English] Auld [Alemannic German] oalt [Alemannic German] oalts [Alemannic German] àltà [Dutch] Altforst [Dutch] Aldeneik,*altós,,22,1205
[Old French] cru [Sicilian] crudu [Venetian] cruo [German] krude,*kruh₂rós,,4,1206
[English] bachelor [English] debacle [Italian] baccalà [Spanish] bacalao [Dutch] kabeljauw [Italian] bacchetta [Italian] bacchio [Faroese] bagal [French] bachelier [Latin] baccalaureus [French] bâcler [Icelandic] bagall [Old Norse] bagall [Irish] bachall [Scottish Gaelic] bachall [Catalan] bacallà [English] baculite [Galician] bacallau [Ligurian] bàcco [Welsh] baglu [Albanian] bagolinë [Sicilian] baccalaru,*baktlom,,22,1207
[English] keck [Italian] cacca [Armenian] քաք [Armenian] քակոր,*kakka-,,4,1208
[English] bake [Norwegian Bokmål] bake [Norwegian Nynorsk] bake [Ido] bakar [Faroese] baka [Icelandic] baka [Norwegian Nynorsk] baka [Swedish] baka [Afrikaans] bak [Middle English] baken [Danish] bage [Elfdalian] båkå [Armenian] բոկեղ [Middle English] bakyn,*bʰeh₃g-,,14,1209
[Latin] monitor [English] mentor [Danish] mentor [Norwegian Bokmål] mentor [Greek] μέντορας,*méntōr,,5,1210
[English] tata [Italian] tata [Mòcheno] tata [Neapolitan] tata [Afrikaans] tiet [Megleno-Romanian] tată [Romanian] tată [Dalmatian] tuota [Aromanian] tati [Spanish] taita [Aromanian] tatã [Cimbrian] tatta [Khowar] تَت,*tata-,,13,1211
[English] mythos [Italian] mito [Portuguese] mito [Indonesian] mitos [Dutch] mythe [Macedonian] мит [Serbo-Croatian] мит [Icelandic] mýta [Turkmen] mif [English] mythus,*muHdʰ-,,10,1212
[English] mythos [Italian] mito [Portuguese] mito [Middle English] mesel [Greek] μίσος [Indonesian] mitos [Dutch] mythe [Macedonian] мит [Serbo-Croatian] мит [Romanian] meserie [Romanian] meser [Icelandic] mýta [Turkmen] mif [English] mythus [English] -misia [English] -misic,*mēwdʰ-,,16,1213
[Faroese] hora [Old Swedish] hora [Swedish] hora [Irish] cara [Danish] hore [Norwegian Bokmål] hore [Norwegian Nynorsk] hore [Scottish Gaelic] caraid [Icelandic] hóra [English] Cara [Manx] carrey [Norman] hardelle [English] Horwood,*kéh₂ros,,13,1214
[English] odor [Lombard] odor [Portuguese] odor [Venetian] odor [English] odour [Middle English] odour [Danish] Odysseus [Chavacano] ole [Papiamentu] ole [Dutch] odeur [Catalan] olor [Chavacano] olor [Chavacano] olor [Spanish] olor [Spanish] olisquear [Ido] odoro [Armenian] հոտ [Hungarian] Odüsszeusz [English] odynophagia [Armenian] Ոդիսևս [Armenian] ատել [Scots] aet [Danish] odør [Greek] Οδυσσέας [Asturian] golor [Ladino] golor [Icelandic] etja [English] odynophobia [Italian] olore [English] odynometer [Friulian] odôr [Friulian] nulôr,*h₃ed-,,32,1215
[Galician] año [Irish] uan [Scottish Gaelic] uan [Bulgarian] агне [Belarusian] ягня [Ukrainian] ягня [Greek] αμνός [Portuguese] anho [Manx] eayn [Romanian] miță [Albanian] qengj [Irish] uain [Aromanian] njitsã [Sardinian] angioni [Sardinian] agnoni [Romanian] agneț,*h₂egʷnós,,16,1216
[English] Gadhelic [English] Gael [Irish] Gael [Scottish Gaelic] Gàidheal [Catalan] goidèlic [Catalan] gaèlic,*weydʰ-,,6,1217
[English] maestro [French] maestro [Italian] maestro [Spanish] maestro [English] master [Indonesian] master [Old Frisian] master [Indonesian] magister [German] Meister [English] meister [French] mistral [French] maître [Norman] maître [Danish] mester [Hungarian] mester [Indonesian] mester [Afrikaans] meester [Dutch] meester [Middle Dutch] meester [English] masterly [Scottish Gaelic] maighstir [Finnish] maisteri [Crimean Tatar] magistr [Old Occitan] maestre [Spanish] maestre [Faroese] meistari [Icelandic] meistari [Russian] мастер [Esperanto] mastro [Italian] mastro [Spanish] maese [Swedish] mästare [Catalan] mestre [Galician] mestre [Old French] mestre [Portuguese] mestre [Polish] mistrz [Old French] maistre [Greek] μάστορας [German] -iter [Old Portuguese] meestre [Irish] máistir [Middle English] maister [Romanian] măiestru [Manx] mainshtyr [Serbo-Croatian] magistar [Serbo-Croatian] магистар [Spanish] maeso [Luxembourgish] Meeschter [Occitan] mèstre [Walloon] mwaisse [Albanian] mjeshtër [Asturian] maestru [Romanian] maestru [Friulian] mestri [Kazakh] магистр [Greek] μαέστρος [Romanian] meșter [Romanian] maistru [Cimbrian] maistro [Gallo] maestr [Swedish] mäster [Galician] mestría [Polish] majster [Ukrainian] майстер [Bulgarian] майстор,*-teros,,66,1218
[French] bleu [Sranan Tongo] bro [Italian] blu [French] flageolet [Old Occitan] flaut [Esperanto] febla [Galician] fraixolé,*bʰleh₁-,,7,1219
[English] azalea [Italian] azalea [Latin] azalea [Spanish] azalea [Translingual] Azalea [German] Esse [Galician] ara [Norwegian Nynorsk] åre [Icelandic] arinn [Danish] arne [Spanish] Araceli [Polish] azalia [Irish] asáilia [Alemannic German] Ess [Norwegian Bokmål] asalea [Norwegian Nynorsk] asalea [Turkish] açelya,*h₂eHs-,,17,1220
[Romani] avel [Hindi] आना [Hindi] -आना [Punjabi] ਆਉਣਾ [Mewari] आणो,*h₁ep-,,5,1221
[English] avifauna [English] faun [Greek] θαύμα [English] thaumatrope [English] Faunus [Translingual] Thaumarchaeota [Irish] fánas,*dʰeh₂u-,,7,1222
[Romani] aver [Hindi] और [Urdu] اور [Assamese] আৰু [Sindhi] ۽ [Old Gujarati] अवर [Sauraseni Prakrit] 𑀅𑀯𑀭 [Braj] अरु [Old Hindi] अरु [Punjabi] ਹੋਰ [Oriya] ଆଉ [Awadhi] अउ [Magahi] 𑂄𑂇,*h₂epero-,,13,1223
[Asturian] feu [Sardinian] feu [Galician] feo [Spanish] feo [Italian] fedo [Hungarian] föderáció [Kazakh] федерализм [Danish] føderal [Norwegian Bokmål] føderal [Norwegian Nynorsk] føderal [Norwegian Bokmål] føderasjon [Norwegian Nynorsk] føderasjon,*bʰeydʰ-os,,12,1224
[Chavacano] culo [Spanish] culo [English] cowl [Portuguese] choco [Scottish Gaelic] cùl [Irish] cochall [Scottish Gaelic] cochall [German] Gugelhupf [Spanish] cogollo [Spanish] cogujada [French] coqueluche [Irish] cúl [Spanish] cucurucho [Manx] coghal [Italian] cogolo [Greek] κούκλος [Irish] cochlán [Galician] acugular [Galician] cugulo,*kuH-l-,,19,1225
[Aromanian] sec [Catalan] sec [French] sec [Occitan] sec [Old French] sec [Romanian] sec [Romansch] sec [English] sack [Galician] seco [Portuguese] seco [Spanish] seco [Ido] sika [Norman] sé [Italian] secco [German] Sekt [Romansch] sech [Esperanto] seka [Galician] seca [Catalan] assecar [Occitan] assecar [Italian] secchezza [Cornish] sygh [Welsh] sych [Haitian Creole] sèk [Breton] sec'h [English] cecina [Spanish] cecina [Romansch] sétg [Romansch] sitg [Romansch] schetg [Romansch] setg [Walloon] setch [English] rhinitis sicca [Norman] saec [Asturian] secu [Galician] chacina [Portuguese] chacina [Guinea-Bissau Creole] seku [Kabuverdianu] seku [Papiamentu] seku [Papiamentu] seku [English] siccimeter [Tagalog] puto seko,*seyk-,,43,1226
[Afrikaans] mag [Galician] esmagar [Spanish] amagar,*magʰ-,,3,1227
[Greek] χέρι [Translingual] Chiroptera [English] chiropractor [English] chiro- [Italian] chiro- [Polish] chiro- [English] cheiropterygium [Norman] seurgien [Translingual] Chironectes [Translingual] Cheirogaleus [Translingual] Chiranthodendron [Greek] χειρο- [Spanish] quiro- [Kazakh] хиралдық,*ǵʰésōr,,14,1228
[English] wroth [Icelandic] ríða [Westrobothnian] brii [Norwegian Nynorsk] vrida [Swedish] vrida [Norwegian Nynorsk] vride [Translingual] Veratrum [Norwegian Nynorsk] vri [Old Swedish] vriþa [Jamaican Creole] raatid,*wreyt-,,10,1229
[Swedish] vara [Danish] vare [Norwegian Bokmål] vare [Norwegian Nynorsk] vare [Armenian] գերի [Italian] Varo [English] airorhynchy [French] Yèvre,*h₂wer-,,8,1230
[Scottish Gaelic] math [Manx] mie [Irish] maith,*meh₂tis,,3,1231
[English] -a [Spanish] -a [Old French] -e [Italian] raccolta [Translingual] antiscorbutica [Translingual] Pachyptila [Romanian] -le [Translingual] Pringlea,*-éh₂,,8,1232
[Interlingua] merda [Interlingua] merda [Interlingua] merda [Interlingua] merda,*smerd-h₂-,,4,1233
[Danish] trist [Norwegian Bokmål] trist [Norwegian Nynorsk] trist [Louisiana Creole French] tris [Romansch] trest [Faroese] tristur [Dutch] triest [Czech] tristní [Maltese] ħażin,*tréystis,,9,1234
[Kalasha] bro [English] Bragança [Portuguese] Bragança [Italian] Braganza [Spanish] Braganza [English] Bregenz [German] Bregenz,*bʰérǵʰonts,,7,1235
[Norwegian Bokmål] bro [English] Bro,*bʰruh-,,2,1236
[Sranan Tongo] bro [Bislama] blu [Tok Pisin] blu,*bʰlēw-,,3,1237
[English] dinosaur [Norwegian Bokmål] dinosaur [Norwegian Nynorsk] dinosaur [Spanish] dinosaurio [Translingual] Dinosaurus [Translingual] Dinosauria [Portuguese] dinossauro [Kazakh] динозавр [Russian] динозавр [German] Dinosaurier [Translingual] Deinosuchus [Translingual] Dinornis [Romanian] dinozaur [Greek] δεινός [Esperanto] dinosaŭro [Translingual] Deinococcus [English] deinonychus [Translingual] Deinonychus [Translingual] Dinomys [English] dino- [Lithuanian] dinozauras [Turkmen] dinozawr [Uyghur] دىنوزاۋر [Swedish] skräcködla,*dweynós,,24,1238
[English] crayfish [French] écrevisse [English] crevis,*grebʰ-,,3,1239
[Portuguese] fez [Spanish] hez [Esperanto] feki,*dʰrā́ks,,3,1240
[Norwegian Nynorsk] herd [Faroese] herðar [Icelandic] herðar [Westrobothnian] häl,*kort-íh₂s,,4,1241
[English] Celsius [Portuguese] célsius [Sardinian] chersa,*kelH-n-to-,,3,1242
[English] technical [English] techno- [French] techno- [Greek] τέχνη [Asturian] timón [Latin] techna [Greek] τιμόνι [Greek] τεχνητός [Greek] τεχνολογία [Hungarian] technológia [Latin] technicus [Catalan] teixir [English] techne [Ukrainian] технологія [Russian] техно- [English] TeX [Russian] технократия [Norman] tyître [Romanian] timonă [Ukrainian] технократія [Asturian] teunocracia [Maltese] tmun,*tetḱ-,,22,1243
[English] grave [Middle English] grave [German] Grab [Cimbrian] grap [Vilamovian] grob [English] Graveney [English] Graveley,*gʰrābʰ-,,7,1244
[Middle French] grave [Norwegian Bokmål] grave [Catalan] grava [Norwegian Bokmål] accent grave [French] gravier,*gʰr-eu-d-,,5,1245
[Dutch] keel [Catalan] gola [Italian] gola [Ladin] gola [Portuguese] gola [Spanish] gola [English] gullet [Romansch] gula [English] gully [French] gueule [Picard] gueule [Sicilian] ula [Old French] goule [Megleno-Romanian] gură [Romanian] gură [French] rigoler [Friulian] gole [Catalan] engolir [Occitan] engolir [Portuguese] engolir [English] gular [Spanish] engullir [Aromanian] gurã [Walloon] gueuye [Dalmatian] gaula [Norman] dgeule [Picard] dgeule [Portuguese] goela [Galician] galafre [Galician] engulir,*gʷoleh₂,,30,1246
[Italian] lacrima [French] larme [Faroese] tár [Icelandic] tár [Galician] lágrima [Papiamentu] lágrima [Papiamentu] lágrima [Papiamentu] lágrima [Portuguese] lágrima [Spanish] lágrima [Romanian] lacrimă [Norwegian Nynorsk] tår [Swedish] tår [Translingual] lacus lacrimalis [Danish] tåre [Norwegian Bokmål] tåre [Norwegian Nynorsk] tåre [French] lacrymogène [English] lacrimogenous [Old French] lerme [Venetian] łàgrema [English] lachrymiform [Spanish] lacrimógeno [Asturian] llárima [English] larmier [English] larmier [Istriot] lagrama [Old Spanish] lagrema,*dáḱru-,,28,1247
[Dutch] opium [Indonesian] opium [Norwegian Bokmål] opium [Norwegian Nynorsk] opium [English] opine [Catalan] opi [Esperanto] opio [Spanish] opio [English] opopanax [French] opopanax [Chinese] 阿片 [Japanese] 阿片 [Chinese] 鴉片 [Tagalog] opyo [Tagalog] opyum [Marshallese] wōpiem̧ [Marshallese] opiem̧ [Maltese] loppju,*sokʷos,,18,1248
[English] frequent [Galician] frecuente [Spanish] frecuente [Catalan] farcir [French] farcir,*bʰrekʷ-,,5,1249
[English] dolphin [Translingual] Delphinus [Czech] delfín [Norwegian Bokmål] delfin [Norwegian Nynorsk] delfin [Translingual] Delphinium [Dutch] dolfijn [Ottoman Turkish] دلفین [Greek] Δελφοί [Serbo-Croatian] dupin [Latvian] delfīns [Yiddish] דעלפֿין [Middle English] Dauphin [Istriot] dulfeîn [Arabic] دلفين [Cebuano] dolpin [Maltese] denfil [Moroccan Arabic] دنفيل [Middle English] delphyn,*gʷelbʰ-,,19,1250
[Faroese] ok [Icelandic] ok [Swedish] ok [Swedish] och [English] zygo- [Danish] og [Elfdalian] og [Faroese] og [Icelandic] og [Norwegian Bokmål] og [Norwegian Nynorsk] og [Swedish] också [Catalan] jou [Norwegian Nynorsk] òg [German] Joch [Afrikaans] juk [Hindi] जुआ [Pali] yuga [Danish] åg [Westrobothnian] åg [Hungarian] jógi [Norwegian Bokmål] også [Norwegian Bokmål] åk [Norwegian Nynorsk] åk [Thai] ยุค [Norwegian Nynorsk] ogso [English] zygotene [Greek] ζυγός [Malay] zigot [Luxembourgish] Jach [Torwali] یو [Dalmatian] zaug [English] zygonema [Translingual] Zygomycotina [Translingual] Zygentoma [Konkani] जु [Marathi] जुंव [Kalasha] ǰu [Southeastern Tepehuan] yuuꞌ [Norwegian Bokmål] Troms og Finnmark [Tamil] நுகம் [Cimbrian] jòch [Malayalam] യുഗം,*yugóm,,43,1251
[Interlingua] vulpe [Romanian] vulpe [Translingual] Vulpes [Translingual] Vulpes vulpes [Corsican] volpe [Aromanian] vulpi [Piedmontese] volp [Piedmontese] vulp [Romansch] vulp [Romansch] vualp [Romansch] gualp [Romansch] uolp [Romansch] vuolp [Romansch] golp [Dalmatian] bualp [Indonesian] rubah [Indonesian] rubah [Istriot] bulpo [Portuguese] golpelha [Galician] golpella [Kalasha] ḷawák,*h₂wl(o)p-,,21,1252
[Middle English] store [Danish] stor [Norwegian Bokmål] stor [Norwegian Nynorsk] stor [Old Swedish] stor [Swedish] stor [Icelandic] stór [Faroese] stórur [Elfdalian] stur [Norn] stur [Westrobothnian] storär,*steh₂-r-,,11,1253
[Middle English] store [Danish] stor [Norwegian Bokmål] stor [Norwegian Nynorsk] stor [Old Swedish] stor [Swedish] stor [Icelandic] stór [Faroese] stórur [Elfdalian] stur [Norn] stur [Westrobothnian] storär,*steh₂-ro-,,11,1254
[Swedish] märg [Catalan] moll [Afrikaans] murg [Catalan] molla [Norn] mergi [Italian] midolla [Italian] midollo [Icelandic] mergur [Norwegian Nynorsk] merg [French] moelle [Norwegian Bokmål] marg [Danish] marv [Italian] midollare [Greek] μεδούλι [Sicilian] midudda [Romanian] măduvă [Romanian] mădular [Galician] miolo [Portuguese] miolo [Aromanian] mãduã [Spanish] mogollón [Hindi] भेजा [Spanish] meollo [Friulian] medole [Aromanian] mãdular [Esperanto] medolo [Irish] mearóg [Occitan] mesolha [Venetian] megòla,*mosgʰos,,29,1255
[English] ill [Norwegian Nynorsk] ill [Westrobothnian] ill [Yola] ill [Faroese] illur [Icelandic] illur [Danish] ilde,*h₁elk-,,7,1256
[English] cure [Bourguignon] queri [Ladin] cura [Swedish] kur [English] enquire [Leonese] querere [Luxembourgish] Kuer [Greek] κούρα [Sardinian] cherere [Romagnol] cùra,*kʷeys-,,10,1257
[English] slander [English] scandal [Polish] skandal [Serbo-Croatian] skandal [Swedish] skandal [Middle French] scandale [Norwegian Bokmål] skandale [Norwegian Nynorsk] skandale [Serbo-Croatian] скандал [Greek] σκανδάλη [Latin] scandalum [Catalan] escàndol [Albanian] shkandull [Georgian] შანთი [Slovak] škandál,*skand-,,15,1258
[Greek] σφαίρα [Italian] sfera [Mirandese] sfera [Polish] sfera [Catalan] esfera [Galician] esfera [Portuguese] esfera [Spanish] esfera [Italian] sperare [English] noosphere [Middle English] spere [Dutch] sfeer [Albanian] atmosferë [German] Stratosphäre [Danish] sfære [Catalan] -sfera [Greek] ατμόσφαιρα [German] Exosphäre [German] Troposphäre [German] Mesosphäre [German] Thermosphäre [Irish] sféar [Persian] سپهر [Irish] spéir [Czech] sféra [Latin] sphaeroglossa [French] noosphère [Manx] speyr [Occitan] esfèra [Greek] βιόσφαιρα [Latvian] atmosfēra,*sgʷʰer-,,31,1259
[English] vetch [Spanish] veza [Polish] wyka [Russian] вика [Georgian] გია [Czech] vikev [Dutch] wikke [Translingual] Vicia [Norman] vèche [French] vesce [Luxembourgish] Wick [Middle English] fecche [German] Wicke [Arabic] بيقية [Aghwan] 𐕔𐔼 [Catalan] veça [Norwegian Bokmål] vikke [Norwegian Nynorsk] vikke,*weh₁y-,,18,1260
[Middle English] rye [Danish] rug [Norwegian Bokmål] rug [Norwegian Nynorsk] rug [English] Riley [German] Rocken [German] Rocken [Faroese] rugur [Icelandic] rúgur [Swedish] råg [Westrobothnian] råg [English] Royal [Mòcheno] rocken [English] Ryal [English] Righale [English] Ryland [English] Roughton,*wrugʰyo-,,17,1261
[Catalan] mirar [Galician] mirar [Ladino] mirar [Portuguese] mirar [Spanish] mirar [Catalan] mirall [French] mirer [Italian] miraglio [French] mirobolant [Occitan] miralh [English] mirorder [Piedmontese] miraj [Aragonese] mirallo,*sméyros,,13,1262
[English] despot [Danish] despot [Hungarian] despota [Greek] δεσπότης [Danish] despotisk [Spanish] déspota [Dutch] despoot,*déms pótis,,7,1263
[Scottish Gaelic] falt [Irish] folt [Manx] folt,*welh₂-,,3,1264
[Indonesian] misa [Indonesian] misa [Indonesian] misa [Kabuverdianu] misa [Malay] misa [Papiamentu] misa [Haitian Creole] mete [Mauritian Creole] mete [Portuguese] missa [Esperanto] meti [Louisiana Creole French] mette [Louisiana Creole French] metté [Haitian Creole] mété,*meyth₂-,,13,1265
[English] busk [Spanish] buscar [Ladino] bushkar [Kabuverdianu] buska [Papiamentu] buska,*bhudh-skō,,5,1266
[English] barm [English] barmy [Middle English] berm [Esperanto] bruna [Middle English] berme [Yola] barrm,*bher-,,6,1267
[English] -n [Czech] -in [German] -in [German] -in [Swedish] -en [Translingual] -mycotina [Translingual] -ini [Catalan] -í [Irish] -ín [Translingual] Saguinus [Icelandic] -ína [Finnish] -liini,*-iHnos,,12,1268
[English] -n [Swedish] -en [Cebuano] Stephen [Afrikaans] -e [Cebuano] Diana [Ido] -an- [Spanish] radián [Armenian] -ան [Middle Armenian] -ան [Persian] استیون,*-nós,,10,1269
[English] id [English] ide [Ido] irar [English] Ain [Kabuverdianu] janela [Portuguese] janela [West Makian] janela [Galician] xanela [Indonesian] jendela [Tok Pisin] Jenueri [Maori] Hānuere [Kimaragang] jondila [Rungus] gondila [Macanese] jinela [Tamil] ஜன்னல் [Sinhalese] ජනේලය [Sinhalese] ජනේලය [Urdu] جنوری [Malayalam] ജനാല [ Bengali ] জানলা,*h₁ey-,,20,1270
[Bau Bidayuh] singa [Central Melanau] singa [Indonesian] singa [Nalca] singa [English] Singh [Tagalog] Singh [Punjabi] سنگھ [Urdu] سنگھ [Hindi] सिंघ [Urdu] سنہ [Pali] sīha [Malay] Singapura [Faroese] Singapor [Maltese] Singapor [Tibetan] སེངྒེ [Javanese] ꦱꦶꦔ [Punjabi] ਸਿੰਘ [Gujarati] ચિંગમ [Malayalam] സിംഹം [Konkani] शींव [Chinese] 阿星 [Old Javanese] siṅha [Sinhalese] සිංහයා,*sinǵʰo-,,23,1271
[Spanish] -an [Spanish] -an [Afrikaans] -e,*-eh₂yéti,,3,1272
[French] porter [Middle French] porter [Norman] porter [Catalan] portar [Gallo] portou,*p(o)rteh₂yeti,,5,1273
[French] porter [Middle French] porter [Norman] porter [Catalan] portar [Gallo] portou,*poréyeti,,5,1274
[Spanish] geta [Sranan Tongo] gado [Kannada] ಹವ್ಯಕ,*ǵʰewH-,,3,1275
[Catalan] col [Spanish] col [French] chou [Indonesian] kol [Italian] cavolo [Swedish] kål [Faroese] kál [Icelandic] kál [Portuguese] couve [English] chylocaulous [Italian] caulerpa [Assamese] কবি [Indonesian] kubis [Malay] kubis [Sicilian] càvulu,*keh₂ulós,,15,1276
[English] vest [Dutch] vest [Norwegian Bokmål] vest [Norwegian Nynorsk] vest [Esperanto] vesto [Silesian] westa,*wéstis,,6,1277
[English] wrap [English] lap [English] lap [Indonesian] lap [English] warp [Middle English] werpen [Middle French] guerpir [Mauritian Creole] devlope [Seychellois Creole] devlope [Friulian] vermene [Icelandic] varp [Translingual] Verbena [Greek] ράπτω [English] Wierzba [Esperanto] verbeno,*werb-,,15,1278
[English] late [Yola] laate,*lēid-,,2,1279
[English] late [Middle English] late [Middle English] laste [Yola] laate,*lē-,,4,1280
[Maltese] pala [Dutch] paal,*pak-slo-,,2,1281
[Galician] gordo [Portuguese] gordo [Spanish] gordo [French] gourd [Norman] gourd [English] bradycardia [Indo-Portuguese] gord [Greek] βράδυ [French] brady- [Asturian] gordu [Greek] βραδυ- [Translingual] Bradypus,*gʷr̥dus,,12,1282
[Westrobothnian] wees [English] wheeze [Icelandic] hvæsa [Danish] hvæse [Elfdalian] węsa [Norwegian Bokmål] hvese [Norwegian Nynorsk] kvese [Norwegian Nynorsk] kvesa,*ḱwes-,,8,1283
[Afrikaans] lei [Irish] lia [Translingual] Laonastes,*leh₁w-,,3,1284
[Galician] res [Catalan] renal [German] renal [Spanish] renal [Italian] rognone [Galician] rens [Italian] renale [French] rénal [Romanian] rână [Middle French] roignon [Aragonese] renera [Spanish] derrengar,*gʷʰrḗn,,12,1285
[English] Labrador [Finnish] Labrador [French] Labrador [Spanish] Labrador [Italian] lavoro [Neapolitan] lavoro [Czech] laborant [Czech] laboratoř [Catalan] llavor [Dutch] labeur [Romansch] lavour [Istriot] lavur [Romansch] lavur [Venetian] łavóro [Asturian] llabor [Ladin] lëur [Friulian] lavôr [Welsh] llafur,*(s)leh₂b-,,18,1286
[Italian] pranzo [Romanian] prânz [Irish] proinn [Aromanian] prãndzu [Dalmatian] prinz [Bourguignon] pregneire,*pr̥h₃mós,,6,1287
[English] loot [Norwegian Bokmål] ræv [Danish] røv [Icelandic] rjúfa [Old Swedish] ryva,*Hrewp-,,5,1288
[English] fetter [English] fettle [English] fet [English] pada [Indonesian] pada [Malay] pada [Greek] πέδιλο [Hindi] पद [English] oppidum [Assamese] পা [Portuguese] Óbidos [Greek] πεδίο [Kazakh] импичмент [Thai] บท [Lao] ບົດ [Hindi] पगडंडी [Burmese] ပိုဒ်,*ped-,,17,1289
[Italian] ogni [English] omniscient [French] omniscient [German] Omnibus [English] omni- [Sardinian] donzi,*h₃ep-ni-s,,6,1290
[Italian] ogni [English] omniscient [French] omniscient [German] Omnibus [English] omni- [Sardinian] donzi,*h₁op-,,6,1291
[French] glucose [English] glycol [Italian] glicine [Greek] γλυκός [English] glucinum [Italian] glico- [Portuguese] glico- [English] glyco- [Kazakh] глюкоза [Greek] γλυκο- [German] Glykolyse [English] glucous [English] gluco- [Norwegian Bokmål] glykemi [Norwegian Nynorsk] glykemi [Kazakh] гликоген [Kazakh] гликозид [Kazakh] гликолипид [Corsican] glucosiu [Kazakh] глицин [Polish] gliko-,*dléwkus,,21,1292
[Swedish] mycket [English] mickle [Icelandic] mikill [Icelandic] mjög [Faroese] mikil [Norwegian Nynorsk] mykje [Danish] megen [Westrobothnian] mykjen [English] Micklethwaite [Norwegian Nynorsk] myken,*meǵh₂-,,10,1293
[Norwegian Bokmål] -on [Romanian] -i [French] -re [Portuguese] -ir [Italian] -ere [Norwegian Bokmål] aceton [Translingual] Adolfus [Greek] -ος [Greek] -ος [Translingual] Pachyptilus [Translingual] Eoanthropus [Magahi] 𑂃𑂦𑂰𑂏𑂪 [Translingual] Eoanthropus dawsoni,*-os,,13,1294
[English] glabrous [Italian] gabbro,*gʰleh₂dʰ-,,2,1295
[Irish] lag [Scottish Gaelic] lag [English] lage [English] lage,*(s)leh₁g-,,4,1296
[Romanian] vad [Portuguese] vau [Portuguese] vadear [Spanish] vado [Italian] guado [Italian] guadare [Catalan] gual [Galician] vao [Old Portuguese] vao [Friulian] vât [Galician] Bao [Italian] Badolato,*wh₂dʰóm,,12,1297
[English] hierophany [English] hieromonk [Italian] iero- [Danish] hierarki [English] hierographic [Latin] Hierosolyma,*ish₁ros,,6,1298
[Swedish] keso [Indonesian] keju [Indonesian] keju [Indonesian] keju [Malay] keju [Galician] queixo [Tetum] keiju [Taos] kàsu’úna [Portuguese] queijo [Asturian] quesu [Leonese] queisu [Fala] quexio [Mirandese] queiso [Papiamentu] keshi,*kwat-,,14,1299
[Urdu] پینا [Hindi] पीना [Phalura] píla [Punjabi] ਪੀਣਾ [Pali] pivati [Gujarati] પીવું [Konkani] पियेव्चे [Bhojpuri] पिअल [Konkani] पिव्चे [Marathi] पिणे [Shina] प्योनॊ [Mewari] पीणो [Prakrit] 𑀧𑀺𑀯𑀇 [Saraiki] پیوݨ [Saraiki] پیوݨ [Sindhi] پيئڻ [Oriya] ପିଇବା [Dhivehi] ބޮނީ,*píbeti,,18,1300
[Afrikaans] doen [Jersey Dutch] dûn,*dʰéh₁t,,2,1301
[Irish] anagram [Polish] anagram [English] ana [Catalan] anagrama [Portuguese] anagrama [Spanish] anagrama [Hungarian] anagramma [German] Anagramm [Translingual] Anacardium [Greek] ανά [Italian] anacardio [French] anachronisme [Dutch] anabolisme [Indonesian] anabolisme [Esperanto] anagramo [Portuguese] análogo [Translingual] Anarhynchus [English] anacharis [English] āā [Greek] ανήκω [French] anacarde [Irish] anapas [French] anacamptique,*áno,,23,1302
[English] gob [Mauritian Creole] lazou [Seychellois Creole] lazou,*ǵebʰ-,,3,1303
[English] rampant [English] rampage [English] ramp [Dutch] ramp [French] ramper,*(s)kreb-,,5,1304
[Faroese] ur [Papiamentu] ora [Afrikaans] jaar [Kabuverdianu] óra [West Makian] oras [Irish] fuar [Scottish Gaelic] fuar [Haitian Creole] lè [Tok Pisin] aua [Irish] uair [Scottish Gaelic] uair [Middle Irish] úar [Gallo] orier [Manx] feayr [Serbo-Croatian] vura [Breton] eur [Bislama] aoa [Guinea-Bissau Creole] ora ku [Middle Dutch] ûre,*yeh₁-,,19,1305
[Papiamentu] garganta [English] gorge [French] gorge [Norman] gorge [Old French] gorge [Italian] gorgo [German] gurgeln [Italian] baratro [Armenian] ուտել [Latin] barathrum [French] régurgiter [Dutch] gorgel [Italian] gorgia [Romanian] gurgui [English] gour [French] gour [English] gurge [Aromanian] gurguljat [English] gorce [Aromanian] gurgulj [Catalan] gorg [Galician] gurgullón [Galician] gorgoiro [Galician] gorgomil [Galician] gorgolo [Catalan] gorga [Italian] gorga [Albanian] balladër,*gʷerh₃-,,28,1306
[Italian] climb [Pennsylvania German] glee [German] klein [English] clothe [Translingual] Glis [Spanish] lirón [French] glaise [Afrikaans] klei [Yiddish] קליין [Luxembourgish] kleng [Alemannic German] chlii [Central Franconian] kleen [Hunsrik] kleen [English] glio- [Cimbrian] khlumma [Esperanto] gliro [Cimbrian] khlòan [Mòcheno] khloa'n [Catalan] liró [Italian] gliocladio,*gley-,,20,1307
[Dutch] jo [Swahili] jo [English] ya [Indo-Portuguese] já [Serbo-Croatian] ја [Chinese] yo女,*yē,,6,1308
[Tok Pisin] wari [Norwegian Bokmål] varg [Norwegian Nynorsk] varg [Swedish] varg [Afrikaans] wurg [Elfdalian] warg [Westrobothnian] warg [Icelandic] vargur [Old Swedish] vargher [Westrobothnian] gvarj [Westrobothnian] wærg,*werǵʰ-,,11,1309
[Kalasha] haw [Hindi] हल [Marathi] हल [Nepali] हलो [Phalura] haál,*ǵʰh₁ol-,,5,1310
[Haitian Creole] lave [Esperanto] lavi [Swedish] lög [Icelandic] laug [Norwegian Bokmål] laug [Norwegian Nynorsk] laug [Norman] laver [Guinea-Bissau Creole] laba [Kabuverdianu] laba [Papiamentu] laba [Papiamentu] laba [Serbo-Croatian] slavina [Armenian] լվանալ [Greek] λούω [Armenian] լոգանալ [Italian] lomento [Finnish] laveerata [Greek] λούζω [Translingual] Lythrum [Old Swedish] løgh,*lewh₃-,,20,1311
[Catalan] alga [Galician] alga [Irish] alga [Italian] alga [Portuguese] alga [Spanish] alga [Dutch] alg [English] algology [Romanian] algă [Faroese] æla [Icelandic] æla [Maltese] alka [Norwegian Bokmål] alge [Norwegian Nynorsk] alge [Catalan] l'Alguer [English] Alghero [Italian] Alghero [Portuguese] Alghero [Spanish] Alguer,*alg-,,19,1312
[Irish] ana [Gujarati] નાવલિયો [Old Gujarati] नाह [Gujarati] નાહો [Balinese] ᬦᬵᬣ,*h₃neh₂-,,5,1313
[Spanish] arroyo [Italian] ronchio [Greek] ορύσσω [Greek] ανορύσσω,*h₃rewk-,,4,1314
[English] auk [Tagalog] usa [German] Elen [Translingual] Cygnus olor [Pali] issamiga [Translingual] Olorotitan,*h₁el-,,6,1315
[Norwegian Bokmål] augur [Norwegian Nynorsk] augur [Romanian] augur [Faroese] økja [Finnish] auguuri [Greek] αυγή [Greek] αυξάνω [Polish] auksyna,*h₂ewg-,,8,1316
[Walloon] bate [Plautdietsch] Bad [Maltese] batta [English] imbat [Friulian] batel [Galician] badalo [Portuguese] badalo [Albanian] zbatoj [Friulian] batecul [German Low German] Bedd [German] Spätzle [Ottoman Turkish] امبات [Maltese] b-t-j,*bʰedʰ-,,13,1317
[Turkish] bey [Serbo-Croatian] baht [Turkish] baht [Old Javanese] bhakti [Ottoman Turkish] بختسز [Swahili] bahati [Bengali] ভক্তি [Armenian] բակ [Classical Syriac] ܒܓܐ [Kumyk] бахт [Serbo-Croatian] бахт [Tabasaran] бахт [Khmer] ភក្ស [Thai] ภาค [Khmer] ភាគ [Pali] bhakkha [Tagalog] bahagi [Urdu] بھجن [Hindi] भाँति [Khmer] ភក្សា [Indonesian] bakti [Old Tamil] 𑀧𑀢𑁆𑀢𑀺 [Kazakh] бақ [Balinese] ᬪᬓ᭄ᬢᬶ [Romanian] baftă [Malayalam] മേൽഭാഗത്ത് [Tamil] பத்தி [Dhivehi] ބައި [Indonesian] bakh [Dhivehi] ބެއި [Dhivehi] ބާގަ,*bʰeh₂g-,,31,1318
[Polish] blat [Romanian] blat [Romanian] blat [Alemannic German] Blatt [German] Blatt [Pennsylvania German] Blatt [Yiddish] בלאַט [Vilamovian] błot,*bʰl̥h₃oto-,,8,1319
[Galician] canto [Italian] canto [Portuguese] canto [Spanish] canto [English] cantina [Portuguese] cantina [English] canteen [Finnish] kanttiini [Indonesian] kantin [Dutch] kantine [Moroccan Arabic] قنت,*kh₂ndʰ-,,11,1320
[English] casein [Seri] quiiz [English] casu marzu [Norwegian Bokmål] kasein [Norwegian Nynorsk] kasein [Hindi] कढ़ी [Konkani] उकड्चे [Norwegian Nynorsk] kjese,*kwh₂et-,,8,1321
[Dalmatian] dais [Italian] dumo,*dens-,,2,1322
[Westrobothnian] doter [Czech] dcera [Faroese] dóttir [Icelandic] dóttir [Danish] datter [Norwegian Bokmål] datter [Norwegian Nynorsk] dotter [Swedish] dotter [Silesian] cera [Greek] θυγατέρα [Afrikaans] dogter [Kriol] doda [Sinhalese] දුව [Khowar] ژور [Kalasha] čhu [Old Swedish] dottir [Old Marathi] धुवा [Gandhari] 𐨢𐨁𐨡 [Old Marathi] 𑘠𑘳𑘪𑘰 [Konkani] धूव [Assamese] জী [Assamese] ঝীয়া [Greek] δυχατέρα [Kachchi] ધી [Elfdalian] duotter [Pali] dhītā [Early Assamese] ঝিউ [Assamese] জীয় [Phalura] dhií [Old Punjabi] ਧੀਅ [Oriya] ଝିଅ [Magahi] 𑂡𑂱𑂄,*dʰugh₂tḗr,,32,1323
[English] dole [Spanish] doler,*dolh₁éyeti,,2,1324
[Czech] dynamo [Kriol] taun [Tok Pisin] taun [Malayalam] ടൗൺ,*dewh₂-,,4,1325
[Spanish] faro [Crimean Tatar] fara [Greek] φάρος,*bʰar-,,3,1326
[English] floe [Icelandic] fló [Norwegian Nynorsk] flo,*plāk-,,3,1327
[English] floe [Icelandic] fló [Norwegian Nynorsk] flo,*plówkos,,3,1328
[Finnish] fovea [Italian] fovea [Spanish] hoyo [Spanish] hoya [Catalan] foia [Galician] foxo [Asturian] fueyu [Spanish] fóvea [Welsh] ffau [Catalan] bòfia,*bʰow-,,10,1329
[Irish] focal [Scottish Gaelic] facal [Manx] fockle,*wokʷtlom,,3,1330
[Old Swedish] ganger [Danish] gang [Norwegian Bokmål] gang [Norwegian Nynorsk] gang [Swedish] gång [Icelandic] gangur [Swedish] tankegång,*ǵʰengʰ-o-s,,7,1331
[English] gape [Norwegian Bokmål] gape [Norwegian Nynorsk] gape [Icelandic] gapa [Romanian] căsca [Aromanian] hascu,*ǵʰeh₂-,,6,1332
[English] hubris [Danish] hybris [Finnish] hybris [Esperanto] hibrido [Greek] ύβρις [Esperanto] hibriso,*ud-,,6,1333
[Czech] humus [Romanian] humus [English] Earthling [Italian] umus [Bulgarian] хумус [Portuguese] transumância [Spanish] trashumancia [Spanish] trashumar [Kazakh] гумус,*dʰǵʰomós,,9,1334
[English] klaxon [Indonesian] klakson,*glag-,,2,1335
[Middle English] lien [English] ligation [Dutch] legeren [Galician] ligazón [Spanish] ligazón [Galician] legón [Spanish] legón,*leyǵ-,,7,1336
[English] lope [Icelandic] hlaupa [Scots] loup [Danish] løbe [Swedish] löpa [Faroese] leypa [Norwegian Bokmål] løpe [Danish] løb [Irish] lúb [Old Swedish] løpa [Westrobothnian] löup [Norwegian Nynorsk] laupa,*klewb-,,12,1337
[Galician] macho [Spanish] macho [Italian] martello [Spanish] martillo [Galician] machado [Esperanto] martelo [Galician] martelo [Portuguese] martelo [Galician] machucar [Portuguese] machucar [Spanish] machucar [Spanish] machar [Sicilian] marteddu [Indonesian] martil [Esperanto] maĉeto [Catalan] martell [Lombard] martell [Norman] marté [Asturian] martiellu [Leonese] martiellu [Emilian] martèl [Friulian] martiel [Aragonese] martiello [Old Spanish] martiello [Galician] machada [Bikol Central] martilyo [Cebuano] martilyo [Tagalog] martilyo [Corsican] martellu,*melh₂tlo-,,29,1338
[Danish] milt [Faroese] milt [Norwegian Bokmål] milt [Norwegian Nynorsk] milt [Faroese] milti [Swedish] mjälte [Finnish] eemeli,*(s)meld-,,7,1339
[English] mort [Galician] maroto [Romanian] măreț,*méryos,,3,1340
[Albanian] mort [Bourguignon] mort [Catalan] mort [French] mort [Ladin] mort [Middle French] mort [Norman] mort [Occitan] mort [Old French] mort [Picard] mort [Galician] morte [Neapolitan] morte [Sardinian] morte [Sardinian] morti [Sicilian] morti [Esperanto] morto [Esperanto] morto [Esperanto] morto [Esperanto] morto [Esperanto] morto [Esperanto] morto [Romanian] moarte [Maltese] mewt [Maltese] mewt [Walloon] moirt [Haitian Creole] lanmò [English] mortpay [Dalmatian] muart [Friulian] muart [Mirandese] muorte [Istriot] muorto [Aromanian] moarti [Dutch] morsdood [Occitan] mòrt [English] mortido,*mértis,,35,1341
[Aromanian] mort [Catalan] mort [French] mort [Norman] mort [Old French] mort [Romanian] mort [Romansch] mort [Spanish] muerto [Esperanto] morto [Galician] morto [Italian] morto [Portuguese] morto [English] mortuary [Dutch] mortuarium [Cebuano] multo [Chavacano] multo [Masbatenyo] multo [Tagalog] multo [Romansch] miert [Haitian Creole] lanmò [Aromanian] mortu [English] mortpay [Asturian] muertu [Spanish] mortuorio [Dalmatian] muart [Friulian] muart [Occitan] mòrt [Spanish] mortinato,*mr̥twós,,28,1342
[English] onyx [Latin] onyx [Papiamentu] uña [Papiamentu] uña [Rohingya] nok [Mauritian Creole] zong [Guinea-Bissau Creole] unha [Kabuverdianu] unha [English] ungual [Aragonese] ungla [Chavacano] uñas [Kazakh] оникс [Portuguese] ónix [Spanish] ónix [Sicilian] ugna [English] ungiectomy [Translingual] Aardonyx [English] onychotillomania [Papiamentu] huña [Papiamentu] huña [Esperanto] onikso [Translingual] Linhenykus [Translingual] Xixianykus [Translingual] Bannykus [Middle English] oniche [English] endonyx,*h₃negʰ-,,26,1343
[Spanish] playa [Norwegian Bokmål] plage [Norwegian Nynorsk] plage [Catalan] platja [Portuguese] praia [Polish] plaża [Occitan] plaja [Italian] piaggia [Ido] plajo [Abkhaz] аплиаж [Central Franconian] Plooch [French] plaïe [Sardinian] tzaca,*plek-,,13,1344
[English] pug [English] pugilist [English] pugilism [Italian] pugile [Serbo-Croatian] fak [French] pugiliste [Norwegian Bokmål] føkk [Norwegian Nynorsk] føkk [Catalan] punyir,*pewǵ-,,9,1345
[English] rutile [Translingual] Rutilus [Finnish] rutiili,*h₂ruti-,,3,1346
[English] schema [Italian] schema [Latin] schema [English] scheme [Slovak] schéma [Scottish Gaelic] sgiamh [Catalan] esquema [Spanish] esquema [Kazakh] схема [Serbo-Croatian] схема [Serbo-Croatian] shema [Serbo-Croatian] šema [Serbo-Croatian] шема [Classical Syriac] ܐܣܟܝܡܐ [Irish] scéim [Icelandic] skema [Indonesian] skema [Hebrew] סכמה [Norwegian Bokmål] skjema [Norwegian Nynorsk] skjema [Irish] scéimh,*sǵʰ-éh₁-mn̥,,21,1347
[English] shaw [German] Schock [Esperanto] ŝoko [Ido] shokar [Norwegian Nynorsk] skage [Icelandic] skaga [Norwegian Nynorsk] skaga [Indonesian] syok,*(s)kek-,,8,1348
[English] sib [English] sib,*s(w)e-bh-,,2,1349
[English] sinter [English] anthrax [Latin] anthrax [English] cinder [Indonesian] antraks [Polish] antraks [Serbo-Croatian] antraks [Translingual] Anthracothorax [Portuguese] sinterizar [Spanish] sinterizar [Serbo-Croatian] антракс [Irish] antraicéin [Irish] antrasc [Translingual] Anthrax [Spanish] ántrax [Spanish] antracosis [Polish] antracen [Polish] antrachinon [Polish] antraknoza [English] Syndercombe,*sendʰro-,,20,1350
[English] sorb [Spanish] sorber,*srobʰéyeti,,2,1351
[Sicilian] spica [English] cuspid [Ukrainian] шпинат [Italian] cuspide [Dutch] spinazie [Scottish Gaelic] cuspair [Spanish] cúspide [English] spinule [English] spiciform [English] spicose [Serbo-Croatian] spanać [Serbo-Croatian] спанаћ [Irish] cuspóir [Catalan] espinac [Spanish] espínula [Italian] spicaro [Afrikaans] spyker [Afrikaans] spinasie [Catalan] cospell,*spey-,,19,1352
[Tok Pisin] sop [English] sebaceous [Spanish] jabón [English] suet [Azerbaijani] sabun [Indonesian] sabun [Javanese] sabun [Serbo-Croatian] sapun [Macedonian] сапун [Serbo-Croatian] сапун [Esperanto] sapo [Hebrew] סבון [Hebrew] סבון [Sicilian] sivu [Catalan] sabó [Italian] saponina [Scottish Gaelic] siabann [English] sebacic [Ladino] שאבון [Ladino] shavón [English] saponule [Japanese] サボテン [Translingual] Sapindus [Lao] ສະບູ່ [Friulian] sêf [Ternate] sabong [Tok Pisin] sopim [Shan] သပ်ႉပျႃႇ [Balinese] ᬲᬩᬸᬦ᭄ [Kabuverdianu] sebu [Papiamentu] sebu [Papiamentu] sebu [Catalan] sèu [Tetelcingo Nahuatl] xapo [Kazakh] сапонин,*seyb-,,35,1353
[English] swami [Hindi] साँई [Khmer] សាមី [Bengali] সাঁই [Bengali] হাঁই,*s(u)w-o-,,5,1354
[English] soma [Italian] soma [Italiot Greek] soma [Portuguese] soma [Russian] трюфель [Ido] tombo [Romanian] stuf [French] truffe [Spanish] trufa [Italian] tocco [Italian] tocco [Finnish] sooma [Greek] σώμα [Armenian] թույն [Armenian] թուխ [Dutch] truffel [Polish] -som [Venetian] tocio [Translingual] Tuber [English] idiosoma [English] azotosome [Translingual] Typha [English] somato- [Latin] bisomum [Icelandic] þysja [Norwegian Nynorsk] tysja [Norwegian Nynorsk] tysje [Polish] -somia,*tewh₂-,,28,1355
[Ternate] tas [West Makian] tas,*dāy-,,2,1356
[Swedish] torr [Icelandic] þurr [Faroese] turrur [Norwegian Bokmål] tørr [Norwegian Nynorsk] tørr [Danish] tør [Scanian] tørrer [Westrobothnian] törr [Norwegian Nynorsk] turr,*térsus,,9,1357
[Spanish] uremia [English] urea [Norwegian Bokmål] urea [Norwegian Nynorsk] urea [Translingual] uro- [English] uro- [Portuguese] ureia [Classical Syriac] ܐܘܪܘܣ [Kazakh] урология [Irish] úiréa- [Irish] úiréi- [Spanish] urografía [Greek] ούρο,*h₂worsom,,13,1358
[Finnish] vee [Spanish] guay [Spanish] guay [Sicilian] vai [Ido] ve [Catalan] guai [Portuguese] guai [Italian] guaio [German] auweia [Hungarian] ajvé [Armenian] վայ,*wai,,11,1359
[Afrikaans] vis [Afrikaans] vis [Dutch] vis [Zealandic] vis [Esperanto] fiŝo [Swedish] fisk [English] Fishkill [Hunsrik] Pisin,*pisḱ-,,8,1360
[English] yawl [English] aulic [Italian] alvo [Georgian] იოლი [Greek] αυλός [Italian] iolla,*h₂ewlos,,6,1361
[English] blanch [Afrikaans] bliksem [French] blanchir [Finnish] blanseerata [Hungarian] blansíroz [Antillean Creole] blan [Haitian Creole] blan [Louisiana Creole French] blan [English] blancard [Kazakh] бланк [Papiamentu] blanku [Polish] blanszować,*bʰleyǵ-,,12,1362
[Danish] drab [Faroese] drepa [Icelandic] drepa [Norwegian Nynorsk] drepa [Westrobothnian] drepa [Swedish] dräpa [Norwegian Bokmål] drepe [Danish] dræbe [Old Swedish] dræpa,*dhrebh-,,9,1363
[English] faint [English] feign [Mauritian Creole] deg [Swedish] deg [Irish] ding [German] Teig [Ido] figuro [Icelandic] deig [Norwegian Bokmål] deig [Norwegian Nynorsk] deig [Greek] τοίχος [Greek] τείχος [English] teichoic [Spanish] fingido [Vilamovian] taag [Hunsrik] toych [Mauritian Creole] degti [Faroese] deiggj [English] dekchi [Yiddish] טייג [Czech] fingovat [Mauritian Creole] deksi,*dʰeyǵʰ-,,22,1364
[English] freak [English] frig,*preg-,,2,1365
[English] galley [Indonesian] gali [English] galleass [Italian] galea [Korean] 갤리 [Catalan] galera [Portuguese] galera [English] galeaspid [Spanish] gálea [Catalan] gàlea [Swedish] galär,*gli-,,11,1366
[English] galley [Translingual] Glis [Indonesian] gali [Indonesian] giri [Spanish] lirón [French] glaise [Latin] galea [Thai] คิรี [Thai] คิริ [Kannada] ಗಿರಿ [Translingual] Cheirogaleus [Thai] คีรี [Esperanto] gliro [Swedish] galär [Catalan] liró,*gl̥h₁éys,,15,1367
[Afrikaans] geld [Faroese] gjalda [Icelandic] gjalda [Swedish] gälla [Irish] geall [Scottish Gaelic] geall [Norwegian Bokmål] gjelde [Norwegian Nynorsk] gjelda [Old Swedish] giælda [Westrobothnian] gääll [Danish] gælde [Swedish] gälda [Jersey Dutch] xjäält,*gʰeldʰ-,,13,1368
[Danish] glans [Icelandic] glans [Norwegian Bokmål] glans [Norwegian Nynorsk] glans [Polish] glans [Swedish] glans [German] Glanz [Serbo-Croatian] гланц [Polish] glanc [Serbo-Croatian] glanc [Alemannic German] glunzle,*gʰlond-o-,,11,1369
[English] gang [Cebuano] gang [Polish] gang [Scots] gang [Tagalog] gang [Norwegian Bokmål] gå [Norwegian Nynorsk] gå [Swedish] gå [Faroese] ganga [Icelandic] ganga [Norwegian Nynorsk] ganga [Esperanto] gaja [Azerbaijani] gey [Scots] gey [Finnish] jengi [Indonesian] geng [Swedish] gånga [Serbo-Croatian] gej [American Sign Language] G@Chin-PalmBack [Serbo-Croatian] геј [Swedish] gäng [Hindi] जांघ [Icelandic] gengur [Norwegian Nynorsk] gjenge [Norwegian Bokmål] gjeng [Korean] 깡패 [Faroese] gongdur [Konkani] जांग [Assamese] জাং [Chinese] gay蜜 [Italian] ghega [Kashmiri] زَنٛگ [Kashmiri] ज़ंग,*ǵʰengʰ-,,33,1370
[English] harm [Middle English] harm [Yola] harrm,*ḱormo-,,3,1371
[English] hemoglobin [Polish] hemo- [English] haemal [Greek] αίμα [English] hemolysis [Portuguese] -emia [Spanish] -emia [Polish] hemato- [Spanish] hemato- [Spanish] hematología [English] bloodflower [English] haemony [French] -émie [French] hémato- [German] Häm [Translingual] Limodorum [Spanish] hematólogo [Kazakh] гемоглобин [Latin] haematologia [Spanish] hemartros [Dutch] hematiet,*say-,,21,1372
[Scots] hag [English] hog [English] haggis [Icelandic] höggva [Sranan Tongo] agu [Old Swedish] hugga [Swedish] hugga [Faroese] høgga [Middle English] hagis [Danish] hugge [Norwegian Bokmål] hugge [Norwegian Nynorsk] hogga [Norwegian Bokmål] hogge [Saramaccan] hágu [Westrobothnian] haagg,*kewh₂-,,15,1373
[English] hedge [Esperanto] kajo,*kagʰyóm,,2,1374
[English] claustrophobia [English] cloister [English] claustrophilia [French] claustrophobe [Italian] chiostro [Galician] claustrofobia [Portuguese] claustrofobia [Spanish] claustrofobia [Finnish] luostari [German] Klaustrophobie [Icelandic] klaustur [Hebrew] קלאוסטרופוביה [Dutch] claustrofobie [French] claustrophobie [Italian] chiavistello [Polish] klasztor [Norwegian Bokmål] kloster [Norwegian Nynorsk] kloster [Tajik] калид [English] claviform [French] cloître [Old French] cloistre [Luxembourgish] Klouschter [French] claustrer [Georgian] კლიტე [Kazakh] кілт [English] clavicytherium [English] acleioproctic [Galician] caustra [Aghwan] 𐕄𐔼𐔾𐕜 [Lower Sorbian] kloštaŕ,*kleh₂u-,,31,1375
[English] lame [Friulian] lame [Indonesian] lamina [English] laminar [Italian] landa [Translingual] Laminaria [French] laminer [Romanian] lamură [Catalan] llauna [Turkish] namlu,*stelh₃-,,10,1376
[English] ophidian [Serbo-Croatian] аждаха [Serbo-Croatian] aždaja [Serbo-Croatian] aždaha [Serbo-Croatian] аждаја [English] ophiolite [Finnish] iilimato [Greek] φίδι [Translingual] Ophisaurus [French] ophio- [Greek] Όφις [Greek] όφις [English] ophiolatry [English] hydrophid [English] ophiure [English] ophiothricid [Translingual] Acanthophis [Translingual] Ophiura [English] ophidiarium [Italian] oficleide [Spanish] ofiura [Thai] อหิ [Thai] อหิ [Khowar] اىى [Serbo-Croatian] aždava,*h₁ógʷʰis,,25,1377
[English] pearl [French] perle [Middle English] perle [Galician] perna [Asturian] pierna [Spanish] pierna [Italian] perno [Portuguese] pernil [Spanish] pernil [Dutch] parel [Italian] baderna [Luxembourgish] Pärel [French] perne [Kalasha] paṣní,*tpḗrsneh₂,,14,1378
[English] prey [Asturian] yedra [Portuguese] hera [Louisiana Creole French] prend [Haitian Creole] prende [Louisiana Creole French] prende [Interlingua] prender [Romanian] iederă [French] proie [Italian] preda [Translingual] Hedera [Italian] edera [Dutch] prooi [Galician] prea [Spanish] prea [Friulian] prede [French] lierre [Esperanto] predo [Norwegian Bokmål] gidde [Ido] hedero [Haitian Creole] pran [Mauritian Creole] pran [Romanian] pradă [Galician] hedra [Old French] preie [Aromanian] pradã [Catalan] heura [Friulian] jêre [English] hederiform [Portuguese] preia [Aromanian] eadirã [Bourguignon] prarre [English] spreath [English] chadacryst [Venetian] èłera [Finnish] getata,*gʰed-,,36,1379
[Yola] pry [English] pray,*préḱs,,2,1380
[English] ripe [English] rivet [Galician] riba [English] Ripuarian [Dutch] Ripuarisch [Dutch] Ripuariër,*h₁réypeh₂,,6,1381
[English] scoot [Faroese] skjóta [Icelandic] skjóta [Swedish] skjuta [Dutch] schieten [Armenian] սկյութ [Norwegian Bokmål] skyte [Swedish] skyt [Afrikaans] skiet [Afrikaans] skiet [French] Scythe [Danish] skyde [Serbo-Croatian] šica [Serbo-Croatian] шица [Old Swedish] skiuta [Norwegian Nynorsk] skyta [Persian] سغد [Indonesian] sekip [German] Skythe [Malayalam] ചീട്ട് [Latin] Scytha,*(s)kewd-,,21,1382
[English] scene [Danish] scene [Norwegian Bokmål] scene [Norwegian Nynorsk] scene [English] sciagraphy [French] scène [English] skiascope [English] skiascopy [English] skene [Finnish] skene [Latin] scaena [English] skiagram [Brunei Malay] cahaya [Indonesian] cahaya [Malay] cahaya [West Makian] cahaya [Italian] scena [Catalan] escena [Spanish] escena [Italian] scenografico [Greek] σκηνή [Hebrew] סצנה [Greek] ίσκιος [Greek] σκιά [German] Skioptikon [Czech] scéna [Italian] sciafilo [German] Szene [Luxembourgish] Zeen [English] sciagraph [English] skiatron [Ottoman Turkish] صحنه [Old Marathi] साउली [Konkani] साव्ळी [Konkani] साव्ळी [Marathi] सावली [Marathi] सावली [Old Marathi] 𑘭𑘰𑘄𑘩𑘲 [Ashokan Prakrit] 𑀙𑀸𑀬𑀸 [Prakrit] 𑀙𑀸𑀆 [Phalura] čhay [Urdu] چھاؤں,*(s)ḱeh₃ih₂,,42,1383
[Norwegian Bokmål] skive [Norwegian Nynorsk] skive [Swedish] skiva,*skeyp-,,3,1384
[English] slake [English] slack [English] languish [Romanian] lapți,*(s)leg-,,4,1385
[English] site [French] site [Old French] site [English] situate [Italian] sito [Italian] sito [Italian] sito [Catalan] siti [Esperanto] situo [Portuguese] situar [Catalan] seti [Luxembourgish] Site [Cebuano] sityo,*dʰgʷʰi-téw-s,,13,1386
[English] site [French] site [Old French] site [English] situate [Italian] sito [Italian] sito [Italian] sito [Catalan] siti [Esperanto] situo [Portuguese] situar [Catalan] seti [Rajasthani] खे [Luxembourgish] Site [Cebuano] sityo [Tamil] கயம் [Khowar] چھىاک [Tagalog] aksaya,*dʰgʷʰey-,,17,1387
[English] slouch [Italian] lasso [Spanish] laxo [Italian] lassismo [Albanian] lafshë [Welsh] llaes [German] lasch,*slǵ-so,,7,1388
[English] span [English] span [English] span [Louisiana Creole French] pende [Middle English] spanne [Ido] pendar [Ido] pendar [Ido] pendar [Middle English] sponne,*(s)pend-,,9,1389
[English] spurt [Danish] spurt [Swedish] spurt [Dutch] spurten [Danish] spurte [Middle English] sprytten,*(s)per-,,6,1390
[English] stag [Scots] staig,*stegʰ-,,2,1391
[English] swathe [English] swathe [English] swath [Yola] zwae [English] Swathwick,*swem(bʰ)-,,5,1392
[English] vile [Old French] vil [Dutch] fielt,*weslis,,3,1393
[Romansch] tamer [Romansch] temer [Romansch] temair [Romansch] tmair [Romansch] tameir [Spanish] tiniebla [Bashkir] селтәр,*temH-,,7,1394
[English] triumph [Catalan] untar [Galician] untar [Spanish] untar [Italian] trionfo [Portuguese] triunfo [Italian] untare [Translingual] Thriambus [English] Thriambus [Latin] triumphus [Catalan] triomf [Dutch] triomf [English] thriambus [Esperanto] triumfo [Polish] triumf,*h₃engʷ-,,15,1395
[English] troll [French] troll [Serbo-Croatian] trol [Serbo-Croatian] трол,*derǝ-,,4,1396
[Jamaican Creole] boots [Ido] boto [Phalura] buṭ [Malay] kasut but,*bʰewt-,,4,1397
[English] rhypophobia [Italian] rupia [English] rhyparography [English] rhypophagy [English] rhyparograph,*(s)roupos-,,5,1398
[English] myria- [Spanish] mover [Volapük] muf [Czech] motiv [Dutch] motie [Indonesian] mosi [Cebuano] mosyon [Marshallese] m̧upi [Italian] miriozoo,*mew-,,9,1399
[English] clip [English] clasp [English] clipper [English] clip the church,*gelb(ʰ)-,,4,1400
[English] Lewes [English] Harlow,*ḱloy-wo-m,,2,1401
[Dutch] holocaust [Greek] καίω,*keh₂w-,,2,1402
[English] camouflage [English] kapo [French] kapo [Polish] kapo [Norwegian Bokmål] hode [Italian] kapò [Yiddish] קאַפּאָ [Russian] капо,*káput,,8,1403
[English] offensive [Ladino] defender [Spanish] ofensiva [Catalan] fusta [English] foist [English] foist [Old French] fust [Spanish] ofender [Persian] زهر [English] erotophonophilia [French] défense [Greek] φόνος [Irish] goin [Romanian] fuște [Catalan] fustigar [Portuguese] fustigar [Spanish] fustigar [Romanian] fuscel [Norman] d'fendre [Scots] foosty [Scots] foost [Maltese] frosta [Maltese] ddefenda [Tajik] заҳр,*gʷʰen-,,24,1404
[English] sexton [English] sexton [English] sacrilegious [English] sacrilegious [Ido] sancionar [Spanish] sacristán [Spanish] sacristán [Serbo-Croatian] sakrosanktan [Serbo-Croatian] сакросанктан [Polish] zakrystian [Polish] zakrystian [Catalan] sagristà [Catalan] sagristà,*seh₂k-,,13,1405
[English] adepescent [English] adipose [Portuguese] adiposo [English] adipo- [Greek] αλείφω [German] adipös,*h₂leybʰ-,,6,1406
[English] fern [Middle English] fern [English] Fareham [Scottish Gaelic] raineach [Irish] raithneach [Manx] rhennagh [English] Farley [English] Farlow [English] Farnworth [Scots] fairn [English] Farnham [English] Farnley [English] Farncombe [Yola] vearne [English] Farnhill,*p(t)erH-,,15,1407
[Portuguese] vau [English] Wade [English] wath [Middle English] wath [Galician] vao,*wadʰom,,5,1408
[Louisiana Creole French] shin [Esperanto] ĉano [Mauritian Creole] lisyen [Seychellois Creole] lisyen [Haitian Creole] chyen,*ḱwn-i-,,5,1409
[Dutch] pamper [Indonesian] pamper,*bamb-,,2,1410
[English] acoumetry [Dutch] horen [Icelandic] heyra [Swedish] höra [Afrikaans] hoor [Afrikaans] hoor [Faroese] hoyra [Greek] ακούω [Indonesian] akustika [Elfdalian] ära [Nigerian Pidgin] hyar [Sranan Tongo] yere [Danish] høre [Norwegian Bokmål] høre [Norwegian Bokmål] høre [Old Swedish] høra [Norwegian Nynorsk] høyre [Norwegian Nynorsk] høyra [Tok Pisin] harim [Greek] άκουσον [Westrobothnian] höir [Italiot Greek] κούω [Italiot Greek] cùo [English] acuphenometry [Jersey Dutch] hôre [Jersey Dutch] hôre,*h₂ḱh₂owsyéti,,26,1411
[Galician] onda [Portuguese] onda [Kabuverdianu] ónda,*unt-,,3,1412
[Sranan Tongo] aka [Dutch] havik,*kopuǵos,,2,1413
[English] mince [Middle English] mincen,*(e)mey-,,2,1414
[Italian] spesso [Aromanian] spes [French] épais [Cebuano] espeso [Galician] espeso [Spanish] espeso [English] spiss [Maltese] spiss [Old French] espés [Walloon] spès [Norman] êpais [Portuguese] espesso [Catalan] espès [Haitian Creole] epè,*spidtos,,14,1415
[English] opaque [Dutch] opaak [English] opake [Middle English] opake [Ligurian] lǜvegu,*apó,,5,1416
[Irish] sean [Scottish Gaelic] sean [Esperanto] sinjoro [Portuguese] seu [Galician] señor [Papiamentu] shon [Portuguese] senhor [Portuguese] senhora [Armenian] հին [French] sénile [Manx] shenn [Old French] sené [Ido] sioro [Ido] sinioro [Kabuverdianu] sinhór [Indonesian] sinyo [Indonesian] sinyo [Dutch] sinjo [Indonesian] senyur [Indonesian] senyur [Portuguese] sengo,*sénos,,21,1417
[English] Oedipus [Latin] Oedipus [Galician] Edipo [Italian] Edipo [Spanish] Edipo [French] Œdipe [Irish] Éideapús [Catalan] Èdip [German] Ödipus [Danish] Ødipus [Norwegian Nynorsk] Ødipus,*h₂oydros,,11,1418
[Tok Pisin] ki [Chinese] 啱key [Armenian] ծագ,*ǵogʰ-,,3,1419
[Galician] cana [Sranan Tongo] hei [Galician] cano [Walloon] tchenou [Galician] Cao [Konkani] सोंसो [Assamese] শহা [Italian] Canu,*ḱeh₂s-,,8,1420
[English] nostalgia [Finnish] nostalgia [Italian] nostalgia [Polish] nostalgia [Portuguese] nostalgia [Spanish] nostalgia [English] nostomania [Greek] ναός [Czech] nostalgie [French] nostalgie [Greek] νοσταλγία [German] Nostalgie [Danish] nostalgi [Norwegian Bokmål] nostalgi [Norwegian Nynorsk] nostalgi [English] nostophobia [Latin] Netum [Hungarian] nosztalgia [Ukrainian] ностальгія,*nes-,,19,1421
[English] wang [Afrikaans] wang,*wenǵ-,,2,1422
[English] fraud [Dutch] fraude [French] fraude [Middle English] fraude [Norman] fraude [Italian] frode [Persian] دروغ [Catalan] frau [Ido] fraudo [Esperanto] fraŭdo [Hindi] दरोग़,*dʰrewgʰ-,,11,1423
[English] fungible [Indonesian] boga [Spanish] huir [Greek] φεύγω [Crimean Tatar] funktsiya [Italian] fungere [Norwegian Bokmål] funksjon [Norwegian Nynorsk] funksjon [Portuguese] fugir [Old French] fuie [Thai] โภชนา [Thai] โภชนะ [Galician] fuxir [Italian] fungibile [Esperanto] fuĝi [Portuguese] fungível [Pali] bhoga [Azerbaijani] funksiya [Tamil] போனகம் [Kazakh] функционализм [Telugu] బోనము,*bʰewg-,,21,1424
[Greek] όχλος [Classical Syriac] ܐܟܠܘܣ [Hebrew] אוכלוסין [Norwegian Bokmål] vagl [Norwegian Nynorsk] vagl [Hebrew] א־כ־ל־ס,*woǵʰlos,,6,1425
[Italian] debole [Indonesian] bala [Malay] bala [Ternate] bala [Romanian] debil [Russian] дебил [Dalmatian] débol [Thai] พลการ [Sinhalese] බලය [Tamil] வலி [Magahi] 𑂥𑂩 [Ukrainian] дебіл,*bel-,,12,1426
[English] flask [Romanian] plia [Italian] plagio [Spanish] plagio [Greek] πλέκω [Portuguese] chegada [German] Plagiat [English] plica [Catalan] plegar [Antillean Creole] flas [Latin] plecto [Translingual] Plecoptera [English] septuplex [Papiamentu] yega,*pleḱ-,,14,1427
[English] dusk [English] dog [Middle English] dosk,*dʰuh₂s-,,3,1428
[English] callow [Middle English] calwe,*golHwos,,2,1429
[Norwegian Bokmål] dim [Faroese] dimmur [Icelandic] dimmur,*dʰem-,,3,1430
[Afrikaans] sink [Icelandic] sökkva [Icelandic] sökkva [Faroese] søkka [Norwegian Nynorsk] søkka [Faroese] søkkja [Norwegian Bokmål] senke [Elfdalian] sikka [Old Swedish] siunka [Danish] sænke [Chinese] 鋅盆,*sengʷ-,,11,1431
[Tok Pisin] sip [Sranan Tongo] sipi,*skēyb-,,2,1432
[English] persona [Latin] persona [English] prosopography [Ladino] personalidad [Spanish] personalidad [Portuguese] pessoa [Italian] personalità [Faroese] persónur [Greek] πρόσωπο [English] prosoponology [Galician] persoa [English] diprosopus [English] prosopopesis [Classical Syriac] ܦܪܨܘܦܐ [English] prosopalgia [Mirandese] pessona [Old Portuguese] pessõa [Spanish] prosopografía [English] prosopometamorphopsia [Hungarian] pacák,*prétih₃kʷo-,,20,1433
[Danish] rum [Swedish] rum [Faroese] rúm [Icelandic] rúm [Irish] rúm [Norwegian Bokmål] rom [Norwegian Nynorsk] rom [Portuguese] arrimar,*rowǝ-,,8,1434
[Tok Pisin] rum [Scottish Gaelic] raon,*rewh₁-,,2,1435
[Afrikaans] walrus [Czech] kurz [Bourguignon] corre [Sranan Tongo] asi [Danish] hors [Middle English] hors [Serbo-Croatian] хорс [Tok Pisin] hos [Galician] curro [Kabuverdianu] kore [Papiamentu] kore [Papiamentu] kore [Icelandic] hross [Kabuverdianu] kori [English] horse [Scots] horse [Ido] kurso [Faroese] ross [Haitian Creole] kouri [Ido] kurar [Dutch] herrie [Franco-Provençal] corir [Dutch] hurriën [Swedish] russ [English] Horsley [Westrobothnian] rȧsberris [Northern East Cree] ᐋᐦᐋᔅ [English] Horsford [Louisiana Creole French] couri [English] Horsfield,*ḱers-,,30,1436
[English] catacomb [Italian] catafalco [English] catafalque [French] catafalque [Asturian] cada [Catalan] cada [Galician] cada [Portuguese] cada [Spanish] cada [French] chaque [French] chacun [Latin] cata [Greek] κατά [Italian] cadauno [French] catacombe [French] cata- [Hungarian] kation [Polish] katafalk [Old French] chascun [Old Occitan] chascun [Russian] катафалк [Catalan] cadascun [Occitan] cadun [Old French] cadhuna [Indonesian] kata- [Swedish] kata- [Spanish] catacumba [Romanian] câte [Translingual] Catostomus [Translingual] Katablepharis [English] katelectrotonus [Greek] κατα- [Greek] καθόλου [Spanish] cada uno,*ḱm̥-teh₂,,34,1437
[English] catacomb [English] tomb [Latin] tumba [Portuguese] tumba [Spanish] tumba [Galician] tombo [Catalan] tomba [Italian] tomba [Dutch] tombe [French] tombe [Middle English] tombe [Norman] tombe [Walloon] tombe [Italian] tombale [French] tombeau [Aromanian] tumbã [Greek] τούμπα,*tum-,,17,1438
[Italian] zefiro [Norman] Zéphyr [Middle English] Zephirus [Portuguese] Zéfiro [Portuguese] zéfiro [Turkish] zifiri,*h₃yebʰ-,,6,1439
[Italian] zeppa [Galician] cepa [Catalan] cep [French] cep [Romanian] cep [Galician] cepo [Portuguese] cepo [Irish] ceap [Irish] ceap [Scottish Gaelic] ceap [German] Kippe [English] kipfel [French] cèpe [French] sep [Italian] chifel [English] kype [Italian] chifer [Welsh] cyff [Old Norse] keppr,*skāp-,,19,1440
[Italian] zolfo [Asturian] azufre [English] sulfate [Basque] sufre [Italian] solfo [Romanian] sulfină [Swedish] sulfat,*sélpos,,7,1441
[Italian] zolfo [Asturian] azufre [English] sulfate [Basque] sufre [Italian] solfo [Romanian] sulfină [Swedish] sulfat,*sólpr̥,,7,1442
[Tok Pisin] stadi [Tok Pisin] stadi,*(s)tewd-,,2,1443
[Vilamovian] hoon [Danish] høne [Norwegian Bokmål] høne [Norwegian Nynorsk] høne [Danish] hane [Norwegian Bokmål] hane [Norwegian Nynorsk] hane [Swedish] hane [German] Hahn [Swedish] höna [Ido] hano [Icelandic] hani [Faroese] høna [Old Swedish] høna [Yiddish] האָן [Kabuverdianu] kantu [Luxembourgish] Hunn [Vilamovian] hōn [Hunsrik] Haan [Cimbrian] hå [Alemannic German] Haane [Cimbrian] haano [German] Hendl,*kan-,,23,1444
[English] alopecoid [Greek] αλεπού [Greek] ἀλώπηξ [Translingual] Alopias [Translingual] Alopex [Greek] αλώπηξ,*h₂lōpeh₂s,,6,1445
[Icelandic] sulla [English] swill [Icelandic] svalur [Danish] sval [Norwegian Bokmål] sval [Norwegian Nynorsk] sval [Swedish] sval [Norwegian Bokmål] soll [Norwegian Nynorsk] soll [English] sweal [Westrobothnian] svalku [Yola] zweal [Middle English] swelen,*swel-,,13,1446
[English] mold [English] mold [English] mold [English] mould [Chinese] 發毛 [Hindi] मुँडेर [Garhwali] मुंड [Hindi] मुंडन [Caribbean Hindustani] moerie,*ml̥Hdʰṓ,,9,1447
[Afrikaans] mis [Faroese] mis- [Icelandic] mis-,*meyt-,,3,1448
[English] authentic [Bashkir] әфәнде [English] effendi [Serbo-Croatian] ефендија [Serbo-Croatian] efendija [Turkish] efe [Greek] αφέντης [Georgian] ეფენდი [Romanian] efendi [Turkish] efendi [Russian] эфенди [Turkish] otantik [Ottoman Turkish] افندی [Bengali] আফেন্দী,*senh₁-,,14,1449
[Afrikaans] bors [Icelandic] brjóst [Tok Pisin] bros [Swedish] bröst [Danish] brusk [Norwegian Nynorsk] brusk [English] brisket [Faroese] bróst [Catalan] brossa [Icelandic] brjósk [Danish] bryst [Norwegian Bokmål] bryst [Norwegian Nynorsk] bryst [Old Swedish] bryst [Spanish] sufrútice [Faroese] brósk,*bʰrews-,,16,1450
[English] forth [Jersey Dutch] vôrt,*pr̥to-,,2,1451
[English] custom [English] costume [English] costume [English] consuetude [Kazakh] костюм [Kazakh] костюм [Hungarian] kosztüm [Hungarian] kosztüm [French] coutume [Dutch] kostuum [Middle French] coustume [English] kastom [English] kastom [Tok Pisin] kastom [Tok Pisin] kastom [Kristang] kustumi [Norwegian Bokmål] kostyme [Norwegian Bokmål] kostyme [Norwegian Bokmål] kostyme [Norwegian Nynorsk] kostyme [Norwegian Nynorsk] kostyme [Norwegian Nynorsk] kostyme [Danish] kostume [Danish] kostume [Polish] kostium [Kazakh] кәстөм [Kazakh] кәстөм [Azerbaijani] kostyum,*swe-dʰh₁-sk-,,28,1452
[English] siren [Swedish] siren [Catalan] sirena [Cebuano] sirena [Galician] sirena [Italian] sirena [Portuguese] sirena [Spanish] sirena [French] serin [Esperanto] ŝtormo [Asturian] serena [Danish] sirene [Dutch] sirene [Indonesian] sirene [French] sirène [Greek] σορός [Portuguese] sereia [Polish] syrena [Greek] σειρά [English] seirospore [Old Portuguese] serẽa [Galician] serea [Romanian] sirenă [Translingual] Sirenotherium [Hungarian] szirén [Irish] Síréana [Classical Syriac] ܣܝܪܐ,*twerH-,,27,1453
[English] tinsel [English] stencil [French] étincelle [Catalan] centella [Spanish] centella [Portuguese] centelha [Romanian] scânteie [Old French] estencele [Albanian] shkëndijë [Venetian] s-ciantixo [Aromanian] scãntealji [Manx] tinsyl [Sardinian] ischintidda [Aromanian] scãntiau,*ski-nto-,,14,1454
[Swedish] mitt [Westrobothnian] midd [English] Mitte [German] Mitte [Icelandic] miður [Icelandic] miður [Yiddish] מיט [Luxembourgish] Mëtt [Norwegian Bokmål] midje [Norwegian Nynorsk] midje [Norwegian Bokmål] midt [Norwegian Nynorsk] midt [Norwegian Bokmål] midte [Norwegian Nynorsk] midte,*medʰyo-,,14,1455
[Italiot Greek] andra [Indonesian] nara [Spanish] mero [Armenian] այր [Italiot Greek] άντρα [Translingual] Androdon [Old Portuguese] Nero [Portuguese] Nero [Slovak] Nero [Thai] นรชาติ [Thai] นร [Korean] 네로 [Balinese] ᬦᬭ [Indonesian] nara-,*h₂nḗr,,14,1456
[Indonesian] gul [Indonesian] gul [Aromanian] rug [Romanian] rug [Turkish] kil [Italian] rovo [Ottoman Turkish] گل [Persian] گل [Hindi] गुल [Translingual] Rubus [Serbo-Croatian] đul [Serbo-Croatian] ђул [English] rubus [Turkish] Gül [Bashkir] гөл [Uyghur] گۈل [Romanian] ghiul [Romanian] ghiurghiuliu [Italian] Orrù,*wr̥dʰo-,,19,1457
[Indonesian] gul [Turkish] kil [Turkish] Gül [Bashkir] гөл [Uyghur] گۈل [Romanian] ghiul [Romanian] ghiurghiuliu,*Hwerdʰ-,,7,1458
[Indonesian] gul [Ottoman Turkish] گل [Persian] گل [Hindi] गुल [Serbo-Croatian] đul [Serbo-Croatian] ђул,*HweRdʰ-,,6,1459
[Indonesian] bunker [Norwegian Bokmål] bunker [Norwegian Nynorsk] bunker [Spanish] búnker,*bʰenǵʰ-,,4,1460
[English] optimum [English] optimist [Dutch] optimist [Galician] optimismo [Spanish] optimismo [English] obsidian [Spanish] óptimo [Italian] ottimo [Finnish] optimi [Finnish] optimaalinen [Polish] optymista [Dutch] optimisme [Norwegian Bokmål] optimisme [Norwegian Nynorsk] optimisme [Galician] optimista [Spanish] optimista [Portuguese] otimista [Portuguese] ótimo [Hebrew] אופטימי [Catalan] òptim [Hungarian] optimizmus [Polish] optymalny [Ukrainian] оптимальний [Dutch] obsidiaan,*h₃ep-,,24,1461
[Neapolitan] quanno [Middle French] quant [Catalan] quan [Occitan] quan [Dalmatian] cand [Ligurian] quande [Megleno-Romanian] cǫn,*doh₁,,7,1462
[Danish] grande [Papiamentu] grandi,*ghrewə-,,2,1463
[Louisiana Creole French] vin [Papiamentu] binti [Papiamentu] binti [Hindi] बीस [Kabuverdianu] vinti [Urdu] بیس [Konkani] वीस [Sinhalese] විස්ස [Phalura] bhiíš [Kashmiri] وُہ [Dhivehi] ވިހި,*h₁wih₁ḱm̥ti,,11,1464
[French] gui [English] viscous [Old French] viscous [Italian] vischio [Romanian] veșted [Galician] viscoso [Italian] viscoso [Portuguese] viscoso [Spanish] viscoso [French] visqueux [Middle French] visqueux [French] guigne [Romanian] vâscos [Romanian] vâsc [Catalan] visc [Friulian] visc [Piedmontese] visc [Translingual] Ixoreus [Aromanian] veashtid [Aromanian] vãscu [Friulian] viscôs [Galician] visgo [Portuguese] visgo [English] viscumin [Catalan] vesc [Turkish] ökse [Azerbaijani] öksə,*weyḱs-,,27,1465
[German] Eid [Afrikaans] eed [French] huguenot [Luxembourgish] Eed,*oyt-,,4,1466
[English] Lethe [Friulian] lari [Greek] αλήθεια [Spanish] ladrón [English] alethic [Translingual] Lolium [Polish] lulek [Translingual] Latrodectus [English] dialetheism [Translingual] Larus [English] Aletha [French] larron [Istriot] laro [Spanish] Lete [French] Léthé [Portuguese] joio [Catalan] lladró [Spanish] joyo [Kalasha] ráik [Galician] laceira [Galician] xoio [Galician] azarella [Galician] cerello [Catalan] jull [Khowar] رأىک [English] alethonym [Old Catalan] lairó,*leh₂-,,27,1467
[English] Metis [English] metis,*méh₁tis,,2,1468
[English] verge [French] verge [Middle French] verge [Old French] verge [Galician] verga [Italian] verga [Portuguese] verga [Spanish] verga [Interlingua] virga [Interlingua] virga [Interlingua] virga [Istriot] virga [English] verge staff [French] vergue [Esperanto] vergo [Romanian] vargă [French] vergette [Aromanian] veargã,*wisgeh₂,,18,1469
[Norwegian Bokmål] verge [Faroese] verja [Icelandic] verja [Icelandic] verja [Norwegian Nynorsk] verja [Swedish] värja [Norwegian Nynorsk] verje [Old Swedish] væria [Danish] værge [Danish] værge,*woséyeti,,10,1470
[English] -icle [French] -ule [Albanian] -ull,*-elós,,3,1471
[English] -icle [French] -ule [Albanian] -ull,*-lós,,3,1472
[English] tritium [Dutch] tritium [English] tauon [English] triton [Spanish] tritón [Greek] τρίτος [Greek] -τος,*-tós,,7,1473
[English] aura [Catalan] aura [Dutch] aura [Indonesian] aura [Italian] aura [Portuguese] aura [Spanish] aura [English] soar [Icelandic] ára [Aromanian] avrã,*h₂éwsr̥h₂,,10,1474
[Dutch] wagon [French] wagon [Indonesian] wagon [Crimean Tatar] vagon [Crimean Tatar] vagon [Serbo-Croatian] vagon [Serbo-Croatian] vagon [Mongolian] вагон [Serbo-Croatian] вагон [Serbo-Croatian] вагон [Afrikaans] wa [English] wain [Italian] vagone [Italian] vagone [Bikol Central] bagon [Armenian] վագոն [Dutch] waggie [Portuguese] vagão [Yiddish] וואַגאָן [Yiddish] וואַגאָן [Saramaccan] wági [English] Wainman,*woǵʰnos,,22,1475
[Bourguignon] nez [Alemannic German] Nase [German] Nase [Megleno-Romanian] nas [Tok Pisin] nus [Sranan Tongo] noso [Yiddish] נאָז [Luxembourgish] Nues [Hunsrik] Naas [Pennsylvania German] Naas [Hindi] नास [Kashmiri] نَس,*néh₂s-,,12,1476
[Latin] asthma [English] -oma [Danish] astma [Dutch] astma [Faroese] astma [Afrikaans] asma [Catalan] asma [Irish] asma [Italian] asma [Portuguese] asma [Spanish] asma [Haitian Creole] -man [Hungarian] asztma [Greek] άσθμα [Greek] -μα [Norwegian Bokmål] ajournement [Armenian] -ոն,*-mn̥,,17,1477
[English] arithmetic [Dutch] aritmetica [Dutch] aritmetica [Indonesian] aritmetika [Indonesian] aritmetika [French] arithmétique [Yiddish] אַריטמעטיק,*h₂ri-dʰh₁-mó-s,,7,1478
[English] musk [German] Muskat [French] muscat [Italian] mosco [Turkish] Müge [Latin] muscus [Turkish] müge [Latin] moschatus [French] musc [Faroese] muskatt [Esperanto] mosko [Translingual] Moschus [German] Moschus [Norwegian Nynorsk] moskus [Middle English] muske [Romanian] mușcată [Polish] muszkat,*mosǵʰ-o-,,17,1479
[English] musk [Arabic] مسك [French] muscat [Galician] murar [Spanish] almizcle [Turkish] Müge [Persian] مشک [Turkish] misket [Turkish] müge [French] musc [Catalan] mesc [Faroese] muskatt [Esperanto] mosko [Norwegian Nynorsk] moskus [Kalasha] muṣk [Middle English] muske [Romanian] mușcată [Polish] muszkat,*muh₂s,,18,1480
[Finnish] mandala [Indonesian] mandala [English] mandal [Japanese] 曼荼羅 [Arabic] مندل [Ottoman Turkish] مندل [Persian] مندل [Thai] มณฑล [Tamil] மண்டலம் [Japanese] マンダラ [Malayalam] മണ്ഡലം [Dhivehi] މަޑުލަ,*melnd-,,12,1481
[Romanian] cioară [Bulgarian] черен [Aromanian] tsoarã [Aromanian] cioarã [Romanian] Cerna [Kalasha] kríṣna [Gandhari] 𐨐𐨁𐨮𐨸 [Torwali] کیِݜن [Hindi] कन्हैया [Arabic] كشنى [Arabic] كرسنة [Tamil] கிருட்டிணன் [Hindi] कृष्णा [Tamil] கண்ணன் [Javanese] Kresna,*kr̥snós,,15,1482
[Romanian] groapă [Galician] graba [Swedish] gruva [Danish] grube [Kholosi] genen [Irish] greim [Scottish Gaelic] greim [Aromanian] groapã [Spanish] garbar [Marathi] घेणे [Konkani] घेव्चे [Sanskrit] घिण्ण् [Sranan Tongo] grebi [Sranan Tongo] grebi [Romanian] hrubă [Dhivehi] ގަންނަނީ,*gʰrebʰ-,,16,1483
[Romanian] prunc [Romansch] buob [French] puériculture [Interlingua] puero,*ph₂weros,,4,1484
[Esperanto] alno [Romanian] arin [Aromanian] anin [Portuguese] álamo [Translingual] Alnus [Norman] aune [French] aulne [Venetian] onaro,*h₂élsnos,,8,1485
[Esperanto] amiko [Ido] amiko [Yatzachi Zapotec] migw [Zoogocho Zapotec] migw [Champenois] amin [Corsican] amicu,*-ih₁,,6,1486
[Dutch] animo [Esperanto] animo [Indonesian] animo [Italian] animo [Greek] άνεμος [English] anemo- [Catalan] anemo- [Italian] anemo- [Polish] anemo- [Portuguese] anemo- [Spanish] anemo- [Irish] ainéimi- [Catalan] ànim [English] anemoia [Kazakh] анимизм,*h₂enh₁mos,,15,1487
[Esperanto] aperi [Maltese] parir [Catalan] parer [Catalan] parèixer [Haitian Creole] parèt [Louisiana Creole French] paraite [Haitian Creole] paroître,*peh₂s-,,7,1488
[Maroon Spirit Language] lai [Maroon Spirit Language] lai [Norwegian Bokmål] juge [Icelandic] ljúga [Dutch] liegen [Afrikaans] lieg [Afrikaans] lieg [Faroese] lúgva [Norwegian Nynorsk] ljuga [Swedish] ljuga [Swedish] lögn [Danish] lyve [Norwegian Bokmål] lyve [Norwegian Bokmål] lyge [Norwegian Nynorsk] lyge [Old Swedish] liugha [Scanian] ljuğa [Westrobothnian] ljuug [Jersey Dutch] lîxe [Jersey Dutch] lîxe,*lewgʰ-,,20,1489
[English] scone [English] Scone [English] scathe [Faroese] skaði [Icelandic] skaði [Danish] skade [Norwegian Bokmål] skade [Norwegian Nynorsk] skade [Swedish] skada [Icelandic] skadda,*(s)keh₁t-,,10,1490
[Ido] arto [Pitcairn-Norfolk] aart,*er-,,2,1491
[Irish] -as [Irish] -is [Manx] -ys,*-ad,,3,1492
[Esperanto] -iĝi [Serbo-Croatian] -izirati,*-idyé-,,2,1493
[Esperanto] aso [Vietnamese] xì tố [Vietnamese] xì phé [Chinese] ace球,*h₁éǵʰs,,4,1494
[Esperanto] babili [French] babiller [Louisiana Creole French] babillé,*bʰa-bʰa-,,3,1495
[Mirandese] bela [Cornish] gol [Serbo-Croatian] veo [Serbo-Croatian] вео [Maltese] velu [Hebrew] וילון [Romanian] voal,*wegslom,,7,1496
[Danish] tid [Norwegian Bokmål] tid [Norwegian Nynorsk] tid [Swedish] tid [Faroese] tíð [Icelandic] tíð [Old Swedish] tiþ [Elfdalian] taið,*dīti-,,8,1497
[Danish] sur [Norwegian Bokmål] sur [Norwegian Nynorsk] sur [Old Swedish] sur [Swedish] sur [Icelandic] súr [Faroese] súrur [Translingual] Rumex [French] rumex [Catalan] romàs [Tok Pisin] saua [Armenian] Շորժա,*súHros,,12,1498
[Galician] brando [Portuguese] brando [Ladino] blando [Spanish] blando [Catalan] bla [Romanian] blând [English] blandiloquence [Aromanian] blãndã,*mland-,,8,1499
[English] scope [English] scullion [English] liftshaft [Maltese] xkupilja [Maltese] xkupa,*skeh₂p-,,5,1500
[Esperanto] buŝelo [Serbo-Croatian] bušel,*gwost-,,2,1501
[English] orthoepy [English] ortho- [French] ortho- [Translingual] Orthoptera [Translingual] Orthonectida [Translingual] Orthogastropoda [Italian] ortografia [Hungarian] ortopédia [French] orthodontie [Greek] ορθο- [Translingual] Orthoceras [Norwegian Bokmål] anortositt [Norwegian Nynorsk] anortositt [Kazakh] ортопедия [Kazakh] ортоклаз [Translingual] Orthorrhapha [Polish] anortyt [Esperanto] ortopedio,*h₃r̥dʰwós,,18,1502
[Esperanto] ĉamo [English] gemsbok,*kem,,2,1503
[Sranan Tongo] tiki [Serbo-Croatian] etiketa [Serbo-Croatian] етикета [Indonesian] etiket [Indonesian] etiket [Turkish] etiket [Hungarian] etikett [Esperanto] etikedo,*(s)tig-,,8,1504
[Esperanto] ĉarma [Translingual] Carpinus [Antillean Creole] cham [Spanish] carpe [French] charme [Khmer] កក្កដា [Esperanto] ĉarmo [Macedonian] шарм [Portuguese] carpino [Italian] carpine [Romanian] carpen [Chakma] 𑄇𑄋𑄢 [English] Crichton [Norwegian Bokmål] sjarm [Norwegian Nynorsk] sjarm [Aromanian] carpin [Istriot] carpano [Gujarati] કાકડી [Tagalog] tanikala [Hindi] ककड़ी [Assamese] কেঁকোৰা [Hindi] केकड़ा [Assamese] খৰাং [Assamese] খৰালি [Early Assamese] কাঙ্কড়া [Middle Assamese] 𑜀𑜦𑜡𑜀𑜨𑜈𑜫𑜍 [Assamese] কাংকাৰা [Marathi] खरे [Phalura] khaár [Marathi] खेकडा [Pali] kakkaṭaka,*kh₂er-,,31,1505
[Esperanto] ĉemizo [Galician] camisa [Portuguese] camisa [Spanish] camisa [Ido] kamizo [Ido] kamizolo [Hindi] क़मीज़ [Marathi] कमीज [Nepali] कमिज [Bengali] কামিজ [Old Occitan] camiza [Bodo (India)] कामिज [Indonesian] kemeja [Indonesian] kemeja [Western Neo-Aramaic] ܩܡܨܬ̤ܐ [Turoyo] ܩܡܣܬܐ [Urdu] قمیض [Principense] kamiza [Tetum] kamiza [Tetum] kamiza [Chavacano] kamisa [Guinea-Bissau Creole] kamisa [Indonesian] kamisa [Kabuverdianu] kamisa [Ladino] kamisa [Tagalog] kamisa [Moroccan Arabic] قميجة,*ḱam-,,27,1506
[Catalan] cervo [Esperanto] cervo [Galician] cervo [Ido] cervo [Italian] cervo [Portuguese] cervo [Romanian] cerb [French] cerf [Ladin] cerf [Old French] cerf [Spanish] ciervo [Translingual] Cervus [Sicilian] cervu [Italian] cervide [Catalan] cérvol [Spanish] cérvido [Aromanian] tserbu [Norman] chèr [Asturian] ciervu [Friulian] cierf [Italian] cervia [Italian] Cervidi [Romansch] tschierv [Sardinian] chervu,*ḱr̥h₂wós,,24,1507
[English] plebe [English] plebiscite [Italian] pieve [English] plebification [English] plebicolist,*pl̥h₁dʰwḗh₂s,,5,1508
[Cebuano] kilt [Indonesian] kol [Faroese] koltur,*gelt-,,3,1509
[English] cramp [French] crampon [French] crampe [Norman] crampe [Portuguese] cãibra,*grem-,,5,1510
[English] rocket [Sardinian] ruga [English] eruciform [Dutch] raket [Catalan] ruca [German] Rauke [Polish] rukiew,*ǵʰer(s)-uk-eh₂,,7,1511
[English] rocket [Sardinian] ruga [Italian] ispido [English] eruciform [Dutch] raket [Catalan] ruca,*ǵʰers-,,6,1512
[Irish] buachaill [Scottish Gaelic] buachaill [Manx] bochilley [Italian] Bucolo,*gʷowkólos,,4,1513
[Danish] mor [Swedish] mor [Galician] mouro [Portuguese] mouro [Greek] μαύρος [Portuguese] mauro [Norwegian Bokmål] maurer,*mergʷ-,,7,1514
[Norwegian Nynorsk] frysa [Old Swedish] frysa [Swedish] frysa [Irish] reo [Irish] reo [Icelandic] frjósa [Papiamentu] fris [Danish] fryse [Norwegian Bokmål] fryse [Manx] rio [German] frieren [French] bruine [Afrikaans] vries [Spanish] pruna [Middle Irish] reód [Luxembourgish] fréieren [Low German] fresen [Yiddish] פֿרירן [Central Franconian] freese [Esperanto] prujno [Westrobothnian] fruus [Cimbrian] vriizan,*prews-,,22,1515
[English] fury [Sardinian] fura [Irish] firéad [Catalan] furgar [Romagnol] furèt,*bʰṓr,,5,1516
[English] semelfactive [French] sincère,*sm̥-meh₁lom,,2,1517
[Swedish] älg [Westrobothnian] älg [Faroese] elska [Icelandic] elska [Norwegian Nynorsk] elska [Danish] elske [Norwegian Bokmål] elske [Norwegian Nynorsk] elske [Danish] elg [Norwegian Bokmål] elg [Norwegian Nynorsk] elg [Faroese] elgur [Icelandic] elgur [Old Swedish] ælgher,*el-,,14,1518
[Ligurian] stria [French] striker [Romagnol] striga [Romanian] striga [Slovak] striga [Venetian] striga [English] strix [Serbo-Croatian] štrajk [Slovak] štrajk [Czech] stres [Esperanto] strio [Spanish] estría [Romanian] strigoi [Afrikaans] strik [Translingual] Strix [Megleno-Romanian] strig [Catalan] tricotar [Portuguese] tricotar [Norman] êtreindre [Translingual] Striga [Portuguese] estrige [Spanish] trasgo [Finnish] streikata [Portuguese] estria [Indonesian] strok [Catalan] estrènyer [Translingual] Striges [Macedonian] стрија [English] stria vascularis,*streyg-,,29,1519
[English] -ize [Romanian] -ez [Italian] -izzare [German] -isieren [Aromanian] -edzu [Aromanian] -edz [Lombard] -izà [Dutch] -iseren [Maltese] -izza,*-idyéti,,9,1520
[Translingual] Deuterostomia [Greek] στόμα [Polish] stomatologia [Irish] -stóm [English] phyllostome [English] astomatous [Catalan] estoma [Portuguese] estoma [Tsakonian] τθούμα [English] -stome [Ukrainian] стоматологія,*stomn̥,,11,1521
[English] Kevin [Cebuano] Kevin [Irish] Caoimhín [Westrobothnian] heim [Norwegian Bokmål] Trondheim [Faroese] heimur [Icelandic] heimur [Danish] hjem [Irish] caomh [Scottish Gaelic] caomh [Manx] Keveen,*ḱóymos,,11,1522
[Translingual] Echinodermata [Spanish] equino [Armenian] ոզնի [Translingual] Echinus [English] echinus [Latin] echinus [Spanish] equidna [English] echino- [Greek] ακανθόχοιρος [Greek] αχινός [Spanish] equinodermo [Translingual] Echinops [Faroese] igulker [Faroese] igul- [Translingual] Echimys [English] echinocyte [Danish] igle [Coptic] ⲫⲩⲛⲟⲥ [Italian] echinocacto [Italian] echimio [Italian] proechimio [Esperanto] eĥino,*h₁eǵʰis,,22,1523
[French] foire [Romansch] fuera [Romansch] fuira [Romansch] foira [Romansch] sfuira [Romansch] sfuoira,*dʰrey-,,6,1524
[English] aretegenic [Czech] racionální [English] aretaic [English] arete,*h₂reh₁-,,4,1525
[French] meilleur [Spanish] mejor [Spanish] mejorar [Italian] migliorare [French] améliorer [English] meliorate [English] meliorism [Occitan] melhor [Old Occitan] melhor [Portuguese] melhor [Portuguese] melhorar [Catalan] millorar [Catalan] millor [Galician] mellor [Aragonese] amillorar [Old French] mieudre [Asturian] ameyorar [Galician] mellorar [Friulian] miorâ [French] mélioratif,*mélyōs,,20,1526
[Irish] leor [English] lucre [Irish] luach [Scottish Gaelic] luach [Spanish] logro [Aromanian] lucru [Romanian] lucru [Greek] λεία [Scottish Gaelic] leòr [Manx] liooar [English] lucriferous [Polish] lukier [Esperanto] lukri,*leh₂w-,,13,1527
[Irish] ól [Scottish Gaelic] òl,*péh₃tlom,,2,1528
[Irish] teacht [Italian] attecchire,*tenk-,,2,1529
[Translingual] Sarcina [Greek] όρκος [Romanian] sarcină [English] herkogamy [Aromanian] sartsinã [Catalan] sargir,*serḱ-,,6,1530
[Maltese] fada [Spanish] fiar,*bʰéydʰeti,,2,1531
[Interlingua] heri [Greek] χθες [Nepali] हिजो,*dʰǵʰyés,,3,1532
[Irish] bile [Manx] billey,*bʰolyo-,,2,1533
[Italian] amore [French] amoureux [English] amour [French] amour [Middle English] amour [Middle French] amour [Norman] amour [English] amorous [Galician] amoroso [Italian] amoroso [Portuguese] amoroso [Spanish] amoroso [Esperanto] amoro [Asturian] amor [Galician] amor [Interlingua] amor [Occitan] amor [Old French] amor [Old Occitan] amor [Old Portuguese] amor [Portuguese] amor [Old Occitan] amoros [Sicilian] amuri [Old French] amoreus [Dalmatian] amaur [Norman] amouotheux [Maltese] namra [Istriot] amure [Friulian] amôr [Neapolitan] ammore [Dalmatian] moraus [English] monoamory [Bourguignon] aimor [Picard] anmeur [Mozarabic] אמורי [Lombard] amór [Neapolitan] ammò,*amōs,,37,1534
[Ido] dextra [Esperanto] dekstra,*deḱs(i)-tero-,,2,1535
[Sardinian] nura [Catalan] nora [Galician] nora [Portuguese] nora [Sicilian] nora [Italian] nuora [Friulian] nore [Romanian] noră [Asturian] nuera [Old Spanish] nuera [Spanish] nuera [Spanish] nuera [Armenian] նու [Aromanian] norã [Old Marathi] सुन [Konkani] सून [Marathi] सून [Kannada] ಸೊಸೆ [Old Marathi] 𑘭𑘳𑘡 [Punjabi] ਨੂੰਹ [Kashmiri] نۄش [Mingrelian] ნოსა,*snusós,,22,1536
[English] restore [Latvian] restaurēt,*steh₂u-ro-,,2,1537
[English] tomb [Ido] tombo [Dutch] tombe [Middle French] tumbe [Old French] tumbe,*tewH,,5,1538
[Ido] frukto [Portuguese] fruto [Tok Pisin] prut [Tok Pisin] frut [Haitian Creole] fwi [Catalan] fruir [Portuguese] fruir [Galician] fruxe,*bʰruHg-,,8,1539
[Chavacano] oro [Galician] ouro [Portuguese] ouro [English] oroblanco [Mauritian Creole] lor [Taos] ùruʼúna [Ottoman Turkish] اوریا,*h₂é-h₂us-o-,,7,1540
[Catalan] plorar [Gallo] breur',*pleh₃(w)-,,2,1541
[Irish] scríobh [Scottish Gaelic] sgrìobh [Portuguese] escrever [Guinea-Bissau Creole] skirbi [Papiamentu] skirbi [Manx] screeu [Kabuverdianu] skrebi,*skreybʰ-,,7,1542
[English] chthonic [Greek] χώμα [Spanish] alóctono [Italian] ctonio [Finnish] ktooninen [Translingual] Semele [Latin] chthonius [Kalasha] čhom [Pontic Greek] χώμαν [Dutch] chtonisch [Scottish Gaelic] dùth [Kashmiri] کھؠما [Kashmiri] ख्यमा [Kashmiri] 𑆒𑇀𑆪𑆩𑆳,*dʰéǵʰōm,,14,1543
[Irish] sibh [Scottish Gaelic] sibh [Pali] vo [Manx] shiu,*wos,,4,1544
[Dutch] maltose [Latin] maltophilius [Italian] maltare,*meld-,,3,1545
[Irish] bocht [Scottish Gaelic] bochd [Manx] boght,*bʰogtós,,3,1546
[Irish] mór [English] Balmoral [Welsh] mawr [Scottish Gaelic] mòr [Manx] mooar,*moh₁ros,,5,1547
[English] ard [Danish] ard [Greek] αλέτρι [Tagalog] araro [Swedish] årder [Old Swedish] arþer [Westrobothnian] áł,*h₂érh₃trom,,7,1548
[Irish] ard [Manx] ard [Scottish Gaelic] àrd [English] ardian,*h₃erdʰwós,,4,1549
[Czech] zlý [Spanish] falta [Spanish] fallecer [Spanish] fallar [Italian] fallare [Spanish] fallido [Norman] faller [Dutch] feil [Portuguese] falhar [Galician] falecer [Portuguese] falecer [Catalan] fallir [Spanish] fallir,*ǵʰwel-,,13,1550
[Translingual] Chondrichthyes [Translingual] Chondrostei [English] chondrule [Translingual] Chondrus [Spanish] condro- [Polish] chondro-,*gʰrendʰ-,,6,1551
[Irish] dearg [Scottish Gaelic] dearg [Manx] jiarg,*dʰerg-,,3,1552
[Irish] liath [Scottish Gaelic] liath [Manx] lheeah,*pelH-,,3,1553
[Irish] donn [Irish] donn [Scottish Gaelic] donn [Manx] dhone [Manx] doan,*dʰus-no-,,5,1554
[Phalura] čo [Tok Pisin] hait [Pali] cavati [Translingual] Kinorhyncha [Romanian] aciua [Telugu] శివరామపురం [Telugu] శివగిరి [Translingual] Sivatherium [Latin] cinnus [English] Shiv [Indonesian] Syiwa [Kazakh] киназа,*ḱey-,,12,1555
[Indonesian] rua [Portuguese] rua,*krewp-,,2,1556
[Irish] éirigh [Norwegian Nynorsk] regi [Scottish Gaelic] èirich [Italian] recare [Finnish] rulettaa [Manx] irree [Indonesian] resimen,*h₃réǵeti,,7,1557
[English] widow [English] widow [Esperanto] vidvo [Esperanto] vidvo [Asturian] viuda [Catalan] viuda [Spanish] viuda [German] Witwe [French] veuve [Norman] veuve [Italian] vedova [Galician] viúva [Portuguese] viúva [Romanian] văduvă [Translingual] Vidua [Middle English] widwe [Mirandese] biúba [Friulian] vedue [Istriot] viduva [Cebuano] biyuda [Aromanian] veduã [Cimbrian] bittaba [Afrikaans] weduwee [Sindhi] وڌوا,*h₁widʰéwh₂,,24,1558
[Sranan Tongo] mofo [Tok Pisin] maus [Torres Strait Creole] maut,*ment-,,3,1559
[Irish] suigh [English] histone [Manx] soie [Scottish Gaelic] suidh,*stísteh₂ti,,4,1560
[English] glance [English] glint,*ǵʰlend-,,2,1561
[Icelandic] vor [Danish] vår [Norn] vår [Norwegian Bokmål] vår [Norwegian Nynorsk] vår [Swedish] vår [Faroese] vár [Faroese] vár [Scots] voar [Danish] erantis,*wésr̥,,10,1562
[Esperanto] cindro [Ido] cindro [Asturian] ceniza [Spanish] ceniza [Catalan] rentar [Haitian Creole] sann [Hindi] कनिया [Galician] cinza [Galician] cinza [Portuguese] cinza [Portuguese] cinza [Megleno-Romanian] tșănușă [Thai] กันยา [Thai] กันย์ [Scottish Gaelic] ciad [Catalan] cendra [Galician] cinsa [Galician] cinsa [Romansch] tschendra [Sardinian] chinisa [Walloon] cinde [Dalmatian] canaisa [Irish] céad [Norman] chendre [Burmese] ကန် [Friulian] cinise [Old Portuguese] cĩisa [Old Spanish] cenisa [Garhwali] कज्यांण [Papiamentu] shinishi [Kabuverdianu] sinza [Guinea-Bissau Creole] sinsa [Pali] kaññā [Middle Irish] cét- [Sardinian] reghente [Sardinian] rechente [Sardinian] chisina [Gandhari] 𐨐𐨎𐨙 [Lombard] zener [Dhivehi] ކާންޏަ [Romagnol] zéndra [Megleno-Romanian] ratsi,*ken-,,42,1563
[English] shingle [German] Schindel [Romanian] scândură [Italian] scandola [Romanian] șindrilă,*skhed-,,5,1564
[English] groin [Middle English] growne [Middle English] groynen,*gʰrun-,,3,1565
[Catalan] gustar [Middle French] gouster [Norman] gouôter [Mecayapan Nahuatl] quigustarohua,*ǵustós,,4,1566
[German] Kummer [Romanian] cumulus [Dutch] kommer [Spanish] colmo [Italian] ingombro [French] comble [Spanish] escombro [Welsh] cwmwl [French] encombrer [Indonesian] kumulus [Portuguese] cômoro,*ku-m-olo,,11,1567
[English] ware [English] -ware,*wor-,,2,1568
[English] vespers [Middle English] vespers [Ido] vespero [Scottish Gaelic] feasgar [Armenian] գիշեր [Italian] vespro [Manx] fastyr [Gallo] vépreil [French] vêpre [Catalan] vespre [Dalmatian] viaspro [Irish] coinfheascar [Translingual] Hesperornis [English] vespering [English] vesperate [Bourguignon] veîpre [Picard] vèpe,*wek(ʷ)speros,,17,1569
[Cimbrian] mich [German] mich [German] mich [Hunsrik] mich [Hunsrik] mich [Middle High German] mich [Pennsylvania German] mich [Luxembourgish] mech [Luxembourgish] mech,*me,,9,1570
[English] humiliate [English] humble [Breton] uvel [Portuguese] humilde [Spanish] humilde [Catalan] humil [Occitan] umil [Piedmontese] umil [Scottish Gaelic] ùmhal [Irish] umhal [Old Occitan] umiliar [Maltese] umli,*dʰǵʰemelo-,,12,1571
[Romanian] ulcer [Greek] έλκος,*h₁élḱos,,2,1572
[English] umbilical [Galician] umbilical [Spanish] umbilical [Middle French] nombril [Old French] nonbril [Norman] nombrîn [Norman] nõmbri [Norman] naombrin [Occitan] embonilh [Irish] imleacán,*h₃nóbʰōl,,10,1573
[English] chalaza [Bulgarian] хала,*gʰlh₂-d-,,2,1574
[Slavomolisano] grad [Sicilian] rannula,*greh₃d-,,2,1575
[Spanish] bailar [French] baller [Swedish] blida [Greek] βάζω [Catalan] ballar,*gʷl̥-ne-h₁-,,5,1576
[Spanish] yermo [Catalan] erm [Italian] eremo [Thai] รามา [Kannada] ರಾಮ [Galician] ermo [Italian] ermo [Portuguese] ermo [Latin] heremus [Telugu] రామనవమి [Aromanian] ermu [Asturian] ermu [Latin] eremus [Telugu] రామకోటిపురం [English] eremophobia [Assamese] ৰাম [Translingual] Eremiasaurus [Occitan] èrm [Polish] erem,*reh₁mós,,19,1577
[Yola] yola [Norwegian Bokmål] gammal [Norwegian Nynorsk] gammal [Swedish] gammal [Icelandic] gamall [Scots] auld [Faroese] gamal [Norwegian Nynorsk] gamal [Old Swedish] gamal [Danish] gammel [Norwegian Bokmål] gammel [English] Aldcliffe [English] Oldham [Elfdalian] gåmål [English] Alden [Scanian] gammall [English] Oulton [English] Oldfield [English] Allport [English] Oldknow [English] All Cannings [English] Aldbrough,*h₂eltós,,22,1578
[Crimean Tatar] minimal [Norwegian Bokmål] minimal [Norwegian Nynorsk] minimal [Spanish] niño [Occitan] mermar [Spanish] mermar [Finnish] minimi [Italian] minimo [Galician] mínimo [Portuguese] mínimo [Spanish] mínimo [Polish] minimalny [Old Portuguese] menỹo [Catalan] minyó,*mey-#Root_4,,14,1579
[Spanish] uncir [Norman] joindre [Haitian Creole] jwenn [Czech] junkce [Pali] yuñjati [Louisiana Creole French] joinde [Marathi] जुंपणे,*yunégti,,7,1580
[Esperanto] resto [Esperanto] resto,*ros-,,2,1581
[Icelandic] Loki [Danish] Loke [Norwegian] Loke [Swedish] Loke [Irish] Láca [Scanian] lákke,*leuk-,,6,1582
[Spanish] azufre [Hiligaynon] asupre,*swelplos,,2,1583
[Spanish] iridio [Translingual] Iris [Cebuano] Iris [Portuguese] Íris [Slovak] Íris,*weh₁i-ro-,,5,1584
[English] anthocaulus [Greek] άνθος [Latin] anthus [Translingual] Anthus [Italian] anto- [Portuguese] anto- [Translingual] Anthornis [Latin] anthera [English] bloodflower [Translingual] Strophanthus [Irish] antó- [Translingual] Anthomyia [Translingual] Anthomyza [Polish] antocyjanina [Polish] antocyjan,*h₂éndʰos,,15,1585
[English] inkling [English] inkle,*yenǵ-,,2,1586
[Italian] cieco [Spanish] ciego [Romanian] ceață [Italian] accecare [Galician] cego [Portuguese] cego [Irish] caoch [Scottish Gaelic] caoch [Catalan] cec [Interlingua] cec [Guinea-Bissau Creole] segu [Translingual] Caecilia [Asturian] ciegu [English] cecocentral [Kabuverdianu] ségu [Bulgarian] цецилия [Occitan] cèc,*kéh₂ikos,,17,1587
[Danish] sne [Swedish] snö [Icelandic] snjór [Icelandic] snær [Norwegian Bokmål] snø [Norwegian Nynorsk] snø [Faroese] snjógvur [Finnish] snöge [Norwegian Nynorsk] snjo [Norwegian Nynorsk] snjór’e,*snóygʷʰos,,10,1588
[English] oncology [Translingual] Oncorhynchus [Dutch] oncologie [English] onchocerciasis [English] onco- [Spanish] vencejo [Thai] องก์ [Hindi] आँकड़ा [Marathi] आकडा [Ukrainian] онкологія [Hungarian] onkológia,*h₂ónkos,,11,1589
[Icelandic] ama [Mozarabic] امار,*h₃emh₃-,,2,1590
[English] lax [Middle English] lax,*lakso-,,2,1591
[English] grackle [Spanish] graznar [Romanian] graur,*greh₂-k-,,3,1592
[Louisiana Creole French] vive [Guinea-Bissau Creole] vivi [English] veve [Catalan] viure [Haitian Creole] viv [Papiamentu] biba [Papiamentu] biba [Punjabi] ਜਿਊਣਾ [Gujarati] જીવવું [Assamese] জীয়া [Mewari] जीणो [Romani] ʒivel,*gʷíh₃weti,,12,1593
[Faroese] meta [Icelandic] meta [Irish] meas [Irish] meas [Scottish Gaelic] meas [Faroese] mætur [Icelandic] mætur [Old Swedish] mæta [Swedish] mäta [Kabuverdianu] módi [Irish] tomhas [Scottish Gaelic] tomhas [Georgian] მედეა [Franco-Provençal] amusar [Tok Pisin] emti [Mauritian Creole] amize [Russian] Медея,*med-,,17,1594
[Danish] hjul [Norwegian Bokmål] hjul [Norwegian Nynorsk] hjul [Faroese] hjól [Icelandic] hjól [Northern Sami] juvla,*kʷékʷléh₂,,6,1595
[Spanish] murmullo [Portuguese] murmúrio [English] murmur [Middle English] murmur [Italian] mormorio [Irish] monabhar,*mormur-,,6,1596
[Irish] bod [Scottish Gaelic] bod [Manx] bwoid,*gwosdʰos,,3,1597
[Galician] peor [Spanish] peor [French] pire [Italian] peggiore [Italian] peggiorare [Galician] pior [Portuguese] pior [Catalan] pitjor,*ped-yōs,,8,1598
[English] delve [Middle English] delve [English] delf [Middle English] delf [English] Delph,*dʰelbʰ-,,5,1599
[English] Holocene [English] -cene [Translingual] Caenorhabditis [English] ceno- [Italian] ceno- [Polish] ceno- [Polish] -cen [Translingual] caeno-,*kn̥-yós,,8,1600
[Italian] grembo [Italian] gremio [English] gremial [Portuguese] grémio [Galician] agarimar [Catalan] gremi,*h₂grom-,,6,1601
[English] Eocene [Romanian] auroră [Translingual] Eos [English] Eos [Catalan] Eos [Portuguese] Eos [English] eosinophil [English] eolithic [English] eohippus [English] eosin [Spanish] eosina [Old Marathi] उखा [English] eosphorite [English] eo- [Polish] eo- [Portuguese] eoo [Albanian] brerore [Translingual] Eoanthropus [English] eoan [Old Marathi] 𑘄𑘏𑘰 [Latin] eous [Greek] ηωσίνη,*h₂éwsōs,,22,1602
[English] swart [Middle English] swart [Scots] swart [English] swarthy [Middle English] swerte,*swordos,,5,1603
[Dalmatian] vart [Friulian] ort [Corsican] ortu [Sardinian] ortu [Italian] orto [Old Portuguese] orto [Slovene] vrt [Finnish] hortonomi [Spanish] huerta [Romansch] iert [Greek] χόρτο [Romansch] üert [Catalan] hort [Catalan] horta [Galician] horta [Portuguese] horta [Asturian] güertu,*ǵʰortós,,17,1604
[Turkish] vida [Catalan] vit [Translingual] Vitis [Translingual] Itea [Irish] bís [Galician] adival [Galician] embeleñar,*wéh₁itis,,7,1605
[Kabuverdianu] noventa [Greek] ενενήντα [Papiamentu] nobenta [Papiamentu] nobenta [Romagnol] nuvânta,*h₁néwn̥(d)ḱomt,,5,1606
[English] vagina dentata [English] abdominovaginal [Japanese] バギナ [Luxembourgish] Vagin,*wag-,,4,1607
[Catalan] ventre [French] ventre [Galician] ventre [Galician] ventre [Italian] ventre [Middle French] ventre [Norman] ventre [Occitan] ventre [Old French] ventre [Old Occitan] ventre [Old Portuguese] ventre [Portuguese] ventre [Portuguese] ventre [Spanish] vientre [Romanian] vintre [English] vesical [English] ventriloquy [Walloon] vinte [English] ventri- [Esperanto] ventro [Ido] ventro [Catalan] ventresca [Antillean Creole] vant [Haitian Creole] vant [Mauritian Creole] vant [Seychellois Creole] vant [Friulian] vintri [Dalmatian] viantro [Norman] vãtr [Sardinian] bentre,*wend-tri-,,30,1608
[English] quilt [English] counterpoint [Galician] colcha [Portuguese] colcha [English] quoit [French] couette [Polish] kołdra [Welsh] cylched [Norwegian Nynorsk] kvilt [Italian] coltrice [Asturian] coxín [Cebuano] kutson [Old French] coilte [French] couilte [Maltese] kutra [Galician] cócedra [German] Kolter [Irish] clupaid [Middle English] quilte,*ḱol-bʰo-,,19,1609
[Norman] écrire [Middle French] escrire [Haitian Creole] ekri [Louisiana Creole French] ekri [Norman] êcrithe [Mirandese] screbir [Mauritian Creole] ekrir,*(s)kreybʰ-,,7,1610
[English] sallow [Welsh] salw,*sal(w)-,,2,1611
[English] lacquer [German] Lack [Luxembourgish] Lack [Dutch] lak [Spanish] laca [Bulgarian] лак [Russian] лак [Italian] lacca [Norwegian Bokmål] lakk [Norwegian Nynorsk] lakk [Polish] lakier [Telugu] లక్క [Khmer] ល័ខ [Arabic] لك [Ottoman Turkish] لاك,*laḱs-,,15,1612
[Esperanto] ĉifono [Serbo-Croatian] čip [Serbo-Croatian] чип [Indonesian] sifon [Armenian] չիպ,*ǵey-,,5,1613
[English] escutcheon [Esperanto] scii [English] esquire [Middle English] skene [English] scudo [Occitan] escut [Scottish Gaelic] sgiath [Scottish Gaelic] sgian [Serbo-Croatian] skija [Irish] scian [English] scutellum [French] écuelle [English] scutage [Manx] skynn [Manx] skian [Irish] sciath [Irish] sciath [English] skean [English] scutiferous [Serbo-Croatian] šajba [Serbo-Croatian] шајба [Old French] escuele [Galician] escudela,*skey-,,23,1614
[Esperanto] danci [Asturian] timón [Greek] τιμόνι [Romanian] timonă [Maltese] tmun,*tens-,,5,1615
[Mauritian Creole] fess [Seychellois Creole] fess [Italian] fesso [Catalan] fes [Dalmatian] fiata [Dutch] van likmevestje [Galician] feso,*bʰidtós,,7,1616
[Faroese] morgun [Danish] morgen [Norwegian Bokmål] morgen [Afrikaans] môre [Scanian] marğinn [Jersey Dutch] mârxe [Jersey Dutch] mârge [Jersey Dutch] mârxje,*mr̥Hko,,8,1617
[English] Acre [French] Acre [English] autacoid,*yeh₂k-,,3,1618
[Translingual] Anguis [German] Unke [Belarusian] вуж [Ukrainian] вуж [English] anguiform [Scottish Gaelic] easgann [Irish] eascann [Manx] astan [English] anguinea [English] anguiped [Romanian] Ojasca,*h₂éngʷʰis,,11,1619
[English] Aries [Manx] rea [Scottish Gaelic] Reithe [Romanian] arete [Aromanian] areati [Irish] reithe [Catalan] ariet,*h₁r-i-(e)t-,,7,1620
[Translingual] Corvus [Volapük] krov [Translingual] Corvida [English] Corbin [Galician] corvo [Italian] corvo [Portuguese] corvo [Spanish] cuervo [Esperanto] korvo [Romanian] corb [English] corbel [Old French] corbel [Scots] corbie [French] corbeau [Old French] corf [Romansch] corv [Luxembourgish] Kueb [Translingual] Bucorvus [Aromanian] corbu [Occitan] còrb [Asturian] cuervu [Friulian] corvat [English] Corbyn [French] corvidé [Bourguignon] corbeâ [Antillean Creole] kòbo,*ḱorh₂wós,,26,1621
[English] Dean [Norwegian Bokmål] dette [Scots] dink [English] dene [Middle English] dene [Faroese] detta [Norwegian Nynorsk] detta [English] Denholm [English] Denslow,*dʰen-,,9,1622
[English] Don [Indonesian] dana [Pali] dhana [English] Dnieper [Aromanian] Duna [Balinese] ᬥᬦ [Translingual] Danuvius [Norwegian Bokmål] aberdeen angus [Gandhari] 𐨢𐨣 [Malayalam] ധനം,*dʰenh₂-,,10,1623
[German] Ente [Antillean Creole] kanna [Haitian Creole] kanna [Mauritian Creole] kanar [Seychellois Creole] kanar,*gan-,,5,1624
[German] Olive [Norwegian Bokmål] oliven [Norwegian Nynorsk] oliven [Sicilian] uliva [Aragonese] oliba [Romanian] olivă,*h₁loywom,,6,1625
[Italian] Remo [Portuguese] Remo [Spanish] Remo [Ancient Greek] Ῥῶμος [Catalan] Rem [Khowar] جمےژ [Konkani] जवळ [Translingual] Yamaceratops,*yémHos,,8,1626
[English] Regina [English] rani [Indonesian] rani [Rohingya] rani [Romani] rani [Serbo-Croatian] rani [Serbo-Croatian] рани [Telugu] రాణి [Hindi] रानी [Basque] erregina [Persian] رانی [Urdu] رانی [Old Marathi] 𑘨𑘰𑘜𑘲 [Marathi] राणी [Oriya] ରାଜ୍ଞୀ [Welsh Romani] råni [Malayalam] റാണി [Kannada] ರಾಣಿ [Tamil] ராணி,*h₃rḗǵnih₂,,19,1627
[Spanish] ingle [Galician] ingua,*h₁n̥gʷ-en-,,2,1628
[English] gimmer [Norwegian Nynorsk] gimmer [Scots] gimmer,*ǵʰyem-,,3,1629
[Irish] áith [Irish] áith [Gagauz] vatra [Scottish Gaelic] àth [Urdu] آذر [French] airelle [Manx] aiee,*h₂eh₁ter-,,7,1630
[Irish] crean [Cornish] perna [Caló] quinar [Assamese] কিন [Phalura] krína [Magahi] 𑂍𑂱𑂢𑂪,*kʷrinéh₂ti,,6,1631
[Italian] cambio [Albanian] këmbej [German] Perikambium,*(s)ḱh₂mbós,,3,1632
[English] coelacanth [English] -coel [Spanish] celacanto [Translingual] Coelophysis [Translingual] Coelenterata [English] koilocyte [English] syringocoele [Translingual] Coelodiazesis [Translingual] Coelurosauria [English] coelanaglyphic [Translingual] Coelacanthi,*kowilos,,11,1633
[English] wonga [Kashmiri] نار [Romani] angar [Kannada] ಇಂಗಾಲ [Khowar] انگار [Hindi] अंगारा [Konkani] इंगाळो [Indonesian] anggara [Indonesian] anggara [Khmer] អង្គារ [Vaghri] અંગાર [Shan] ဢင်ႇၵႃႇ [Balinese] ᬅᬗ᭄ᬕᬭ [Phalura] angóor,*h₁óngʷl̥,,14,1634
[English] magnolia [French] Cro-Magnon [Portuguese] magnífico [Old Norse] Magnús [Polish] magnat [Tagalog] Magno [English] magnicide [English] magnorder [Hungarian] mágnás [English] Ashby Magna,*m̥ǵh₂nós,,10,1635
[English] lustre [Catalan] lustre [English] luster [Portuguese] lustro [Spanish] lustro [Catalan] llostre,*lewkstrom,,6,1636
[English] lustre [Catalan] lustre [English] luster [Portuguese] lustro [Spanish] lustro [Catalan] llostre,*lewh₃strom,,6,1637
[English] lustre [Catalan] lustre [English] luster [Portuguese] lustro [Spanish] lustro [Catalan] llostre,*lewHstrom,,6,1638
[Norwegian Bokmål] hei [Norwegian Nynorsk] hei [Swedish] heder [Swedish] hed [Danish] hede [Faroese] heiður [Icelandic] heiður [Icelandic] heiður [Faroese] heiði [Icelandic] heiði [Norwegian Nynorsk] heider [Danish] hæder,*kit-ro-,,12,1639
[Westrobothnian] diss [Norwegian Bokmål] dess [Norwegian Nynorsk] dess [Icelandic] þess,*tósyo,,4,1640
[English] hepatitis [Catalan] hepatitis [Bashkir] егәрле [Rajasthani] जिगर [Italian] epa [Macedonian] џигер [Armenian] ջիգյար [Uzbek] jigar [Latin] hepar [Bengali] যকৃৎ [Greek] ήπαρ [English] hepatite [Georgian] ჯიგარი [German] Hepatitis [Serbo-Croatian] džigerica [Serbo-Croatian] џигерица [Kalasha] žạ́ŋgu [Prakrit] 𑀚𑀕 [Norwegian Bokmål] hepatitt [Norwegian Nynorsk] hepatitt [Khowar] ۨشےغُن [Khowar] جىگار [Sindhi] जेरो [Greek] τζιγέρι,*Hyékʷr̥,,24,1641
[Tok Pisin] sait [Tok Pisin] sait,*sēy-,,2,1642
[Latin] dies Mercurii [Armenian] օր [Mariupol Greek] мера [French] hémérothèque [English] Hemera,*h₂eh₃mr̥,,5,1643
[English] undecillion [English] undecimarticulate [English] undecet [Corsican] ondeci,*óynom déḱm̥t,,4,1644
[Tagalog] sira [Faroese] skíta [Icelandic] skíta [Norwegian Nynorsk] skita [Old Swedish] skita [Swedish] skita [Danish] skide [Indonesian] cedera [Hindi] छेद [Serbo-Croatian] šit [Tagalog] siyete [Norwegian Nynorsk] skiterempe [Jersey Dutch] śāite,*skeyd-,,13,1645
[Irish] allas [Scottish Gaelic] allas [Armenian] աղալ [Greek] αλέθω,*h₂elh₁-,,4,1646
[English] lichen [French] lichen [Dutch] slikken [Armenian] լիզել [Catalan] liquen [Spanish] liquen [Irish] liach [Galician] lique [Irish] léicean [Manx] lheegh [Scottish Gaelic] liogh,*leyǵʰ-,,11,1647
[Spanish] autostop [Tok Pisin] stap [Sranan Tongo] tapu [German] tippen [Hungarian] stoppol [Sicilian] tumpuluni [Sicilian] tumpulata [Sicilian] tumpuliari [Interlingua] stoppar [Tok Pisin] stapim [Moroccan Arabic] سطوب,*(s)tewp-,,11,1648
[Spanish] autostop [Tok Pisin] stap [Sranan Tongo] tapu [Hungarian] stoppol [Interlingua] stoppar [Tok Pisin] stapim [Moroccan Arabic] سطوب,*(s)teub-,,7,1649
[Translingual] uro- [English] uro- [Translingual] Urochordata [Translingual] Anura [Greek] ουρά [Translingual] Urodela [English] anuran [Translingual] Uromastyx [Tocharian B] arṣāklo [Irish] anúra [Translingual] Urocyon [Translingual] Uramya,*h₁ers-,,12,1650
[Louisiana Creole French] marché [Ido] marchar [Haitian Creole] mache [Norwegian Bokmål] marsjere [Polish] maszerować [Hungarian] masíroz [Cebuano] martsa,*merg-,,7,1651
[Swedish] yr [Icelandic] ær [Danish] ør [Norwegian Nynorsk] ør [Faroese] ørur,*h₂weH-,,5,1652
[English] uvea [Apalaí] uwa [Armenian] այգի [Albanian] vadhë,*h₁eyHw-,,4,1653
[Irish] ann [Scottish Gaelic] ann [English] Inver- [Italian] indigeno [Romanian] indigen,*h₁n̥dó,,5,1654
[Middle English] hosp [French] houspiller,*kūd-,,2,1655
[Romansch] hosp [Galician] hospedar [Portuguese] hospedar [Spanish] hospedar [Italian] ospitare [Catalan] hoste [Gallo] ostèu [Romanian] ospăta [Romanian] prospăta [Aromanian] oaspi [Aromanian] uspitedzu [Aromanian] uspitedz [Aromanian] ospi [Aragonese] huesped,*gʰóstipotis,,14,1656
[English] rheum [English] rheumatology [Galician] reuma [Italian] reuma [French] rhume [Irish] sruth [Scottish Gaelic] sruth [Greek] ρεύμα [Manx] stroo [Irish] réamaiteolaíocht [Irish] réama [Irish] réamatacht [Irish] réamaiteolaí [Silesian] ryma [Finnish] striimata [Northern Tepehuan] riuúma,*srew-,,16,1657
[Westrobothnian] hu [Danish] hud [Norwegian Bokmål] hud [Norwegian Nynorsk] hud [Swedish] hud [Old Swedish] huþ [Faroese] húð [Icelandic] húð,*kuHtis,,8,1658
[Russian] верблюд [Czech] velbloud [Polish] wielbłąd [Slovene] velblod [Serbo-Croatian] velblud [Old Ruthenian] верблюдъ [Old East Slavic] вельблудъ,*l̥bʰont-,,7,1659
[German] Seide [Aragonese] seda [Asturian] seda [Galician] seda [Portuguese] seda [Romansch] seda [Antillean Creole] swa [English] greige [Dutch] zijde [Taos] sédoną [Irish] síoda [Welsh] sidan [Middle English] sarse [Luxembourgish] Seid [English] searce [English] paduasoy [Yiddish] זײַד [Norman] souaie [Translingual] Setaria,*séh₂ito-,,19,1660
[English] endocrine [Hungarian] endokrin [Norwegian Bokmål] endokrin [Greek] κρίνω [Czech] krize [Norwegian Bokmål] endokrinolog [Norwegian Bokmål] endokrinologi [English] -crine,*krinyéti,,8,1661
[Greek] κλέος [Scottish Gaelic] cliù [Irish] clú,*ḱléwos,,3,1662
[Cebuano] Kyle [Irish] caol [Scottish Gaelic] caol [English] kyle [Manx] keyl,*koyHlo-,,5,1663
[English] stipule [English] stubble [English] etiolated [Spanish] rastrojo [Catalan] estípula [Portuguese] estípula [Spanish] estípula [Italian] stoppia [Portuguese] restolho [German] Stoppel [Dutch] stoppel [Cebuano] estebedor [Galician] restrollo,*steyp-,,13,1664
[English] luminescent [English] luminescence [English] luminiferous [English] phillumeny [Italian] luminaria [Kazakh] люмен [Russian] люмен [Norwegian Bokmål] luminescens [Norwegian Nynorsk] luminescens [English] phillumenism [Sardinian] lumene,*léwksmn̥,,11,1665
[Irish] ansa [Galician] asa [Spanish] asa [Galician] aza [Catalan] nansa,*h₂emseh₂,,5,1666
[Tok Pisin] ansa [Indonesian] anta [Scottish Gaelic] aodann [Icelandic] and- [Norwegian Nynorsk] and- [Manx] eddin [Irish] éadan [Assamese] আঁত [Early Assamese] আন্ত,*h₂ent-,,9,1667
[Norwegian Nynorsk] huvud [Swedish] huvud [Esperanto] ĉef- [Esperanto] ĉef- [Icelandic] höfuð [Faroese] høvd [Crimean Tatar] şeflik [Serbo-Croatian] šef [Norwegian Nynorsk] haud [Macedonian] шеф [Serbo-Croatian] шеф [Faroese] høvur [Danish] hoved [Norwegian Nynorsk] hovud [Hebrew] שף [Indonesian] sep [Norwegian Bokmål] sjef [Norwegian Nynorsk] sjef [Ido] chefo [French] caboter [Norwegian Bokmål] hoved- [Haitian Creole] chèf [Volapük] cifal [Volapük] cifal [Scanian] huweð [Cebuano] hepe [Tagalog] hepe [Jamtish] huvu [Norwegian Nynorsk] huvu [Norwegian Nynorsk] hòvúd [Norwegian Nynorsk] hugud,*kauput-,,31,1668
[Old French] bote [Italian] boccia [Italian] bozza [French] botte [Slovene] buča [Romanian] putină [Corsican] buttiglia [Serbo-Croatian] bucanj [Dalmatian] botičél [Maltese] bittija,*bʰeHw-,,10,1669
[Czech] ucho [Papiamentu] orea [Guinea-Bissau Creole] oredja [Kabuverdianu] oredja [Kabuverdianu] orédja,*h₂ous-,,5,1670
[German] dealen [German] dealen [Serbo-Croatian] dil [Serbo-Croatian] dil [Icelandic] díll [Icelandic] díll,*dʰail-,,6,1671
[English] orzo [Italian] orzo [Romanian] orz [French] orge [Spanish] horchata [English] hordeaceous [Translingual] Hordeum [Catalan] ordi [Italian] orzaiolo [Galician] orxo [Galician] orxo [Romansch] ierdi [Galician] hórreo [Spanish] hórreo [Venetian] órxo [Aromanian] ordzu [English] orgeat [English] orgeat [French] orgeat [Romansch] üerdi [Dalmatian] vuarz [Catalan] orri [Friulian] vuardi [Old Portuguese] orjo [Old Portuguese] orreo [Occitan] òrdi [English] hordatine [Catalan] orxata,*ǵʰr̥sdeyom,,28,1672
[Afrikaans] jok [Icelandic] djóka,*yokos,,2,1673
[English] gable [Danish] gavl,*ǵʰobʰ-lo-,,2,1674
[English] gable [Danish] gavl,*ǵʰebʰ-l-,,2,1675
[Icelandic] kol [Norwegian Bokmål] kol [Norwegian Nynorsk] kol [Swedish] kol [Papiamentu] kolo [Afrikaans] kool [Afrikaans] kool [Danish] kul [Chinese] 高麗菜 [Norwegian Bokmål] kull [English] Colville [Jamtish] kuł,*gʷol-,,12,1676
[Tok Pisin] kol [Papiamentu] kòl [Tok Pisin] kolim [Chinese] call機 [Chinese] 拷機,*gal(o)s-,,5,1677
[Bavarian] scharf [German] scharf [Norwegian Bokmål] skarp [Norwegian Nynorsk] skarp [Swedish] skarp [Icelandic] skarpur [Serbo-Croatian] šarf [Finnish] skarpata [Yiddish] שאַרף [Old Swedish] skarper [Luxembourgish] schaarf [Alemannic German] scharpf,*(s)kerb-,,12,1678
[English] haft [Danish] ægte [Irish] cacht,*kh₂ptós,,3,1679
[Norwegian Bokmål] falle [Norwegian Nynorsk] falle [Faroese] falla [Icelandic] falla [Old Swedish] falla [Swedish] falla [Swedish] falla [Esperanto] fali [Sranan Tongo] fala [Sranan Tongo] fala [Danish] falde [Esperanto] felo [Westrobothnian] fååll,*peh₃lH-,,13,1680
[German] Amme [Icelandic] amma [Faroese] omma [Yiddish] אַם,*amma,,4,1681
[Friulian] lari [Spanish] ladrón [Translingual] Latrodectus [French] larron [Istriot] laro [Catalan] lladró [French] -lâtre [Old Catalan] lairó,*leh₂t-,,8,1682
[French] manque [French] manchot [English] mank [English] mank [Dutch] mank [Dutch] manco [Galician] manco [Italian] manco [Portuguese] manco [Spanish] manco [Dutch] verminken [Danish] manko [Romanian] mânc [French] à la manque [Albanian] mungoj,*mh₂n-ko-,,15,1683
[Swedish] sed [Danish] sæd [Faroese] siður [Icelandic] siður [Old Swedish] siþer [Jamtish] sið,*swedʰ-,,6,1684
[Scots] strack [Scots] strack,*streg-,,2,1685
[English] zoster [Latin] zoster [Translingual] Zostera,*yeh₃s-,,3,1686
[Old Spanish] puta [Portuguese] puta [Spanish] puta [English] putto [Esperanto] putino [Aromanian] putsãn,*puHtós,,6,1687
[Old Spanish] puta [Portuguese] puta [Spanish] puta [English] putto [Esperanto] putino [Aromanian] putsãn,*putlo,,6,1688
[Serbo-Croatian] aut [French] fdpout,*úd,,2,1689
[Translingual] Lanius excubitor [Italian] lacinia [Translingual] Lanius,*leh₂k-,,3,1690
[Faroese] mis- [Icelandic] mis-,*mitto,,2,1691
[English] gibbous [English] gibbet [Catalan] gep [Spanish] agobiar [French] gibet [Italian] gibboso [Sicilian] jimmu [Spanish] giboso [Romanian] gheb,*geybʰ-,,9,1692
[Tok Pisin] flet [Tok Pisin] flet [Romanian] lat [Galician] lado [Mirandese] lado [Galician] ladrillo [Spanish] ladrillo [Pijin] ples [Tok Pisin] ples [Translingual] Bilateria [Spanish] ladilla [Serbo-Croatian] pladanj [Esperanto] latero [Asturian] llau [English] laterad [Portuguese] ladrilho [Old Spanish] ladriello [Serbo-Croatian] пладањ [Sardinian] ladus [Galician] ladrizo,*pleth₂-,,20,1693
[German] sterben [Afrikaans] sterf [Alemannic German] steerbe [Yiddish] שטאַרבן [Luxembourgish] stierwen [Hunsrik] sterrve [Jersey Dutch] stêrve,*(s)terp-,,7,1694
[Faroese] pitsa [English] tisane [French] tisane [Spanish] pisto [Thai] ปีศาจ [Khmer] បិសាច [Armenian] փշատ [Konkani] पिसो [Prakrit] 𑀧𑀺𑀲𑀸𑀅,*peys-,,9,1695
[Translingual] Lissamphibia [Dalmatian] lois [Spanish] liso [Italian] liscio [English] lissotrichous [English] lissosphincter,*(s)ley-,,6,1696
[Papiamentu] ochenta [Papiamentu] ochenta [Kabuverdianu] oitenta [Greek] ογδόντα,*oktōḱomt,,4,1697
[Papiamentu] setenta [Papiamentu] setenta [Interlingua] septanta,*septm̥̄ḱomt,,3,1698
[Papiamentu] sesenta [Papiamentu] sesenta [Walloon] swessante [Louisiana Creole French] swasant [Kabuverdianu] sasenta,*sweḱsḱomt,,5,1699
[English] cubism [Bulgarian] куб [Kazakh] куб [Russian] куб [Esperanto] kubo [Spanish] cubo [Norwegian Bokmål] kube [Norwegian Nynorsk] kube [Translingual] Cubozoa [Dutch] kubus [Indonesian] kubus [Greek] κύβος [Latin] cubus [Hungarian] kubizmus,*keu(b)-,,14,1700
[Tok Pisin] nek [Sranan Tongo] neki,*knog-,,2,1701
[Louisiana Creole French] tro [Interlingua] troppo [Haitian Creole] twò,*trab-,,3,1702
[Welsh] tro [Faroese] tari [Spanish] torcer [Spanish] terco [Catalan] tòrcer [Cebuano] tursi [Guinea-Bissau Creole] tursi [Thai] ตรรกศาสตร์ [Galician] truel [Thai] ตรรกวิบัติ [Galician] trueiro [Hindi] ताक [Icelandic] þari [Khmer] តក្ក [Louisiana Creole French] tordé [Indonesian] terka [English] queer parade,*terkʷ-,,17,1703
[Irish] linn [Scottish Gaelic] lionn [Irish] líon [Irish] líon [Manx] Lerphoyll [Irish] díle,*leyH-,,6,1704
[Esperanto] feliĉa [Ido] felica [Friulian] feliç [Mirandese] feliç [Sardinian] felighe [Sardinian] felitze,*dʰeh₁-lw-i-k-s,,6,1705
[Esperanto] kredi [Indonesian] kredo [Czech] krédo [Irish] creid [Manx] creid [Scottish Gaelic] creid,*ḱréddʰh₁eti,,6,1706
[English] lede [Scots] leid [Scots] leid [English] leed [English] leed,*h₁léwdʰeyes,,5,1707
[Tok Pisin] moskito [Hungarian] moszkitó,*mūs-,,2,1708
[Faroese] eftir [Icelandic] eftir [Danish] efter [Norwegian Bokmål] efter [Swedish] efter [Norwegian Bokmål] etter [Norwegian Nynorsk] etter [Westrobothnian] ätter [Norwegian Nynorsk] itte,*apotero,,9,1709
[Faroese] eiga [Faroese] eiga [Icelandic] eiga [Icelandic] eiga [Norwegian Nynorsk] eiga [Danish] eje [Danish] eje [Swedish] äga [Swedish] äga [Westrobothnian] åg [Norwegian Bokmål] eie [Norwegian Nynorsk] eige [Norwegian Nynorsk] eige [Old Danish] egha [Old Swedish] ægha [Old Swedish] ægha [Elfdalian] iegå [Westrobothnian] eig,*h₂eh₂óyḱe,,18,1710
[Faroese] fagur [Icelandic] fagur [Danish] fager [Norwegian Bokmål] fager [Norwegian Nynorsk] fager [Swedish] fager [Westrobothnian] fager [Old Swedish] fagher,*ph₂ḱ-,,8,1711
[Faroese] heilsa [Icelandic] heilsa [German] heil [German] Heil [Danish] hilse [Norwegian Bokmål] hilse [Swedish] hälsa [Tok Pisin] holi [German] Heilbronn [Danish] helsen [Norwegian Bokmål] helse [Norwegian Nynorsk] helse [Norwegian Nynorsk] helsa [Old Swedish] helsa,*kóh₂ilus,,14,1712
[Icelandic] hófur [Danish] hov [Norwegian Bokmål] hov [Norwegian Nynorsk] hov [Swedish] hov [Faroese] hógvur [Faroese] hóvur [Norwegian Nynorsk] hóv [West Frisian] hôf [Dutch] De Houw [Saterland Frisian] Hoaf,*ḱoph₂ós,,11,1713
[Faroese] kenna [Icelandic] kenna [Swedish] känna [Danish] kende [Hindi] जानना [Norwegian Bokmål] kjenne [Norwegian Nynorsk] kjenna [Norwegian Bokmål] kjendis [Gujarati] જાણવું [Gujarati] જાણવું [Old Swedish] kænna [Old Gujarati] जाणिवउं [Old Gujarati] जाणिवउं [Caló] chanar [Welsh] adnabod [Marathi] जाणणे [Marathi] जाणणे [Konkani] जाण्चे [Konkani] जाण्चे [Westrobothnian] kjän [Prakrit] 𑀚𑀸𑀡𑀇 [Ashokan Prakrit] 𑀚𑀸𑀦𑀢𑀺 [Phalura] ǰhóona [Sindhi] ڄاڻڻ [Oriya] ଜାଣିବା [Magahi] 𑂔𑂰𑂢𑂪 [Norwegian Bokmål] A-kjendis [Norwegian Bokmål] a-kjendis [Romani] ʒanel [Romani] ʒanel [Dhivehi] ދަންނަނީ,*ǵn̥néh₃ti,,31,1714
[Old Norse] kirkja [Greek] κύριος [Swedish] kyrka [Norwegian Nynorsk] Herren [Old High German] kirihha [Norwegian Nynorsk] kyrkja [Esperanto] kirko [Norwegian Nynorsk] kyrkje [English] kyriarchy [English] kyriology [Telugu] శివరామపురం [Telugu] శివగిరి [Translingual] Sivatherium [Northern Sami] girku [English] Shiv [Greek] κυρίως [Indonesian] Syiwa [Pite Sami] girrko,*ḱewh₁-,,18,1715
[Catalan] trava [Galician] trabar [Spanish] traba [French] entraver [Italian] trabiccolo [Occitan] trau [Portuguese] trabuco [Dalmatian] trua [French] Artois [English] Treffgarne,*treb-,,10,1716
[Icelandic] lítill [Norwegian Bokmål] liten [Faroese] lítil [Danish] liden [Elfdalian] litn,*minu-,,5,1717
[Papiamentu] lesa [Afrikaans] lees [Jersey Dutch] lêze,*les-,,3,1718
[Welsh] mynd [Catalan] manto [Bulgarian] мантия [Russian] мантия [Irish] matal,*menH-,,5,1719
[Icelandic] rödd [Faroese] rødd,*res-,,2,1720
[Bislama] bras [Tok Pisin] bras [Indonesian] berus [Japanese] 爪ブラシ,*bʰrusgo-,,4,1721
[English] arginine [Indonesian] Arjuna [English] argyr- [Translingual] Argyrosaurus [Gullah] aa'gymu't [English] arjuna [Translingual] Terminalia arjuna [Pali] ajjuna [Tokelauan] ālio [English] argyraspid,*h₂erǵ-,,10,1722
[Icelandic] túlkur [Danish] tolk [Dutch] tolk [Norwegian Bokmål] tolk [Norwegian Nynorsk] tolk [Swedish] tolk [Faroese] tulkur [Finnish] tolkku [English] collogue [Livonian] tulk [Middle English] tulk [Thai] ตรรกศาสตร์ [Thai] ตรรกวิบัติ [Hindi] ताक [Khmer] តក្ក [Indonesian] terka,*telkʷ-,,16,1723
[Icelandic] sjúga [Norwegian Nynorsk] suga [Swedish] suga [Faroese] súgva [Danish] suge [Norwegian Bokmål] suge [Old Swedish] sugha [Westrobothnian] sūg,*sug-,,8,1724
[Icelandic] snúa [Danish] sno [Norwegian Bokmål] sno [Norwegian Bokmål] snu [Norwegian Nynorsk] snu,*sneh₁-,,5,1725
[German] Holz [Luxembourgish] Holz [Mòcheno] holz [Yiddish] האָלץ [Cimbrian] hòltz,*kl̥H-do-,,5,1726
[English] Thames [Polish] Tamiza [Danish] Themsen [Middle English] Temese [Catalan] Tàmesi,*témHos,,5,1727
[Esperanto] frua [Afrikaans] vroeg [Swedish] frukost,*proh₁-,,3,1728
[Esperanto] fali [Sranan Tongo] fala,*(s)pōl-,,2,1729
[English] gymno- [Greek] γυμνός [English] gymnure [Spanish] gimnospermo [Translingual] Gymnogyps [Translingual] Gymnophaps [Translingual] Gymnorhina [Translingual] Gymnorhinus [Translingual] Gymnobelideus [Translingual] Gymnocitta [Translingual] Gymnocladus,*nogʷmós,,11,1730
[Ido] vespero [Scottish Gaelic] feasgar [Manx] fastyr [Irish] coinfheascar [Slavomolisano] večara,*wekʷsperos,,5,1731
[English] telluric [English] telestial [English] tellural,*telnos ~ *telnes-,,3,1732
[Esperanto] frapi [Haitian Creole] frape [Macedonian] фрапира,*(s)krep-,,3,1733
[Esperanto] ĝardeno [Asturian] xardín [Galician] xardín [Friulian] zardìn [Sicilian] jardinu,*gʰordʰos,,5,1734
[Tok Pisin] ain [Irish] iarann [Scottish Gaelic] iarann [Armenian] արյուն [Tok Pisin] ainim [Manx] yiarn [Welsh] haearn [Afrikaans] yster [Danish] erantis [Bislama] aean [Jersey Dutch] äize,*h₁ésh₂r̥,,11,1735
[French] Meuse [Catalan] Mosa [Italian] Mosa [Translingual] Mosasaurus,*mā-,,4,1736
[Danish] slå [Danish] slå [Norwegian Bokmål] slå [Norwegian Nynorsk] slå [Swedish] slå [Swedish] slå [German] schlagen [Icelandic] slá [Icelandic] slá [Old Swedish] sla [Irish] slige [Scottish Gaelic] slige [Faroese] sláa [Manx] shlig [Middle High German] slahen [Westrobothnian] ṣlô [Alemannic German] schlaa [Central Franconian] schloon [Yiddish] שלאָגן,*slak-,,19,1737
[Faroese] øks [Norwegian Bokmål] øks [Norwegian Nynorsk] øks [Icelandic] öxi [Swedish] yxa [Greek] αξίνα [Danish] økse [Greek] ξινάρι [Scanian] yğsa,*h₂egʷs-ih₂-,,9,1738
[Hungarian] albán [Greek] Αλβανία [English] Albon,*h₂rh₃,,3,1739
[Galician] goto [English] goitre [French] goitre [English] guttural [Italian] gozzo [Italian] gutturale [English] gutturize [Old French] goitron,*gut-,,8,1740
[Haitian Creole] fon [Mongolian] фронт,*bʰron-t-,,2,1741
[English] Xerxes [Finnish] Kserkses [Serbo-Croatian] Kserks [Russian] Ксеркс [Serbo-Croatian] Ксеркс [Ukrainian] Ксеркс [English] Ahasuerus [Greek] αρσενικό [Italian] Serse,*wérsēn,,9,1742
[Indonesian] lagu [Telugu] లఘుకోణము [Irish] laghad [Shina] لوکو [Marathi] हळू [Old Marathi] 𑘮𑘯𑘳 [Phalura] lhoóku [Urak Lawoi'] ลากฺู,*h₁léngʰus,,8,1743
[English] frosk [Norwegian Bokmål] frosk [Norwegian Nynorsk] frosk [Faroese] froskur [Icelandic] froskur,*prew-,,5,1744
[Galician] reste [Danish] rør [Faroese] rør [Norwegian Bokmål] rør [Norwegian Nynorsk] rør [Icelandic] rör [Swedish] rör [Norwegian Nynorsk] røyr [Icelandic] reyr [English] restiform [Galician] restra,*resg-,,11,1745
[English] puri [Javanese] ꦥꦸꦫꦶ,*tpelH-,,2,1746
[Macedonian] магаре [Serbo-Croatian] магаре [Serbo-Croatian] magarac,*márkos,,3,1747
[Latin] cama [English] chamaephyte [Greek] χάμω [Spanish] cantueso [Translingual] Chamaecyparis [Galician] cantroxo,*ǵʰm̥meh₂y,,6,1748
[Danish] strøm [Norwegian Bokmål] strøm [Icelandic] straumur [Swedish] ström [Norwegian Nynorsk] straum [Faroese] streymur [Finnish] striimata,*srowmos,,7,1749
[German] Rapunzel [English] kohlrabi [Chavacano] rabo [Papiamentu] rabu,*rap-,,4,1750
[Aromanian] ete [Friulian] ete [Asturian] edá [Greek] αεί [Friulian] etât [Aromanian] etã [Translingual] Aiptasia [Spanish] etario [Greek] αίνος,*h₂ey-,,9,1751
[Norwegian Bokmål] speil [Old Norse] spá [Spanish] espía [Icelandic] spegill [Finnish] povata [Norwegian Nynorsk] spegel [Swedish] spegel [Armenian] սպաս [Sicilian] spiari [Westrobothnian] spägjel [Shina] पश्योनॊ [Ashokan Prakrit] 𑀧𑀲𑀢𑀺 [Prakrit] 𑀧𑀸𑀲𑀇 [Phalura] páaša,*speḱ-,,14,1752
[Danish] rede [Norwegian Bokmål] rede [Swedish] rede [Norwegian Bokmål] reir [Norwegian Nynorsk] reir [Faroese] reiður [Norwegian Nynorsk] reid [Icelandic] hreiður,*(s)kreyt-,,8,1753
[Romanian] lat [Galician] lado [Mirandese] lado [Translingual] Bilateria [Spanish] ladilla [Esperanto] latero [Asturian] llau [English] laterad [Portuguese] ladrilho [French] -fère [Sardinian] ladus [Galician] ladrizo,*tl̥h₂tós,,12,1754
[Translingual] Malacostraca [Greek] μαλάκας [English] malaco- [French] malaco- [Italian] malaco- [English] malacosteon [Greek] μαλακός [Greek] μαλάκα [Greek] μαλακία [Serbo-Croatian] малаксати [Serbo-Croatian] malaksati [Translingual] Malacozoa [Greek] μαλακίζομαι [Serbo-Croatian] смалаксати [Serbo-Croatian] smalaksati,*ml̥h₂ekos,,15,1755
[Serbo-Croatian] ep [English] epos [Danish] epos [Dutch] epos [Italian] epos [Polish] epos [English] epeolatry [Kazakh] эпос [Bulgarian] епос,*wékʷos,,9,1756
[Icelandic] klukka [Tok Pisin] kilok [Maori] karaka,*klek-,,3,1757
[English] soredium [English] sorosilicate [English] sorus [Greek] σωρός [English] sorosis [Portuguese] soro [Spanish] soro [Dutch] sorosilicaat,*tuoh₂-ro-,,8,1758
[Galician] unión [Spanish] unión [Catalan] unió [Italian] unione [Middle English] unien [Portuguese] união [Romanian] uniune [Middle French] oingnon [Walloon] agnon [Norman] ouagniaon [Norman] euni [Old French] oingnun,*wósHr̥-,,12,1759
[Spanish] falta [Spanish] fallecer [Spanish] fallar [Italian] fallare [Spanish] fallido [Norman] faller [Dutch] feil [Portuguese] falhar [Galician] falecer [Portuguese] falecer [Catalan] fallir [Spanish] fallir,*(s)gʷʰh₂el-,,12,1760
[Catalan] negar [English] nectar [French] nectar [Latin] nectar [Italian] nettare [German] Nektar [Serbo-Croatian] нектар [Danish] nektar [Norwegian Bokmål] nektar [Norwegian Nynorsk] nektar [Serbo-Croatian] nektar [Spanish] anegar [Galician] néctar [Portuguese] néctar [Spanish] néctar [Norman] n'yer [Serbo-Croatian] ђунах [Serbo-Croatian] đunah [Turkmen] günä [Uzbek] gunoh [Greek] νέκταρ [Kazakh] кінә [Kazakh] күнә [Dungan] гўнахар [Sardinian] neghe [Sardinian] neche,*neḱ-,,26,1761
[Kabuverdianu] ribera [Volapük] ror,*rey-,,2,1762
[English] esparto [Galician] esparto [Spanish] esparto [Italian] sparto [Latin] spartum [Catalan] espart,*sper-to,,6,1763
[Indonesian] eco [Jamaican Creole] aks [Nigerian Pidgin] aks [Tok Pisin] askim [Volapük] säk [Kannada] ಇಚ್ಛಿಸು [Varli] ઇચ્છા [Sylheti] ꠁꠌ꠆ꠍꠣ [Vaghri] ઈંછા [Tamil] இச்சை,*h₂eys-,,10,1764
[Esperanto] lino [Norwegian Bokmål] lin [Norwegian Nynorsk] lin [Asturian] llinu,*līnom,,4,1765
[Indonesian] pati [Ottoman Turkish] بت [Persian] بد [Czech] potence [Telugu] పతిభక్తి [Indonesian] patih [Indonesian] patih [Telugu] పతింవర [Ido] posedar [Khmer] ប្ដី [Assamese] পৈ [Turkish] beddua,*pótis,,12,1766
[Catalan] rompre [Norman] rompre [Spanish] romper [Esperanto] rompi [Esperanto] rompi,*Hrunépti,,5,1767
[Chavacano] alambre [Brahui] اهین,*áyos,,2,1768
[Bourguignon] queri [English] enquire [Leonese] querere [Tok Pisin] kwesten [Cebuano] kwestiyon [Sardinian] cherere,*kʷeh₂-,,6,1769
[Spanish] hombro [Galician] ombro [Ladino] ombro [Ladino] ombro [Old Spanish] ombro [Portuguese] ombro [Galician] úmero [Portuguese] úmero [Kabuverdianu] onbru,*h₃émsos,,9,1770
[Spanish] código [Italian] orno [Armenian] հացի [Dalmatian] uarno [Romanian] urm,*Heh₃s-,,5,1771
[English] ludology [English] ludomania [Spanish] ludir [English] ludo- [Polish] ludyczny,*leyd-,,5,1772
[Icelandic] ari [English] erne [English] erne [Translingual] Ornithischia [Norwegian Nynorsk] ornitolog [Scottish Gaelic] iolair [Romanian] ornitorinc [English] ornis [Irish] iolar [Ido] ornitorinko [Manx] urley [Translingual] Smithornis [Translingual] Sayornis [Translingual] Snowornis [English] Ironside [Greek] όρνιο [Translingual] -ornis [Translingual] Ornithurae [Translingual] Ornithopoda [Translingual] Ornithosuchus [Translingual] Ornithomimus [English] Earnshaw [Translingual] Bullockornis [Translingual] Gastornis [Translingual] Ornithodira [Greek] όρνιθα [English] Yarwood [Hebrew] אורניתולוגיה [English] Herridge [English] Arnall [Romanian] Orlești,*h₃érō,,31,1773
[Translingual] Rissa [Tok Pisin] raitim,*wrey-,,2,1774
[English] fulmar [Danish] ful [Norwegian Bokmål] ful [Norwegian Nynorsk] ful [Swedish] ful [Afrikaans] vuil [Icelandic] fúll [Translingual] Fulmarus [Jersey Dutch] väul,*pū-,,9,1775
[Icelandic] forn [Norwegian Nynorsk] forn [Old Swedish] forn [Swedish] forn [Faroese] fornur,*perHm-,,5,1776
[English] stele [English] stele [Indonesian] stele [Norwegian Bokmål] stele [Norwegian Nynorsk] stele [English] stela [Polish] stela [Galician] estela [English] stelography [German] Stele,*stl̥-neh₂,,10,1777
[English] stele [English] stele [Indonesian] stele [Norwegian Bokmål] stele [Norwegian Nynorsk] stele [English] stela [Polish] stela [Galician] estela [English] stelography [German] Stele,*sth₂-sleh₂,,10,1778
[Icelandic] hljóð [Scots] luid [Faroese] ljóð [Swedish] ljud [Danish] lyd [Norwegian Bokmål] lyd [Norwegian Nynorsk] lyd [Westrobothnian] låt [English] lidden [Norwegian Nynorsk] ljod [Old Danish] liud,*ḱlew-to-,,11,1779
[Faroese] ævi [Icelandic] ævi [Norwegian Nynorsk] æve,*h₂oyus,,3,1780
[Icelandic] gumi [Irish] duine [Middle Irish] duine [Scottish Gaelic] duine [Manx] dooinney [Sranan Tongo] gruma,*dʰǵʰm̥mō,,6,1781
[Icelandic] karfa [German] Schilf [French] corbeille [German] Bienenkorb [Italian] corba [Esperanto] korbo [French] scirpe [Italian] scirpo [Translingual] Scirpus [Old French] escharpe [Luxembourgish] Kuerf [Polish] kroba,*(s)kerbʰ-,,12,1782
[Swedish] hetta [Faroese] heita [Faroese] heita [Icelandic] heita [Norwegian Nynorsk] heita [Norwegian Nynorsk] heita [Norwegian Bokmål] hete [Old Swedish] heta [Swedish] heta [Icelandic] heit [Westrobothnian] heit [Faroese] eita [English] heiti [Danish] hedde [Norwegian Nynorsk] heite,*key(w)-,,15,1783
[Faroese] ermi [Icelandic] ermi [Swedish] ärm [Faroese] erma [Norwegian Bokmål] erme [Norwegian Nynorsk] erme [Danish] ærme,*h₂erm-i(e)h₂-,,7,1784
[Icelandic] elja [Icelandic] elja,*al-,,2,1785
[Irish] fliuch [Scottish Gaelic] fliuch [Cebuano] liha [Spanish] lija [Galician] lixo [Portuguese] lixo [Italian] lessare [Manx] fliugh [Russian] лакрица [Czech] lékořice [Friulian] lessâ [Spanish] elijar [Old Czech] lekořicě [Translingual] (l),*wleykʷ-,,14,1786
[Irish] bodhar [Scottish Gaelic] bodhar [Manx] bouyr [Konkani] भेड्डो [Marathi] बहिरा [Braj] बहिरौ [Bengali] বয়রা,*bʰodʰHrós,,7,1787
[Aromanian] gros [Catalan] gros [Dutch] gros [French] gros [Guinea-Bissau Creole] gros [Norman] gros [Old French] gros [Romanian] gros [Hungarian] garas [Portuguese] grosso [German] Gros [Friulian] grues [Galician] groso [Sicilian] rossu [Czech] groš [Serbo-Croatian] groš [Catalan] gruix [Asturian] gruesu [Dalmatian] gruas [Portuguese] grossura [Yiddish] גראָשן [Hijazi Arabic] قرش [Romanian] groștei [Occitan] gròs [Spanish] grosísimo [Romanian] îngroșa [Kabuverdianu] grós [Piedmontese] gròss [Aromanian] gãros [Aromanian] grosu [Swedish] grosshandel,*gʷres-,,31,1788
[Tagalog] tama [Indonesian] utama [Malay] utama,*udtm̥mós,,3,1789
[Greek] ή [Bhojpuri] भा [Konkani] वा [Kannada] ವಾ [Bhojpuri] 𑂦𑂰,*-wē,,5,1790
[Indonesian] eka- [Indonesian] eka,*óykos,,2,1791
[Serbo-Croatian] бехар [Serbo-Croatian] behar [Turkish] bahar [Crimean Tatar] baar [Irish] earrach [Scottish Gaelic] earrach [Gulf Arabic] بهار [Persian] بهار [South Levantine Arabic] بهار [Uzbek] bahor [Turkish] Bahar [Aromanian] primuvearã [Aromanian] prumuvearã [Manx] arragh [Aromanian] prãmviare,*wósr̥,,15,1792
[Translingual] Metatheria [English] metachronism [Greek] με [Kazakh] метаморфизм,*meth₂,,4,1793
[Indonesian] bahar [Romani] pharo [Hindi] भारा [Sinhalese] බර [Gujarati] ભારે [Hindi] भार [Punjabi] ਭਾਰਾ [Phalura] bháaru [Oriya] ଭାର [Oriya] ଭାରି [Tagalog] bahala,*bʰorós,,11,1794
[English] harrow [English] herry,*koryos,,2,1795
[Tagalog] lodi [Spanish] caleidoscopio [English] staminode [Spanish] -oide [Classical Syriac] ܐܕܫܐ [English] phoneidoscope [Irish] -óideach [Polish] -ida [French] -oïde [Translingual] Taxodium [Thai] ไอดอล [Chinese] 愛豆 [Translingual] Lygodium [Polish] idylla [Chinese] 愛抖露 [Chinese] 愛抖露 [English] monoeidic,*wéydos,,17,1796
[Irish] inis [Manx] innis [Scottish Gaelic] innis [Manx] insh,*en-,,4,1797
[Walloon] septante [Old French] setante [Dalmatian] septuanta,*septḿ̥dḱomt,,3,1798
[English] siphon [Romanian] sifon [German] Siphon,*twi-,,3,1799
[Galician] rama [English] rammel [Romagnol] râm [English] ramigerous [English] ramiflorous [English] ramage [Old French] ramel [Old Occitan] ramel [English] romal [French] ramifier [English] ramoon-tree [Venetian] ràma,*wréh₂dmos,,12,1800
[English] Dagda [Middle Irish] Dagda,*dʰagʰo-,,2,1801
[English] manas [Pali] manas [Hindi] मन [Thai] มน [Assamese] মন [Hindi] मनोकामना [Magahi] 𑂧𑂢,*ménos,,7,1802
[English] Kurd [French] Kurde [French] harde [Middle English] herde [English] Heard [English] Hardwick [English] Hardwicke,*kerdʰ-,,7,1803
[French] hache [Middle French] hache [Norman] hache [Sicilian] accetta [Portuguese] acha,*(s)kop-,,5,1804
[English] posology [French] coter [Dutch] posologie [Greek] πόσος [Bengali] কয়,*kʷoti,,5,1805
[Old High German] liska [French] arête [Italian] resta [Translingual] oreas [Greek] όρος [French] laîche [Thai] ฤ [English] arris [Italian] orogenia [Spanish] orogenia [English] oro- [French] oro- [Romanian] urca [Translingual] Oreotrochilus [Translingual] Oreornis [Translingual] Oreoica [Translingual] Oreostruthus [Translingual] Oreothraupis [Romanian] aburca [Spanish] orografía [Translingual] Oreamnos [Catalan] aresta [Galician] aresta [Portuguese] aresta [Translingual] Aristida [Armenian] հառնել [Greek] έριδα [Greek] έρις [Greek] ορεινός [French] oréotrague [Kazakh] орогенез,*h₃er-,,31,1806
[Icelandic] vega [Norwegian Nynorsk] vega [Danish] veje [Danish] veje [Swedish] väga [Norwegian Bokmål] vege [Norwegian Bokmål] veie [Old Swedish] vægha,*wéǵʰe-,,8,1807
[French] mousse [Italian] mutilo [Italian] mozzo [Portuguese] mocho [Spanish] mocho [English] mutilous [Spanish] mútilo,*mut,,7,1808
[English] fash [Scots] fash [Italian] fasto [Spanish] fasto,*bʰérstus,,4,1809
[Irish] cion [Irish] cion [Irish] cion [Kazakh] шен [Italian] tomolo [Oriya] ଚିତା,*kʷey-,,6,1810
[Catalan] coll [Galician] colado [Galician] colado [French] Colmar [Romanian] scula [Spanish] collado,*kolHnís,,6,1811
[Irish] coll [Scottish Gaelic] coll [Scottish Gaelic] coll [Norwegian Bokmål] hassel [Norwegian Nynorsk] hassel [Manx] coull [English] Hazelrigg,*koselos,,7,1812
[Afrikaans] wiel [Dutch] wiel [Papiamentu] wil [Tok Pisin] wil [Italian] poplite [Spanish] poplíteo [Dutch] Wieldrecht,*kʷekʷlóm,,7,1813
[Dutch] kaars [Indonesian] kersen [Afrikaans] kers [Afrikaans] kers [Dutch] kers [Dutch] kers [German] Gangrän [Afrikaans] kersie [West Flemish] keise,*gras-,,9,1814
[Tok Pisin] kok [Sranan Tongo] kaka,*geugh-,,2,1815
[Afrikaans] diep [Greek] βυθός [Dutch] doks [Dutch] Dagobert Duck [German] Dagobert Duck,*dʰewb-,,5,1816
[Tok Pisin] provins [Esperanto] prava [Afrikaans] provinsie,*prōw-,,3,1817
[Indonesian] teja [Malay] teja [Urdu] تیج,"*(s)teyg-
",,3,1818
[Scottish Gaelic] lach [Irish] lacha [Manx] laagh,*lek-,,3,1819
[English] cladistics [Translingual] Cladocera [Greek] κλαρί [Czech] klad [Greek] κλαδί [English] cladus [English] acanthocladous [Italian] clado [English] polycladous [Finnish] kladi,*kl̥h₂dos,,10,1820
[English] coenocyte [Greek] κοινόν [Greek] κοινός [English] coen- [Translingual] Coenonympha [English] cenesthopathy,*ḱomyós,,6,1821
[Italian] vello [Italian] veglio [Catalan] vell [Spanish] vellón [Catalan] velló [Rajasthani] वेलू [Galician] vélaro,*h₂welh₁-,,7,1822
[Afrikaans] klomp [English] clomp [Russian] клумба [Macedonian] кломпа,*glembʰ-,,4,1823
[Galician] calvo [Italian] calvo [Portuguese] calvo [Spanish] calvo [French] chauve [Asturian] calvu [Catalan] calb [Dutch] Kelmond [Dutch] Colmont,*kl̥H-,,9,1824
[Greek] σπόρος [Portuguese] esporo,*spor-,,2,1825
[Italian] Tevere [Dutch] Tiber [Westrobothnian] tiden [Armenian] թան [Middle Armenian] թան [English] Tamar [English] thone [Catalan] tenca [Occitan] tenca [Portuguese] tenca [Spanish] tenca [Italian] Tammaro [Spanish] Tíber [Latin] tecolithos [Armenian] թաթավել,*teh₂-,,15,1826
[Greek] νεκρός [English] necropolis [English] necronym [Esperanto] nekrofilio,*neḱ-rós,,4,1827
[Greek] δεξιός [English] Deccan [Dhivehi] ދެކުނު,*deḱs-,,3,1828
[Greek] τρέμω [Greek] τρόμος,*trem-,,2,1829
[Greek] τρέμω [Greek] τρελός [Translingual] Treron,*tres-,,3,1830
[Greek] τριάκοντα [Walloon] trinte [Greek] τριάντα [English] trigintennial [Gujarati] ત્રીસ [Kashmiri] ترٕٛہ [Dhivehi] ތިރީސް,*tridḱómt,,7,1831
[Greek] θέρος [English] isothere [English] isotherombrose,*gʷʰéros,,3,1832
[Greek] βαθύς [Georgian] ბათუმი [Polish] bato- [Irish] iseabat [Polish] batial [English] bathukolpic [Polish] baty- [Kazakh] батолит,*gʷeh₂dʰ-,,8,1833
[Greek] δέω [Greek] δένω,*deh₁-,,2,1834
[Nepali] आराम [Uyghur] ئارام [Thai] อาราม [Hindi] रमना [Marathi] रमणे [Phalura] aaraám,*h₁rem-,,6,1835
[Greek] δήμος [English] demo- [Catalan] demo- [English] deme [French] démo- [Norwegian Bokmål] demografi [Norwegian Nynorsk] demografi [Galician] demoscopia [Spanish] demoscopia [English] demosponge [Danish] demograf [Czech] démos [Kazakh] демография [German] Demoskopie [Catalan] demoscòpia,*deh₂mos,,15,1836
[Manx] quill [Esperanto] kulo [Scottish Gaelic] cùil [Scottish Gaelic] cuileag [Irish] cúil [Irish] cuil [English] culiciform [Translingual] culicifacies [Translingual] Culex [Catalan] cúlex,*ḱuH-ló-,,10,1837
[English] pollam [English] plerion,*pleh₁-,,2,1838
[English] cenotaph [Greek] κενός [Spanish] cenotafio [English] kenophobia [Armenian] սին,*ḱen-,,5,1839
[Esperanto] oligo- [Translingual] Oligochaeta [Greek] λίγος [Spanish] oliguria [Irish] olagaplacht [Greek] ολίγος [German] Oligozän,*h₃ligos,,7,1840
[Translingual] Stentor [English] Stentor [Latin] Stentor [English] stentor [French] stentor [Italian] Stentore,*(s)tenh₂- ,,6,1841
[English] -esque [Danish] -sk [Norwegian Bokmål] -sk [Norwegian Nynorsk] -sk [Swedish] -sk [Norwegian Bokmål] -isk [Swedish] -isk [Norwegian Bokmål] abelsk [Norwegian Bokmål] abessinsk [Norwegian Bokmål] absolutistisk [Norwegian Bokmål] abkhasisk [Norwegian Bokmål] apostolisk [Faroese] -iskur [Faroese] -skur [Romanian] -escu [Norwegian Bokmål] vegansk [Norwegian Bokmål] aboriginsk [Norwegian Bokmål] abyssinsk [Norwegian Bokmål] abyssinisk [Norwegian Bokmål] absurdistisk [Norwegian Bokmål] abderittisk [Norwegian Bokmål] ablativisk [Norwegian Bokmål] abolisjonistisk,*-iskos,,23,1842
[Asturian] pulmón [Galician] pulmón [Haitian Creole] poumon [Portuguese] pulmão [Middle French] poulmon [Old French] pulmun [English] pulmocutaneous [English] pulmoniferous [English] pulmograde [English] pulmometer [English] pulmotor [Pali] kilomaka,*pléwmō,,12,1843
[Indonesian] jaga [Malay] jaga [Tausug] jaga [Ternate] jaga [Greek] γρήγορος [Tagalog] alaga [Greek] εγείρω,*h₁ger-,,7,1844
[English] pediatrics [English] pedometer [Spanish] pedofilia [Norwegian Bokmål] pedofil [Norwegian Nynorsk] pedofil [Spanish] pediatría [German] Pädophilie [English] pedo- [Dutch] pedo- [Italian] pedo- [Greek] παιδίατρος [Irish] péidiatraic [English] ptilopaedic [Bashkir] педофилия [Kazakh] педофилия [Greek] παιδο- [German] pädo-,*péh₂wids,,17,1845
[Spanish] grácil [Italian] gracile [French] grêle [English] gracilis [Old French] graisle,*kerḱ-,,5,1846
[Megleno-Romanian] frig [English] rhigolene,*sriHgos,,2,1847
[Spanish] semilla [Portuguese] semilha [English] semencine [Aragonese] simient,*séh₁mn̥,,4,1848
[Galician] tordo [Italian] tordo [Portuguese] tordo [Spanish] tordo [Romanian] sturz [Icelandic] þröstur [Italian] stordire [Catalan] tord [Translingual] Turdus [Swedish] trast [Faroese] trøstur [Aromanian] strudz [Aromanian] sturdzu [Norwegian Bokmål] trost [Norwegian Nynorsk] trost,*trosdos,,15,1849
[Spanish] navaja [Norwegian Bokmål] snabel [Norwegian Nynorsk] snabel [Asturian] navaya,*ksnew-,,4,1850
[Indonesian] peri [Turkish] peri [French] péri,*parīkā,,3,1851
[Indonesian] peri [Turkish] peri [French] péri,*h₂eyer-,,3,1852
[Galician] choza [Galician] chozo,*ploh₃w-tó-m,,2,1853
[English] quern [Scottish Gaelic] brà [Yola] querne [Irish] bró,*gʷréh₂wō,,4,1854
[Persian] پسر [Middle Persian] 𐭡𐭥𐭤,*peh₂u-,,2,1855
[Pali] vata [Indonesian] brata [Tamil] வதம்,*werh₁-,,3,1856
[Translingual] -opsida [English] coreopsis [Dutch] coreopsis [Translingual] -opsis [Greek] όψη [Polish] -opsja,*h₃ékʷtis,,6,1857
[Thai] ศาสตร์ [Khmer] សាស្ត្រ [Sanskrit] शिष्य [Indonesian] sastra [Telugu] శాస్త్రము [English] Shastra [Malay] sastera [Tocharian B] śāstär [Balinese] ᬰᬵᬲ᭄ᬢ᭄ᬭ,*ḱeh₁s-,,9,1858
[Indonesian] rasa [Bikol Central] lasa [Tagalog] lasa [Yogad] lasa [Hindi] रस [Nepali] रस [Indonesian] resi [Indonesian] raksi [Indonesian] raksa [Urdu] رس [English] rasam [Burmese] အရသာ [Assamese] ৰহ [Khmer] គន្ធរស [Balinese] ᬭᬵᬲ [Balinese] ᬭᬵᬣ [Tamil] ரசம் [Urak Lawoi'] บราซา [Balinese] ᬭᬲ [Javanese] ꦫꦱ [Oriya] ରସ [Burmese] ရသာ,*Hros-,,22,1859
[English] -cele [Portuguese] -cele [English] aerocele,*kh₂u-l-eh₂,,3,1860
[English] scry [French] écrier [Middle French] escrier [Middle French] escryer,*(s)krey-,,4,1861
[French] Favre [Romanian] făurar [Spanish] orfebre [French] orfèvre [Esperanto] fabriko [Esperanto] forĝi [Dalmatian] favro [English] Faber [French] Lefèvre [English] Faversham [English] Lefevre [English] Fabre [Occitan] faure,*dʰh₂ebʰ-,,13,1862
[English] -clinal [Czech] klima [Translingual] Clivia [Greek] κλίνω [English] clino-,*ḱley-,,5,1863
[Manx] slane [Sranan Tongo] seri [Tok Pisin] salim [Scottish Gaelic] slàn [Irish] slán [Chinese Pidgin English] sellum,*selh₁-,,6,1864
[Galician] torpe [Portuguese] torpe [Spanish] torpe [Spanish] estropear [Italian] trepido [Italian] storpiare [Italian] turpe [Greek] αποτρέπω [Albanian] turp [Venetian] strupiar [Russian] торопить [Sardinian] tzurpu,*trep-,,12,1865
[English] lin [Middle English] linnen,*leyh₂-,,2,1866
[Romanian] lin [Romanian] alina [English] dagesh lene [Sardinian] lenu [English] lenify,*leh₁-,,5,1867
[German] rar [Swedish] rar [Maltese] rari,*h₁r̥h₁rós,,3,1868
[Hindi] सब [Indonesian] serba [Gujarati] સહુ [Punjabi] ਸਭ [Indonesian] seru [Khmer] សព្វ [Kholosi] sāf,*sólh₂wos,,7,1869
[English] sull [English] sullow [Translingual] Holcus [Greek] ελκύω [Greek] έλκω,*selk-,,5,1870
[Irish] geal [Scottish Gaelic] geal [English] Muriel [French] Muriel [Estonian] Merili [Manx] gial,*ǵʰelh₂-,,6,1871
[Finnish] syli [Finnish] syltä,*pat-,,2,1872
[Turkish] kel [Romanian] chel [Serbo-Croatian] ћела [Serbo-Croatian] ćela [Macedonian] ќелав,*gelH-,,5,1873
[Irish] uan [Scottish Gaelic] uan [Manx] eayn [Irish] uain,*pow-ino-,,4,1874
[Afrikaans] mol [Dutch] mol,*molg-,,2,1875
[Afrikaans] mol [Dutch] mol,*(s)melw-,,2,1876
[Tok Pisin] mak [Tok Pisin] mak [Chinese] 嘜頭 [Chinese] 嘜頭 [Korean] 당마크 [Korean] 당마크 [Ladino] marjina,*marǵ-,,7,1877
[English] arithmancy [Irish] ríomh- [Irish] ríomh [Greek] Ἀριθμοί [Greek] Αριθμοί [Polish] arytmo-,*h₂rey-,,6,1878
[Danish] stund [Faroese] stund [Norwegian Bokmål] stund [Norwegian Nynorsk] stund [Swedish] stund [English] stound [Middle English] stound [Scots] stound [Westrobothnian] stånn [Ingrian] tunni,*stut-,,10,1879
[Irish] arg [Irish] argthóir,*h₃erg-,,2,1880
[Irish] talamh [Scottish Gaelic] talamh [Manx] thalloo,*tl̥-mon-,,3,1881
[Irish] grian [Manx] grian [Scottish Gaelic] grian,*gʷʰrenso-,,3,1882
[Sranan Tongo] kiri [English] Kiel [Kriol] kilim [Pijin] kilim [Tok Pisin] kilim [English] belemnite [Translingual] Belemnoidea [Slovak] kýl [Esperanto] obeluso [Tok Pisin] kilman [English] Blaenrhondda [English] Blaengarw,*gʷelH-,,12,1883
[Translingual] aum [Urdu] اوم [Translingual] ૐ [Assamese] ওঁ,*au,,4,1884
[Dutch] tegel [Indonesian] tegel [Translingual] Stegosaurus [Serbo-Croatian] cigla [Urdu] تاج [English] pandy [Bashkir] таж [Chechen] таж [Kazakh] таж [Lezgi] таж [Turkish] taç [Italian] tiella [Luxembourgish] Zill [Serbo-Croatian] таџ [Serbo-Croatian] tadž [Italian] tegghia [Irish] éide [Hindi] तख़्त [English] stegokrotaphic [Galician] tieira [Galician] teiroa [Indonesian] tajuk [Norwegian Nynorsk] tegl [Galician] tioira,*(s)teg-,,24,1885
[Scottish Gaelic] bàs [Scottish Gaelic] bàs [Armenian] կամ [Armenian] կամ [Greek] βαίνω [Armenian] կենալ [Manx] baase [Manx] baase [Irish] bás [Irish] bás [Middle Irish] bás [Armenian] կալ [Greek] αναβαθμίδα [Georgian] კალო,*gʷeh₂-,,14,1886
[Irish] marbh [Scottish Gaelic] marbh,*mr̥wós,,2,1887
[Czech] dlouhý [Translingual] dolicho- [English] dolicho- [Telugu] దీర్ఘదర్శి [Telugu] దీర్ఘదృష్టి [Sindhi] ڊگھو [Kalasha] dríga [Khowar] درونگ [Assamese] দীঘ [Assamese] দীঘা [Translingual] Dolichos [Guinea-Bissau Creole] lundju [Arabic] دجر [Kholosi] taɽgo [Sindhi] ڊگهو [Malayalam] ദീർഘക്ഷമ [Phalura] dhrígu [Dhivehi] ދިގު [Bengali] ডাঙর,*dl̥h₁gʰós,,19,1888
[French] mur [Norman] mur,*mei,,2,1889
[Translingual] Polygala [Greek] γάλα [Translingual] Galanthus [English] agalactous [Mariupol Greek] гала [Polish] galakto-,*glakt-,,6,1890
[German] taugen [Greek] τύχη [Afrikaans] deug [Greek] τεύχος [Spanish] tiquismo,*dʰewgʰ-,,5,1891
[German] Hopfen [Middle High German] hopfe,*(s)keup,,2,1892
[Czech] kabát [Hungarian] kabát [Slovak] kabát [Serbo-Croatian] ћебе [Serbo-Croatian] ćebe [Armenian] կոպ [Greek] κόβω [Portuguese] gabão [Polish] kabat [Finnish] kavaiji,*(s)kep-,,10,1893
[Sranan Tongo] fala [Esperanto] felo,*pelso,,2,1894
[Sranan Tongo] fala [Esperanto] felo,*pol-,,2,1895
[Indonesian] hina [Tagalog] hina [Tamil] ஈனம்,*ǵʰh₁-nós,,3,1896
[Spanish] mear [Galician] mexar [Dutch] miegen,*h₃meyǵʰ-,,3,1897
[Greek] γιος [Yevanic] איו,*suHyús,,2,1898
[Translingual] Pilobolus [English] neuropil [Greek] πίλος [English] uranopilite,*pilos,,4,1899
[Louisiana Creole French] crai [Galician] crer [Portuguese] crer [Louisiana Creole French] croi [Ido] kredar [Ido] kredar [Ido] kredar [Haitian Creole] kwè [Haitian Creole] crére,*ḱred dʰeh₁-,,9,1900
[Sardinian] niu [English] nye [Manx] edd [Czech] hnízdo [Irish] nead [Scottish Gaelic] nead [Extremaduran] ñíu [Norwegian Bokmål] nisje [Norwegian Nynorsk] nisje [English] nidology [Hindi] नीड़ [Aragonese] niedo [Finnish] nestata,*nisdós,,13,1901
[Volapük] pük [Sranan Tongo] piki [Faroese] spikka [Finnish] spiikata,*spreg-,,4,1902
[Tagalog] sigla [English] shigram [Indonesian] segera,*ḱeygʰ-,,3,1903
[Ido] palmo [Norwegian Nynorsk] pelme,*palam-,,2,1904
[Nigerian Pidgin] mek [Tok Pisin] mekim [Tok Pisin] makim,*meh₂ǵ-,,3,1905
[Nigerian Pidgin] mek [Tok Pisin] mekim [Tok Pisin] makim,*maǵ-,,3,1906
[Catalan] cava [Italian] cavo [Catalan] cova [Portuguese] cova [Portuguese] covo [Asturian] cueva [Spanish] cueva [Occitan] cau [Romanian] gaură [English] cavetto [Romanian] zgăura [Romanian] căuș [Spanish] Covadonga [Aromanian] gavrã [Old Spanish] cueua [Italian] cavagno [Cebuano] kuyba [Galician] cavorco,*ḱowh₁ós,,18,1907
[Rohingya] alu [Persian] آلو [Urdu] آلو [Assamese] আলু [Oriya] ଆଳୁ [Kalasha] álu [Punjabi] ਆਲੂ [Konkani] आळू [Santali] ᱟᱹᱞᱩ,*h₂eHlu,,9,1908
[Sranan Tongo] bulu [Tok Pisin] bulmakau [Irish] bullúil,*bʰl̥no-,,3,1909
[Guinea-Bissau Creole] pitu [Kabuverdianu] petu [Papiamentu] pechu,*peg,,3,1910
[Indonesian] utara [Spanish] histeria [Bengali] উত্তর [English] hysterophyte [Russian] истерика [Greek] υστερο- [Greek] υστερο- [Thai] อุดร [Thai] อุดร [Burmese] ဥတ္တရ [Tamil] உத்தரம் [Kashmiri] وۄتُر [Urak Lawoi'] ตารา [Spanish] histero- [Dhivehi] އުތުރު [Kashmiri] व्वतर [Kashmiri] وۄتَر [Dhivehi] އިތުރު [Minangkabau] utaro,*údteros,,19,1911
[Indonesian] duta [Telugu] దూత [Malayalam] ദൂതൻ [Kashmiri] دٟتھ [Kashmiri] दॗथ,*dweh₂-,,5,1912
[Indonesian] yuda [Punjabi] ਜੁੱਧ [Assamese] যুঁজ [Hindi] जूझना [Hindi] जूझ [Old Gujarati] जूझ [Early Assamese] যুঝ [Balinese] ᬬᬸᬤ᭄ᬥ [Tamil] யுத்தம் [Thai] ยุทธ์ [Konkani] झूंज [Marathi] झुंज [Marathi] झुंजणे [Khmer] យុទ្ធ [Malayalam] യുദ്ധം,*Hyewdʰ-,,15,1913
[Sranan Tongo] tru [Tok Pisin] tru [Irish] dearbh [Scottish Gaelic] dearbh [Manx] jarroo,*drewh₂-,,5,1914
[Latin] ina [Middle French] visaige,*wéyh₁s,,2,1915
[Irish] fia [Irish] fia [Scottish Gaelic] fiadh [Manx] feeaih [Scottish Gaelic] fiadh- [Irish] fiáin,*u-s,,6,1916
[Papiamentu] skol [Afrikaans] skool [Bislama] skul [Kriol] skul [Nigerian Pidgin] skul [Pijin] skul [Tok Pisin] skul [Tok Pisin] skulim [Tok Pisin] skulfi [Chinese] 死庫水 [Phalura] iskuúl,*(s)kʷel-,,11,1917
[Spanish] cuyo [Spanish] cuyo [Portuguese] cujo [Portuguese] cujo [Italian] cuiusso [Italian] cuiusso [Galician] cuxo [Galician] cuxo,*kʷosyos,,8,1918
[Tok Pisin] sua [Tok Pisin] soa [Sranan Tongo] soro,*sh₂eyro-,,3,1919
[English] Agatha [Dutch] Agatha [Greek] αγαθός,*m̥ǵh₂dʰh₁ós,,3,1920
[Norwegian Bokmål] legitim [Norwegian Nynorsk] legitim [Romanian] legitim [English] legitimation [Portuguese] lindo [Spanish] lindo [Italian] legittimo [Italian] legittimare [French] légitimer [French] -issime [Catalan] -íssim [Portuguese] lídimo,*-is-,,12,1921
[Macedonian] уста [Tabasaran] уста [Urdu] استاد [English] ustad [Zazaki] ustad [Malay] ustaz [Bashkir] остаз,*stoh₂éyeti,,7,1922
[Tok Pisin] vot [Swedish] votera [Rotokas] votu [Tok Pisin] votim [Maori] pōti [Chickasaw] footi [Chickasaw] vooti,*h₁wegʷʰ-,,7,1923
[Romanian] soț [English] socio- [Aromanian] sots [Dutch] socioloog [Norwegian Nynorsk] soss [Dutch] sociologe [Chinese] 十三點 [Italian] soccio [Norwegian Bokmål] sosio- [Norwegian Nynorsk] sosio- [Tok Pisin] sosaiti,*sokʷ-yo-,,11,1924
[Haitian Creole] ble [Louisiana Creole French] blé [English] bleu cheese,*bʰléh₁-,,3,1925
[English] dasyphyllous [Translingual] Dasyurus [Translingual] Dasogale [Greek] δασύς [Latin] dasyphyllus,*dn̥s-,,5,1926
[Spanish] hervir [Irish] bior [Irish] bior [Scottish Gaelic] bior [French] berle [Middle Irish] bruiden [Romanian] fiert [Irish] bruth [Spanish] sufrútice [Aromanian] hertu [English] Borbon [Cebuano] Borbon [Tagalog] Borbon [Spanish] Borbón [Japanese] バーボン,*bʰrewh₁-,,15,1927
[Tok Pisin] smel [Sranan Tongo] smeri [Tok Pisin] smelim,*smel-,,3,1928
[Tok Pisin] spet [Torres Strait Creole] spet,*spid-,,2,1929
[Tok Pisin] spet [Torres Strait Creole] spet,*sp(y)ēw,,2,1930
[Rohingya] báb [Bhojpuri] भाप [Hindi] भाप [Doteli] वाफ [Marathi] वाफ [Bhojpuri] 𑂦𑂰𑂣 [Assamese] ভাপ,*wápōs,,7,1931
[Norwegian Nynorsk] mått [Faroese] máttur [Icelandic] máttur,*mógʰtis,,3,1932
[Czech] cese [Dalmatian] čedur [Maltese] ċeda,*ḱyesdʰ-,,3,1933
[Czech] cese [Dalmatian] čedur [Maltese] ċeda,*ḱye,,3,1934
[Irish] cinn [English] scazon [Latin] scazon,*(s)keng-,,3,1935
[German] Magd [Luxembourgish] Mod [Yiddish] מויד,*magʰ(u)-,,3,1936
[Esperanto] kvieta [Ido] quieta [Danish] while-løkke [Kashmiri] ژیر [Kashmiri] च़ेर,*kʷyeh₁-,,5,1937
[English] suasion [German] Suada,*swoh₂déyeti,,2,1938
[Indonesian] saka [Uzbek] shox [Thai] สาขา [Balinese] ᬰᬵᬓᬵ,*ḱókh₂eh₂,,4,1939
[Romanian] stratus [Greek] στρατός [English] stratiform [Greek] στρατάρχης,*str̥h₃tós,,4,1940
[Swedish] trött [Danish] fortryde [Norwegian Nynorsk] tryta [Swedish] tryta [Icelandic] þrjóta [Old Swedish] þryta [Westrobothnian] truut,*trewd-,,7,1941
[Manx] blass [Manx] blass [Irish] blas [Irish] blas [Middle Irish] blas [Scottish Gaelic] blas,*mel-s-,,6,1942
[German] dringen [Luxembourgish] dréngen,*trenkʷ-,,2,1943
[Punjabi] پر [Urdu] پر [Turkish] pür [Bhojpuri] पान [Garhwali] पान [Hindi] पान [Konkani] पान [Kumaoni] पान [Magahi] पान [Maithili] पान [Marathi] पान [Marwari] पान [Old Gujarati] पान [Gurjar Apabhramsa] पण्ण [Punjabi] ਪਰ [Bhojpuri] पन्ना [Doteli] पन्ना [Hindi] पन्ना [Khmer] បណ្ណាគារ [Kalasha] pọ̃ [Gujarati] પાંદડું [Gujarati] પાંદડું [Urdu] پنا [Bengali] পাণ [Bhojpuri] 𑂣𑂢𑂹𑂢𑂰 [Magahi] 𑂣𑂢𑂹𑂢𑂰 [Sinhalese] පන [Hindi] परनी [Magahi] 𑂣𑂢𑂹𑂢𑂲 [Bengali] পান [Kashmir] پَن [Dhivehi] ފަން [Oriya] ପାନ [Sylheti] ꠙꠣꠘ [Punjabi] ਪੰਨਾ [Nepali] पानु [Sindhi] पनु,*pornóm,,37,1944
[Luxembourgish] Frack [Faroese] frakki [Icelandic] frakki [Dutch] frak,*kreḱ-,,4,1945
[German] Garn [Luxembourgish] Gar [Cimbrian] gaarn [Cimbrian] ghèrn,*ǵʰorn-,,4,1946
[Portuguese] próximo [Danish] næste [Romansch] proxim,*prokʷism̥mos,,3,1947
[German] Hermelin [Greek] ερμίνα,*ḱerǝm-,,2,1948
[Esperanto] knedi [Esperanto] knedi,*gnet-,,2,1949
[Spanish] corcho [Afrikaans] kurk [Dutch] kurk [English] cortico- [Polish] korek [Danish] kork [Portuguese] córtex [Irish] coirt [Translingual] Corticovirus [Galician] cortizo [Sardinian] cortiche [Sardinian] cortighe [Polish] kortyko-,*(s)kert-,,13,1950
[Translingual] Haya [Armenian] ձի,*ǵʰéyos,,2,1951
[Italian] Capri [Translingual] Capromys [Translingual] Kaprosuchus,*ḱapros,,3,1952
[German] schwanger [Hunsrik] schwanger,*sʷenk-,,2,1953
[English] braies [Norman] braies [Romanian] dezbrăca [Greek] βράκα [English] vraka [Norwegian Bokmål] brakett [Catalan] sofraja,*bʰrāg-,,7,1954
[English] pachysandra [Translingual] Pachycephalosaurus [English] isopach [English] pachy-,*bʰn̥ǵʰús,,4,1955
[French] agoraphobie [Greek] αγορά [Finnish] agorafobia [Italian] agorafobia [Portuguese] agorafobia [Spanish] agorafobia [German] Agoraphobie [Catalan] agorafòbia [Classical Syriac] ܐܓܘܪܐ,*h₂goréh₂,,9,1956
[Afrikaans] wesp [Serbo-Croatian] веспа [Sranan Tongo] waswasi [Haitian Creole] gèp [Haitian Creole] djèp,*wobʰseh₂,,5,1957
[Icelandic] nógur [Greek] φέρνω [Hungarian] feromon [Norwegian Bokmål] feromon [Norwegian Nynorsk] feromon [French] -fère [Kazakh] феромон [English] Pherecydes [Icelandic] gnógur,*h₂eh₂nóḱe,,9,1958
[Irish] cead [Scottish Gaelic] cead [Hungarian] licitál,*leyk-,,3,1959
[Icelandic] múgur [English] mook [Swedish] mugg [English] Mock,*muk-,,4,1960
[Danish] rå [Danish] rå [Norwegian Bokmål] rå [Norwegian Nynorsk] rå [Norwegian Nynorsk] rå [English] wroo,*wrónkeh₂,,6,1961
[Norwegian Nynorsk] rå [Bislama] ridim [Tok Pisin] ridim [Faroese] ráða [Icelandic] ráða [Norwegian Bokmål] område [Danish] råde [Norwegian Bokmål] råde [Swedish] råda [Volapük] reidön [Old Swedish] raþa [Norwegian Bokmål] ABC-område [Norwegian Bokmål] abc-område,*Hreh₁dʰ-,,13,1962
[Armenian] նետ [Armenian] նետ [Middle Armenian] նետ [Persian] نای,*nedo-,,4,1963
[Greek] όνομα [English] onomancy [Italian] -onimo [Venetian] nòme [English] onomatodoxy,*h₃nómn̥,,5,1964
[Finnish] raapia [Tok Pisin] skrap,*skreb-,,2,1965
[Latin] Vesuvius [Greek] σβήνω,*(s)gʷes-,,2,1966
[English] gadroon [Portuguese] gude [English] godet [Norman] godet [Spanish] godet,*geu,,5,1967
[Scottish Gaelic] iar [Irish] iar- [Scottish Gaelic] iar-,*-rom,,3,1968
[Scottish Gaelic] buidhe [Irish] buí [Manx] buigh,*bodyos,,3,1969
[Louisiana Creole French] changé [German] changieren [Haitian Creole] chanje [Tok Pisin] senisim,*(s)ḱambos,,4,1970
[Romansch] giudair [Norman] joui [Romansch] guder [Romansch] giodair [Romansch] galdeir [Romansch] giuder [Maltese] gawda [Cimbrian] gòdaran,*geh₂widéh₁yeti,,8,1971
[Catalan] vèncer [Middle English] venquysshen,*wi-n-k-,,2,1972
[Bislama] anis [Tok Pisin] anis,*meh₂y-,,2,1973
[Kholosi] kal [Urdu] کل [Punjabi] ਕੱਲ੍ਹ [Hindi] कलोर [Oriya] ଗତକାଲି [Oriya] କାଲି [Magahi] 𑂍𑂪𑂹𑂯𑂵,*kal-,,7,1974
[Afrikaans] kaal [Vilamovian] kōł,*galw-,,2,1975
[Irish] cuan [Scottish Gaelic] cuan [Manx] keayn,*kapno-,,3,1976
[Scottish Gaelic] cuan [Middle Irish] cúan [Irish] cuain [Scottish Gaelic] cuain,*keh₂wp-o-,,4,1977
[Armenian] մարդ [Romani] mulo [Turkish] Mert [English] murth [Prakrit] 𑀫𑀅 [Kachchi] મુઓ [Assamese] মতা [Hindi] मुआ [Gujarati] મૂઉં [Prakrit] 𑀫𑀴 [Marathi] मेले [Prakrit] 𑀫𑀬 [Ashokan Prakrit] 𑀫𑀢 [Khowar] بىردو [Konkani] मेल्लो [Konkani] मडें [Kannada] ಮಡಿದ [Prakrit] 𑀫𑀤 [Prakrit] 𑀫𑀟 [Prakrit] 𑀫𑀼𑀤 [Niya Prakrit] 𐨨𐨃𐨡 [Gandhari] 𐨨𐨂𐨡 [Azerbaijani] mərd [Turkish] namert,*mr̥tós,,24,1978
[English] schistosomiasis [Hungarian] -ció [English] -sis [Veps] -acii [Galician] -çom,*-tis,,5,1979
[Armenian] գորտ [Middle Armenian] գորտն,*word-,,2,1980
[Torres Strait Creole] sneik [Tok Pisin] snek [Kriol] jinek [Sranan Tongo] sneki,*sneg-,,4,1981
[Italian] civetta [Persian] گفتن [English] chewet [Bakhtiari] گودن,*gewH-,,4,1982
[Irish] mair [Scottish Gaelic] mair,*merh₂-,,2,1983
[Chinese] 玻璃 [Armenian] փայլ [Bengali] স্ফটিক [Malayalam] സ്ഫടികം,*(s)pʰel-,,4,1984
[Hindi] तन [Persian] تن [Urdu] تن [Bashkir] тән [Kazakh] тән,*tenuh₂-,,5,1985
[Punjabi] اسی [Pali] asīti [Kashmiri] شيٖتھ [Dhivehi] އާހި,*oḱtoh₁ḱomt,,4,1986
[Urdu] سو [Romani] -ça [Marathi] सुद्धा [Dhivehi] އާއި,*sm̥-gʰé,,4,1987
[Armenian] այս [Armenian] այս,*h₂(e)nsu-yo-,,2,1988
[English] sounder [Finnish] sondeerata [English] sonder [Danish] sondere,*swembʰ-,,4,1989
[Armenian] ոռ [Scots] ers [Westrobothnian] ärshol [Swedish] arsel,*h₁orsos,,4,1990
[Hindi] सास [Italian] suocera [Asturian] suegra [Spanish] suegra [Catalan] sogra [Galician] sogra [Portuguese] sogra [Marathi] सासू [Danish] sviger- [Norwegian Bokmål] sviger- [Norwegian Nynorsk] sviger- [Kalasha] isprés [Assamese] শাহু [Early Assamese] শাশু [Phalura] preṣ [Kashmiri] ہَش [Bengali] শাশুড়ি [Romani] sasuj [Punjabi] ਸੱਸ,*sweḱrúh₂,,19,1991
[Hindi] साला [Nepali] साला,*syo(w)ros,,2,1992
[Hindi] देर [Persian] دیر [Bengali] দেরী,*dl̥h₁gʰó-,,3,1993
[Konkani] देर [Hindi] देवर [English] leviratical [Marathi] दीर [Kalasha] diór [Torwali] دے [Kashmiri] درُٛے [Kashmiri] دیٛارٕز [Kashmiri] دیٛارتھٕر,*dayh₂wḗr,,9,1994
[Hindi] लेना [Urdu] لینا [Phalura] lháaya [Ashokan Prakrit] 𑀮𑀥,*lebʰ-,,4,1995
[Hindi] नौकरानी [Punjabi] ਜ਼ਨਾਨੀ [Punjabi] زنانی,*-Hō,,3,1996
[English] pycnometer [Spanish] picnómetro [Dutch] pyknisch [English] pycno-,*puḱ-,,4,1997
[Portuguese] duna [Middle English] toun,*dʰuHnom,,2,1998
[Thai] ไชโย [Greek] βία [Khmer] ជយោ [Hindi] जीत [Hindi] जीतना [Lao] ໄຊ [Indonesian] jaya [Javanese] jaya [Malay] jaya [Pali] jaya [Khmer] ជ័យ [Hindi] जय हो [Sauraseni Prakrit] 𑀚𑀺𑀢𑁆𑀢 [Prakrit] 𑀚𑀬 [Malayalam] ജയം [English] Jaichand,*gʷey-,,16,1999
[Portuguese] conto [Greek] κοντός [Greek] κοντός [Greek] κοντά [Sranan Tongo] onti [Translingual] Bikonta [Translingual] Unikonta [Translingual] Heterokonta [Ottoman Turkish] قونداق,*ḱent-,,9,2000
[Portuguese] adular [Italian] adulare,*ul-,,2,2001
[Spanish] caldear [Hindi] साल [Afrikaans] klant [Urdu] سرد [Gujarati] સાલ [Kashmiri] ہَرُد [Persian] پارسال [Phalura] šaraál,*ḱelh₁-,,8,2002
[Galician] anta [Italian] anta,*h₂énHteh₂,,2,2003
[Spanish] esprintar [Serbo-Croatian] šprint [Serbo-Croatian] шпринт,*sprend-,,3,2004
[Hindi] आँसू [Rajasthani] आंहू [Parya] ānkturu [Vaghri] અસ્સૂ [Dogri] अत्थरूं [Khowar] اشرُو [Kashmiri] ऒश,*h₂eḱru,,7,2005
[Manx] croo [Irish] cruth [Scottish Gaelic] cruth,*,,3,2006
[English] foetal [Hungarian] -ális [French] -iel [Italian] -ale,*-li-,,4,2007
[English] mease [Norwegian Bokmål] meis [Norwegian Nynorsk] meis [Kalasha] meṣ,*moysós,,4,2008
[Italian] genero [Romanian] ginere [Portuguese] genro [Portuguese] genro [Catalan] gendre [French] gendre [Galician] xenro [Galician] xenro [Asturian] xenru [Sicilian] ienniru [Sicilian] jenniru [Old Portuguese] genrro [Friulian] zinar [Aromanian] dziniri [Kabuverdianu] jénru [Sardinian] gheneru,*ǵm̥ros,,16,2009
[Afrikaans] skelet [English] scleroderma [English] sclerotium [Greek] σκληρός [Translingual] Sclerospongiae [Translingual] Scleractinia [English] sclero- [Italian] sclero- [Translingual] Scleranthus [Translingual] Scleria [Italian] microsclero [Kazakh] скелетон [Polish] sklero-,*(s)kelh₁-,,13,2010
[Portuguese] gêmeo [Italian] gemino [Romanian] geamăn [Aromanian] dzeamin,*yemH-,,4,2011
[Czech] loket [English] liman [French] limon [Danish] alen [Greek] ωλένη [Persian] ارش [Ottoman Turkish] آرشون [Kholosi] āɽak,*Heh₃l-,,8,2012
[Translingual] Phaeophyta [Translingual] phaeo- [Italian] faio [Greek] φαιός [English] pheo-,*gʷʰaiso-,,5,2013
[Kabuverdianu] trinta [Papiamentu] trinta [Papiamentu] trinta [Louisiana Creole French] trent,*tri(d)ḱomt,,4,2014
[Azerbaijani] liman [Romanian] liman [Turkish] liman [Greek] λιμένας [Russian] лиман [Arabic] ميناء,*léymō,,6,2015
[French] salive [Galician] seiva [Portuguese] seiva [English] Solovei [English] Salovey [English] Solovay [English] Solovey [English] Salovei [Italian] scialiva,*solH-,,9,2016
[Spanish] tejo [Greek] τέκνο [Italian] tasso [Corsican] tassu [Translingual] Taxus [French] tâter [Esperanto] taksuso [Ido] taxuso [Galician] teixo [Portuguese] teixo [Asturian] texu [Translingual] Taxodium [Arabic] طخش [Translingual] Cephalotaxus [Catalan] teix,*teḱ-,,15,2017
[Galician] templo [Portuguese] templo,*t(e)mp-lo-s,,2,2018
[Italian] templo [Italian] tempio,*témh₁nos,,2,2019
[Italian] templo [Italian] tempio [English] temnospondyl [English] -tomy [Catalan] -tomia [Polish] -tomia [Irish] -tóime [English] tomomania [English] syntomic,*tm̥-n-h₁-,,9,2020
[Italian] turba [Welsh] torf [Welsh] twrf [Middle Welsh] twryf,*(s)twerH-,,4,2021
[Translingual] Ricinus [Finnish] risiini [English] ricinine [English] ricinolein [Dalmatian] drecno [Spanish] rezno [Translingual] Riciniae,*rik-,,7,2022
[English] chionophile [Armenian] ձյուն [Santali] ᱦᱤᱢ [English] isocheim [Greek] χιόνι [Romani] iv [English] chion- [Sinhalese] හිම [Lao] ຫິມະ [English] hiemation,*ǵʰéyōm,,10,2023
[Malay] Dalmatia [Dutch] Dalmatië [Romagnol] Dalmàzia [Romagnol] Dalmêzia,*dʰeh₁-l-,,4,2024
[English] pomander [English] amrita [Chinese] 甘露 [Gujarati] અમી [Indonesian] amerta [Tamil] அமிர்தம் [Niya Prakrit] 𐨀𐨨𐨟,*n̥mr̥tós,,7,2025
[Icelandic] hvönn [Faroese] hvonn [Danish] kvan,*ḱwenHdʰ-,,3,2026
[Swedish] söt [Westrobothnian] syt [Afrikaans] soet [Old Swedish] söter,*sweh₂dus,,4,2027
[Norwegian Bokmål] ambassade [Norwegian Nynorsk] ambassade,*h₂mbʰi-h₂eǵ-,,2,2028
[English] conger [Translingual] Conger [Armenian] զանգ [Icelandic] köngull [Norwegian Bokmål] kongle [Norwegian Nynorsk] kongle [Galician] congro,*geng-,,7,2029
[Cebuano] Dion [Translingual] Dione [Italian] Dione,*Diwoh₃nh₂eh₂,,3,2030
[Norman] suer [Greek] σίδερο [German] siderisch [Catalan] suar,*sweyd-,,4,2031
[Kabuverdianu] santu [Papiamentu] santu,*sān-,,2,2032
[Hindi] साल [Urdu] سال [Old Marathi] सेल [Marathi] सल [Thai] ศัลย [Old Marathi] 𑘭𑘹𑘩,*ḱel(h₃)-,,6,2033
[Hindi] साल [Urdu] سال [Khmer] សាលា [Kashmiri] हाल [Marathi] चाळ [Khmer] សាល,*ḱel-eh₂,,6,2034
[English] myiasis [Translingual] Lutzomyia,*mu-,,2,2035
[Icelandic] trikk [Norwegian Bokmål] trikk [Serbo-Croatian] trik [Serbo-Croatian] трик [Norwegian Bokmål] triks [Norwegian Nynorsk] triks,*dreg-,,6,2036
[Catalan] drap [Greek] τρέφω [Maltese] drapp [Latin] limitrophus,*dʰrebʰ-,,4,2037
[Catalan] drap [Maltese] drapp,*dreHp-,,2,2038
[Catalan] drap [Maltese] drapp [Latin] dropax,*drep-,,3,2039
[Irish] lá [Scottish Gaelic] latha [Manx] laa,*leh₁t-,,3,2040
[Portuguese] má [English] Melvin,*smeḱ-,,2,2041
[Hindi] गधा [Urdu] گدھا [Atong (India)] gada [Awadhi] गदहा [Marathi] गाढव [Assamese] গাধ [Gujarati] ગધેડું [Gujarati] ગધેડો [Gujarati] ગધેડી [Khowar] گوردوغ [Early Assamese] গাধৱ [Magahi] 𑂏𑂠𑂯𑂰,*gordebʰó-,,12,2042
[Italian] elenco [Italian] elenco [Portuguese] elenco [Spanish] elenco [Spanish] elenco [English] elenchus [Greek] ελέγχω [Greek] έλεγχος [English] elench [Catalan] elenc [Catalan] elenc,*h₁lengʰ-,,11,2043
[Faroese] vaska [Norwegian Nynorsk] vaska [Swedish] vaska [Danish] vaske [Norwegian Bokmål] vaske [Norwegian Nynorsk] vaske,*wod-,,6,2044
[Aragonese] hereu [Catalan] hereu [Greek] χήρα [Galician] heree,*ǵʰeh₁ro-,,4,2045
[Irish] moch [Scottish Gaelic] moch [Manx] mogh,*moḱs,,3,2046
[Translingual] Euryarchaeota [English] euryphage [Translingual] Eurypyga [Translingual] eury- [English] eury- [Polish] eury- [English] euryoecious [Translingual] Eurysthea,*h₁wérus,,8,2047
[Translingual] Spirochaetae [Translingual] Chaetognatha [Translingual] Oligochaeta [Greek] χαίτη [Translingual] Chaetothyriomycetidae [English] chaetognath [Translingual] Chaetops [Translingual] Achaetops [Translingual] Chaetornis [Translingual] Chaetodon [English] chaetophobia,*gʰeh₂it-,,11,2048
[Old French] tost [English] totient [Greek] τόσος,*toti,,3,2049
[Dalmatian] quaranta [Louisiana Creole French] karant [Papiamentu] kuarenta [Papiamentu] kuarenta [Kabuverdianu] korenta,*kʷetwr̥(d)ḱomt,,5,2050
[Piedmontese] quaranta [Sicilian] quaranta [Walloon] cwarante [Romagnol] quarânta,*kʷétwr̥dḱomt,,4,2051
[Bislama] raes [Sranan Tongo] alesi [Nigerian Pidgin] rais [Tok Pisin] rais [Marshallese] raij [Japanese] ガパオライス,*(s)kreys-,,6,2052
[Scottish Gaelic] slighe [Irish] slí,*sleyǵ-,,2,2053
[Danish] tosse [Icelandic] tossi [Norwegian Nynorsk] tuss,*tur-,,3,2054
[Swedish] järv [Norwegian Bokmål] jerv [Norwegian Nynorsk] jerv [Faroese] jarvur [English] Earp,*h₁erbʰ-,,5,2055
[English] blepharon [Greek] βλέφαρο [Greek] βλέπω [Spanish] blefaroplastia [Translingual] Ablepharus [English] blepharo-,*gʷlep-,,6,2056
[Greek] οδός [Polish] anoda [Greek] οδηγός [English] odonym [English] hydrogode [English] hodophobic [English] odology [Kazakh] годограф,*sodós,,8,2057
[Indonesian] daya [Tagalog] haraya [Pali] hadaya [Old Gujarati] हईडउं [Gujarati] હૈયું [Old Gujarati] हीयडउं [Doteli] हियो [Braj] हिय [Gujarati] ھيّوں [Gujarati] ھردہ [Kalasha] hị́a [Khowar] هَردى [Phalura] híṛu [Gandhari] 𐨱𐨁𐨡𐨩 [Oriya] ହୃତ୍ପିଣ୍ଡ [Old Gujarati] हीउं,*ḱr̥d-,,16,2058
[Spanish] gayo [Middle Dutch] gay [French] bourde,*geh₂w-,,3,2059
[Greek] νερό [Mariupol Greek] ныро,*newr̥ós,,2,2060
[Irish] oide [Scottish Gaelic] oide [Manx] gedjey,*átta,,3,2061
[Norwegian Bokmål] laste [Norwegian Nynorsk] laste [Sicilian] lariu [Haitian Creole] lèd,*leyt-,,4,2062
[English] Gareth [Greek] γέρος [Translingual] Gerobatrachus [Dutch] gerontologie [English] geronto- [Polish] geronto- [English] Gerontes [Greek] όντας [Italian] Geronzio [French] géronto- [Konkani] जाण्टो [English] Geraint,*ǵérh₂onts,,12,2063
[Scottish Gaelic] bliadhna [Irish] bliain [Manx] blein,*bʰleyd-,,3,2064
[Finnish] duuri [Hungarian] dúr [English] durene,*deru-,,3,2065
[Greek] είκοσι [Greek] εικοσάδα [Kazakh] икосаэдр,*wídḱm̥ti,,3,2066
[Finnish] oktaavi [Dutch] octaaf [Norwegian Bokmål] oktav [Norwegian Nynorsk] oktav,*oḱtṓwos,,4,2067
[Irish] dian [Scottish Gaelic] dian,*deyh₁-,,2,2068
[Italian] sporco [Romanian] spurc [Venetian] spórco [Friulian] sporc,*spr̥ḱós,,4,2069
[Irish] neart [Scottish Gaelic] neart [Manx] niart,*h₂ner-to-,,3,2070
[Italian] betulla [Spanish] abedul [French] bouleau [Gallo] boula [Galician] bido [Old French] boul [Aragonese] abetullo [Portuguese] vidoeiro [Galician] bidueiro [Catalan] bedoll [Galician] bedulo,*gʷetu-yo-s,,11,2071
[Ido] kremo [Japanese] シュークリーム,*(s)krama-,,2,2072
[Galician] vizo [Portuguese] viço,*wi-tio-,,2,2073
[Esperanto] kruro [English] crurifragium,*ḱruH-,,2,2074
[Esperanto] krusto [Greek] κρουστός,*krustós,,2,2075
[Swedish] Näcken [Faroese] nykur [Icelandic] nykur [Norwegian Nynorsk] nykk [Norwegian Bokmål] nøkk,*nigʷ-,,5,2076
[English] craton [Polish] kraton [English] dicrotism [Catalan] -crata [Galician] -crata [Portuguese] -crata [Spanish] -crata [English] monocrotism [Greek] κρότος [Kazakh] кратон [Kazakh] меритократия,*kret-,,11,2077
[Berbice Creole Dutch] afta [Nigerian Pidgin] afta,*h₂epotero-,,2,2078
[Norwegian Nynorsk] rasera [Norwegian Bokmål] rasere [English] ratiné [Catalan] raure [Friulian] radâ,*rh₁d-dʰ-,,5,2079
[Scottish Gaelic] ceàird [Scottish Gaelic] ceàrd [Greek] κέρδος [Manx] keird [Irish] ceardaí [Manx] keirdagh [Irish] ceird [Punjabi] ਛੱਡਣਾ [Manx] keirdaght [Punjabi] چھڈنا,*kerd-,,10,2080
[Faroese] skína [Icelandic] skína [Norwegian Nynorsk] skina [Old Swedish] skina [Swedish] skina [Danish] skinne [Norwegian Bokmål] skinne [Westrobothnian] skiin,*(s)ḱeh₁y-,,8,2081
[Irish] samhradh [Manx] sourey,*sm̥-h₂-ó-,,2,2082
[English] omphalo- [Translingual] Omphalanthus [Greek] ομφαλός [Greek] αφαλός,*h₃m̥bʰ-,,4,2083
[Scottish Gaelic] buaidh [Irish] bua,*bʰówdʰi,,2,2084
[Translingual] Cerberus [English] Cerberus [Spanish] Cerbero [French] Cerbère [Serbo-Croatian] kerber [Serbo-Croatian] кербер [Serbo-Croatian] цербер [Serbo-Croatian] cerber [Japanese] ケルベルス [Translingual] Kerberosaurus [German] Zerberus,*ḱerbero-,,11,2085
[Translingual] Choeropsis [Greek] χοίρος,*ǵʰóryos,,2,2086
[Translingual] Chelonia [Esperanto] kelonio [Greek] χελώνα [Translingual] Chelonoidis [Translingual] Chelonii [English] chelonochory,*kʰelu-,,6,2087
[Urdu] سر [Gujarati] શૂલપ્રાણી [Braj] सूल [Balinese] ᬰᬹᬮ [Balinese] ᬲᬸᬮ,*ḱúh₃-los,,5,2088
[Norwegian Bokmål] rigg [Norwegian Nynorsk] rigg,*rign-,,2,2089
[Faroese] tráður [Icelandic] þráður [Serbo-Croatian] dretva [Danish] tråd [Norwegian Bokmål] tråd [Norwegian Nynorsk] tråd [Swedish] tråd [Serbo-Croatian] drot [Slovak] drôt [Serbo-Croatian] дретва [Esperanto] drato [Westrobothnian] trå [Norn] tråð,*treh₁-tu-,,13,2090
[Italian] sponda [Catalan] espona [Aragonese] esponnal,*spond-h₂-,,3,2091
[Finnish] liitää [Esperanto] gliti,*ǵʰleydʰ-,,2,2092
[French] frais [Swedish] fräsch,*preisk,,2,2093
[English] pygidium [French] pygidium [Latin] pygidium [Translingual] Pygathrix [Italian] pigidio [Portuguese] pigídio [Irish] pígistíl,*pugeh₂,,7,2094
[English] parvo- [Galician] parva [Galician] parvo [Portuguese] parvo [Spanish] parvo [English] parvule [English] parvanimity [Old French] parv [English] Glen Parva,*peh₂urós,,9,2095
[Faroese] húka [Icelandic] húka [Norwegian Bokmål] huke [Norwegian Nynorsk] huke,*kuk-néh₂,,4,2096
[Faroese] klúgva [Old Swedish] klyva [Swedish] klyva [Danish] kløve [Icelandic] kljúfa [Scanian] kløva [Norwegian Nynorsk] kløyva [Norwegian Bokmål] kløvje,*glewbʰ-,,8,2097
[Hebrew] אזמל [Translingual] Smilodon [Arabic] إزميل,*smī-,,3,2098
[Persian] دست [Persian] دس [Turkish] eldiven [Tajik] даст,*ǵʰés-to-,,4,2099
[Persian] دست [Persian] دس [Tajik] даст [Middle Persian] 𐭩𐭣𐭤,*ǵʰóstos,,4,2100
[Faroese] rokkur [Macedonian] рок [Serbo-Croatian] рок [Esperanto] roko [Tagalog] rakista,*h₃ruk-néh₂,,5,2101
[Arabic] صابون [Georgian] საპონი [Kazakh] сабын,*seyp-,,3,2102
[Faroese] spurvur [Danish] spurv [Norwegian Bokmål] spurv [Swedish] sparv [Norwegian Nynorsk] sporv [Westrobothnian] spȧrr,*spḗr,,6,2103
[Kabuverdianu] élu [Albanian] nulë [English] anelloni [English] anillin [French] anulingus,*h₁eh₂no-,,5,2104
[Finnish] hengata [Aromanian] acumtin [Hindi] सनकना,*ḱenk-,,3,2105
[English] batrachotoxin [Greek] βάτραχος [English] batrachophobia [Translingual] Batrachostomus [English] batrachophagous [English] batrachology [English] batrachoidid [Greek] βατραχάνθρωπος [Translingual] Batrachochytrium [Italian] baraccola,*gʷredʰ-,,10,2106
[Danish] -øs [Norwegian Bokmål] -øs [Norwegian Nynorsk] -øs [Indonesian] -wan [Hungarian] -ózus,*-wénts,,5,2107
[Danish] -øs [Norwegian Bokmål] -øs [Norwegian Nynorsk] -øs [Hungarian] -ózus,*-to-,,4,2108
[Kalami] آسمان [Uzbek] osmon [Greek] άκμονας [Greek] άκμων [Khowar] اسمان [Kazakh] аспан,*h₂éḱmō,,6,2109
[Translingual] Copepoda [English] copepod,*kóh₂p-eh₂,,2,2110
[Faroese] óður [Icelandic] óður [Icelandic] óður,*weh₂t-us,,3,2111
[Serbo-Croatian] durati [Serbo-Croatian] дурати,*dewǝ-,,2,2112
[Sranan Tongo] doti [Norwegian Nynorsk] drita [Norwegian Bokmål] drite [Norwegian Nynorsk] drite,*dʰreyd-,,4,2113
[Sranan Tongo] poti [Armenian] պտուկ [Armenian] պտուկ [Tok Pisin] putim,*bud-,,4,2114
[Persian] لشکر [Indonesian] askar [Urdu] راکھ [Urdu] رکشا [Gujarati] લશ્કર [Latin] Alcesimarchus [English] alexipyretic [English] alexin [Greek] αλεξι- [Thai] รักษ์ [Kannada] ರಕ್ಷಿಸು [Indonesian] laskar [French] alexipyrétique [Gujarati] રાખ [Thai] บรรณารักษ์ [Indonesian] reksa [Bengali] লস্কর [Kashmiri] رٲچھ [Sindhi] رکيا [Khmer] បណ្ណារក្ស [German] Alexin,*h₂lek-,,21,2115
[Esperanto] pigra [Italian] pegno [Portuguese] penhor [English] fike [Spanish] peño [English] pignistic [Sardinian] pinnus,*peyǵ-,,7,2116
[Persian] یزدان [Persian] یزد [Middle Persian] yẕdʾn',*h₁yaǵ-,,3,2117
[Swedish] vapen [Icelandic] vopn [Faroese] vápn [Danish] våben [Norwegian Bokmål] våpen [Norwegian Nynorsk] våpen [Faroese] vákn [Norwegian Bokmål] abc-våpen [Norwegian Bokmål] ABC-våpen,*wēbnom,,9,2118
[Spanish] zambo [English] strabotomy [Latin] strophium [Maltese] stramb [Spanish] estrábico [Italian] strabo [Esperanto] strabi,*strebʰ-,,7,2119
[French] maint [Middle French] maint,*monegʰ-,,2,2120
[Persian] فانوس [French] falot [Amharic] ፋኑስ [Tigre] ፋኑስ [Tigrinya] ፋኑስ,*bʰh₂wesnós,,5,2121
[Dutch] schuiven [Serbo-Croatian] шибати [Serbo-Croatian] šibati [French] chibre,*skewbʰ-,,4,2122
[Italian] fiaccola [Italian] facella,*ǵʰweh₂k-,,2,2123
[Dutch] tantra [Indonesian] tentara [Telugu] తంత్రవాది [Telugu] తంత్రజ్ఞుడు [Assamese] তাঁত [Indonesian] tantri [Phalura] traambú,*téntlom,,7,2124
[Greek] νησί [English] nesosilicate [Hindi] नहाना [English] Meganesia [Dutch] Austronesisch [Catalan] nedar [Translingual] Nesasio [Translingual] Nesopsar [Translingual] Nesospiza [Urdu] سنان [Hindi] स्नान [Bhojpuri] अस्नान [Hindi] नहान [Bhojpuri] 𑂃𑂮𑂹𑂢𑂰𑂢 [Magahi] 𑂃𑂮𑂹𑂢𑂰𑂢 [English] Macronesia [Catalan] austronèsic [Dutch] nesosilicaat,*(s)neh₂-,,18,2125
[Norwegian Bokmål] droppe [Sranan Tongo] dropu [Catalan] dropar,*dʰrewb-,,3,2126
[French] regretter [Mauritian Creole] regrete [Seychellois Creole] regrete,*gʰrew-,,3,2127
[Hebrew] כוס [Lezgi] кас [Kalasha] kuč,*kuḱis,,3,2128
[Armenian] գիշեր [Azerbaijani] axşam,*kʷsep-,,2,2129
[Romanian] Tiraspol [French] Eure,*teur,,2,2130
[Greek] έχω [English] echard [Greek] -ούχος,*séǵʰeti,,3,2131
[Greek] κάνω [Italiot Greek] canno [Greek] -κομείο [Greek] -κόμος [Greek] -κομία,*kem(H)-,,5,2132
[Greek] πάλι [English] paligraphia,*kʷl̥His,,2,2133
[Italian] giaciglio [Czech] objekt,*(H)yeh₁-,,2,2134
[Catalan] puça [English] psyllid [Armenian] լու [English] pulicine [Romanian] purica [English] puceron [Norman] puche [Aromanian] puric [Aromanian] puric [Translingual] Psylla [Friulian] pulç [Kalasha] príṣu [Khowar] پُولُوۨشُو,*plúsis,,13,2135
[Spanish] -dad [Greek] -ύτητα [Hungarian] -itás [Galician] -idade [Portuguese] -idade [Spanish] -tad [Tok Pisin] komyuniti [Volapük] -ät [Tagalog] inekwalidad [Tagalog] ekwalidad,*-teh₂ts,,10,2136
[Icelandic] töff [Italian] dacnomania [Oriya] ଦାଢ଼ି [Assamese] দাড়ি [ Bengali ] দাড়ি [Hindi] दाढ़ी [Gujarati] દાઢી [Hindi] डसना [Japanese] タフ [Tamil] தாடி [Punjabi] ਦਾੜ੍ਹੀ [Nepali] दाह्री [Marathi] डसणे [Magahi] 𑂠𑂰𑂜𑂲 [Saraiki] ݙاڑھی [Prakrit] 𑀤𑀸𑀠𑀺𑀆 [Varhadi] दाळी [Kannada] ದಾಡಿ [Old Marathi] 𑘟𑘰𑘛𑘲 [Old Punjabi] ਦਾੜੀ [Malvi] दाड़ी [Old Punjabi] داڑی [Dhivehi] ދޮޅި,*denḱ-,,23,2137
[Afrikaans] flikker [English] flacker,*plag-,,2,2138
[Icelandic] fúx [English] fuchsine [Ido] foxo,*púḱsos,,3,2139
[Scots] watter [English] water [Middle English] water [Yola] waudher,*wédōr,,4,2140
[Translingual] Boselaphus [Translingual] Elaphus [Translingual] Alcelaphus,*h₁éln̥bʰos,,3,2141
[Greek] παλάμη [Greek] παλαμάρι,*pl̥h₂(e)meh₂,,2,2142
[Serbo-Croatian] tane [Turkish] tane [Serbo-Croatian] тане [Turkish] şamdan [Kazakh] дана,*dʰoHnéh₂,,5,2143
[French] hapax [Greek] άπαξ [Classical Syriac] ܐܦܙܓܐ,*sm̥-pn̥kʷu-,,3,2144
[Danish] kolli [Finnish] kolli,*kʷolsom,,2,2145
[Udi] фи [Spanish] eno- [English] œnolin [English] oenomancy [Hungarian] önológia [English] oenopoetic [German] öno-,*wéyh₁ō,,7,2146
[Portuguese] filho [Galician] fillo,*dʰeh₁y-li-os,,2,2147
[Greek] αρχι- [Esperanto] arkaika [Czech] archón [Greek] άρχω,*h₂ergʰ-,,4,2148
[Tok Pisin] saun [Cebuano] sawon,*sunt-,,2,2149
[Tok Pisin] saun [Cebuano] sawon,*swem-,,2,2150
[Serbo-Croatian] klinac [Serbo-Croatian] клинац [Finnish] kleinspitz [English] Kleinberg [Danish] klejn,*gleh₁y-,,5,2151
[Greek] άγιος [Dutch] hagiografie [Greek] αγιο- [Indonesian] hagio- [German] Hagiografie,*h₁yáǵyos,,5,2152
[German] debütieren [Hungarian] debütál [Norwegian Bokmål] debutere,*bʰÀud-,,3,2153
[English] lingot [Portuguese] lingote [Spanish] lingote [Armenian] ձագար [Kannada] ಹವ್ಯಕ,*ǵʰew-,,5,2154
[Danish] hjerne [Norwegian Bokmål] hjerne [Norwegian Nynorsk] hjerne [Swedish] hjärna [Icelandic] hjarni,*ḱerh₂s-,,5,2155
[Serbo-Croatian] angažirati [Louisiana Creole French] engagé [Serbo-Croatian] ангажирати [Norwegian Bokmål] engasjere [Norwegian Nynorsk] engasjere [Bulgarian] ангажирам,*wadh-,,6,2156
[Ukrainian] береза [Belarusian] бяроза,*bʰerHǵós,,2,2157
[Kalasha] že [Ashokan Prakrit] 𑀘,*-kʷe,,2,2158
[Aromanian] porche [Galician] porca [Galician] porca [Italian] porca [Italian] porca [Portuguese] porca [Spanish] puerca [Romanian] poarcă [Romanian] porcoi [Aromanian] poarcã,*pr̥ḱeh₂,,10,2159
[English] cribellum [Italian] crivellare [Italian] crivello [French] crible [Galician] cribo [Portuguese] crivo [Aromanian] tsir,*kréydʰrom,,7,2160
[Finnish] vaijeri [Antillean Creole] waya [Norwegian Bokmål] vaier [Norwegian Nynorsk] vaier [Hindi] तार [Tok Pisin] waia [Assamese] তাৰ,*weh₁iros,,7,2161
[Finnish] masturboida [Norwegian Nynorsk] masturbera [Norwegian Nynorsk] masturbere,*mostr̥gʰ-,,3,2162
[Indonesian] dwi- [Indonesian] dwi,*dwó,,2,2163
[Bislama] blak [Tok Pisin] blak [Sranan Tongo] blaka,*bʰleg-,,3,2164
[Italian] mandria [Latin] mandra [Maltese] mandra [Greek] μαντρί [Polish] archimandria,*mand-,,5,2165
[Italian] stirpe [Esperanto] stirpo [Galician] estripeiro [Galician] esterpe [Catalan] estirp,*sterp-,,5,2166
[Greek] πέος [English] peotomy,*pes-,,2,2167
[Italian] otre [Catalan] odre [Galician] odre [Portuguese] odre [Spanish] odre [Aromanian] utri [English] utriform,*kʷóteros,,7,2168
[Irish] thar [Irish] tar- [Scottish Gaelic] tar- [Manx] harrish,*tr̥h₂és,,4,2169
[English] Sabine [English] Sabin,*sebʰ-,,2,2170
[Finnish] mokata [French] muser,*mūg-,,2,2171
[Italian] sterco [English] stercobilin [Esperanto] sterko [English] stercoranist [English] stercoroma [Galician] esterco [Portuguese] esterco [English] stercovorous [English] stercolith [Romanian] șterc,*(s)terǵ-,,10,2172
[Greek] ουρανός [Italian] uranografo,*h₁worseye-,,2,2173
[Greek] στείβω [Greek] στύβω,*steyb-,,2,2174
[Greek] πετεινός [Italian] pezzente [Hindi] पड़ना [Greek] ιπτάμενος [Greek] πετάω [Marathi] पडणे [English] -petal [Punjabi] ਪੈਣਾ [Pali] patati [Greek] ίπταμαι [Oriya] ପଡିବା,*péth₂eti,,11,2175
[Greek] κρύος [Catalan] crio- [Italian] crio- [Spanish] crio- [Greek] κρύο [Translingual] Cryolophosaurus,*krews,,6,2176
[Greek] μισθός [Turkish] müjde,*misdʰós,,2,2177
[Norwegian Bokmål] skygge [Scottish Gaelic] sgàth [Manx] scaan [English] scoto- [Italian] scoto- [Irish] scáth [Manx] scaa,*(s)ḱeh₃-,,7,2178
[Romanian] cuțit [Romanian] ascuți [Occitan] còdol [Aromanian] cutsut,*ḱeh₃-,,4,2179
[English] dawk [English] dalk [Middle English] dalke,*dʰalg-,,3,2180
[English] dawk [English] dalk [Middle English] dalke,*dʰelg-,,3,2181
[Sranan Tongo] aksi [Bislama] akis [Tok Pisin] akis,*h₂egʷsih₂,,3,2182
[Italian] oppio [Dalmatian] vaple,*ok̂u̯-olo-,,2,2183
[Galician] cea [Portuguese] ceia,*kert-sna,,2,2184
[Icelandic] baugur [Norwegian Bokmål] baug [Pali] bhuja,*bʰewgʰ-,,3,2185
[Irish] maide [Scottish Gaelic] maide [Manx] maidjey,*masdo-,,3,2186
[Swedish] själv [Danish] selv [Norwegian Bokmål] selv [Norwegian Nynorsk] sjæl [Norwegian Nynorsk] sjølv [Old Danish] sialfær [Scanian] sælv [Norwegian Nynorsk] sjølv’u [Norwegian Nynorsk] sjav’e [Norwegian Nynorsk] sjelv [Norwegian Nynorsk] sjålv,*selbʰ-,,11,2187
[German] galant [Esperanto] galanta [Ido] galanta [Georgian] გალანტური [Italian] galano,*wel(h₁)-,,5,2188
[Westrobothnian] tjuv [Turkish] tohum [Armenian] թոխում [Icelandic] þjó [Uzbek] tuxum [Armenian] թուխ [Lezgi] тум [Bashkir] тоҡом [Azerbaijani] toxum [Kazakh] тұқым [Norn] tjug,*tewk-,,11,2189
[Middle French] nud [Romagnol] nud [Romanian] nud [English] nudification [Corsican] nudu,*nogʷedós,,5,2190
[Middle French] nud [Romagnol] nud [Romanian] nud [English] nudification [Corsican] nudu,*nogʷ-,,5,2191
[Spanish] ceñir [Catalan] cenyir [Sranan Tongo] angri,*kenk-,,3,2192
[Hindi] कांदा [Marathi] कांदा [Hindi] कंद,*gnew-,,3,2193
[Hindi] कांदा [Marathi] कांदा [Sranan Tongo] naki [Hindi] कंद,*gen-,,4,2194
[English] abri [Dutch] abri [French] abrier,*werḱ-,,3,2195
[English] bunnia [Malay] berniaga [Malay] niaga [Tamil] பனியன்,*wen(h₁)-h₂ǵ-,,4,2196
[Irish] fuath [Scottish Gaelic] fuath [Danish] forhud [Norwegian Bokmål] forhud [Norwegian Nynorsk] forhud [Irish] fuathaigh [Irish] uath [Irish] uath [Aromanian] priputsã,*pew-,,9,2197
[Slovak] Galina [Polish] Halina [Latvian] Gaļina [English] geloscopy [Latin] Gelasius [Romanian] Ghelasie,*ǵelh₂-,,6,2198
[Greek] πόνος [Danish] panik [Danish] spinde [Translingual] Panicum [Finnish] spinnata [Kazakh] спин [English] ponophobia [Romanian] părinc,*(s)penh₁-,,8,2199
[Greek] αμαρτάνω [Greek] ήμαρτον,*h₂mert-,,2,2200
[Spanish] tundir [Catalan] tendir,*tend-,,2,2201
[Greek] πέρυσι [Scottish Gaelic] an-uiridh [Irish] anuraidh [Phalura] páar,*péruti,,4,2202
[Swedish] -ande [Icelandic] -andi,*-ónts,,2,2203
[Swedish] -ande [Icelandic] -andi,*-nts,,2,2204
[English] Fructidor [English] Messidor [Greek] δώρο [Italian] fruttidoro [Italian] messidoro [French] fructidor [French] messidor [English] Fervidor [Greek] δωρίζω,*déh₃rom,,9,2205
[English] Etna [Old English] Etna,*ai-dh,,2,2206
[Spanish] novedad [Catalan] novetat [Romanian] noutate [Greek] νιάτα [Greek] νεότητα [Aromanian] nãutati,*néwoteh₂ts,,6,2207
[Georgian] კოშმარი [Esperanto] koŝmaro [Yiddish] קאָשמאַר [Belarusian] кашмар,*mor-,,4,2208
[Swedish] räcka [Dutch] rekken [Danish] række [Norwegian Bokmål] rekke [Norwegian Bokmål] rekke [Norwegian Bokmål] rekke [Norwegian Nynorsk] rekke [Old Swedish] rækkia,*h₃roǵéyeti,,8,2209
[Manx] quing [Irish] cuing [Scottish Gaelic] cuing,*yung-,,3,2210
[Kashubian] blós [Alemannic German] bloos,*bʰlaw-,,2,2211
[English] aleurone [Armenian] ալյուր [Translingual] Aleurites,*h₂leh₁wr̥,,3,2212
[Indonesian] biri-biri [Malay] biri-biri [Armenian] գառ [Romanian] berbecar [French] bercail [Aromanian] birbicar [Italian] berbice,*wr̥h₁ḗn,,7,2213
[Louisiana Creole French] piqué [Italian] piccarsi [English] boody [Finnish] pikeeri,*beu-,,4,2214
[Finnish] startata [Norwegian Bokmål] starte [Afrikaans] strik [Armenian] թարախ,*(s)ter-,,4,2215
[Dutch] kicken [Welsh] cicio,*ǵeyH-,,2,2216
[Konkani] वाट [Marathi] वाट [Urdu] باٹ [Gujarati] વાટ [Kachchi] વાટ [Varli] વાટ [Assamese] বাট [Early Assamese] বাট [Hindi] बाट [Kholosi] vāt,*wértmn̥,,10,2217
[Sranan Tongo] prei [Tok Pisin] pilai,*blek-,,2,2218
[Sranan Tongo] prei [Tok Pisin] pilai,*bal-,,2,2219
[Italian] libeccio [Maltese] lbiċ,*leyb-,,2,2220
[Translingual] -ula [English] -ule [French] -ule,*-dʰlom,,3,2221
[Greek] σεβασμός [Greek] σέβομαι [Indonesian] tega [Prakrit] 𑀘𑀸𑀬 [Kannada] ತ್ಯಜಿಸು [Assamese] তেজা [Tagalog] tiyaga,*tyegʷ-,,7,2222
[French] teigne [Spanish] tiña [Translingual] Tinea [Portuguese] tinhoso [Catalan] tinya,*teh₂w-,,5,2223
[Spanish] ancestro [French] ancêtre [Occitan] ancessor [Old French] ancessor [Italian] antecessore [Portuguese] antecessor [Norman] anchêtre [Translingual] Homo antecessor,*h₂éntiḱyesdʰtōr,,8,2224
[Indonesian] baya [French] vénerie [Middle English] venerie [Old French] venerie [Thai] วัย,*weyh₁-,,5,2225
[Norman] frémi [Tok Pisin] brum [English] fremish [Middle English] fremyssh [Hindi] भँवरा [Hindi] भौंरा [Greek] βρομο- [Hindi] भँवर [Marathi] भोवरा,*bʰrem-,,9,2226
[Finnish] porvari [Polish] burżuj [Indonesian] borjuis,*bʰr̥ǵʰs,,3,2227
[English] panga [Dutch] panga [Translingual] Pangasius [German] Pangasius [Sylheti] ꠙꠦꠇ [Bengali] পাঁক [Bengali] পেঁক,*pen-,,7,2228
[English] sowl [English] soul cake,*seu-,,2,2229
[Tok Pisin] dringim [Tok Pisin] dring [Aukan] diingi [Sranan Tongo] dringi [Chinese Pidgin English] drinkee [Malayalam] ഡ്രിങ്ക്,*dʰrenǵ-,,6,2230
[Indonesian] taruna [Javanese] taruna [Malay] teruna,*terunos,,3,2231
[Persian] هرگز [Hindi] हरगिज़,*sm̥-kr̥t,,2,2232
[Hebrew] חנטריש [Armenian] խինդ [Turkish] Hande,*kʰendʰ-,,3,2233
[French] javelot [Middle French] javeline,*gʰabʰlos,,2,2234
[Welsh] siopa [Icelandic] sjoppa,*skub-,,2,2235
[Polish] dżdżownica [Polish] dżdżu,*dyu-,,2,2236
[German] trampen [Taos] tràmpi’ína [Danish] trampfart,*dr-,,3,2237
[Greek] λείπω [Norwegian Nynorsk] ljå,*leykʷ-,,2,2238
[Indonesian] asana [German] Asana,*h₁ḗsti,,2,2239
[Indonesian] Indra [Indonesian] Indra [Indonesian] indra [Malay] indera [Chinese] 因陀羅 [Gandhari] 𐨀𐨁𐨎𐨡𐨿𐨪,*h₃eyd-,,6,2240
[Sranan Tongo] switi [Nigerian Pidgin] swit [Nigerian Pidgin] swit [Tok Pisin] swit [Cebuano] Sweet [Chinese] 瑞士雞翼 [English] Hodnet,*swéh₂dus,,7,2241
[Irish] bréag [Scottish Gaelic] breug [Manx] breagerey [Manx] breag,*bʰrenḱ-,,4,2242
[Greek] στέλλω [Greek] στέλνω [Czech] štóla,*skʷel-,,3,2243
[Greek] χύνω [Greek] χύμα,*ǵʰéwyeti,,2,2244
[Greek] πικρός [Greek] πικρο-,*piḱrós,,2,2245
[Irish] géag [Indonesian] sakti [Malayalam] ശക്തി [Balinese] ᬰᬓ᭄ᬢᬶ [Indonesian] Bima Sakti [Javanese] ꦱꦏ꧀ꦠꦶ [Old Javanese] śakti,*ḱak-,,7,2246
[Icelandic] köstur [Norwegian Nynorsk] kòs,*h₂ǵ-es-,,2,2247
[Icelandic] rökkur [Esperanto] Erebo [Italian] Erebo [Catalan] Èreb,*h₁régʷos,,4,2248
[Italian] sentina [Portuguese] sentina,*semH-,,2,2249
[Sranan Tongo] nofo [Tok Pisin] inap,*h₂eh₂nó(n)ḱe,,2,2250
[Thai] เทพี [Thai] เทวี [Esperanto] dianto [Malay] dewi [Hindi] दे,*déywih₂,,5,2251
[Galician] milagre [Portuguese] milagre,*smei-,,2,2252
[Esperanto] nordo [Esperanto] nordo [Aromanian] nordu [Mauritian Creole] lenor,*ner-,,4,2253
[Czech] struktura [Tok Pisin] strenim [Japanese] インストゥルメンタル,*strew-,,3,2254
[Norwegian Bokmål] anoksisk [Norwegian Nynorsk] anoksisk,*h₂en,,2,2255
[Papiamentu] bisiña [Kabuverdianu] bizinhu,*weiḱ-,,2,2256
[Tok Pisin] bek [Kriol] beig,*bʰak-,,2,2257
[Mauritian Creole] lapat [Seychellois Creole] lapat [Catalan] patota [Jamaican Creole] Patwa,*(s)pent-,,4,2258
[Icelandic] kæfa [Icelandic] kæfa,*gʷeh₂bʰ-,,2,2259
[Thai] ธวัช [Indonesian] duaja [Gandhari] 𐨢𐨿𐨬𐨩,*dʰwōg-,,3,2260
[Spanish] musgo [Spanish] mosqueta [English] muscology,*mews-,,3,2261
[Taos] tròki’ína [Bislama] trak [Tok Pisin] trak [Chuukese] taraku [Southeastern Tepehuan] trooka [Ukrainian] трок [Japanese] トロッコ,*derew-,,7,2262
[Galician] limaco [Galician] lesma [Portuguese] lesma [French] limace [Norman] lînmache [Asturian] llimiagu [English] limaciform [Spanish] limaza [Lombard] lumaga,*sleh₁y-m-,,9,2263
[Galician] raposo [English] broomrape,*(s)rā́ps,,2,2264
[Lao] ເຂດ [Indonesian] setra [Hindi] खेत [English] Chitral [Khowar] چھترار [Thai] เขต [Konkani] शेत [Marathi] शेत [Kalasha] č̣hetr [Balinese] ᬲᬾᬢ᭄ᬭ [Prakrit] 𑀙𑁂𑀢𑁆𑀢 [Khowar] ۨچھےتُر [Phalura] c̣híitr [ Bengali ] খেত,*tḱey-,,14,2265
[Italian] farro [Galician] farelo [Portuguese] farelo [English] Bodfari,*bʰers-,,4,2266
[Aromanian] Duna [Translingual] Danuvius,*déh₂nu,,2,2267
[Greek] φέρνω [Hungarian] feromon [Norwegian Bokmål] feromon [Norwegian Nynorsk] feromon [French] -fère [Kazakh] феромон [English] Pherecydes,*h₃eyt-,,7,2268
[Greek] εκείνος [Friulian] nissun,*h₁enos,,2,2269
[Thai] คูถ [Konkani] गू [Nepali] गू [Hindi] गुह [Assamese] গু [Bengali] গু [Sinhalese] ගූ,*gʷewh₁-,,7,2270
[Icelandic] lýður [Norwegian Bokmål] lyd [Norwegian Nynorsk] lyd [English] lith [Faroese] lýð-,*h₁léwdʰis,,5,2271
[Ido] guindo [Italian] ghinda,*wīsos,,2,2272
[English] Aeolus [English] aeolo- [Greek] Αίολος [German] Äolus [English] eolation [Catalan] Èol,*welwel-,,6,2273
[Spanish] histeria [English] hysterophyte [Russian] истерика [Greek] υστερο- [Spanish] histero-,*udtéreh₂,,5,2274
[Armenian] հարցնել [Welsh] erchi [Hindi] पूछना [Gujarati] પૂછવું [Old Gujarati] पूछिवउं [Caló] puchar [Marathi] पुसणे [Punjabi] ਪੁੱਛਣਾ [Niya Prakrit] 𐨤𐨿𐨪𐨁𐨖𐨟𐨁,*pr̥sḱéti,,9,2275
[Armenian] դար [Armenian] դար,*dʰerh₃-,,2,2276
[Armenian] եզ [Irish] agh [Scottish Gaelic] agh,*h₂eǵʰ-,,3,2277
[Urdu] جانا [Hindi] गया [Balinese] ᬕᬢ [Marathi] गेले [Konkani] गेल्लो [Konkani] गेलो [Gandhari] 𐨒𐨡 [Niya Prakrit] 𐨒𐨟𐨒𐨹 [Urdu] گیا,*gʷm̥tós,,9,2278
[Scots] tice [Catalan] tió,*teih₁-,,2,2279
[Esperanto] gripo [Esperanto] gripo [Esperanto] gripo [Luxembourgish] Gripp,*gʰreyb-,,4,2280
[Translingual] Zea [Italian] zea [Latin] zea [Shina] یو [Indonesian] Jawa [Kalasha] žo [Javanese] ꦗꦮ [Gujarati] જવ [Marathi] जव [Gujarati] જવખાર [Old Marathi] 𑘕𑘄 [Phalura] yúu [English] zeism [English] zeist,*yéwos,,14,2281
[Cebuano] karbon [Papiamentu] kima [Guinea-Bissau Creole] kema [Kabuverdianu] kema,*ker,,4,2282
[Greek] υγιής [Spanish] higiene,*h₂yu-gʷih₃-,,2,2283
[Greek] υγιής [Spanish] higiene,*h₁su-gʷih₃-,,2,2284
[Greek] αφρός [English] aphrodite [English] isotherombrose [Gujarati] આભ [Rajasthani] आभौ [English] ombro- [Khmer] អ័ភ្រ [Kashmiri] اوٚبُر [Italian] afrolite [Khmer] អ័ព្ភ [Phalura] áabru,*n̥bʰrós,,11,2285
[Armenian] բան [Georgian] ბანი,*bʰeh₂ni-,,2,2286
[Armenian] -ու [Armenian] -ու,*-usyā,,2,2287
[Armenian] -ու [Armenian] -ու,*-u,,2,2288
[Armenian] -ի [Armenian] -ի [Middle Armenian] -ի,*-yo-,,3,2289
[Middle Armenian] ձկնկուլ [Italian] ittio- [Portuguese] ictiólogo [Translingual] Ichthyaetus [English] ichthyopterygium [Translingual] Ichthyophaga [Translingual] Ictalurus [Catalan] ictio- [Portuguese] ictio- [Translingual] Ichthyornis [French] ichtyophage [Catalan] íctic,*dʰǵʰu-,,12,2290
[Armenian] հետ [English] pedo- [Dutch] pedo- [Italian] pedo- [English] biopedturbation,*pedóm,,5,2291
[Irish] cuileann [Scottish Gaelic] cuileann [Manx] cullyn,*ḱol-,,3,2292
[Sardinian] chena [Maltese] ċena [Romagnol] zéna,*kért-sneh₂,,3,2293
[Irish] cath [Scottish Gaelic] cath [Manx] cah [English] Cathcart,*kéh₃tus,,4,2294
[Armenian] -ուկ [Middle Armenian] -ուկ [Middle Armenian] -իկ,*-kon-,,3,2295
[Scottish Gaelic] àill [Irish] áil,*lo-,,2,2296
[Khowar] مک [Shina] म्योनॊ,*h₃méyǵʰeti,,2,2297
[Armenian] արցունք [Armenian] արտասունք,*draḱu-,,2,2298
[Armenian] ցուրտ [Galician] cairo,*(s)ḱeh₁w-,,2,2299
[Irish] gual [Scottish Gaelic] gual [Manx] geayl [Afrikaans] koors [Armenian] զողալ,*ǵwelH-,,5,2300
[Icelandic] bræt [Cebuano] brayt [English] Bereza,*bʰerHǵ-,,3,2301
[Armenian] մի [Armenian] մի [Armenian] մը,*smiyeh₂-,,3,2302
[Armenian] ոստ [Greek] όζος [Georgian] შტო,*h₃ósdos,,3,2303
[Armenian] սյուն [Greek] κίονας,*ḱiHwon-,,2,2304
[Armenian] են [Balinese] ᬰᬦ᭄ᬢᬶ [Assamese] -হঁত [Early Assamese] -হন্ত,*h₁sénti,,4,2305
[Serbo-Croatian] runda [Serbo-Croatian] runda [Serbo-Croatian] рунда [Serbo-Croatian] рунда [Kazakh] раунд [Kazakh] раунд,*(e)rewə-,,6,2306
[Irish] aimsir [Scottish Gaelic] aimsir [Middle Irish] aimser [Manx] emshir,*h₂etmn̥,,4,2307
[Tok Pisin] wol [Krio] wɔl,*welǝn-,,2,2308
[Italian] conocchia [French] quenouille [German] Kunkel [Sicilian] ncunucchiari,*kʷélus,,4,2309
[Norwegian Bokmål] hør [Faroese] hørgur,*ḱarǝk-,,2,2310
[Swedish] agna [Danish] agn [Faroese] agn [Icelandic] agn [Norwegian Bokmål] agn [Norwegian Nynorsk] agn [Swedish] agn,*h₂eḱH-ono-,,7,2311
[Norwegian Bokmål] råde [Norwegian Nynorsk] råde,*rewdʰ-,,2,2312
[Irish] faol [Scottish Gaelic] faol,*waylos,,2,2313
[Italian] levogiro [Indonesian] levo- [French] lévogyre,*leh₂iwos,,3,2314
[Bislama] yelo [Tok Pisin] yelo [American Sign Language] Y@Side Twist,*ǵʰelh₃wos,,3,2315
[English] marma [Phalura] bráam,*mr̥meno-,,2,2316
[Hindi] दौड़ना [Urdu] دوڑنا [Punjabi] ਦੌੜਣਾ [Kashmiri] दोरुन [Marathi] दौडणे,*dréwh₂-eti,,5,2317
[Norwegian Nynorsk] nørd [Danish] indre [Norwegian Bokmål] indre [Norwegian Nynorsk] indre [Norwegian Bokmål] nordre [Norwegian Nynorsk] nordre [Scanian] nørðe [Danish] nørre [Norwegian Nynorsk] nørdre,*h₁en,,9,2318
[Scottish Gaelic] sealg [Irish] seilg [Manx] shelg [Armenian] արձակ,*selǵ-,,4,2319
[Danish] hæk [Norwegian Bokmål] hekk [Norwegian Nynorsk] hekk,*kagʰyo-,,3,2320
[English] ensiform [Spanish] ensiforme [English] ensate,*h₁ensi-,,3,2321
[Hindi] था [Khmer] ឋិត,*sth₂tós,,2,2322
[Dogri] लिखना [Hindi] लिखना [Gujarati] લખવું [Marathi] लिहिणे [Assamese] লিখা [Prakrit] 𑀮𑀺𑀳𑀇 [Sindhi] لکڻ [Assamese] লিখ [Dhivehi] ލިޔަނީ,*rikh₂-é-ti,,9,2323
[Dogri] लिखना [Hindi] लिखना [Gujarati] લખવું [Marathi] लिहिणे [Assamese] লিখা [Prakrit] 𑀮𑀺𑀳𑀇 [Sindhi] لکڻ [Assamese] লিখ [Dhivehi] ލިޔަނީ,*h₁reyḱ-,,9,2324
[Esperanto] prava [English] Free,*proHwo-,,2,2325
[Tok Pisin] naip [Sranan Tongo] nefi,*gneybʰ-,,2,2326
[Sranan Tongo] fosi [Catalan] prémer,*pres-,,2,2327
[Icelandic] mögur [Irish] mogh,*mogʰus,,2,2328
[Armenian] հակա- [Armenian] հակ- [Armenian] հակ,*pog-,,3,2329
[German] Bims [Russian] пемза [Polish] pumeks [Spanish] pómez,*(s)poH(y)-,,4,2330
[Dutch] bima [Greek] βήμα [Hebrew] בימה,*gʷéh₂mn̥,,3,2331
[Greek] ρίχνω [Translingual] Rhiptoglossa,*wreyp-,,2,2332
[Greek] κρεμμύδι [Laz] კრომი [Pontic Greek] κρομμύδ',*kermus-,,3,2333
[Armenian] կերպ [Georgian] კერპი [Marathi] कीव,*krep-,,3,2334
[Catalan] arment [Galician] armentío,*h₂er-mn̥-teh₂,,2,2335
[Spanish] pargo [Italian] pagro [Italian] parago [Galician] prago [Italian] praio,*bʰh₂g-ro-,,5,2336
[French] phréatique [Spanish] freático,*bʰréh₁wr̥,,2,2337
[Bulgarian] чукундур [Bashkir] сөгөлдөр,*kek-,,2,2338
[Pashto] ګرد [Marathi] गर्दी,*kʷr̥tós,,2,2339
[Manx] mwannal [Scottish Gaelic] muineal [Irish] muineál,*mon-i-,,3,2340
[Catalan] babaiana [Italian] poplite [Spanish] poplíteo [Portuguese] pavilhão [Catalan] pavelló [Romagnol] parpàia [Galician] pavillón [Polish] pawilon,*pal-,,8,2341
[Spanish] barrena [French] vérin [Catalan] barrina,*gʷéru,,3,2342
[Irish] tiubh [Scottish Gaelic] tiugh [Manx] çhiu,*tegus,,3,2343
[Irish] éag [Scottish Gaelic] eug,*néḱus,,2,2344
[English] alkapton [Greek] χάφτω,*kapyéti,,2,2345
[Manx] loght [Irish] locht,*lok-,,2,2346
[French] jouvence [Old French] jovente,*h₂yuh₁n̥téh₂,,2,2347
[Irish] ligh [Scottish Gaelic] ligh,*léyǵʰti,,2,2348
[Swedish] i fjor [Swedish] i fjol [Danish] fjor [Norwegian Nynorsk] fjor [Swedish] fjol [Icelandic] í fyrra,*peruti,,6,2349
[Galician] espiga [Portuguese] espiga,*spheh₁y-,,2,2350
[Polish] gono- [English] gon- [Spanish] gonococo [French] -gonie,*ǵónh₁os,,4,2351
[Armenian] գոմ [Georgian] გომი,*gʰom-,,2,2352
[English] coreopsis [Dutch] coreopsis,*(s)koris,,2,2353
[Sinhalese] ගෙය [Pali] geha [Dhivehi] ގެ [Khmer] គេហ៍,*gʰr̥dʰós,,4,2354
[Armenian] -ուն [Middle Armenian] -ուն,*-ono-,,2,2355
[French] Saône [English] suctorial [Polish] Saona,"*sewg-, *sewk-",,3,2356
[Middle Armenian] երէց [Armenian] երեց,*pre(y)sgʷu-,,2,2357
[Spanish] gilí [Caló] jil,*ḱelt-,,2,2358
[Classical Syriac] ܐܪܢܐ [Georgian] არნი,*h₁r̥sen-,,2,2359
[Classical Syriac] ܐܪܢܐ [Georgian] არნი,*h₂nrós,,2,2360
[Haitian Creole] lèt [Cebuano] letse [Central Huasteca Nahuatl] lechij,*ǵlákts,,3,2361
[Irish] roth [Scottish Gaelic] roth [English] Rosewarne,*Hróth₂os,,3,2362
[Irish] Lughaidh [Norwegian Bokmål] dekor [Norwegian Nynorsk] dekor,*déḱos,,3,2363
[English] Stansfield [English] Stanhope [English] Stanstead [English] Axton,*steyh₂no-,,4,2364
[Romanian] piez [Greek] πιάνω,*pisd-,,2,2365
[Scottish Gaelic] deimhinn [Irish] deimhin,*dʰéh₁mn̥,,2,2366
[German] Luv [Marshallese] kurob,*lāp-,,2,2367
[West Frisian] fjild [Saterland Frisian] Fäild,*pelth₂-,,2,2368
[Greek] γοητεία [Konkani] गाव्चे [Marathi] गाणे [Magahi] 𑂏𑂰𑂉𑂪 [Oriya] ଗାଇବା,*geH-,,5,2369
[French] pionnier [English] pezograph [Translingual] Peziza,*pesd-,,3,2370
[English] acromion [French] acromion [Spanish] acromion [Greek] ώμος,*h₃émōs,,4,2371
[Serbo-Croatian] čip [Serbo-Croatian] чип [Armenian] չիպ,*ǵeyb-,,3,2372
[German] scannen [Hungarian] szkennel [Finnish] skandeerata [Norwegian Bokmål] skanne [Norwegian Nynorsk] skanne,*skend-,,5,2373
[Romanian] forfeca [Aromanian] nfoarfic [Aromanian] furtichedz,*bʰrdʰ-,,3,2374
[Romanian] căsca [Aromanian] hascu,*ǵʰeh₁y-,,2,2375
[Middle Irish] derc [Scottish Gaelic] dearc [Khmer] ទ្រឹស្ដី [Middle English] torhte [Middle English] torhte [Pali] diṭṭhi [Sindhi] ڏسڻي [Thai] ทฤษฎี [Konkani] दिस्चे [Braj] दरसन [Pali] dassana [Hindi] दीठ [Kashmiri] दर्शुन,*derḱ-,,13,2376
[Middle Irish] derc [Scottish Gaelic] dearc,*dʰreh₂ǵ-,,2,2377
[Romanian] colastră [Aromanian] curastrã [Friulian] caiostre [Galician] costro,*ḱwel-,,4,2378
[Irish] uirbeach [Friulian] vermene [Translingual] Verbena [Esperanto] verbeno,*werbʰ-,,4,2379
[Bengali] পুরুষ [Telugu] పురుషార్థము [Old Hindi] पुरिष [Prakrit] 𑀧𑀼𑀮𑀺𑀰 [Kalasha] púruṣ [Ashokan Prakrit] 𑀧𑀼𑀮𑀺𑀲 [Prakrit] 𑀧𑀼𑀭𑀺𑀲 [Magahi] 𑂣𑂳𑂩𑂴𑂎 [Malayalam] പുരുഷൻ,*perh₃-,,9,2380
[Greek] πίσω [English] opisometer,*h₁opí,,2,2381
[Spanish] cenagoso [Spanish] ciénega [Spanish] cieno [Spanish] encenagado,*ḱweyn-,,4,2382
[Dutch] alant [English] inula,*Hish₂-,,2,2383
[English] hummel [English] hamble,*kem-,,2,2384
[Greek] δέσποινα [Greek] Δέσποινα,*déms pótnih₂,,2,2385
[Bengali] রীতি [Hindi] रीत,*h₃réyHtis,,2,2386
[Armenian] -ան [Middle Armenian] -ան,*-n̥to,,2,2387
[Irish] uaigneach [Scottish Gaelic] uaigneach,*h₂ewtos,,2,2388
[Bengali] যুক্ত [Albanian] çift [Turkish] çift [Urdu] جوتا [Hindi] जूता [Punjabi] ਜੁੱਤੀ [Bashkir] хәләл ефет [Assamese] জোতা [Sylheti] ꠎꠥꠔꠣ [Gujarati] જૂતું [Macedonian] чифт [Kazakh] жұп [Armenian] չիֆթ [Pali] yutta [Georgian] ჯუფთი [Oriya] ଜୋତା [Punjabi] جتی,*yugtós,,17,2389
[Bengali] রা [Punjabi] رولا [Bengali] রাই,*rew-,,3,2390
[Bengali] উষ্ণ [Marathi] ऊन [Burmese] ဥဏှဂူ [Konkani] हून [Old Marathi] उन्ह [Gujarati] ઊનું [Old Marathi] 𑘄𑘡𑘿𑘮 [Kashmiri] वुशुन,*wósHr̥,,8,2391
[English] Isère [French] Oise,*isərós,,2,2392
[Greek] εβδομήντα [Greek] εβδομήκοντα,*septm̥-ḱómt-h₂,,2,2393
[Irish] giall [Irish] giall [Scottish Gaelic] giall [Scottish Gaelic] giall,*gʰeystlo-,,4,2394
[Icelandic] geir [Norwegian Nynorsk] geir [Faroese] Geiri,*ǵʰays-,,3,2395
[Portuguese] panfleto [German] Pamphlet [Swedish] pamflett,*bʰil-,,3,2396
[Greek] σαράντα [English] tetracontagon,*kʷetwr̥̄ḱomt,,2,2397
[Hungarian] stíröl [Hungarian] stírol,*(s)táwros,,2,2398
[Greek] έως [Hindi] जितना [Ashokan Prakrit] 𑀬𑀣𑀸 [Prakrit] 𑀚𑀥𑀸 [Takka Apabhramsa] जिध [Hindi] जित [Prakrit] 𑀚𑀳 [Bengali] চাকুরী [Bengali] চাকুরি [Gandhari] 𐨩𐨯,*yós,,10,2399
[Irish] leamh [Scottish Gaelic] leamh,*h₃lemH-,,2,2400
[Greek] κήπος [Italian] cefo,*keh₂po-,,2,2401
[Latin] hebe- [Greek] ήβη [French] hébéphrène,*yēgʷeh₂,,3,2402
[Danish] kustode [English] skeuomorphism,*(s)kew-,,2,2403
[English] glochid [English] glochidium,*glōgʰ-s,,2,2404
[Translingual] Rynchops [Latin] brachyrhynchos [Translingual] Rhynchocoela [Latin] rhynchops [Translingual] Rhynchocephalia [Latin] brachyrhynchus [Translingual] Rhynchophorus [Translingual] Rhynchites [Translingual] Rhynchota [Translingual] Rhynchospora [English] rhyncho-,*srungʰ-,,11,2405
[Greek] κούφος [Greek] κούφιος,*kewbʰ-,,2,2406
[Luxembourgish] Fläch [Serbo-Croatian] fleha,*pl̥keh,,2,2407
[Guinea-Bissau Creole] rabu [Papiamentu] rabu [Kabuverdianu] rábu,*rap,,3,2408
[Galician] barbada [Galician] barbado [Greek] βαρβάτος,*bʰardʰéh₂tos,,3,2409
[Greek] λήθη [English] letheon,*léh₂dʰeh₂,,2,2410
[Hunsrik] Rei [Luxembourgish] Rei,*h₁reyk-,,2,2411
[English] kesar [Tibetan] གེ་སར [Thai] เกสร,*kéysero-,,3,2412
[English] roric [English] rorifluent [English] roral [Aromanian] aroauã [Aromanian] arauã,*h₁roseh₂,,5,2413
[Pali] hita [English] Barlaam,*ǵʰey-,,2,2414
[Esperanto] Saveno [Esperanto] Saŭeno,*smHon-,,2,2415
[Esperanto] Saveno [Esperanto] Saŭeno,*sm̥h₂ós,,2,2416
[Hindi] रोना [Shina] रोनॊ [Kannada] ರೋದಿಸು,*HrewdH-,,3,2417
[Galician] chus [Portuguese] chus,*plē-,,2,2418
[Afrikaans] slu [Afrikaans] slu,*(s)leuǵ,,2,2419
[Translingual] Echiura [Translingual] Echis,*h₁égʰis,,2,2420
[Icelandic] sess [Norwegian Bokmål] sess [Norwegian Nynorsk] sess,*sedtós,,3,2421
[Tok Pisin] sev [Punjabi] ਖੰਭਾ [Marathi] खांब [Hindi] खंभा,*skabʰ-,,4,2422
[Greek] ρώγα [Latin] Ragusia,*wreh₁ǵ-,,2,2423
[Greek] βόσκω [Greek] βοσκώ,*gʷeh₃-,,2,2424
[Georgian] დაღი [Gujarati] ડાઘો [Kannada] ದಹಿಸು [Shina] दयोनॊ [Hindi] दाग़ना,*dʰégʷʰeti,,5,2425
[Georgian] ქამარი [Greek] κεμέρι [Romanian] chimir,*kh₂m-ér-e-ti,,3,2426
[Georgian] ჯაყვა [Rajasthani] चक्कू [Bashkir] сүкеш [Nivkh] тяӄо,*keku-,,4,2427
[English] rhinopome [Translingual] Pomatomus,*poh₂mn̥,,2,2428
[Telugu] ధీరత్వము [Telugu] ధీరశంకరాభరణం [Hindi] धीरा,*dʰeyh₂-,,3,2429
[Greek] χέζω [English] -chezia,*ǵʰed-,,2,2430
[Hindi] मानना [Hindi] मनाना [ Bengali ] মানা [Ashokan Prakrit] 𑀫𑀦𑀢𑀺 [Marathi] मानणे,*mn̥yo-,,5,2431
[Bhojpuri] बर्खा [Hindi] बर्खा [Gujarati] વરસાદ [Bhojpuri] बरखा [Braj] बरखा [Tulu] ಬರ್ಸೊ [Assamese] বাৰিষা [Assamese] বৰষ [Khowar] بوۨشىک [Romani] briśind [Dhivehi] ވެހި,*h₁wers-,,11,2432
[Finnish] diggari [Sranan Tongo] diki,*dʰīgʷ-,,2,2433
[Uzbek] karam [Irish] cruimh [Indonesian] kermi [Oriya] କୃମି [Malayalam] കൃമി,*kʷŕ̥mis,,5,2434
[Welsh] pob [Scottish Gaelic] càch [Welsh] pawb,*kʷeh₂-kʷo-,,3,2435
[Greek] ομαλός [Greek] μαλώνω,*sem-h₂-lo-,,2,2436
[Translingual] Elodea [Hindi] सरोवर [Pali] saras [Old Marathi] सरा [Old Marathi] 𑘭𑘨𑘰 [Balinese] ᬲᬭ [Phalura] sáar [Kashmiri] سَر,*sélos,,8,2437
[English] manna croup [English] Kroupa,*krowpeh₂,,2,2438
[Latin] paurosaccharolyticus [English] paurometabolous [English] paurometabolism [Albanian] Palush,*péh₂uros,,4,2439
[Greek] -κτονία [Greek] -κτόνος,*tḱen-,,2,2440
[English] agnogenic [English] agnoprotein,*ǵn̥h₃sḱéti,,2,2441
[Translingual] polystachyon [Translingual] distachyon [Translingual] Stachys [English] agastache,*ste(n)gʰ-,,4,2442
[English] rackan [Middle English] rakente,*reǵ-,,2,2443
[English] scoto- [Italian] scoto-,*skh₃tos,,2,2444
[Norwegian Bokmål] sunn [Norwegian Nynorsk] sunn,*swen-,,2,2445
[Telugu] వాస్తుశిల్పి [Telugu] వాస్తుపూజ [Telugu] వాస్తుపతి [English] vastu,*h₂wóstu,,4,2446
[Serbo-Croatian] saugati [Serbo-Croatian] саугати,*seuḱ-,,2,2447
[Armenian] մայրի [Middle Armenian] մէրի,*meh₂teryeh₂-,,2,2448
[Armenian] բլբուլ [Macedonian] билбил,*bal-bal-,,2,2449
[Armenian] միրուք [Middle Armenian] միրուք,*smóḱwr̥,,2,2450
[Galician] fluír [Galician] posuír,*bʰlewH-,,2,2451
[Portuguese] -eu [Portuguese] -eu [Italian] -eo [Italian] -eo [Spanish] -eo [Spanish] -eo,*-e-,,6,2452
[Portuguese] -eu [Italian] -eo [Spanish] -eo,*-iH-,,3,2453
[Armenian] մունջ [Middle Armenian] մունջ,*munyo-,,2,2454
[Armenian] մունջ [Middle Armenian] մունջ [Greek] μουντός,*mundyo-,,3,2455
[Translingual] Arctostaphylos [English] staphylo-,*stebʰ-,,2,2456
[Translingual] Limonium [Greek] λειμώνας,*(s)leym-,,2,2457
[Irish] dobhar [Irish] dobhar,*dʰubʰrós,,2,2458
[Dutch] snuwen [Irish] snigh,*sneygʷʰ-,,2,2459
[Latin] tarandus [Translingual] Rangifer tarandus platyrhynchus,*ḱ(e)ren-tero-,,2,2460
[Classical Syriac] ܐܝܩܐ [Old Catalan] envides,*weḱ-,,2,2461
[Greek] ελαφρός [Armenian] լղար,*h₁ln̥gʷʰrós,,2,2462
[Esperanto] gluo [Kazakh] глутамин,*glóh₁ytn̥,,2,2463
[Low German] dörven [Low German] dröven [Russian] торопить [Greek] τέρπω,*terp-,,4,2464
[Middle French] effreer [Sranan Tongo] frede,*prāy-,,2,2465
[Cebuano] sekret [Guinea-Bissau Creole] sertu [Kabuverdianu] sertu,*krey-,,3,2466
[Ido] katetero [Konkani] नाथु [Marathi] नातू [Oriya] ନାତି,*-tḗr,,4,2467
[English] cluneal [Khowar] شرون,*ḱlównis,,2,2468
[Serbo-Croatian] šilt [Serbo-Croatian] шилт,*(s)keyt-,,2,2469
[Norwegian Nynorsk] heva [Norwegian Nynorsk] heve,*kh₂pyé-,,2,2470
[Norwegian Nynorsk] uer [Swedish] uer,*h₂óḱris,,2,2471
[English] allodapic [Old Spanish] lonninco [Old Spanish] prominco,*-n̥kʷo-,,3,2472
[Norwegian Bokmål] -sjon [Norwegian Nynorsk] -sjon [Romanian] -iune,*-yeti,,3,2473
[Khmer] សូរ [Hindi] सूर [Balinese] ᬰᬹᬭ [Indonesian] ambeksura,*ḱewH-,,4,2474
[English] Shukra [Dhivehi] ހުކުރު [Sinhalese] සිකුරාදා [Tocharian B] śukkär [Sindhi] शुक्रु [Kashmiri] श्वखुर [Kashmiri] 𑆯𑇀𑆮𑆒𑆶𑆫𑇀,*ḱuk-ró-s,,7,2475
[Hindi] रखना [Assamese] ৰাখা [Assamese] ৰখা [Assamese] ৰখা [Punjabi] ਰੱਖਣਾ [Magahi] 𑂩𑂰𑂎𑂪 [Marathi] राखणे [Varhadi] राखनं [Middle Gujarati] राखिवुं [Old Gujarati] राषिवउं,*h₂lékseti,,10,2476
[Hindi] रचना [Nepali] रच्नु [Marathi] रचणे,*rek-,,3,2477
[Tok Pisin] sagol [Norwegian Bokmål] sjakkel [Norwegian Nynorsk] sjakkel,*skeg-,,3,2478
[Hindi] हगना [Konkani] हाग्चे,*ǵʰéd-e-ti,,2,2479
[Thai] องศา [Balinese] ᬅᬗ᭄ᬰ [Indonesian] pangsa,*h₁ónḱos,,3,2480
[Pali] dosinā [Urdu] وبال دوش,*dowséh₂,,2,2481
[Hindi] -ना [Punjabi] -ਣਾ,*-onom,,2,2482
[Hindi] खाँसना [Assamese] কহা [Assamese] কাহা [Phalura] khuusíi [Oriya] ଖାସିବା,*kʷeh₂s-,,5,2483
[Thai] อโห [Punjabi] ਆਹੋ,*ehew,,2,2484
[Persian] واپسین [Turkish] peş,*pós,,2,2485
[Galician] ceibo [Galician] ceibe [Phalura] khilaí,*kéywelos,,3,2486
[Galician] ceibo [Galician] ceibe,*koyl-,,2,2487
[Kalasha] atrá [Prakrit] 𑀅𑀢𑁆𑀢 [Konkani] आता [Marathi] आता [Assamese] এতিয়া,*h₁e,,5,2488
[Old Gujarati] सूयडउ [Japanese] ハウる [Hindi] सुग्गा [Magahi] 𑂮𑂳𑂏𑂹𑂏𑂰,*kū-,,4,2489
[Latin] Siris [Russian] зига,*seykʷ-,,2,2490
[Gujarati] ગાંઠ [Hindi] गाँठ [Assamese] গাঁঠি [Marathi] गाठ [Phalura] ghreéṇḍ [Magahi] 𑂏𑂱𑂗𑂹𑂘𑂰 [Magahi] 𑂏𑂵𑂀𑂘 [Hindi] गठरी [Urdu] گٹھری,*gretH-,,9,2491
[Gujarati] વાવ [Konkani] बांय [Kannada] ಬಾವಿ,*weHp-,,3,2492
[Armenian] թաթավել [Armenian] թավալ,*tap-,,2,2493
[Westrobothnian] tȳnj [Westrobothnian] tȳnj,*tn̥gʰyéti,,2,2494
[Franco-Provençal] amusar [Mauritian Creole] amize,*mū-,,2,2495
[Tok Pisin] westim [Tok Pisin] westim [Japanese] ウエス [Japanese] ウエス,*wāsto-,,4,2496
[Telugu] వక్త్రము [Old Marathi] वगत्र [Old Marathi] 𑘪𑘐𑘝𑘿𑘨,*wókʷtlom,,3,2497
[Konkani] पुरो [Marathi] पुरे,*pl̥h₁ús,,2,2498
[English] Suchy [English] Suchy,*sh₂ewsos,,2,2499
[Luxembourgish] mëschen [Yola] ee-mixt,*meyḱ-,,2,2500
[Hindi] किरकिला [Assamese] কইৰ [Early Assamese] কৈৰা,*kerk-,,3,2501
[Hindi] जोंक [Assamese] জোক,*ǵelu-,,2,2502
[Hindi] मूंछ [Kannada] ಮೀಸೆ [Hindi] मसूड़ा [Marathi] मिशी [Hindi] मस [Bengali] শ্মশ্রু [Oriya] ମୁଛ [Malayalam] മീശ,*smoḱru,,8,2503
[Hindi] बसना [Assamese] বহ,*h₂wéseti,,2,2504
[Dutch] doks [Dutch] Dagobert Duck [German] Dagobert Duck,*dwōg-,,3,2505
[Marathi] झवणे [Konkani] झव्चे [Kalasha] žạ́wik,*h₃yébʰeti,,3,2506
[Konkani] आंत [Assamese] আঁত [Early Assamese] আন্ত [Vaghri] આંદરા,*h₁éntrom,,4,2507
[Hindi] नन्हा [Kannada] ಸಣ್ಣ [Konkani] लान [Marathi] लहान [Sindhi] سنهو [Urdu] ننھا,*sleg⁽ʷ⁾ʰ-,,6,2508
[Konkani] जाव [Marathi] जाऊ,*h₁yenh₂tēr,,2,2509
[Hindi] पसली [Gujarati] પાંસળી [Shina] प्रशु [Marathi] फासळी [Phalura] práašu,*pérḱus,,5,2510
[Gujarati] પાંપણ [Phalura] páam [Marathi] पाकळी [Hindi] पंखुड़ी [Urdu] پنکھڑی,*poḱsmn̥,,5,2511
[Punjabi] ਸੁਣਾਉਣਾ [Sylheti] ꠢꠥꠘꠣ [Romani] śunel [Oriya] ଶୁଣିବା,*ḱl̥néwti,,4,2512
[Esperanto] fringo [English] fringillaceous [English] fringilliform,*bʰereg-,,3,2513
[Thai] วิศวกรรม [Thai] วิศวกร,*(h₁)wiḱ-wo-s,,2,2514
[Hindi] काँख [Tamil] கட்சி [Garhwali] कख [Phalura] káac̣ [Kashmiri] کَژھ [Magahi] 𑂍𑂰𑂀𑂎 [Romani] khak [Malayalam] കക്ഷി,*kagʰ-,,8,2515
[Kalasha] hṍ.ik [Gujarati] હણવું,*gʷʰénti,,2,2516
[Shina] पश्योनॊ [Ashokan Prakrit] 𑀧𑀲𑀢𑀺 [English] -spect [Prakrit] 𑀧𑀸𑀲𑀇 [Phalura] páaša,*spéḱyeti,,5,2517
[Gujarati] સોહવું [Old Punjabi] ਸੋਹਿ,*ḱewbʰ-,,2,2518
[Translingual] Hedeoma [Translingual] Hedyotis,*sweh₂dús,,2,2519
[Translingual] Hedeoma [Translingual] Hedyotis,*sweh₂déwih₂,,2,2520
[Konkani] ताक [Marathi] ताक [Khmer] តក្ក,*ténkl̥-,,3,2521
[Cebuano] imahe [Tagalog] imahe,*aim-,,2,2522
[Italian] farnetto [English] Bereza,*bʰerHǵos,,2,2523
[Marathi] लंगडणे [Hindi] लँगड़ाना,*sleh₁g-,,2,2524
[Papiamentu] lomba [Kabuverdianu] lonbu,*lendhw-,,2,2525
[Guinea-Bissau Creole] friu [Kabuverdianu] friu [Papiamentu] friu [Papiamentu] friu [English] Frio County,*sriHgos-,,5,2526
[Gujarati] માંકડ [Gujarati] માકણ,*mot-,,2,2527
[Kabuverdianu] sinkuenta [Papiamentu] sinkuenta [Papiamentu] sinkuenta [Louisiana Creole French] sinkant,*penkʷēḱomt,,4,2528
[Cebuano] esmayl [Japanese] アルカイックスマイル,*smey-,,2,2529
[Norwegian Bokmål] klamre [Norwegian Nynorsk] klamre,*glem-,,2,2530
[Finnish] brändätä [Finnish] brändätä [Azerbaijani] brend [Azerbaijani] brend,*bʰrenu-,,4,2531
[Spanish] a full [Korean] 풀발,*plūno-,,2,2532
[Alemannic German] Täsche [Romanian] tașcă,*das-,,2,2533
[Indonesian] pertiwi [Sauraseni Prakrit] 𑀧𑀼𑀠𑀯𑀻 [Prakrit] 𑀧𑀼𑀳𑀯𑀻 [Old Kannada] ಪೊಡವಿ [Niya Prakrit] 𐨤𐨿𐨪𐨁𐨠𐨁𐨬𐨁,*pl̥th₂éwih₂,,5,2534
[Indonesian] bahtera [Malay] bahtera,*weǵʰitlom,,2,2535
[Kabuverdianu] kónxa [Papiamentu] koncha,*kongʰo-,,2,2536
[Kannada] ಹಬ್ಬ [Sholaga] ಹಬ್ಬ,*pérwr̥,,2,2537
[English] Pavuk [English] Pavuk [English] Pavuk,*h₂enkos,,3,2538
[Galician] esparexer [Catalan] espargir [Portuguese] espargir,*(s)pregʰ-,,3,2539
[Marshallese] diaka [Marshallese] diaka,*ḱroHs-,,2,2540
[Indonesian] zirah [Turkish] zırh,*ǵʰreh₁d-,,2,2541
[Bengali] অশনি [Phalura] áašuṇ,*aḱanā,,2,2542
[Scots] bourach [Scots] boorach,*bhergh-,,2,2543
[Phalura] dáand [Dhivehi] ދަނަ,*dʰanu-,,2,2544
[Norwegian Bokmål] flein [Icelandic] fleinn,*pleyn-,,2,2545
[Tamil] நிவசதி [Magahi] 𑂢𑂱-,*(h₁)ni,,2,2546
[Kashmiri] ژَتجِہہ [Dhivehi] ސާޅީސް,*kʷetwr̥h₁ḱomt,,2,2547
[Kashmiri] پَنٛژاہ [Konkani] पन्नास [Niya Prakrit] 𐨤𐨎𐨕𐨭,*pénkʷedḱomt,,3,2548
[Kashmiri] سَتَتھ [Punjabi] ਸੱਤਰ,*septḿ̥h₁ḱomt,,2,2549
[Kashmiri] نَمَتھ [Dhivehi] ނަވައި,*h₁néwn̥h₁ḱomt,,2,2550
