input,output,meaning,num_cognates,cognate_set_id
[pas] tor [sar] tor,*temH-,,2,9
[lit] šáltas [fas] sard [wak] sʉr [prg] salta [kur] sar [kho] sāḍa- [par] sard [lat] solts [kum] sard [yag] sōrt [bak] sard [sog] sart [maz] sard [del] særd [lar] sard [bal] sard [kur] sard [haw] sard [kur] sard [khw] sard [mid] sard [kur] sārd,*k̑elH-,,22,14
[pas] ratlal,*tekʷ-,,1,15
"[hyw] meṙnil [hye] meṙnel [ben] mārā yāoẏā [bul] umra [bel] pamercì [cat] morir [ces] umřít [fra] mourir [hin] maranā [ita] morire [kas] maron [lad] morì [lit] (nu)mir̃ti [sor] wumrěś [sor] wumrěć [mac] umre [mar] maraṇe [nep] marnu [fas] mordan [pol] umrzeć [por] morrer [rus] umeret' [sar] morrere [sar] mórrere [hbs] umrijeti [sin] mærenavā [slo] zomrieť [slo] umreti [spa] morir [ukr] umerti [wak] mirit [wal] mori [mai] maranā [san] mr̥- [chu] umrěti [lav] (no)mirt [lat] morī [urd] marnā [kur] dɨmɨrit [fri] murî [ave] miriiete [oss] mælyn [oss] mælun [xcl] meṙanim [old] amariyatā [mag] maranā [bho] maranā [pal] marati [mid] meruell, meruel [kho] mīḍe [pol] marĕ [kas] ùmrzec [mid] mīrēd [par] mīrēd [yag] mir- : mírak [lat] nūmiert, miert [ron] muri [nea] murì [old] morir [ang] morir [fra] mwi [old] morir [cym] marw [bre] merwel, marw- [bre] merwel, marw- [pal] máara [old] umrzeć [mid] marw [old] umřieti [old] mertvyi [rus] u̯mértɪ [mac] umìram [mac] umìram [slo] umreti [slo] vmréti [bac] mir [sog] mirti [bak] mordak [pun] marnā [old] morir [khw] amiyeda [old] morir [meg] muríri [ass] môri jûwā [gaw] mik [kho] brik [tat] mömöre [del] mimerge [lar] amere [kum] tumra [kur] amrıt [haw] mamro [bal] dārī merīd [pas] mrral [kur] mırē [raj] ạmire [gaw] märūg [maz] miyarne [dal] morár [sar] mewg [mid] merwel [lat] merwall [por] morrer [vâs] o-mo- [pas] muṛtu [kam] mř′e- [kât] mř′e- [kât] mř′e- [kal] mrẽ- [kur] a-mr-ē [mil] murì",*mer-,,111,18
"[hyw] šun [hye] šun [dan] hund [nld] hond [far] hundur [fle] hond [fra] chien [fri] hûn [deu] Hund [isl] hundur [ita] cane [kas] hoon [lad] cian [lit] šuõ [por] cão [nob] hund [sar] cane [sar] cane [swe] hund [wal] tchin [hit] kuu̯an- / kun- [xto] ku [txb] ku [grc] kýōn [lat] canis [prg] sunis [lav] suns [gae] cù [lux] Hond [san] śvā́ [fri] cjan [ave] span [sga] cú [xcl] šown [xlu] suwani- [fas] sag [gau] cuno- [old] hunder [pal] suṇa [mid] qui, quy [gre] ku-na-* [kho] śve [wak] šač [gre] kynárion [mid] sag [par] ispag [lat] suņs [ron] câine [nea] cane [old] chien [ang] chen [fra] shin [old] can [bre] ķi [bre] ki [cym] ci [mid] ci [kum] saġ [deu] Hung [tat] asbe [bak] sag [del] sæg [lar] sag [old] can [meg] cắni [old] ca [pas] spe [raj] esbạ [dal] kuọṅ [goh] hunt [mid] hunt [ang] hund [old] hund [mid] hont [old] hundr [got] hunds [mid] ky [lat] kei [gaw] ṣunaa [pas] šiing [nor] hund [kal] ćũ [kur] saw [mil] can",*k̑u̯ón-,,84,21
"[hye] jow [bul] âjce [bel] âjka [cat] ou [ces] vejce [dan] æg [nld] ei [far] egg [fle] ei [fra] oeuf [deu] Ei [ell] aygó [isl] egg [gae] ubh [ita] uovo [lad] uef [sor] jajo [sor] jejo [mac] ǰaǰce [pol] jajko [por] ovo [nob] egg [rus] âjco [sar] ou [sar] óu [hbs] jaje [slo] vajce [slo] jajce [spa] huevo [swe] ägg [ukr] âjce [wal] oû [lat] ōuum [chu] aice [lux] Ee [grc] ō̧ón [gae] ugh [fri] ûf [fri] aai [sga] og [xcl] jow [kur] hēk [aln] vo [oss] ajk [oss] ajkɜ [sqi] ve(zë) [ave] aēm [gae] ooh [elf] egg [old] äg [mid] uy, üi, vy, vuy [kho] āha [gre] ō̧ón [pol] joji [kas] jôjkò [mid] xāyag [gre] afkón [gre] ōvó(n) [gre] ōv(g)ó [gre] aggouó [ron] ou [nea] uovo [old] uef [ang] oef [fra] oua [old] (h)uevo [bre] ui [bre] u (ui) [cym] wy [old] jajce, jejce, jaje, jajko [mid] wy [old] vajce [old] jaice [kum] xāyg [rus] jajcé [mac] icè [mac] icè [slo] jajce [slo] jeize [deu] Ei [del] χɒg [lar] xow [kur] helka [bal] āmorg [tat] karxā [old] uou [alb] ve [old] ou [khw] yāk [pas] agai [kur] xā [haw] hēła [meg] ou̯ [dal] juv [goh] ei [mid] ei [ang] ǣġ [old] ei [mid] ei [old] egg [mid] oy [lat] oi [nor] egg [por] ovo [mil] öf [kur] hilka",*h₂ōu̯ió-,,106,28
[pas] starga,*h₂ster-,,1,29
[aln] pesë [hyw] hing [hye] hing [ben] pām̐c [bul] pet [bel] pâc′ [cat] cinc [ces] pět [dan] fem [nld] vijf [eng] five [far] fimm [fle] vyf [fra] cinq [fri] fiif [deu] fünf [ell] pénte [hin] pāñca [isl] fimm [gae] cúig [ita] cinque [kas] paantsh [lad] cinch [lit] penkì [sor] pěś [sor] pjeć [mac] pet [mar] pāca [nep] pāñca [fas] panǧ [pol] pięć [por] cinco [nob] fem [rus] pât' [sar] kimbe [sar] cinku [hbs] pet [sin] paha [slo] päť [slo] pet [spa] cinco [swe] fem [ukr] pât′ [wak] panʒ [wal] cinq' [xto] päñ [txb] piś [grc] pénte [lux] fënnef [mai] paṅc [urd] pānc [san] páñca [chu] pętĭ [lav] pieci [lat] quīnque [gae] còig [fri] cinc [ave] paṇca [sga] cóic [oss] fonʒ [oss] fonʒ [xcl] hing [osc] púmpe* [umb] pumpe-* [gau] pempe [sqi] pesë [elf] fem [old] fäm [pal] pañca [mag] pāṅc [mid] pemp [kho] paṃjsa [gre] pénte [pol] pąt [kas] piãc [mid] panz [kur] pēnž [par] panž [gre] pénte [gre] pénte [yag] panč [gre] pénte [gre] pénte [pal] páanǰ [bho] pāñci [lat] pīci [ron] cinci [nea] cinque [old] cinq [ang] cinc [old] cinco [bre] pemp [bre] pemp [cym] pump [gae] queig [fra] fin [old] pięć [mid] pump [old] pimp [kum] panj [old] pět [old] pętĭ [rus] p′jat′ [mac] p′èt′ [mac] p′èt′ [slo] pet [slo] pèt [bak] payn [bac] panzo [deu] füüf [tat] payn [sog] panč [maz] panj [del] pænd͡ʒ [lar] panj [kur] panj [bal] panǰ [old] cinq [meg] țínț [khw] panc [alb] pesë [old] cinc [kho] ponǰ [gaw] pants [pas] pinza [haw] panj [kur] panj [raj] payn [gaw] panǰ [dal] čeṅk [goh] fimf [sar] pindz [old] fīf [mid] fünf [ang] fīf [old] fîf [mid] vijf [old] fimm [got] fimf [pun] paⁿj [mid] pymp [lat] pemp [nor] fem [por] cinco [vâs] v′uč [pas] paanǰə [ass] pām̐s [mil] cinch [kam] p′uč [kât] p′uč [kât] p′uč [kal] pũč [saṇ] p′õć [kur] panj,*pénkʷe,,154,39
[bul] m″gla [ces] mlha [fle] mist [mac] magla [fas] meh [pol] mgła [hbs] magla [slo] hmla [slo] megla [chu] mĭgla [nld] mist [lav] migla [grc] omíchlē [oss] miǧ [oss] meǧæ [xcl] mēg [hyw] mēg [pal] mahikā [gre] omíchlē [pol] ḿåglă [kas] mgła [kur] mɨž [san] míh- [lat] mygla [par] nizmān [old] mgła [old] mhla [mac] mъ̀ŋgla [mac] mъ̀ŋgla [sin] mīduma [slo] megla [slo] magla [sog] mēγ [maz] meh [bak] meh [del] meh [bal] meh [kur] tamūmež [mid] mēγ [haw] tam u miž [ang] mist [wak] migh [kam] m′e [kât] m′e [kât] m′e [kur] mɨž,*h₃mei̯gʰ-,,46,42
"[aln] katër [hyw] čʿors [hye] čʿors [ben] cār [bul] četiri [bel] čatyry [cat] quatre [ces] čtyři [dan] fire [nld] vier [eng] four [far] fýra [fle] vier [fra] quatre [fri] fjouwer [deu] vier [ell] téssera [hin] cāra [isl] fjórir [gae] ceathar [ita] quattro [kas] tsɔɔr [lad] cater [lit] keturì [sor] styri [sor] štyri [mac] četiri [mar] cāra [nep] cāra [fas] čahār [pol] cztery [por] quatro [nob] fire [rus] četyre [sar] cuátro [hbs] četiri [sin] hatara [slo] štyri [slo] štiri [spa] cuatro [swe] fyra [ukr] čotiri [wak] cabʉr [wal] cwate [gae] ceithir [xto] śtwar [txb] śtwer [lat] quattuor [lux] véier [lav] četri [chu] četyre [san] catvā́raḥ [urd] cār [mai] cār [grc] téttares [fri] cuatri [sga] cethair [ave] caϑβar [xcl] čʿors [osc] pettiur [umb] petur- [gau] petuar [oss] cyppar [oss] cuppar [sqi] katër [bho] chāri [old] fiurir [elf] fyra [pal] catur [mag] cār [gre] qe-te-ro- [mid] peuar, peuoar [kho] tcahora [gre] téssares [old] petguar [pol] citĕr [kas] sztërë [mid] čahār [kur] čar [par] čafār [gre] tésseris [gre] tésseroi [yag] tufṓr [gre] tessároi [gre] téssera [lat] četri [nea] quatto [old] catre [ang] quatre [fra] katro [old] cuatro [ron] patru [bre] pwar, pider [bre] pewar [cym] pedwar [gae] kiare [pal] čúur [sar] báttoro [old] cztyrzy [mid] pedwar [old] petguar [kum] čār [old] čtyřie [old] četyre [rus] čotώrɪ [mac] čètir [mac] čètri [slo] štiri [slo] ṡhtiri [bac] sofaro [deu] vier [tat] čāhār [sog] čtfār [maz] čār [bak] čār [del] t͡ʃɒr [lar] čār [kur] čʷār [old] quatre [meg] pátru [alb] katër [khw] cfār [old] quatre [kho] čoor [gaw] tsur [pas] ssalor [haw] čwār [kur] čwār [raj] čạr [gaw] čōr [goh] fior [sar] cavur [old] fiuwer [mid] vier [ang] fēower [old] fiuuuar [mid] vier [old] fjórir [got] fidwor [pun] cār [mid] peswar [lat] padzhar, pager [nor] fire [por] quatro [vâs] čp′u [pas] čor [ass] sāri [kam] št′o [kât] štav′o [kât] štav′o [kal] čatâ [saṇ] ćât′âː [kur] čwār [mil] quàtar","*kʷetu̯or-, *kʷ(e)tu̯r̥-, *kʷ(e)tur-",,154,44
[hin] sira [fas] sar [san] śíraḥ [kur] ser [urd] sir [ave] sarah [oss] sær [oss] sær [pal] sira [gre] ka-ra-a-pi [mid] sar [par] sar [bho] sir [pal] ṣiṣ [yag] sar [kum] sar [bac] saro [sog] sari [bak] sar [del] sær [bal] sar [kur] sar [pun] sir [khw] sarxōt [kur] sar [haw] sara [pas] sar [aln] krye [alb] krietë [vâs] ǰ′i [kur] sar,*k̑er-,,31,53
[pas] aoredal,*ser-,,1,54
"[bul] živeâ [bel] žyc′ [fra] vivre [ell] zō [hin] jīnā [gae] bí beo [ita] vivere [lad] vive [lit] gyvénti [mac] živee [nep] jiunu [fas] zendegī kardan [por] viver [rus] žit' [hbs] živjeti [sin] jīvat venavā [slo] živeti [spa] vivir [wal] viker [xto] śoṣ [txb] śaiṃ [grc] záō [mai] jīnā [urd] jīnā [kas] zində rozon [chu] žiti [prg] giwīt [lav] dzīvot [lat] uīuere [gae] bi beò [san] jīv- [fri] vivi [cat] viure [sga] is béo [ave] juuaiti [xcl] keam [old] jīva [pal] jīvati [mid] beuaff, befaff [pol] żyć [ukr] žiti [slo] žiť [ces] žít [sor] žiwy być [sor] žywy byś [kho] jūtä [gre] záō [pol] zaivĕ [kas] żëc [mid] zīwēd [kur] dɨžit [par] žīwēd [osc] bivus [gre] žō [gre] zō [gre] zō [gre] tzī́ō [lat] dzeivuot [old] vivre [ang] vivre [old] vivir [sar] bivvire [sar] bívere [bho] jīnā [pal] ǰáandu hóonsa [gae] ve bio [bre] béwã, béw- [bre] biwein, biw- [cym] byw [old] żyć [mid] byw [old] žíti [old] žiti [rus] žɪ́tɪ [mac] živòvam [mac] žuwòwam [yag] žū- [slo] živeti [slo] ẛhivéti [mid] bewa [lat] beua [bac] zo [sog] žūt [old] vioure [khw] zīweda [old] viure [gaw] zenta darik [kho] žunu asik [bak] zende bidak [del] zendæ:n [lar] zendegi aku [pas] jwande [gaw] ǰan därūg [raj] jidạ [dal] vívar [pun] jiūṇā [meg] ǵiíri [por] viver [pas] zundu aa [kam] ǰ′üa- [kât] ǰav′e- [kal] ǰẽta ti- [kur] zɨndɨgi a-k(a) [mil] vìf",*gʷi̯eh₃-,,104,72
"[bul] m″ž [bel] mužčyna [ces] muž [nep] mānche [pol] mężczyzna [rus] mužčina [sin] minisā / minihā [chu] mǫžĭ [slo] muž [kas] mohnyu [hbs] muškarac [sor] muž [sor] muski [mac] maž [bho] manai [pal] míiš [old] mąż, mężczy(z)na [old] muž [old] mužĭ [mac] mъ̀nč [mac] mъ̀nč [slo] moški [slo] moški [slo] moṡh [ass] mānuh [gaw] maanuṣ [kho] mooš [gaw] mīš [kât] mânš′a [kal] muša",*men-,,30,76
[fas] gūšt [kur] gušt [kho] ggūśta [kum] gōšt [tat] gušt [maz] gušt [bak] gušt [del] guʃt [lar] gušt [bal] gōšt [kur] gošt [haw] gošt [kur] gūšt [raj] guš [pas] ghwakha [sar] geekht [kur] gūšt,*gʷou̯-,,17,78
"[bel] gara [ces] hora [sor] góra [sor] hora [pol] góra [rus] gora [slo] gora [ukr] gora [san] giríḥ [chu] gora [ave] gairi [kho] ggarä [pol] ďöră [kas] góra [yag] ɣar [old] góra [old] hora, hóra [old] gora [rus] ɣorá [slo] hora [slo] gora [slo] gora [bac] garo [sog] γari [khw] γaricik [pas] ghar [sar] qir",*gʷerH-,,27,80
"[aln] êmën [hyw] anown [hye] anown [ben] nām [bul] ime [bel] ìmâ [cat] nom [ces] jméno [dan] navn [nld] naam [eng] name [far] navn [fle] naem [fra] nom [fri] namme [deu] Name [ell] ónoma [hin] nāma [isl] nafn [gae] ainm [ita] nome [kas] naw [lad] inom [sor] mě [sor] mjeno [mac] ime [mar] nāva [nep] nāum̐, nāma [pol] imię [por] nome [nob] navn [rus] imâ [sar] nomene [sar] númene [hbs] ime [sin] nama [slo] meno [slo] ime [spa] nombre [swe] namn [ukr] ìmâ [wak] nung [wal] nom [chu] imę [hit] lāman [xto] ñom [txb] ñem [lat] nōmen [grc] ónoma [mai] nam [san] nā́ma [kur] nav [urd] nām [prg] emmens [lux] Numm [fri] non [ave] nāman [sga] ainm [oss] nom [oss] nom [xcl] anown [old] nāman [osc] numneís [umb] numem [xlu] ataman- [gau] anuana [sqi] emër [mag] nām [gae] ennym [old] anu [old] namn [elf] nammen [pal] nāma [mid] hanu, hano, hanou, hanoff [fas] nām [kho] nāma [gre] ónoma [pol] jaimą, jaimă [kas] jimiã [mid] nām [par] nām [gre] ónoman [gre] ónoma [gre] nóma [gre] ónoma(n) [ron] nume [nea] nomme [old] nom [ang] nom [fra] non [old] nomne, nombre [pal] nóo [yag] nōm [gae] ainm [bre] ano [bre] hanw [cym] enw [bho] nām [old] imię [mid] enw [old] jmě [old] imę [rus] ɪmn′á [kum] nām [mac] ìm′ḁ [mac] ìm′ḁ [slo] ime [slo] imè [bac] namo [deu] Name [ass] nām [pun] nāⁿ, nām [tat] nom [sog] nām [maz] num [bak] num [lar] nom [bal] nām [kur] nāw [old] noum [meg] númi [old] nom [gaw] naam [pas] noom [haw] nāmē [kur] nām [khw] nāmik [gaw] nām [kho] nam [dal] nam [goh] namo [sar] num [old] noma [mid] name [ang] nama [old] namo [mid] name [old] nafn [got] namo [mid] hanow [lat] hanou, hanaw [nor] namn [por] nome [vâs] n′am [pas] nomə [kam] n′om [kât] n′om [kât] n′um [kal] nâm [kur] nāw [mil] nòm",*Hneh₃-mn̥,,151,82
[kur] teng [par] tang [mid] tang,*temk-,,3,83
"[hyw] nor [hye] nor [ben] natun [bul] nov [bel] novy [cat] nou [ces] nový [dan] ny [nld] nieuw [eng] new [far] nýggjur [fle] nieuw [fra] nouveau [fri] nij [deu] neu [hin] nayā [isl] nýr [gae] nua [ita] nuovo [kas] now [lad] nuef [lit] naũjas [sor] nowy [sor] nowy [mac] nov [mar] navīna [nep] nayām̐ [pol] nowy [por] novo [nob] ny [rus] novyj [sar] nou [sar] nóu [hbs] nov [slo] nový [slo] nov [spa] nuevo [swe] ny [ukr] novij [wal] novê [hit] nēu̯a- [xto] ñu [txb] ñuwe [grc] néos [lat] nouus [chu] novŭ [prg] nawans [lux] nei [san] náva- [urd] nayā [mai] nab [kur] ni [fri] gnûf [ave] nauua [sga] nue [oss] nog [oss] næwæg [xcl] nor [gau] nouiios [gae] noa [old] nouuid [old] nouid [elf] ny [old] nyr [pal] nava [gre] ne-wo [mid] neuez, nevez [kho] nūvarä [xlu] nāu̯a/i- [fas] naw [pol] nüvĕ [kas] nowi [mid] nōg [par] nawāg [umb] nuvis [yag] náwa [ron] nou [nea] nuovo [old] novel [ang] noef [fra] nuvo [old] nuevo [bre] neweż [bre] nëwiż [cym] newydd [gre] néos [mag] nayā [bho] nayā [pal] náawu [old] nowy [mid] newyd [old] nový [old] novyi [rus] novώj [kum] nō [mac] nòf [mac] nòf [slo] nov [slo] nov [bac] nōgo [deu] nöi [ass] nôtun [pun] navāⁿ [tat] nu [sog] nawi [maz] nu [bak] naw [del] now [lar] now [bal] nōkēn [old] nouveou [meg] nou̯ [khw] nǝwik [old] nou [gaw] nunga [kho] nooɣ [pas] nawe [kur] nū [gaw] näm [dal] nuf [goh] niuui [sar] neej [old] nī [mid] niuwe [ang] nīwe [old] niuuui [mid] nieuwe [old] nýr [got] niujis [mid] nowyth [lat] noueth [por] novo [vâs] in′ü [pas] nongu [kam] nu·′ĩ [kât] nu·′i [kât] n′ui [kal] nuŋa [mil] nöf [nor] ny",*neu̯-,,140,86
[fas] šab [kur] šev [oss] æxsæv [oss] æxsævæ [old] xšap [ave] xšap [kho] ṣṣava [san] kṣáp [hit] išpant- [mid] šab [par] šab [yag] xišáp [kum] šaw [bac] xabo [sog] xšapa [tat] šo [maz] šu [bak] šaw [del] ʃow [lar] šow [bal] šap [kur] šaw [kur] šaw [haw] šawē [khw] ǝxxiba [pas] shpa [raj] šaʋe [sar] khob [kho] čhui [kur] šaw,*k⁽ʷ⁾sep-,,30,87
"[ben] ek [bul] edin [bel] adzìn [cat] un [ces] jeden [dan] en [nld] een [eng] one [far] ein [fle] een [fra] un [deu] ein [hin] eka [isl] einn [gae] aon [ita] uno [kas] akh [lad] un [lit] víenas [sor] jaden [sor] jedyn [mac] eden [mar] eka [nep] eka [fas] yek [pol] jeden [por] um [nob] en [rus] odin [sar] unu [sar] unu [hbs] jedan [sin] eka [slo] jeden [slo] en [spa] uno [swe] en [ukr] odin [wak] yiw [wal] on [kur] ēk [mai] ek [urd] ek [san] éka- [chu] jedinŭ [prg] ains [lav] viens [lux] een [lat] ūnus [fri] un [sga] óen [oss] iw [oss] ew [ave] aēuua [old] aiva [gae] un [old] unan, un [fri] ien [old] un [bho] ego [gau] oino- [elf] ien [old] en [pal] eka [mid] un, vn, unan, vnan [pol] jadån [kas] jeden [mid] ēw [par] ēw [yag] ī [lat] vīns [ron] unu [nea] uno [old] un [ang] un [fra] on [old] uno [mag] ek [pal] áak [gae] aon [bre] ûn, unan [bre] inon [cym] un [old] jeden, jaden [mid] un [old] jeden [old] odinŭ [rus] odɪ́n [mac] idìn [mac] idìn [slo] en [slo] eden, en [bac] iōgo [deu] eis [ass] ek [pun] ikk [tat] i [sog] ēw [maz] yek [bak] yek [del] jek [lar] yak [bal] yak [kur] yak [old] un [meg] un [khw] ēw [old] un [gaw] yak [pas] yao [haw] yak [kur] yak [raj] i [gaw] äk [kho] i [dal] joi̯n [goh] ein [sar] iw [old] ēn [mid] ein [ang] ān [old] ên [mid] een [old] einn [got] ains [mid] onen [lat] idn [nor] ein [por] um [pas] ii [kam] ′ev [kât] ′ev [kât] ′ev [kal] ev [saṇ] ′âc̣ [kur] yak [mil] vün",*Hoi̯-,,137,91
[fas] kešīdan [wak] xaṣ̌- [ave] karǝšǝṇti [mid] karšēd [kur] dkēšit [yag] xaš- [sog] xaršt [bak] kešid [kum] tkēša [del] mikeʃe [lar] akeše [maz] kašene [kur] akešıt [bal] dārī kaššīt [tat] mekaše [haw] makēšoš [kur] kīšē [raj] ạkeše [khw] xāššeda [pas] rakhkal [pas] kaš kataau [vâs] -kṣ- [kam] kṣ′oa- [kât] kṣ′o- [kur] a-kīš-ē,*kʷels-,,25,95
[wak] drav- [kur] dɨdɨrit [kur] adūrıt [kur] dürınē [sar] inceevd [kur] a-dür-ē,*?*derbʰ-,,6,114
[fas] tīz [wak] təɣ̌d [nep] tīkho [mai] tejgar [san] tigmá- [oss] cyrǧ [oss] cirǧ [mid] tēz [par] *tēž [pal] tikkha [pal] tíiṇu [kum] ṭēẓ [sog] tǝrγi [maz] tiz [bak] tiz [raj] tiz [del] tiz [lar] tiz [bal] tez [tat] tiz [kur] tiž [kur] tež [kur] tēž [haw] tēž [pas] tera [ave] tižinauuaṇt [khw] čiγr [gaw] tīn [sar] teyz [pun] tikkhā [kho] tukhunu [kur] tēž,*(s)tei̯g-,,32,115
[hit] kappi- / kappai-,*kemb-,,1,121
[ben] dhom̐ẏā [bel] dym [cat] fum [fra] fumée [hin] dhuāṁ [gae] deatach [ita] fumo [kas] daeh [lad] fum [lit] dū́mai [sor] dym [mar] dhūra [nep] dhuvā [fas] dūd [pol] dym [por] fumo [rus] dym [sar] fumu [sar] fumu [hbs] dim [sin] duma [slo] dym [slo] dim [spa] humo [ukr] dim [wak] ðit [wal] foumîre [mai] dhuāṅ [san] dhūmáḥ [chu] dymŭ [lat] fūmus [hit] tuḫḫuu̯ai- / tuḫḫui- [urd] dhuān [kur] dikel [prg] dumis [lav] dūmi [fri] fum [gae] jaagh [sga] dé [pal] dhūma [kho] dumä [pol] dåim [kas] dim [mid] dūd [par] dūd [mag] dhuṅā [pal] dhuumíi [lat] dyumi [ron] fum [nea] fummo [old] fumee [ang] fumee [fra] fmihe [old] fumo [bho] dhuāṁ [old] dym [old] dým [kum] dūr [rus] dωm [slo] dim [slo] dim [old] fum [meg] fum [old] fum [gaw] dum [ass] dhûm̐wā [pun] dʰūⁿāⁿ [gaw] dīmī [pas] diim [maz] di [bak] di [raj] düd [del] di [lar] diz [bal] dūt [kur] dü [tat] dev [kur] dūkaɫ [haw] dūkał [pas] looge [khw] δūd [sar] dheed [por] fumaça [vâs] ül′üm [kam] d′üm [kât] di′um [kât] di′um [kal] düm [saṇ] d′uːm [mil] füm [kur] dükaḷ,*dʰu̯eh₂-,,91,123
"[ben] tārā [cat] estel [dan] stjerne [nld] ster [eng] star [far] stjørna [fle] ster [fra] étoile [fri] stjer [deu] Stern [ell] astéri [hin] tārā [isl] stjarna [ita] stella [kas] taarokh [lad] steila [mar] tārā [nep] tārā [fas] setāreh [por] estrela [nob] stjerne [sar] istella [sar] isteddu [sin] taruva [spa] estrella [swe] stjärna [wak] stor [wal] steûle [hit] ḫašter(a)- [xto] śre [txb] ściriye* [san] (s)tar- [urd] tārā [mai] tārā [grc] astḗr [kur] stēr [hye] astł [lux] Stär [lat] stēlla [fri] stele [ave] star [oss] st'aly [oss] st'alu [xcl] ɑstł [gau] stir- [old] sterenn [old] sseren [elf] stienna [old] stiärna [pal] tārakā [mag] taregan [hyw] astł [mid] sterenn, steren [kho] stārai [gre] astḗr [mid] istar [par] astārag [gre] ástron [gre] ástro [gre] ástro(s) [gre] áštros, áštro(n) [nea] stella [old] estoile [ang] esteille [fra] étaila [old] estrella [ron] stea [pal] tóoru [bre] stered [bre] stired, stiredenn [cym] seren [mid] seren [kum] stārg [yag] sitṓra [deu] Stärn [old] estella [meg] ste̯áu̯ă [old] estela [gaw] taara [pun] tārā [gaw] tār [khw] ǝstārik [sog] stārē [pas] store [pas] staaru [maz] setare [bak] āstāre [raj] estạrạ [del] setɒre [lar] setāra [bal] estār [tat] āsteriye [kur] ḥasāra [kur] awsāra [haw] hasāra [dal] stala [goh] stern [sar] khturj [old] stera [mid] sterne [ang] steorra [old] sterro [mid] sterre [old] stjarna [got] stairno [lat] sterran, steran [nor] stjerne [por] estrela [vâs] išt′ik [ass] tôrā [kam] řâšt′o [kât] řušt′o [kât] št′o [saṇ] ist′ẫ [kur] hasāra [mil] stèla",*h₂ster-,,116,131
"[aln] tre [hyw] erekʿ [hye] erekʿ [ben] tin [bul] tri [bel] try [cat] tres [ces] tři [dan] tre [nld] drie [eng] three [far] tríggir [fle] drie [fra] trois [fri] trije [deu] drei [ell] tría [hin] tīna [isl] þrír [gae] trí [ita] tre [kas] trɛ [lad] trei [lit] trỹs [sor] tśi [sor] tři [mac] tri [mar] tīna [fas] seh [pol] trzy [por] três [nob] tre [rus] tri [sar] tres [sar] tres [hbs] tri [sin] tuna [slo] tri [slo] tri [spa] tres [swe] tre [ukr] tri [wak] truy [wal] treûs [hit] tēri- [xto] tre [txb] trai [grc] treĩs [nep] tīna [mai] tīn [urd] tīn [san] tráyaḥ [chu] trije [lav] trīs [lux] dräi [lat] trēs [gae] trì [fri] trê [ave] ϑraii [sga] trí [oss] ærtæ [oss] ærtæ [xcl] erekʿ [xlu] *tarri(i̯a)- [osc] trís [umb] trif [gau] tri- [sqi] tre [bho] tíni [elf] tri [old] þrir [pal] tayo [kho] drai [mid] tri, try m. [gre] treĩs [pol] tåri [kas] trzë [mid] sē [kur] sē [par] hrē [gre] treis [yag] tiráy [gre] tría [gre] treis [gre] treí [lat] treis [ron] trei [nea] tre [old] trois [ang] treis [fra] trai [old] tres [pal] tróo [mag] tīn [gae] three [bre] tri [bre] tri, tèr [cym] tri [old] trzy [mid] tri [old] tri [old] třie [old] trije [kum] sō [rus] trɪ [mac] trì [mac] trì [slo] tri [slo] try [old] tri* [bac] uarēio [deu] drüü [sog] šē [bak] se [del] se [lar] se [bal] say [kur] se [old] tres [meg] trei̯ [alb] tri [old] tres [kho] troi [gaw] ɬe [gre] ti-ri-* [ass] tini [pun] tiⁿn [gaw] ɬā [khw] šē [pas] dri [pas] tra [raj] se [kur] sē [haw] yare [dal] tra [goh] thrī [sar] ’aroy [old] thrē [mid] drî [ang] þrīe [old] thria [mid] drie [old] þrír [got] þrija [mid] try; teyr [lat] trei [nor] tre [por] três [vâs] tč′i [kam] tr′e [kât] tr′e [kât] tr′e [kal] tre [saṇ] tr′a [kur] sē [mil] tri",*trei̯-,,156,146
[san] kṣip- [pal] khipati,*?*k⁽ʷ⁾su̯ei̯bʰ-,,2,147
[fas] deraxt [mid] draxt [tat] deraxt [bak] derax [del] deræχt [bal] draxt [raj] darax [haw] draxt,*dregʰ-,,8,151
"[aln] dy [hyw] erkow [hye] erkow [ben] dui [bul] dva [bel] dva [cat] dos [ces] dva [dan] to [nld] twee [eng] two [far] tveir [fle] twee [fra] deux [fri] twa [deu] zwei [ell] dýo [hin] do [isl] tveir [gae] dó [ita] due [kas] zae [lad] doi [lit] dù, dvì [sor] dwa [sor] dwaj [mac] dva [mar] dona [nep] duī [fas] do [pol] dwa [por] dois [nob] to [rus] dva [sar] duos [sar] dúos [hbs] dva [sin] deka [slo] dva [slo] dva [spa] dos [swe] två [ukr] dva [wak] bu(y) [wal] deûs [xto] wu [txb] wi [hit] dān [kur] du [grc] dýo [prg] dwai [lat] duo [lux] zwee [lav] divi [chu] dŭva [san] dvá- [urd] do [mai] dū [fri] doi [ave] duua [sga] dá [oss] dywwæ [oss] duwæ [xcl] erkow [umb] dur [sqi] dy [gae] daa [old] dou [old] dou [gau] (uo-)dui [bho] dūi, dū [old] tver [elf] twå [pal] dvi [gre] dwo [gre] dýo [kho] duva [mid] dou, daou m. [pol] dåvo [kas] dwa [mid] dō [par] dō [yag] du [gre] dýo [gre] thkyo [gre] dýo [gre] dýo [lat] div [ron] doi [old] deus [ang] deus [fra] dou [old] dos [nea] roje [gae] dà [mag] dū [pal] dúu [bre] daou [bre] dëw, diw [cym] dau [old] dwa [mid] deu [old] dva [old] dva [kum] dō [rus] dva [mac] dva [mac] dva [slo] dva [slo] dvá [bak] do [bac] loo [deu] zwöi [tat] dö [sog] δwa [maz] do [del] do [lar] do [bal] do [kur] dū [old] dous [meg] doi̯ [alb] di [old] dos [kho] ǰu [gaw] du [ass] dui [pun] do [gaw] dū [khw] ǝδwa [pas] dwa [pas] də [raj] dö [kur] dẅē [haw] dwe [dal] doi̯ [goh] zuuēne [sar] dhew [old] twēne [mid] zwei [ang] twēġen [old] tuuêne [mid] twee [old] tveir [got] twai [mid] dew, dyw [lat] deau [nor] to [por] dois [vâs] l′ü [kam] d′ü [kât] di′u [kât] di′u [kal] dü [saṇ] d′u [kur] do [mil] dü","*du̯o-, *du̯i-",,157,153
[kas] aab [fas] āb [kur] av [ave] ap [old] ap [pal] āpa [kho] ūtca [wak] yupk [mid] āb [par] āb [san] ā́p* [kum] 'āw [yag] ōp [bak] aw [bac] abbo [sog] āp [maz] u [del] ow [lar] ow [bal] āp [kur] āw [tat] viye [gaw] aau [gaw] ū [pas] oba [raj] u [kur] āw [haw] āwī [kho] uɣ [vâs] ′âv [kam] ′oa [kât] ′ov [kât] âv′a [kal] âv [saṇ] âb′o [kur] āw,*h₂ep-,,36,157
[fas] pahn [kum] pa'n [maz] pan [bak] pahn [del] pæhn [lar] pahn [kur] pān [raj] pehan [kur] pyan [haw] pān [pas] plan [kho] hvāha [sar] reen [kur] pān,*peth₂-,,14,165
"[aln] krym(b) [kas] kyom [fas] kerm [lit] kirmėlė̃ [gae] cnuimh [sga] cruim [sqi] krimb [pal] kimi [mid] preff, pref, preu [mid] kirm [kur] k'ɨrɨm [yag] kirm [bre] preñv [bre] preñv [prg] girmis [cym] pry genwair [mid] pryf [san] kŕ̥miḥ [kum] kurm [tat] kelme [sog] kirmi [bak] kerm [del] kerm [lar] kerm [bal] kerm [kur] kırm [alb] krimp [khw] kirm [kur] kırm [haw] kirm [chu] črĭvĭ [bul] červej [mac] crv [mac] čèrv′ḁ [mac] čèrv′ḁ [hbs] crv [slo] zherv [slo] črv [slo] črv [rus] červâk [bel] čarvâk [ukr] červâk [rus] červák [old] czerw, czyrw, czyrzw [slo] červ [old] črv [ces] červ [sor] čerw [sor] cerw [pas] kaṛaawak [gaw] ɬim [mid] pryf, pref [lat] prêv [kur] kɨrɨm",*kʷr̥mi-,,54,172
[dan] aske [nld] as [eng] ashes [far] øska [fle] asch [fri] jiske [deu] Asche [isl] aska [fas] xākestar [nob] aske [san] ā́saḥ [hit] ḫāš(š)- [swe] aska [lux] Äschen [old] aska [elf] aska [deu] Äsche [bak] xākeštar [goh] aska [mid] asche [ang] asce [mid] assche [old] asko [old] aska [got] azgo [pas] aaskorə [nor] oske [vâs] ′âs [kam] âs′a [kât] âs′a [kât] âs′a [kal] âsa,*h₂eh₁s-,,32,178
[nld] slecht [fle] slecht [deu] schlecht [lux] schlecht [deu] schlächt,*slei̯g̑-,,5,181
[cat] escorça [fra] écorce [lad] scorza [sar] iskórza [spa] corteza [lat] cortex [ita] corteccia [fri] scuarce [por] casca [ron] scoarță [nea] scorza [old] escorce [ang] escorce [old] corteça [fra] ékourfa [sar] corgiólu [old] escòrça [old] escorça [por] casca,*(s)kert-,,19,182
[nld] groot [fle] groot [fri] grut [deu] groß [lux] grouss [deu] gross [goh] grōz [old] grāt [mid] grôz [mid] groot [old] grôt,*gʰreu̯d-,,11,185
[dan] fugl [nld] vogel [far] fuglur [fle] vogel [fri] fûgel [deu] Vogel [isl] fugl [nob] fugl [swe] fågel [lux] Vull [elf] fugel [old] fughl [deu] Vogel [goh] fogal [mid] vogel [ang] fugol [old] fugal [mid] voghel [old] fugl [got] fugls [nor] fugl,*?*pleu̯k-,,21,186
[dan] bide [nld] bijten [eng] bite [far] bíta [fle] byten [fri] bite [deu] beißen [isl] bíta [nob] bite [swe] bita [lux] bäissen [elf] baita [old] bita [deu] bysse [goh] bīzan [old] bīta [mid] bîzen [ang] bītan [old] bîtan [mid] biten [old] bíta [got] beitan [nor] bite,*bʰei̯d-,,23,187
[dan] sort [nld] zwart [far] svartur [fle] zwart [deu] schwarz [isl] svartur [nob] svart [swe] svart [lux] schwaarz [fri] swart [elf] swart [old] svarter [deu] schwarz [goh] suuarz [old] swart [mid] swarz [old] suuart [mid] swart [old] svartr [got] swarts [nor] svart,*su̯ord-o-,,21,188
[nld] ademen [fle] ademen [deu] atmen [lux] ootmen [goh] ātumōn [mid] âtemen [mid] ademen,*(h₁)eh₁t-,,7,192
[nld] wolk [fle] wolk [fri] wolk [deu] Wolke [lux] Wollek [deu] Wulche [goh] uuolkan [old] wolken [mid] wolken [ang] wolcen [old] uuolkan [mid] wolken,*u̯elg-,,12,195
[dan] kold [nld] koud [eng] cold [far] kaldur [fle] koud [fri] kâld [deu] kalt [isl] kaldur [nob] kald [swe] kall [lux] kal [elf] kold [old] kalder [deu] chalt [goh] kalt [old] cald [mid] kalt [ang] ċeald [old] kald [mid] cout [old] kaldr [got] kalds [nor] kald,*⁽g̑⁾el-,,23,196
[dan] dag [nld] dag [eng] day [far] dagur [fle] dag [fri] dei [deu] Tag [isl] dagur [nob] dag [swe] dag [lux] Dag [elf] dag [old] dagher [deu] Tag [goh] tag [old] dei [mid] tac [ang] dæġ [old] dag [mid] dach [old] dagr [got] dags [nor] dag,*dʰegʷʰ-,,23,200
[dan] dø [far] doyggja [isl] deyja [nob] dø [swe] dö [elf] däa [old] döia [nld] doodgaan [old] deyja [nor] døy,*dʰeu̯-,,10,201
[ell] skávō [grc] skáptō [gre] skáptō [gre] skáfkō [gre] skáftō [gre] skáf(t)ō [gre] skáftō,*skabʰ-,,7,202
"[hyw] akanǰ [hye] akanǰ [bul] uho [bel] vuha [cat] orella [ces] ucho [dan] øre [nld] oor [eng] ear [far] oyra [fle] oor [fra] oreille [fri] ear [deu] Ohr [ell] aytí [isl] eyra [ita] orecchio [lad] oredla [lit] ausìs [sor] wucho [sor] wucho [mac] uvo [pol] ucho [por] orelha [nob] øre [rus] uho [sar] origga [sar] orica [hbs] uho [slo] ucho [slo] uho [spa] oreja [swe] öra [ukr] vuho [wal] orèye [grc] oũs [lat] auris [chu] uxo [prg] āusins [lav] auss [lux] Ouer [fri] orele [xcl] ownkn [gau] aus(i)- [sqi] vesh [aln] vesh [elf] ära [old] öra [gre] -o-we* [gre] oũs [pol] vaux́ü, vaix́ü [kas] ùchò [gre] aftín [gre] aftí [gre] ōtí(n) [gre] ōtí [lat] auss [ron] ureche [nea] recchia [old] oreille [ang] oreille [fra] orlye [old] oreja [old] ucho [old] ucho [old] uxo [rus] úxo [mac] ùxu [mac] ùxu [slo] uho [slo] uhú [deu] Ohr [old] aurelha [meg] ure̯ácľă [alb] vesh [old] orella [dal] orakla [goh] ōra [mid] ôre [ang] ēare [old] ôra [mid] ore [old] eyra [got] auso [nor] øyre [por] orelha [vâs] im′u [mil] urégia",*h₂eu̯s-,,88,208
[dan] jord [nld] aarde [eng] earth [fle] aerde [deu] Erde [nob] jord [swe] jord [old] iordh [deu] Härd [goh] erda [old] ērthe [mid] erde [old] ertha [mid] aerde [got] airþa [nor] jord,*h₁er-,,16,209
[hyw] owtel [hye] owtel [bul] âm [bel] escì [ces] jíst [nld] eten [eng] eat [far] eta [fle] eten [fri] ite [deu] essen [sor] jěsć [sor] jěsć [mac] ǰade [pol] jeść [rus] est' [hbs] jesti [slo] jesť [slo] jesti [swe] äta [ukr] ïsti [chu] jasti [grc] esthíō [san] ad- [hit] ed- / ad- [lat] edere [prg] īst [lav] ēst [lux] iessen [xcl] owtem [xlu] ad- [elf] jätå [osc] edum [por] comer [spa] comer [old] äta [pal] adeti [gre] esthíō [pol] jest [kas] jesc [sga] ithid [gae] ith [gae] ith [gae] ee [lat] ēst [old] comer [old] jeść [old] jiesti [old] ěsti [rus] jístɪ [mac] jàm [mac] jàm [slo] jesti [slo] jéſti [deu] ässe [goh] ezzan [old] ita [mid] ezzen [ang] etan [old] etan [mid] eten [old] eta [por] comer [nor] ete,*h₁ed-,,64,210
[hyw] ačʿkʿ [hye] ačʿkʿ [bul] oko [bel] voka [cat] ull [ces] oko [dan] øje [nld] oog [eng] eye [far] eyga [fle] oog [fra] oeil [fri] each [deu] Auge [ell] máti [hin] āṅkh [isl] auga [ita] occhio [kas] aečh [lad] uedl [lit] akìs [sor] woko [sor] woko [mac] oko [nep] ām̐khā [pol] oko [por] olho [nob] øye [sar] oggiu [sar] ócu [hbs] oko [sin] æsa [slo] oko [slo] oko [spa] ojo [swe] öga [ukr] oko [wal] oûy [xto] ak [txb] ek [mai] aṅkh [lat] oculus [chu] oko [prg] ackis [san] ákṣi [lav] acs [lux] A [urd] ānkh [fri] voli [xcl] akn [aln] sy [sqi] sy [mag] āṅkh [elf] oga [old] ögha [pal] akkhi [gre] -qo-so* [pol] våťü [kas] òkò [gre] mmátin [gre] ommáti(n) [gre] mat [lat] acs [ron] ochi [nea] uocchio [old] ueil [ang] oil [old] ojo [bho] āṅkh [pal] ac̣híi [fra] zu [old] oko [old] oko [old] oko [rus] óko [mac] òku [mac] òku [slo] oko [slo] okú [deu] Oug [old] uelh [meg] ocl’u [alb] si [old] ull [gaw] itsin [gaw] ac̣ [dal] vaklo [goh] ouga [old] āge [mid] ouge [ang] ēage [old] ôga [mid] oghe [old] auga [got] augo [kho] ɣeč [pun] akkʰ [pas] ačii [por] olho [vâs] iž′i ̃ [mil] öc [kam] âč′ẽ [kât] âč′ẽ [kât] âč′e [kal] ačẽ [saṇ] âć′ĩ [nor] auge,*h₃ekʷ-,,107,211
[dan] falde [nld] vallen [eng] fall [far] falla [fle] vallen [fri] falle [deu] fallen [isl] falla [nob] falle [swe] falla [lux] falen [elf] folla [old] falla [goh] fallan [old] falla [mid] vallen [ang] feallan [old] fallan [mid] vallen [old] falla [nor] falle,*h₃elh₁-,,21,212
[nld] vechten [eng] fight [fle] vechten [goh] fehtan [fri] fjochtsje [old] fiuchta [mid] vehten [ang] feohtan [mid] vechten [old] fehtan,*pek̑-,,10,218
[nld] vuur [eng] fire [fri] fjoer [deu] Feuer [grc] pỹr [hit] paḫḫur / paḫḫuen- [xto] por [txb] puwar [lux] Feier [prg] panno [xcl] howr [xlu] pāḫūr [umb] pir [gre] pu-* [gre] pỹr [deu] Füür [goh] fiur [old] fiūr [mid] viur [ang] fȳr [old] fiur [mid] vuur [got] fon,"*péh₂-u̯r̥, *ph₂-u̯én-",,23,219
[cat] peix [dan] fisk [nld] vis [eng] fish [far] fiskur [fle] visch [fra] poisson [fri] fisk [deu] Fisch [isl] fiskur [gae] iasc [ita] pesce [lad] pesc [por] peixe [nob] fisk [sar] piske [sar] pisce [spa] pez [swe] fisk [wal] pèhon [gae] iasg [lat] piscis [lux] Fësch [fri] pes [sga] íasc [gae] eeast [elf] fisk [old] fisker [ron] pește [dal] pask [nea] pesce [old] poisson [ang] pessun [fra] peusson [old] pez [deu] Fisch [old] peissoun [meg] peaști [old] peix [goh] fisk [old] fisk [mid] visch [ang] fisc [old] fisk [mid] visch [old] fiskr [got] fisks [nor] fisk [por] peixe [mil] pès,*pisk-,,50,220
"[cat] flor [dan] blomst [nld] bloem [far] blóma [fle] bloem [fra] fleur [fri] blom [deu] Blume [isl] blóm [gae] bláth [ita] fiore [por] flor [nob] blomst [sar] flóre [sar] frore [spa] flor [wal] fleûr [lat] flōs [lux] Blumm [fri] flôr [sga] bláth [osc] fluus-* [gau] blato- [elf] bljåmme [swe] blomma [old] blomster [mid] bleuzuenn [ron] floare [old] flor [ang] flur [fra] flôh [old] flor [nea] sciore [bre] blëw, blëwenn [bre] bleuñv [cym] blodyn [gae] blaa [mid] blodeuyn [deu] Blueme [old] flor [meg] flo̯ári [old] flor [goh] bluoma [mid] bluome [ang] blōstma [old] blômo [mid] bloeme [old] blóm [got] bloma [lat] bledzhan [nor] blome [por] flor [mil] fiũ",*bʰleh₃-,,53,223
[dan] flyve [nld] vliegen [eng] fly [far] flúgva [fle] vliegen [deu] fliegen [isl] fljúga [nob] fly [swe] flyga [lux] fléien [elf] fliuoga [old] flygha [fri] fleane [deu] flüge [goh] fliogan [old] fliā [mid] vliegen [ang] flēogan [mid] vlieghen [old] fljúga [nor] fly,*?*pleu̯k-,,21,224
"[hyw] otkʿ [hye] otkʿ [ben] pā [cat] peu [dan] fod [nld] voet [eng] foot [far] fótur [fle] voet [fra] pied [fri] foet [deu] Fuß [ell] pódi [isl] fótur [ita] piede [lad] pe [mar] pāya [fas] pā [por] pé [sar] pe [sar] pe [sin] paya [swe] fot [wak] pʉð [wal] pî [hit] pāt- / pat-, pata- [xto] pe [txb] paiyye [grc] poús [san] pā́t [lat] pēs [lux] Fouss [mai] pair [kur] pē [fri] pît [ave] pad [xcl] otn [old] pāda [osc] pedú [umb] peři [xlu] pāta-, pad(i)- [nob] fot [old] foter [elf] fuot [pal] pāda (pādo) [gre] po-de [kho] pai [gre] poús [mid] pāy [par] pāδ [gre] póin [gre] pódi [gre] póda(s), podári(n) [bho] pair [gre] pîdár [old] pié [ang] pé [fra] pi [old] pie [ron] picior [nea] pere [yag] pṓda [urd] pāvn [hin] pām̐va [kum] pā [bak] pā [bac] palo [deu] Fuess [tat] pā [sog] pāδ [del] pɒ [lar] pā [bal] pād [kur] pe [old] ped [meg] pičór [khw] pāδa [old] peu [haw] pā [raj] pạ [pun] pair [pas] pe [kho] pong [dal] pič [dal] pins [goh] fuoz [sar] pedh [old] fōt [mid] vuoz [ang] fōt [old] fôt [mid] voet [old] fótr [got] fotus [spa] pie [nor] fot [por] pé [mil] pè",*ped-,,98,225
[dan] fryse [eng] freeze [far] frysta [fle] bevriezen [fri] frieze [deu] gefrieren [isl] frjósa [nob] fryse [swe] frysa [lux] fréieren [gae] reòth [old] frysa [cym] rhewi [gae] rio [nld] bevriezen [mid] rhewi [mid] rewy [lat] reu [deu] gfrüüre [goh] friozan [ang] frēosan [mid] vriesen [mid] vriesen [old] frjósa [nor] fryse,*preu̯s-,,25,226
"[cat] fruita [por] fruta [spa] fruta [sar] fruttu, frúttura [sar] frutta [wal] frut [fra] fruit [lad] frut [ita] frutta [umb] frif [ron] fructe [nea] frutta [old] fruit [ang] frut [fra] froui [old] fruta [old] fruit [old] fruita [dal] froi̯t [por] fruta [mil] früta",*bʰreu̯H⁽g̑⁾-,,21,227
[dan] give [nld] geven [eng] give [far] geva [fle] geven [deu] geben [isl] gefa [nob] gi [swe] ge [lux] ginn [fri] jaan [elf] djävå [old] giva [deu] gäh [goh] geban [old] ieva [mid] geben [ang] ġiefan [old] geƀan [mid] gheven [old] gefa [got] giban [nor] gje,*gʰebʰ-,,23,228
[dan] god [nld] goed [eng] good [far] góður [fle] goed [deu] gut [isl] góður [nob] god [lux] gutt [old] godher [deu] guet [fri] goed [goh] guot [old] gōd [mid] guot [ang] gōd [old] gôd [mid] goet [old] góðr [got] goþs [nor] god,*?*gʰedʰ-,,21,229
[dan] høre [nld] horen [eng] hear [far] hoyra [fle] hooren [fri] hearre [deu] hören [ell] akoýō [isl] heyra [nob] høre [swe] höra [grc] akoúō [lux] héieren [old] höra [elf] ära [gre] akoúō [gre] akoýō [gre] akoú(g)ō [gre] (a)koúō [gre] akoúgō [deu] ghöre [goh] hōren [old] hēra [mid] hœren [ang] hīeran [old] hôrian [mid] horen [old] heyra [got] hausjan [nor] høyre,*h₂keu̯s-,,30,237
[nld] zwaar [fle] zwaar [deu] schwer [lux] schwéier [fri] swier [deu] schwär [goh] suuār [old] swēr [mid] swære [mid] swaer [old] suuâr,*su̯er(H)-,,11,238
[ben] jānā [bul] znaâ [eng] know [hin] jānanā [kas] zaanon [lit] žinóti [mac] znae [nep] jānnu [rus] znat' [hbs] znati [sin] dannavā [ukr] znati [xto] knānaṣ [urd] jānnā [mai] jānanā [kur] dɨzanit [lav] zināt [oss] zonyn [oss] zonun [old] adānā [pal] jānāti [mag] jānanā [kho] paysendä [mid] dānēd [par] zānēd [lat] zynuot [fas] dānestan [bho] jānanā [pal] ǰhóona [rus] znátɪ [mac] znàm [mac] znàm [bak] dunestak [bac] zanēio [ass] jānā [pun] jāṇnā [kum] dāna [lar] adone [kur] azāna [tat] mözöne [haw] mazāno [kur] zānē [raj] zune [gaw] ǰānūg [bal] zant [sar] wazond [gaw] piaanik [vâs] a-zn- [kam] źâň′a- [kât] zâň′e- [kât] zâř′e- [kur] azānē,*g̑neh₃-,,52,249
[nld] meer [fle] meer [fri] mar [ang] mere [mid] mere,*mor-i-,,5,250
[nld] blad [far] blað [fle] blad [fri] blêd [deu] Blatt [ell] fýllo [isl] blað [nob] blad [lux] Blat [swe] blad [grc] phýllon [xto] pält [txb] pilta [dan] blad [elf] blað [gre] phýllon [gre] fýllon [gre] fýllo(n) [gre] fýḍḍo [gre] fýllo [deu] Blatt [old] blad [mid] blat [old] blað [nor] blad,*bʰleh₃-,,25,252
[dan] leve [eng] live [fle] leven [deu] leben [nob] leve [swe] leva [lux] liewen [old] liva [nld] leven [deu] läbe [goh] lebēn [old] libba [mid] leben [ang] leofian [old] libbian [mid] leven [old] lifa [got] liban [nor] leve,*lei̯p-,,19,255
"[bul] d″l″g [bel] doǔgì [ces] dlouhý [dan] lang [nld] lang [eng] long [far] langur [fle] lang [fra] long [fri] lang [deu] lang [isl] langur [ita] lungo [lad] lonch [lit] ìlgas [sor] dłujki [sor] dołhi [mac] dolg [fas] derāz [pol] długi [nob] lang [rus] dlinnyj [sar] longu [sar] longu [hbs] dug [sin] diga [slo] dlhý [slo] dolg [swe] lång [ukr] dovgij [wal] long [hit] taluki- / talugai- [lat] longus [chu] dlŭgŭ [prg] ilga [lux] laang [san] dīrghá- [fri] lunc [ave] darəγa [oss] darǧ [oss] darǧ [old] darga [aln] gjatë [sqi] gjatë [elf] laungg [old] langer [pal] dīgha [kho] dāru [pol] dåuďĕ, duďĕ [kas] dłudżi [mid] dēr [kur] dɨrēž [par] darγ [ron] lung [nea] luongo [old] lonc [ang] lung [fra] lan [old] luengo [pal] dhrígu [old] długi [old] dlúhý [rus] dọ́wɣωj [kum] drāẓ [mac] dlъ̀nuk [mac] dlъ̀nuk [slo] dolg [slo] dolg [deu] läng [ass] dīghôl [bak] derāz [lar] derāz [bal] drāǰ [kur] drež [old] long [meg] lúng [alb] i gjatë [old] llong [haw] drēž [kur] dırīž [gaw] līg [gaw] ligaala [kho] drung [dal] lu̯aṅg [goh] lang [old] long [mid] lanc [ang] lang [old] lang [mid] lanc [old] langr [nor] lang [vâs] ǰign′i [mil] lùnch [kam] draŋ′aň [kât] drig′aň [kât] drag′ař [kal] drigala [kur] dɨrīž",*?*delh₁-,,99,257
"[dan] bjerg [nld] berg [fle] berg [fri] berch [deu] Berg [swe] berg [lux] Bierg [gau] bergona, briga [elf] bjärr [old] biärgh [deu] Bärg [goh] berg [old] berch [mid] berc [ang] beorh [old] berg [mid] berch",*bʰerg̑ʰ-,,17,261
"[bel] vuzkì [ces] úzký [deu] eng [gae] cúng [sor] wuski [sor] wuski [pol] wąski [rus] uzkij [hbs] uzak [slo] úzky [slo] ozek [ukr] vuz′kij [san] aṃhú-* [chu] ǫzŭkŭ [lat] angustus [gae] cumhang [sga] cumung [mid] hencq, enc, encq [pol] vązĕ [kas] wąsczi [ron] îngust [gae] coon [bre] enk [old] wąski [mid] cyfyg [old] úzký [old] uzkyi [rus] uskώj [slo] ozek [slo] voṡik [old] enc [deu] äng [goh] engi [mid] enge [old] engi [mid] enghe [got] aggwus [mid] yn [lat] edn, idn, idden",*h₂emg̑ʰ-,,39,263
[cat] coll [dan] hals [far] hálsur [fle] hals [fra] cou [fri] hals [deu] Hals [isl] háls [ita] collo [lad] col [spa] cuello [swe] hals [wal] cô [lat] collum [lux] Hals [fri] cuel [elf] ås [old] hals [nea] cuollo [old] col [ang] col [fra] kô [old] cuello [deu] Hals [old] col [old] coll [dal] ku̯al [goh] hals [old] hals [mid] hals [ang] heals [old] hals [mid] hals [old] háls [got] hals [mil] còl,*kólso-,,36,265
"[aln] natë [bul] nošt [bel] noč [cat] nit [ces] noc [dan] nat [nld] nacht [eng] night [far] nátt [fle] nacht [fra] nuit [deu] Nacht [ell] nýchta [isl] nótt [ita] notte [lad] nuet [lit] naktìs [sor] noc [sor] nóc [mac] noḱ [pol] noc [por] noite [nob] natt [rus] noč' [sar] notte [sar] notte [hbs] noć [slo] noc [slo] noč [spa] noche [swe] natt [ukr] nìč [wak] naɣ̌d [wal] nut' [grc] nýx [lav] nakts [prg] nacktien [lat] nox [chu] noštĭ [lux] Nuecht [fri] gnot [fri] nacht [gau] noxt- [sqi] natë [old] nos [elf] ną̊t [old] nat [gre] nýx [pol] nüc [kas] noc [gre] nýchta [gre] nýchta [gre] nýfta [gre] nýchta [lat] nakts [nea] notte [old] nuit [ang] nuit [fra] né [old] noche [ron] noapte [old] noc [mid] nos [old] noc [rus] n′ïč [slo] noč [slo] núzh [deu] Nacht [old] nuech [meg] no̯ápti [alb] natinë [old] nit [mid] nos [bre] nos, nosezhiad [bre] nos, noswezh [mid] nos [lat] nôz [old] nos [cym] nos [dal] nu̯at [goh] naht [old] nacht [mid] nacht [ang] niht [old] naht [mid] nacht [old] nótt [got] nahts [nor] natt [por] noite [mil] nòc",*negʷ-,,91,266
[ben] nāk [bul] nos [bel] nos [cat] nas [ces] nos [dan] næse [nld] neus [eng] nose [far] nøs [fle] neus [fra] nez [fri] noas [deu] Nase [hin] nāka [ita] naso [kas] nas [lad] nes [lit] nósis [sor] nos [sor] nós [mac] nos [mar] nāka [nep] nāk [pol] nos [por] nariz [nob] nese (nase) [rus] nos [sar] nasu [sar] nasu [hbs] nos [sin] nahaya [slo] nos [slo] nos [spa] nariz [swe] näsa [ukr] nìs [wal] né [chu] nosŭ [lat] nāsus [lux] Nues [prg] nozy [san] nā́ḥ [urd] nāk [mai] nāk [fri] nâs [ave] nāh [old] nāh [old] näsa [pal] nāsā [wak] mis [pol] nös [kas] nos [yag] nai̯s [ron] nas [nea] naso [old] nes [ang] nes [fra] nâ [old] nariz [mag] nāk [pal] náas [bho] nāk [lat] nuoss [old] nos [old] nos [old] nosŭ [rus] n′ïs [mac] nòs [mac] nòs [slo] nos [slo] núṡ [deu] Nase [ass] nāk [pun] nakk [sog] nas [old] nas [meg] nas [khw] nāc [old] nas [gaw] naasi [kho] naskar [gaw] näzōr [dal] nuọs [goh] nasa [old] nose [mid] nase [ang] nosu [old] nasa [mid] nuese [nor] nase [por] nariz [vâs] n′as [pas] nasə [kam] nâs′uř [kât] nâs′uň [kât] nâs′uř [kal] nâs [mil] nàs,*(H)nā̆s-,,98,267
[nld] oud [eng] old [fle] oud [fri] âld [deu] alt [lux] al [deu] alt [goh] alt [old] ald [mid] alt [ang] eald [old] ald [mid] out [got] alþeis,*h₂el-,,14,268
[cat] dret [nld] rechts [eng] right [fle] regtsch [fra] droit [deu] rechts [lad] dret [fas] rāst [por] direito [spa] derecho [wal] dreûte [lux] riets [fri] dret [ron] drept [fra] drai [old] derecho [kum] rāstī [fri] rjochter [deu] rächt [meg] diréptu [old] dret [bak] rāst [del] dæsse rɒs [lar] rās [maz] dasse rāst [kur] dasi rās [bal] dase rās [tat] rāste dast [haw] dasī řās [kur] ṛās [raj] rạs [mid] reht [mid] recht [wak] wurzg [por] direito [kur] rās,*h₃reg̑-,,36,276
"[hyw] ał [hye] ał [bul] sol [bel] sol′ [cat] sal [ces] sůl [dan] salt [nld] zout [eng] salt [far] salt [fle] zout [fra] sel [fri] sâlt [deu] Salz [ell] aláti [isl] salt [gae] salann [ita] sale [lad] sel [sor] sol [sor] sól, sel [mac] sol [pol] sól [por] sal [nob] salt [rus] sol' [sar] sale [sar] sale [hbs] sol [slo] soľ [slo] sol [spa] sal [swe] salt [ukr] sìl′ [wal] sé [xto] sāle [txb] salyiye [lat] sāl [grc] háls [lux] Salz [lav] sāls [prg] sali [chu] solĭ [fri] sâl [sga] salann [xcl] ał [umb] šalu [elf] solt [old] salt [mid] holen, olen, olèn, hòalen [gre] háls [pol] süli [kas] sól [gre] álas [lat] suoļs [gre] álas [gre] álas [gre] ála [nea] sale [old] sel [ang] sel [fra] sö [old] sal [ron] sare [gae] sollan [gae] salann [bre] holen [bre] halèn [cym] halen [old] sól [mid] halen [old] sól [old] solĭ [rus] s′ïl′ [mac] sòl′ [mac] sòl′ [slo] sol [slo] ſul [deu] Salz [old] sau [meg] sári [old] sal [goh] salz [old] salt [mid] salz [ang] sealt [old] salt [mid] sout [old] salt [got] salt [lat] holan, hollan [nor] salt [por] sal [mil] sã",*sal-,,94,283
[dan] sige [nld] zeggen [eng] say [fle] zeggen [fri] sizze [deu] sagen [isl] segja [lit] sakýti [nob] si [swe] säga [far] siga [elf] saia [old] sighia [lux] soen [lat] saceit [deu] säge [goh] sagēn [mid] sagen [ang] seċġan [old] seggian [mid] segghen [old] sedza [old] segja [nor] seie,*sekʷ-,,24,285
[bul] more [bel] mora [cat] mar [ces] moře [fra] mer [ita] mare [lad] mer [sor] mórjo [sor] morjo [mac] more [pol] morze [por] mar [rus] more [sar] mare [sar] mare [hbs] more [slo] more [slo] morje [spa] mar [ukr] more [wal] mér [deu] Meer [lux] Mier [chu] morje [lat] mare [fri] mâr [sga] muir [gau] more [mid] mor [pol] mărai [kas] mòrze [ron] mare [nea] mare [old] mer [ang] mer [old] mar [old] mor [bre] mor [bre] mor [cym] môr [old] morze [mid] mor [old] mor [old] moře [old] more [rus] móre [mac] mòri [mac] mòri [slo] morje [slo] morje [deu] Meer [old] mar [meg] mári [old] mar [dal] mur [goh] meri [mid] mer [old] meri [got] marei [mid] mor [lat] môr [fra] méh [por] mar [mil] mãr,*mor-i-,,64,287
[dan] se [nld] zien [eng] see [far] síggja [fle] zien [fri] sjen [deu] sehen [isl] sjá [nob] se [swe] se [lux] gesinn [elf] sją̊ [old] sea [deu] gseh [goh] sehan [old] siā [mid] sehen [ang] sēon [old] sehan [mid] sien [old] sjá [got] saiƕan [nor] sjå,*?*sekʷ-,,23,288
"[bul] seme [bel] nasenne [ces] semeno [nld] zaad [eng] seed [fle] zaed [fri] sie(d) [deu] Samen [gae] síol [ita] seme [lit] sė́kla [sor] semje [sor] symjo [mac] seme [por] semente [rus] semâ [sar] semen [sar] sémene [hbs] sjeme [slo] semeno [slo] seme [spa] semilla [ukr] nasìnnâ [wal] s(i)mince [lat] sēmen [lux] Som [lav] sēkla [chu] sěmę [prg] semen [fri] semence [sga] síl [gae] sheel [old] att [gau] silo- [pol] nasiono [mid] hat, had [kas] semiono [old] säþ [lat] sākla [nea] semmenta [old] semiente [ron] sămânță [gae] sìol [bre] had [bre] had [cym] hedyn [old] nasienie [mid] hil [old] siemě [old] sěmę [rus] nas′inɪ́na [mac] s′ä̀m′ḁ [mac] s′ä̀m′ḁ [slo] seme [slo] ſéme [deu] Saame [meg] simínţă [dal] semi̯áu̯r [goh] sāmo [mid] sâme [ang] sǣd [mid] saet [old] sâd [old] sáð [mid] coll. has [lat] coll. haze, hâz [por] semente [mil] suménsa",*seh₁-,,68,289
[nld] naaien [fle] naijen [deu] nähen [deu] näie [goh] nāen [mid] næhen [mid] naeyen,*(s)neh₁-,,7,290
[dan] skarp [nld] scherp [eng] sharp [fle] scherp [fri] skerp [deu] scharf [nob] skarp [lux] schaarf [deu] scharf [goh] skarpf [old] scerp [mid] scharpf [ang] scearp [old] skarp [mid] schaerp [nor] skarp,*(s)kerbʰ-,,16,291
[dan] synge [nld] zingen [eng] sing [far] syngja [fle] zingen [fri] sjonge [deu] singen [isl] syngja [nob] synge [swe] sjunga [lux] sangen [old] siunga [deu] singe [goh] singan [mid] singen [ang] singan [old] singan [mid] singhen [old] syngja [got] siggwan [nor] synge,*sengʷʰ-,,21,293
"[bul] sedâ [bel] sâdzec′ [cat] seure [ces] sedět [dan] sidde [nld] zitten [eng] sit [far] sita [fle] zitten [fra] être assis [fri] sitte [deu] sitzen [isl] sitja [gae] bí ina shuí [ita] essere seduto [lad] sté senté [lit] sėdė́ti [sor] sejźeś [sor] sedźeć [mac] sedi [pol] siedzieć [por] estar sentado [nob] sitte [rus] sidet' [sar] sézzere [sar] sézzere [hbs] sjediti [slo] sedieť [slo] sedeti [spa] estar sentado [swe] sitta [ukr] sidìti [wal] assîr [lat] sedēre [chu] sěděti [lav] sēdēt [prg] syndens [gae] suidh [lux] sëtzen [xto] ṣmäṣ [txb] ṣamäṃ [hyw] nstel [hye] nstel [sga] saidid [xcl] nstim [gae] soie [gau] sed- [elf] sittja [old] sitia [pal] nisīdati [mid] asezaff ? / bezaff asezet [wak] nuzd [pol] sedĕ [kas] sedzec [par] nišīδēd [mid] nišīyēd [kur] drinit [fas] nešastan [oss] badyn [oss] badun [umb] sersitu [lat] sēdēt [ron] a şedea [yag] nīd- [gre] kathénnō [old] seder, seyer, seer [old] sëoir [ang] seer [bre] aseżã, aseż- (sit down), beżã aseżed, en e gwaseż (be sitting) [bre] aseż, aseż-, boud aseżed [cym] ista [fri] stâ sentât [old] siedzieć [mid] eisted [old] seděti [old] sěděti [rus] sɪd′ítɪ [mac] s′ḁdìm [mac] s′ä̀d′a [slo] sedeti [slo] ſedéti [nea] stà assettato [fra] étr' achtâ [deu] sitze [old] asentar [bak] nešastak [haw] nīštanara [sog] nīδt [khw] nīϑeda [old] seure [maz] nište [bal] nešta [tat] āništi [kur] dā anišıt [kur] nīštıga [gaw] nišik [kho] nišik [pas] naast [lar] ani ≠ šas [kum] tanya [meg] şide̯ári [dal] seduọr [goh] sizzen [sar] naleest [old] sitta [mid] sitzen [ang] sittan [old] sittian [mid] sitten [old] sitja [got] sitan [mid] ysethe, setha [lat] sedha [por] estar sentado [vâs] šil- [pas] niik aa [kam] ǰ′e- [kât] niš′e- [kât] naš′e- [kal] niše- [kur] dā a-niš-ē [mil] vès sedü [nor] sitte/sitje",*sed-,,123,294
[cat] pell [fra] peau [ita] pelle [lad] pel [por] pele [sar] pedde [sar] pedde [wal] pê [spa] piel [fri] piel [ron] piele [nea] pelle [old] pel [ang] pel [fra] pÿô [old] piel [old] peou [old] pell [dal] pi̯al [por] pele [mil] pèl,*pel-,,21,295
[bul] glad″k [bel] gladkì [ces] hladký [nld] glad [fle] glad [fri] glêd [deu] glatt [sor] gładki [sor] hładki [pol] gładki [rus] gladkij [hbs] gladak [slo] hladký [slo] gladek [ukr] gladkij [chu] gladŭkŭ [lav] gluds [lux] glat [pol] gloťĕ [kas] gładczi [lat] gluds [old] gładki [old] hladký [rus] ɣlatkώj [slo] gladek [slo] gladek [deu] glatt [goh] glat [mid] glat,*gleh₂dʰ-,,29,301
[nld] slang [fle] slang [fri] slang(e) [deu] Schlange [lux] Schlaang [deu] Schlange [mid] slange [mid] slanghe,*slenkʷ-,,8,302
"[bul] snâg [bel] sneg [cat] neu [ces] sníh [dan] sne [nld] sneeuw [eng] snow [fle] sneeuw [fra] neige [fri] snie [deu] Schnee [isl] snjór [gae] sneachta [ita] neve [lad] neif [lit] sniẽgas [sor] sněg [sor] sněh [mac] sneg [pol] śnieg [por] neve [nob] snø [rus] sneg [sar] níe [hbs] snijeg [slo] sneh [slo] sneg [spa] nieve [swe] snö [ukr] snìg [wal] nîvaye [chu] sněgŭ [prg] snaygis [lav] sniegs [lux] Schnéi [gae] sneachd [lat] nix [fri] nêf [sga] snechtae [elf] sniųo [old] snior [pol] sneg [kas] sniég [txb] śiñce* [lat] snīgs [nea] neve [sar] níe [old] noif [ang] neif [fra] nai [old] nieve [gae] sniaghtey [old] śnieg, śnig [old] snieh [rus] s′n′iɣ [mac] sn′ä̀k [mac] sn′ä̀k [slo] sneg [slo] ſnég [deu] Schnee [old] neou [old] neu [dal] nai̯ [goh] snio [mid] snê [ang] snāw [old] snêo [mid] snee [old] snjár [got] snaiws [meg] ne̯áu̯ă [nor] snø [por] neve [mil] néf",*snei̯gʷʰ-,,74,303
"[bul] stoâ [bel] staâc′ [ces] stát [dan] stå [nld] staan [eng] stand [far] standa [fle] staen [fri] stean [deu] stehen [ell] stékomai [isl] standa [gae] bí ina sheasamh [lit] stovė́ti [sor] stojaś [sor] stać [mac] stoi [fas] īstādan [pol] stać [nob] stå [rus] stoât' [sar] istare [hbs] stajati [slo] stáť [slo] stati [swe] stå [ukr] stoâti [lat] stāre [lux] stoen [lav] stāvēt [prg] stānintei [grc] hístēmi [gae] seasamh [chu] stojati [san] sthā- [ave] hištaiti [xlu] tā(i)- [sga] do·airissedar [old] hišta [umb] stahu [kur] rawestiya ye [gae] shassoo [old] sab / to [old] cf. sebedlauc [elf] standa [old] standa [mai] ṭhāṛ rahanā [mid] bezaff / lesell / seuell en e sav [gre] hístēmi [kho] ṣṭäte [pol] stot [kas] stac [mid] īstēd [par] īštēd [osc] staít [gre] stékō [gre] sték(n)ō [gre] stékō [gre] stékō [lat] stuovēt [old] ester [ang] ester [pal] uthí hóonsa [bre] sevel, sav- (stand up), beżã en e sav (be standing) [bre] sewel, saw-, boud ba i saw [cym] sefyll [old] stać [mid] sefyll [old] státi [old] stojati [rus] stojátɪ [pal] tiṭṭhati [slo] stati [slo] ſtati [deu] stah [gaw] wuṭ bik [maz] herestāe [bak] vāstādak [raj] ʋeštạdạ [bal] oštata [tat] baštā [kur] awasıt [sog] ōštit [del] vejsejen [lar] avayse [kur] wısāga [meg] stári [goh] stān [old] stān [mid] stân [ang] standan [old] standan [mid] staen [old] standa [got] standan [ass] thiẏ hûwā [mid] sevel [lat] seval, saval [nor] stå [kur] a-ws-ē",*steh₂-,,100,309
[dan] sten [nld] steen [eng] stone [far] steinur [fle] steen [fri] stien [deu] Stein [isl] steinn [nob] stein [swe] sten [lux] Steen [elf] stie [old] sten [deu] Stei [goh] stein [old] stēn [mid] stein [ang] stān [old] stên [mid] steen [old] steinn [got] stains [nor] stein,*sti̯eH-,,23,311
[cat] recte [nld] recht [fle] recht [fra] droit [fri] rjocht [ita] dritto [lad] endret [por] direito [nob] rett [sar] derettu [sar] derettu [swe] rak [wal] dreût [san] r̥jú- [lux] riicht [lat] rectus [gae] díreach [gae] dìreach [fri] dret [spa] recto [sga] díriuch [oss] rast [oss] rast [ave] ərəzu [old] rätter [elf] rett [pal] uj(j)u [kho] rraṣṭä [mid] rāst [par] rāšt [ron] drept [nea] reritto [old] droit [ang] dreit [fra] drai [old] recto [gae] jeeragh [yag] razk [meg] diréptu [old] drech [old] dret [maz] rāst [bak] rāst [del] rɒs [bal] rāst [tat] rāst [kur] rast [kur] rās [kur] ṛās [haw] řāst [khw] raci [dal] drat [goh] reht [mid] reht [ang] riht [mid] recht [old] reht [got] raihts [nor] rett [por] direito [pas] iiǰə [kur] rās [mil] drìs,*h₃reg̑-,,63,312
"[bul] sl″nce [bel] sonca [cat] sol [ces] slunce [dan] sol [nld] zon [eng] sun [far] sól [fle] zon [fra] soleil [fri] sinne [deu] Sonne [ell] ī́lios [isl] sól [ita] sole [lad] soredl [lit] sáulė [sor] słyńco [sor] słónčko [mac] sonce [pol] słońce [por] sol [nob] sol [rus] solnce [sar] sole [sar] sole [hbs] sunce [slo] slnko [slo] sonce [spa] sol [swe] sol [ukr] sonce [wal] solo [prg] saule [lat] sōl [lav] saule [chu] slŭnĭce [san] sū́ryaḥ [grc] hḗlios [lux] Sonn [fas] xuršīd [fri] soreli [oss] xur [oss] xor [ave] huuar [wak] yir [old] houl [gau] sonno- [elf] suol [old] sol [pal] suriya [mid] heaul, eaul, heol [gre] hḗlios [kas] słuńce [mid] xwar [gre] ī́lios [yag] xʉ̄r [gre] ī́lio [gre] (g)ī́lös [gre] élios [lat] saule [nea] sole [old] soleil [ang] solail [old] sol [ron] soare [pal] súuri [sin] ira [bre] heol [bre] hiâol [cym] haul [fra] feulâô [old] słońce, słuńce [mid] heul [old] slunce [rus] sónce [mac] slъ̀nci [mac] slъ̀nci [slo] sonce [slo] ſonze [deu] Sunne [old] souleou [meg] so̯ári [old] sol [sog] xwer [khw] ǝxr [dal] sau̯l [mid] houl [lat] houl [gaw] suri [kur] xor [kur] xwar [haw] war [pas] nwar [gaw] sīr [goh] sunna [sar] qher [old] sunne [mid] sunne [ang] sunne [old] sunna [mid] sonne [old] sól [got] sunno [nor] sol [por] sol [vâs] üsük [pas] sər [kam] s′u [kât] s′u [kât] s′u [kal] sö [saṇ] s′o [kur] xwar [mil] sü",*seh₂-u̯l̥-,,115,314
"[dan] tyk [nld] dik [eng] thick [far] tjúkkur [fle] dik [deu] dick [isl] þykkur [nob] tykk [swe] tjock [lux] déck [gae] tiugh [gae] tiubh [sga] tiug [old] thiokker [mid] teu, téo [gae] chiu [bre] téw [bre] tiw [mid] tew [old] teu [deu] dick [goh] thicki [mid] dicke [ang] þicce [old] thikki [mid] dicke [old] þykkr [mid] tew [lat] têu [nor] tjukk",*tegu-,,30,320
[nld] denken [eng] think [fle] denken [fri] tinke [deu] denken [lux] denken [goh] thenken [mid] denken [ang] þenċan [old] thenkian [mid] denken [old] thentsa [got] þagkjan,*ten⁽g̑⁾-,,13,322
"[fle] werpen [deu] werfen [chu] vrěšti [pol] virgnǫt, virgnĕt [slo] vreči [old] vrci [rus] veréčɪ [slo] vreči [slo] vrézhi [goh] uuerfan [old] werpa [mid] werfen [ang] weorpan [old] uuerpan [mid] werpen [old] verpa [got] wairpan",*u̯ergʷ-,,17,325
[ben] bām̐dhā [dan] binde [nld] binden [far] binda [fle] binden [deu] binden [hin] bāndhanā [isl] binda [mar] bāndhaṇe [fas] bastan [nob] binde [sin] ban̆dinavā [swe] binda [wak] vand [nep] bām̐dhnu [urd] bāndhnā [san] bandh- [oss] bættyn [oss] bættun [ave] baṇdaiieiti [bho] bāndhnā [old] binda [elf] binda [pal] bandhati [mai] bānhab [mag] bāṅdhanā [kho] bañäte [mid] bennēd [yag] vant- [fri] bine [deu] binge [sog] βent [ass] bāndhā [pun] baⁿnʰṇā [khw] βānceda [kum] tabna [par] bandēd [goh] bindan [sar] veest [old] binda [mid] binden [ang] bindan [old] bindan [mid] binden [old] binda [got] bindan [kho] botik [nor] binde,*bʰendʰ-,,48,326
"[hyw] lezow [hye] lezow [ben] jihbā [bul] ezik [bel] âzyk [cat] llengua [ces] jazyk [dan] tunge [nld] tong [eng] tongue [far] tunga [fle] tong [fra] langue [fri] tonge [deu] Zunge [hin] jībha [isl] tunga [gae] teanga [ita] lingua [kas] zew [lad] lenga [lit] liežùvis [sor] jězyk [sor] jazyk [mac] ǰazik [mar] jībha [nep] jibro [pol] język [por] lingua [nob] tunge [rus] âzyk [sar] limba [sar] limma [hbs] jezik [sin] diva [slo] jazyk [slo] jezik [spa] lengua [swe] tunga [ukr] âzik [wal] linwe [lat] lingua [lux] Zong [gae] teanga [xto] käntu [txb] kantwo [chu] językŭ [san] jihvā́ [mai] jiu [kur] zɨman [prg] insuwis [fri] lenghe [sga] tengae [ave] hizū [xcl] lezow [old] hizan [osc] fangvam [wak] zik [oss] ævzag [oss] ævzag [gae] çhengey [gau] tengua [elf] tungga [old] tunga [pal] jivhā [kho] biśāʾ [mid] teaut, teut [pol] jǫzĕk [kas] jãzëk [par] izβān [mag] jībh [bho] jībh [pal] ǰip [nea] lengua [old] langue [ang] lange [fra] lëga [old] lengua [ron] limbă [yag] zivṓk [bre] teod [bre] tèd [cym] tafod [old] język [mid] tafod [old] jazyk [old] ęzykŭ [kum] ẓwān [rus] jazώk [mac] inʒìk [mac] inʒìk [slo] jezik [slo] jesik [deu] Zunge [bac] ezbago [tat] zobon [sog] zβāk [maz] zebun [bal] zwān [kur] zʷān [old] lengua [meg] limbă [old] llengua [gaw] zip [ass] jibhā [pun] jībʰ [gaw] ǰib [khw] zβāk [pas] jaba [pas] ǰiba [raj] zeʋun [kur] zwān [haw] zwān [dal] laṅga [goh] zunga [sar] ziv [old] tunge [mid] zunge [ang] tunge [old] tunga [mid] tonghe [old] tunga [got] tuggo [mid] tavas [lat] tavaz [nor] tunge [por] lingua [vâs] luz′ug [kam] d′ić [kât] d′ić [kât] d′iz [kal] ǰip [saṇ] ž′uː [kur] zwān [mil] léngua",*dn̥g̑ʰu̯éh₂-,,135,327
"[hye] atam [ben] dām̐t [cat] dent [dan] tand [nld] tand [eng] tooth [far] tonn [fle] tand [fra] dent [deu] Zahn [ell] dónti [hin] dām̐ta [isl] tönn [ita] dente [kas] dand [lad] dent [lit] dantìs [mar] dāta [nep] dām̐ta [fas] dandān [por] dente [nob] tann [sar] dente [sar] (d)ente [sin] data [spa] diente [swe] tand [wak] dundʉk [wal] dint [lat] dens [prg] dantis [grc] odoús [san] dán [mai] daṅt [urd] dānt [lux] Zant [fri] tosk [kur] dɨdan [fri] dint [sga] dét [oss] dændag [oss] dændag [xcl] atamn [ave] daṇtan [old] dant [elf] tann [old] tan [pal] danta [mid] dant [gre] o-da-twe-we-ta [kho] daṃdai [gre] odoús [mid] dandān [par] dandān [osc] dunte(d) [gre] dóntin [gre] don(t) [gre] odónti(n) [gre] dónti [mag] dāṅt [bho] dām̐t [pal] dáand [ron] dinte [dal] di̯ant [nea] rente [old] dent [ang] dent [fra] dë [old] diente [yag] díndak [bre] dant [bre] dant [cym] daint, dant [mid] danned [kum] dnān [deu] Zang [tat] dandon [sog] δantā [maz] dandun [bak] dendun [del] dændu [lar] dezu [bal] dantan [kur] diyan [old] dent [meg] dínti [old] dent [kho] don [gaw] dant [ass] dām̐t [pun] daⁿd [gaw] dan [pas] daandə [raj] dandun [kur] dınān [haw] diḏān [goh] zan [sar] dhandun [old] tōth [mid] zan [ang] tōþ [old] tand [mid] tant [old] tǫnn [got] tunþus [mid] dans [lat] danz [nor] tann [por] dente [vâs] lat′am [kam] d′ut [kât] d′ut [kât] d′ut [kal] dũt [saṇ] d′õt [kur] diyān [mil] dén",*Hd-ónt-,,117,328
[fle] draaijen [lux] dréinen [nld] draaien [deu] drehen [deu] trääie,*?*treh₁-,,5,330
[fle] braken [deu] erbräche,*bʰre⁽g̑⁾-,,2,331
[aln] ngrohtë [dan] varm [nld] warm [fle] warm [fri] waarm [deu] warm [fas] garm [nob] varm [swe] varm [grc] thermós [kur] germ [lux] waarm [ave] garəma [oss] qarm [oss] ǧar [sqi] nxehtë [xcl] ǰerm [old] varmber [elf] warm [kho] grāmä [gre] thermós* [mid] garm [par] garm [gre] thermós [kum] garm [yag] ɣarm [deu] warm [sog] γarm [lar] garm [alb] ngrohitë [khw] γarmand [old] garma [nor] varm [old] uuarm [goh] uuarm [mid] warm [mid] waerm [old] warm [maz] garm [bak] garm [del] garm [kur] garm [kur] garm,*gʷʰer-,,43,333
[aln] ujë [bul] voda [bel] vada [ces] voda [dan] vand [nld] water [eng] water [far] vatn [fle] water [fri] wetter [deu] Wasser [isl] vatn [gae] uisce [lit] vanduõ [sor] woda [sor] woda [mac] voda [pol] woda [nob] vann [rus] voda [hbs] voda [slo] voda [slo] voda [swe] vatten [ukr] voda [gae] uisge [lav] ūdens [lux] Waasser [hit] u̯ātar / u̯itēn- [chu] voda [prg] unds [sga] uisce [xto] wär [txb] war [sqi] ujë [gae] ushtey [elf] wattn [old] vatn [pal] udaka [gre] u-do [gre] hýdōr [umb] utur [pol] vådă [kas] wòda [grc] hýdōr [lat] iudiņs [pal] wíi [old] woda [old] voda [old] voda [rus] vodá [mac] vòda [mac] òda [slo] voda [slo] voda [deu] Wasser [alb] ujët [pas] worgə [goh] wazzar [old] weter [mid] wazzer [ang] wæter [old] uuatar [mid] water [old] vatn [got] wato [nor] vatn,*u̯ed-,,67,335
[dan] hvid [nld] wit [eng] white [far] hvítur [fle] wit [fri] wyt [deu] weiß [isl] hvítur [nep] seto [nob] hvit [swe] vit [kur] spi [san] śvetá- [lux] wäiss [ave] spaēta [elf] wait [old] hviter [kho] śśītä [par] ispēd [deu] wyys [tat] isbi [sog] spētē [maz] espe [bal] spēt [raj] esbid [kum] spēr [kho] išperu [khw] spēdik [pas] speen [pun] ciṭṭā [goh] uuīz [sar] speyd [old] hwīt [mid] wîz [ang] hwīt [old] huuît [mid] wit [old] hvítr [got] ƕeits [nor] kvit,*k̑u̯ei̯t-,,40,338
"[bul] vât″r [bel] vecer [cat] vent [ces] vítr [dan] vind [nld] wind [eng] wind [far] vindur [fle] wind [fra] vent [fri] wyn [deu] Wind [isl] vindur [ita] vento [lit] vė́jas [sor] wětš [sor] wětřik [mac] vetar [pol] wiatr [por] vento [nob] vind [rus] veter [sar] bentu [sar] (b)entu [hbs] vjetar [slo] vietor [slo] veter [spa] viento [swe] vind [ukr] vìter [wal] vint [lat] uentus [chu] větrŭ [xto] want [txb] yente [san] vā́taḥ [hit] ḫuu̯ant- [prg] wetro [lav] vējš [lad] vent [fri] vint [ave] vāta [old] vinder [pal] vāta [mar] vārā [mid] avel, auel [kho] bātä [fas] bād [pol] v́otĕr [kas] wiater [mid] wād [kur] ba [par] wād [lat] viejs [ron] vânt [dal] vi̯ant [nea] viento [old] vent [ang] vent [fra] vë [old] viento [bre] awel [bre] awel [cym] gwynt [old] wiatr, wietr [mid] gwynt [old] vietr [rus] v′iter [mac] v′ä̀tir [mac] w′ä̀t′ḁr [yag] wōt(a) [slo] veter [slo] veiter [old] avelou [bac] oado [tat] yāvā [sog] wāt [bak] bād [del] bɒ [lar] bāz [bal] gwāt [kur] bā [old] věterŭ [old] vent [meg] víntu [khw] wād [old] vent [ass] bôtāh [raj] ʋạd [kur] wā [haw] wā [gaw] bāla [goh] uuint [old] wind [mid] wint [ang] wind [old] uuind [mid] wint [got] winds [mid] gwyns [lat] guinz, gwenz [nor] vind [por] vento [kur] bā [mil] vént",*h₂u̯eh₁-,,105,342
[nld] vleugel [fle] vleugel [deu] Flügel [lux] Flillek [deu] Flügel [mid] vlügel [mid] vlueghel,*?*pleu̯k-,,7,343
[dan] orm [nld] worm [eng] worm [fle] worm [fra] ver [fri] wjirm [deu] Wurm [ita] verme [lad] verm [sar] berme [sar] erme [wal] vièr [lux] Wuerm [lat] uermis [fri] vier [por] verme [isl] ormur [ron] vierme [nea] verme [old] verm [ang] verm [fra] véh [deu] Wurm [old] verme [dal] vi̯arm [goh] uurm [mid] wurm [ang] wyrm [old] uuurm [mid] worm [old] ormr [meg] ǵérmu [mil] vèrman,*u̯r̥mi-,,33,348
[dan] år [nld] jaar [eng] year [far] ár [fle] jaer [fri] jier [deu] Jahr [isl] ár [nob] år [swe] år [lux] Joer [ave] yār [elf] år [old] ar [deu] Jahr [goh] iār [old] iēr [mid] jâr [ang] ġēar [old] jâr [mid] jaer [old] ár [got] jer [nor] år,*i̯eh₁-r/n-,,24,350
[sqi] bark [alb] bark,*bʰer-,,2,359
[aln] madh [hyw] mec [hye] mec [ell] megálos [sar] mannu [sar] mannu [grc] mégas [lat] magnus [san] máhi [xcl] mec [gau] magio- [sqi] madh [old] mykil [pal] mahant- [gre] me-ki-ta [ave] maz [kho] maysirkä [gre] mégas [kur] mezɨn [gre] meálos [gre] méga [gre] mé(g)as [gre] mé(g)a [sog] mazēx [alb] i madh [ang] miċel [got] mikils,*meg̑-,,27,360
[sqi] zog [alb] zogu,*g̑ʰu̯eh₂gʰV-,,2,361
[aln] gjak [sqi] gjak [alb] gjak,*sokʷo-,,3,364
[aln] digjem [kas] dazon [lit] dègti [lav] degt [xto] tsäknäṣtär [txb] tsakṣtär [san] dah- [sqi] digjem [pal] dahati [lat] degt [pal] daáǰa [sin] dævenavā [alb] djeg [gaw] däǰūg,*dʰegʷʰ-,,14,368
[aln] ftoft [sqi] ftohtë,*teh₂-,,2,371
"[ben] din [bul] den [bel] dzen′ [cat] dia [ces] den [fra] jour [hin] dina [ita] giorno [kas] doh [lad] di [lit] dienà [sor] źeń [sor] dźeń [mac] den [mar] divasa [nep] dina [pol] dzień [por] dia [rus] den' [sar] die [sar] díe [hbs] dan [sin] davasa / dinaya [slo] deň [slo] dan [spa] día [ukr] den′ [wal] djoû [lat] diēs [urd] din [mai] din [chu] dĭnĭ [lav] diena [prg] deinan [hit] šīu̯att- [fri] dì [osc] zicolom [xcl] tiw [gau] sindiu [mag] din [pal] diva [mid] dez, deyz, deiz [old] ded, did [pol] dan [kas] dzéń [osc] iúkleí [lat] dīna [nea] juorno [old] jor [ang] jur [fra] zhôh [old] día [ron] zi [bre] deż, dewezh [bre] déiż, déwezh [cym] d(i)wrnod [bho] din [pal] deés [old] dzień [mid] dyd [old] did [old] den [old] denĭ [rus] dẹn′ [mac] d′èn′ [mac] d′èn′ [slo] dan [slo] dán [ass] din [pun] din [old] journ, jorn [meg] zuu̯ă [old] dia [old] dia [gaw] des [gaw] dōs [dal] dai̯ [mid] deth, dyth [por] dia [mil] dì",*dei̯-,,80,375
"[aln] pî [bul] piâ [bel] pìc′ [cat] beure [ces] pít [fra] boire [ell] pínō [hin] pīnā [gae] ól [ita] bere [lad] beive [sor] piś [sor] pić [mac] pie [mar] piṇē [nep] piunu [pol] pić [por] beber [rus] pit' [sar] bíere [sar] buffare [hbs] piti [slo] piť [slo] piti [spa] beber [ukr] piti [wak] pit [wal] beûre [mai] pīnā [san] pā- [chu] piti [prg] poūton [lat] bibere [urd] pīnā [sin] bonavā [fri] bevi [sga] ibid [xcl] əmpem [gau] ibetis [sqi] pi [mag] pinā [gae] iu [old] iben [bho] pīnā [pal] pivati/pibati [grc] pínō [mid] euaff, effaff [gre] pínō [kas] pic [gre] pínnō [gre] pínnō [gre] pínō [gre] piíno [old] boivre [ang] beivre [fra] baihé [old] beber [ron] bea [bre] ived, iv- [bre] evã, ev- [cym] yfad [gae] òl [nea] vevere [pal] píla [pol] pait [old] pić [mid] yfed [old] píti [old] piti [rus] pɪ́tɪ [mac] pìjam [mac] pìja [slo] piti [slo] pyti [old] beoure [alb] pi [old] beure [kho] piik [gaw] pik [pun] pīṇā [gaw] pūg [meg] be̯ári [dal] bar [mid] eva [lat] eva [por] beber [vâs] vuya- [pas] pataau [ass] pi khûwā [kam] p′ia- [kât] pi·′e- [kât] pai′e- [kal] piia- [saṇ] p′iː- [mil] béf",*peh₃(i̯)-,,95,380
"[aln] dhe [lit] žẽmė [sor] zemja [sor] zemja [mac] zemǰa [pol] ziemia [rus] zemlâ [hbs] zemlja [slo] zem [slo] zemlja [ukr] zemlâ [chu] zemlja, zem(ĭ)ja [prg] semmē [lav] zeme [bul] zemâ [ces] země [ave] zam [hit] tēkan / takn- [xto] tkaṃ [txb] keṃ [xlu] takami- [bel] zâmlâ [pol] ziḿă [kas] zemia [par] zamīg [lat] zeme [old] ziemia [old] země [old] zemlę [rus] zẹml′á [mac] z′èmja [mac] z′èmja [yag] zōy [slo] zemlja [slo] ṡemla [sqi] dhe [bac] zamigo [sog] zāy [alb] dhe [kur] zamīn [kur] zaü","*dʰég̑ʰ-om-, *dʰg̑ʰ-ém-, *dʰg̑ʰ-m-",,41,384
[aln] bie [sqi] bie [alb] bie,*bʰerH-,,3,388
[aln] druaj,*dʰreh₂s-,,1,392
[aln] zjarr [sqi] zjarr [alb] zjarr,*gʷʰer-,,3,396
[aln] mërdhif [bul] zamr″zvam [bel] zamârzac′ [ces] mrznout [sor] marznuś [sor] mjerznyć [mac] mrzne [pol] zamarzać [rus] zamerzat' [hbs] smrznuti [slo] mrznúť [slo] zamrzniti [ukr] zamerzati [chu] (po-/sŭ-)mrŭznǫti [pol] marznĕ [kas] miarznąc [old] zmarznąć [old] zamrznúti [old] zamerznuti [rus] zamerzátɪ [mac] mr̥̀znam [mac] mr̥̀zn′a [slo] zamrzniti [slo] ṡmarṡniti,*merg̑⁽ʰ⁾-,,24,403
[hyw] tal [hye] tal [ben] deoẏā [bul] dam [bel] dac′ [cat] donar [ces] dát [fra] donner [ell] dínō [hin] denā [ita] dare [kas] dyon [lad] dé [lit] dúoti [sor] daś [sor] dać [mac] dade [mar] deṇe [nep] dinu [fas] dādan [pol] dać [por] dar [rus] dat' [sar] dare [sar] giàre [hbs] dati [sin] denavā [slo] dať [slo] dati [spa] dar [ukr] dati [wal] diner [san] dā- [urd] denā [lat] dare [chu] dati [prg] dāt [lav] dot [grc] dídōmi [mai] denā [kur] dɨdet [fri] dâ [ave] daδāiti [oss] dættyn [oss] dættun [xcl] tam [osc] deded [umb] dede [gau] dede [bho] denā [pal] dadāti [mag] denā [gre] di-do-si [gre] dídōmi [pol] dot [kas] dac [mid] dayēd [par] dahēd [gre] dṓnnō [gre] dí(g)ō [gre] diṓ [gre] dínō [lat] dūt [old] doner [ang] doner [ron] a da [old] dar [pal] díi [nea] rà [old] dać [old] dáti [old] dati [rus] dátɪ [mac] dàvam [mac] dàvam [slo] dati [slo] dati [bac] lauado [bak] dādak [old] dounar [old] donar [meg] dari [kho] dik [alb] dhe [kum] dō'a [lar] ade [maz] dene [kur] adāt [bal] dant [tat] āndiye [haw] maḏo [kur] dē [raj] ạde [gaw] dǟg [old] dadātu [del] miye [dal] duọr [sar] dhud [ass] diẏā [gaw] ɬik [pas] detaau [pun] deṇā [por] dar [vâs] -pili- [kam] př′e- [kât] př′e- [kal] pra- [saṇ] přoːta [mil] dàa,*deh₃-,,109,405
[aln] bar [sqi] bar [alb] barë,*?*bʰar(s)-,,3,407
[aln] dorë [hyw] jeṙkʿ [hye] jeṙkʿ [ell] chéri [grc] cheír [hit] keššar / kiššer- / kišr- [xto] tsar [txb] ṣar [xcl] jeṙn [xlu] īššara/i- [sqi] dorë [ave] zasta [san] hástaḥ [old] dasta [wak] ðast [fas] dast [kur] dest [pal] hattha [gre] ke-* [kho] dastä [gre] cheír [mid] dast [par] dast [gre] šérin [gre] chéri [gre] šéri(n) [gre] cher [ben] hāt [mai] hāth [mag] hāth [bho] hāth [hin] hātha [urd] hāth [kas] athə [pal] haát [yag] dast [nep] hāt [mar] hāta [kum] dist [sin] ata [bac] listo [tat] dast [sog] δasti [maz] dast [bak] das [del] dæs [lar] das [bal] das [kur] das [ass] hāt [pun] hattʰ [alb] dorë [khw] δast [kur] das [haw] das [raj] dạs [pas] laas [gaw] hast [pas] wos [kho] host [sar] dheest [vâs] l′ust [kam] d′üšt [kât] d′ušt [kal] dost [saṇ] d′ost [kur] das,*g̑ʰes-,,67,411
[aln] vras [sqi] vras [alb] vrasë,*reu̯H-,,3,425
[aln] di [sqi] di [alb] di,*dʰei̯H-,,3,426
[sqi] jetoj,*i̯et-,,1,432
[aln] mish [hyw] mis [hye] mis [ben] mānsa [bul] meso [bel] mâsa [ces] maso [hin] māṁsa [kas] maaz [lit] mėsà [sor] měso [sor] mjaso [mac] meso [mar] māṁsa [nep] māsu [pol] mięso [rus] mâso [hbs] meso [sin] mas [slo] mäso [slo] meso [ukr] mâso [txb] mīsa [mai] māṅs [prg] mensā [san] māṃsám [chu] męso [xcl] mis [sqi] mish [mag] maṅs [pal] maŋsa (maṁsaṁ) [pol] mąsi [kas] miãso [pal] mhaás [bho] māṁs [old] mięso [old] maso [old] męso [rus] mn′áso [mac] m′ä̀su [mac] m′èsu [slo] meso [slo] meſſú [ass] māngxô [pun] mās [alb] mishë [gaw] mās [got] mimz,*mē(m)s-,,48,437
[aln] ri [sqi] ri [alb] i ri,*h₃er-,,3,444
[grc] hélkō [gre] hélkō [txb] slaṅktär,*selk-,,3,451
[aln] det [sqi] det [alb] deti,*dʰeu̯b-,,3,466
[aln] prefët [bul] ost″r [bel] vostry [ces] ostrý [lit] aštrùs [sor] wótšy [sor] wótry [mac] ostar [pol] ostry [rus] ostryj [hbs] oštar [slo] ostrý [slo] oster [ukr] gostrij [txb] akwatse [chu] ostrŭ [lav] ass [lat] acūtus [sqi] mprehtë [kas] òstri [osc] akrid [lat] oss [ron] ascuțit [old] agudo [old] ostry [fri] uçât [old] ostrý [rus] óstrωj [mac] òstra [mac] òstra [slo] oster [slo] oſter [sar] accuzzu,*h₂ek̑-,,33,468
[aln] borë [sqi] borë [alb] zbora,*bʰerH-,,3,480
[aln] shkop [sqi] shkop [alb] skop,*?*skeh₂p-,,3,487
[aln] gur [wak] ɣ̌ar [sqi] gur [alb] gurë [sar] zher [sin] gala [vâs] ′ir,*gʷerH-,,7,488
[aln] lidh [ita] legare [lad] lié adum [sar] ligare [lat] ligāre [fri] leâ [cat] lligar [sqi] lidh [ron] a lega [nea] lià [old] liier [ang] lier [alb] lidhnja [old] lligar [meg] ligári [dal] ligúr [mil] ligàa,*lei̯g̑-,,17,500
[aln] dhâmb [bul] z″b [bel] zub [ces] zub [sor] zub [sor] zub [mac] zab [pol] ząb [rus] zub [hbs] zub [slo] zub [slo] zob [ukr] zub [chu] zǫbŭ [lav] zobs [xto] kam [txb] keme [sqi] dhëmb [pol] zǫb [kas] ząb [lat] zūbs [old] ząb [old] zub [old] zubŭ [mac] zъ̀mp [mac] zъ̀mp [slo] zob [slo] ẛob [alb] dhamb,*g̑ombʰ-o-,,29,502
"[aln] drû [bul] d″rvo [bel] dreva [dan] træ [eng] tree [far] træ [isl] tré [mac] drvo [pol] drzewo [nob] tre [rus] derevo [hbs] drvo [slo] drevo [swe] träd [ukr] derevo [hit] tāru [grc] déndron [ell] déntro [chu] drěvo [elf] trai [old] trä [gre] déndron [kur] dar [kas] drzewò [par] dālug [gre] dentrón [gre] dentró [gre] dentró(n), dentrítsi(n) [old] drzewo [old] dřěvo [rus] dérevo [mac] dъ̀rvu [mac] dr′ä̀wu [slo] drvo [slo] drivú [maz] dār [kur] dār [kur] dār [ang] trēow [old] tré [nor] tre [kur] dār",*déru- ~ *dóru- ~ *dru-,,42,503
[aln] bardhë [sqi] bardhë [alb] i bardh,*bʰerh₁g̑-,,3,508
[aln] gjanë [sqi] gjerë,*seh₁-,,2,509
[sqi] grua [aln] gru(e) [alb] grua,*g̑erh₂-,,3,513
[aln] vjet(ë) [hit] u̯itt- [grc] étos [ben] bachar [san] saṃvatsaráḥ [sqi] vit [pal] (saŋ)vacchara [gre] we-to [xlu] ušša/i- [gre] étos [sin] avurudda [alb] vjetë [ass] bôsôr [vâs] vusć′u [kam] s′a [kât] s′a [kât] s′a,*u̯et-,,17,515
"[hyw] oskor [hye] oskor [cat] os [fra] os [ita] osso [lad] os [fas] ostoxwān [por] osso [sar] ossu [sar] ossu [spa] hueso [wak] ayč, ayšč [wal] ohê [hit] ḫaštāi / ḫašti- [grc] ostéon [san] ásthi [lat] os [txb] āy, āyo [xto] āy [kur] hestik [fri] vues [oss] stæg [oss] æstæg [xcl] oskr [xlu] ḫāš- [pal] aṭṭhi [mid] ascorn [kho] āstai [gre] ostéon [mid] ast [par] astag [gre] stéo [yag] siták [gre] stoú(d)i [gre] ostoúði(n) [ron] os [nea] uosso [old] os [ang] os [fra] ôh [old] (h)uesso [bre] askorn [bre] askorn [cym] asgwrn [ave] ast [mid] ascwrn [aln] asht [tat] osġonj [sog] staki [maz] hestāġun [bak] estexun [del] asseɣun [kur] ǝsqān [old] os [meg] os [khw] astik [alb] ash [old] os [kur] sıxān [raj] ostoxun [dal] vu̯as [sar] istqhun [mid] ascorn [lat] asgarn, askern [por] osso [pas] aṭu [mil] òs [kur] suqān",*h₂ost-,,68,519
[dan] tør [far] turrur [isl] þurr [nob] tørr [swe] torr [gae] tioram [gae] tirim [sga] tírim [gae] çhirrym [elf] tuorr [old] thör [gau] tarto- [old] þurr [nor] tørr,*ters-,,14,520
"[gae] snámh [ita] nuotare [lad] nodé [fas] šenā kardan [por] nadar [sar] nadare [sar] natare [spa] nadar [fra] nager [wal] noyî [lat] nāre [grc] néō [txb] nāṣṣäṃ [fri] nadâ [cat] nedar [gae] snaue [sga] snaïd [oss] nakæ kænun [mid] neuff, neuf, neu [mid] išnāzēd [par] snāčēd [ron] a înota [nea] natà [old] noër [ang] noer [fra] nazhi [old] nadar [gae] snàmh [bre] neuñviñ, neuñv- [bre] nañwal, nañw- [cym] nofio [mid] nofy- [old] nadar [wak] (a)ṣ̌nowariɣ̌ x̌ak [old] nedar [maz] šeno konde [del] ʃenow miko [lar] ešnow aku [kum] šnāw tka [bal] āšnāha kant [tat] šenā miyare [kur] šınā kaē [kho] usneek [mid] nyge [lat] nyidzha, nijah [por] nadar [gaw] sāneṭä dǟg [mil] nadàa",*(s)neh₂-,,48,535
[bul] povr″štam [ces] zvracet [pol] zwracać [slo] vracať [hbs] povraćati [mac] povraḱa [old] vracěti,*u̯ert-,,7,537
"[fra] chanter [gae] can [ita] cantare [lad] cianté [por] cantar [sar] cantare [sar] kantare [spa] cantar [wal] tchanter [lat] canere [fri] cjantâ [sga] canaid [umb] kanetu [mid] canaff [ron] a cânta [nea] cantà [old] chanter [ang] chanter [fra] shantâ [cat] cantar [old] cantar [bre] kanã, kan- [cym] canu [mid] canu [old] canam [old] cantar [old] cantar [meg] căntári [dal] kantúr [mid] cana [lat] kana [por] cantar [mil] cantàa",*⁽k̑⁾an-,,33,565
[fas] siyāh [wak] ṣ̌ʉw [oss] saw [oss] saw [ave] sāma [mid] syāw [par] syāw [kum] sīya [bak] siyāh [tat] siyā [sog] šāw [maz] siya [del] sijɒ [lar] siyā [bal] syāh [khw] sāw [haw] sīāw [kur] sya [raj] siyạ [pas] šaamok,*k̑i̯eh₁-,,20,573
[hyw] amp [hye] amp [ell] sýnnefo [lit] debesìs [fas] abr [grc] néphos [kur] ewr [xcl] amp [kas] abor [kho] pryaurä [gre] nephélē [mid] abr [gre] néfos [gre] sýnnofo [gre] néfä [gre] šýnnefa [pal] áabru [oss] ævraǧ [bak] awr [tat] abr [maz] abr [del] owr [lar] abr [bal] abr [kur] hāwr [sog] parīβē [khw] bīrβik [kur] awr [haw] hawr [gaw] albena [raj] aʋr [kam] nir′u [kât] nâr′u [kât] nâr′u [kal] nâli [kur] hawr,*nebʰ-,,36,579
[hyw] jowk [hye] jowk [lit] žuvìs [grc] ichthỹs [prg] suckis [lav] zivs [xcl] jowkn [gre] ichthýs [lat] zivs,*dʰg̑ʰuH-,,9,589
[hyw] saṙil [hye] saṙčʿel [xcl] saṙčʿim,*k̑ers-,,3,592
"[hyw] lsel [hye] lsel [ben] śunā [hin] sunanā [nep] sunnu [san] śru- [mai] sunanā [gae] cluinn [urd] sunnā [gae] clois [sga] ro·cluinethar [xcl] lsem [gau] cluiou [ave] surunaoiti [gae] clashtyn [bho] sunanā [pal] suṇāti [mag] sunanā [mid] cleuet, clevet [pal] ṣúṇa [bre] klewed, klew- [bre] klewed, klew- [cym] clwad [mid] clybod [sin] ahanavā [mid] clewes, clowes [lat] klouaz, clowas [ass] xunā [pun] suṇnā [gaw] ṣunḍik [sar] kheed",*k̑leu̯-,,31,598
[hyw] zarnel,*per-,,1,600
[hyw] saṙ [hye] saṙowycʿ [xcl] saṙn,*k̑ers-,,3,605
[hyw] erkar [hye] erkar [xcl] erkar,*du̯eh₂-,,3,613
[hyw] mōt [hye] mot [xcl] mawt,*?*meHd-,,3,618
[hyw] gišer [hye] gišer [xcl] gišer [mac] v′èčer [mac] v′èčer,*?*u̯e-k⁽ʷ⁾sp-ero-,,5,619
[hyw] hin [hye] hin [gae] sean [lit] sẽnas [gae] sean [san] sána- [sga] sen [gau] senos [gae] shenn [cym] hen [mid] hen [old] hen [old] hen,*sen-,,13,622
[hyw] hrel [hye] hrel,*per-,,2,628
[hyw] get [hye] get [xcl] get [slo] voda,*u̯ed-,,4,631
[hyw] əsel [hye] asel [xcl] asem,*h₂eg̑-,,3,636
[hyw] sur [hye] sur [xcl] sowr [kam] ći′o [kât] ći′o [kât] ći′o [kal] ćaṭaka,*k̑eh₃(i̯)-,,7,640
[hyw] ergel [hye] ergel [xcl] ergem [kho] āljs,*h₁erkʷ-,,4,642
"[hyw] hototel [lit] (už)úosti [spa] oler [grc] osphraínomai [lav] (sa)ost [lat] olfacere [xcl] hototim [hye] hototel [gre] osphraínomai* [lat] saūst, ūst [old] oler",*h₃ed-,,11,646
[hyw] ōj [hye] ōj [ell] fídi [pol] wąż [grc] óphis [san] áhiḥ [lat] anguis [prg] angis [xcl] awj [ave] aži [sor] wuž [gre] óphis [gre] fith [gre] ofídi(n) [gre] fídi [old] wąż [khw] yez [kho] ayi,*He(n)gʷʰi-,,18,648
[hyw] jiwn [hye] jyun [ell] chióni [nep] hium̐ [sin] hima [grc] chiṓn [san] himáḥ [kas] šiin [xcl] jiwn [wak] zəm [pal] hima [gre] chíōn [gre] šiónin [gre] chion [gre] šö́ni(n) [gre] chióni [gaw] him [gaw] him [kho] him [sar] zmun [vâs] zim′â [pas] him [kam] ź′im [kât] z′im [kât] z′im [kal] zim [saṇ] ž′im,"*?*g̑ʰéi̯-om, *g̑ʰ(i)i̯-ém-, *g̑ʰi-m-",,27,649
[hyw] arew [hye] arew [xcl] aregakn,*h₂reu̯-,,3,653
[hyw] daṙjnel [hye] daṙnal [xcl] daṙnam,*dʰerg̑ʰ-,,3,660
[hyw] lowal [hye] lvanal [ell] plénō [xcl] lowanam [gre] plynnískō [gre] plénō [gre] plyníškō [gre] plýnō,*pleu̯-,,8,662
[hyw] ǰowr [hye] ǰowr [xcl] ǰowr,*i̯uHr-,,3,663
[hyw] layn [gae] leathan [lit] platùs [hye] layn [sin] paḷal [san] pr̥thú- [lav] plats [gae] leathann [sga] lethan [xcl] layn [gau] litanos [mid] ledan [ave] pərəϑu [gre] platýs [gre] platýs [gre] platý [gre] platýs [gre] platéo [lat] plots [gae] lhean [bre] ledan [bre] ledan [cym] llydan [mid] llydan [old] litan [par] frāx [tat] ferā [bal] prāh [kur] fɨre [mid] frāx [lat] ledan,*pleth₂-,,31,667
"[hyw] kin [hye] kin [bul] žena [bel] žančyna [ces] žena [dan] kvinde [far] kona, kvinna [ell] gynaíka [isl] kona [gae] bean [sor] žeńska [sor] žona [mac] žena [fas] zan [rus] ženŝina [hbs] žena [slo] žena [slo] žena [swe] kvinna [ukr] žìnka [prg] genno [chu] žena [sin] gǣni [kur] žɨnɨk [grc] gynḗ [sga] ben [ave] jaini [xcl] kin [hit] *kuu̯an- [xlu] u̯āna- [nob] kvinne [gau] bnanom [gae] ben [old] ban- [old] kona [elf] kwinnfuok [gae] boireannach [gre] ku-na-* [gre] gynḗ [pol] zenă [mid] zan [par] žan [xto] kᵤli [txb] klyiye [gre] genaíka [gre] (g)ynaíka [gre] gynaíka [gre] naíka [kas] zayn [cym] dynes [old] żona [old] žena [old] žena [kum] ẓank- [rus] žoná [mac] žèna [mac] žèna [slo] žena [slo] ṡhena [mid] benyn [lat] bennen [bac] zino [bak] zine [del] zen [lar] zen [bal] ǰenēnzāg [kur] žın [tat] zeyniye [maz] zan, zenā [raj] jan [kur] žın [haw] žanī [old] kona [got] qino [nor] kvinne [kur] žɨn",*gʷen-,,76,671
[ell] gelṓ [grc] geláō [hye] cicałel [xcl] cicałim [gre] geláō [gre] gelṓ [gre] gelṓ [gre] geláo [gre] gelṓ,*g̑elh₂-,,9,680
[fas] rūz [old] raucah [mid] rōz [kur] rož [par] rōč [kum] rōẓ [bac] rōso [tat] rev [maz] ruz [bak] ruz [del] ruz [lar] roz [bal] rōč [kur] rož [kur] ṛūž [haw] řo [pas] wraz [raj] ruj [kur] rūž,*leu̯k-,,19,691
[ben] moẏlā [mar] maḷalelā [pal] malina [nep] mailo [gaw] malota [kam] m′ul [kât] m′ul [kât] m′ul [saṇ] m′ol,*melh₂-,,9,692
[bho] māṭi [ass] māṭi [ben] māṭi [pun] miṭṭī,*meld-,,4,695
[ben] cokh [fas] čašm [wak] č̣əẓ̌m [oss] cæst [oss] cæstæ [old] cašman [ave] cašman [kur] čav [kho] tceiʾmä [mid] čašm [par] čašm [kum] čum [sog] čašmi [maz] češ [del] t͡ʃeʃ [lar] čaš [bal] čamm [kur] čāw [haw] čam [kur] čam [raj] čaym [khw] camma [sar] cem [ass] sôku [kur] čāw,*kʷek̑-,,25,696
[kur] dɨkevit [par] kafēd [bal] kapīt [maz] kafene [kur] akawıt [kur] kafē [raj] darake [kum] tkō'a [kur] a-kaf-ē,*(s)kep-,,9,697
"[ben] bhaẏ [bel] bajcca [ces] bát se [lit] bijóti [sor] bójaś se [sor] bojeć so [mar] bhītī [pol] bać się [rus] boât'sâ [hbs] bojati se [sin] bhayin siṭinavā [slo] báť sa [slo] bati se [chu] bojati sę [san] bhī- [prg] biātwei [ukr] boâtisâ [lav] baidīties [pol] bet [kas] bòjec sã [lat] beitīs [pal] bhíia [old] bać się, bojeć się [old] báti sě [old] bojatisę [rus] bojátɪ s′a [slo] bati se [slo] ſe bati [gaw] biūg [ass] bhôy [gaw] bangarik [pas] ǰaangə butu [kho] buhtiik",*bʰei̯h₂-,,33,699
[bul] pero [bel] pâro [ces] péro [sor] pjero [sor] pjero [mac] pero [fas] par [pol] pióro [rus] pero [hbs] pero [slo] pero [slo] pero [ukr] pero [urd] par [san] parṇám [txb] paruwa [chu] pero [ave] parəna [pal] paṇṇa [ben] pālak [kho] pārrä [pol] perü [kas] pióro [mid] parr [old] pióro [kum] par [old] péro [rus] peró [mac] p′èru [mac] p′èru [slo] pero [slo] perú [bak] par [tat] par [sog] parn [maz] par [del] pær [lar] pal [kur] par [haw] pař [kur] paṛ [raj] par [khw] pan [sar] peend [pas] par [kur] paṛ,*(s)per-,,46,700
[wak] kṣ̌ʉyd [fas] šinīdan [mid] ašnawēd [par] išnawēd [kum] šnēwa [del] mæʃne [lar] ašnofe [maz] ešnone [haw] mažnawo [tat] mašone [old] āxšnauti [kur] a-žnaf-ē,*ksneu̯-,,12,708
[ben] mārā [mar] mārane [mai] māranā [mag] maranā [bho] māranā [pun] mārnā [ass] mārā,*mer-,,7,712
[fas] ǰigar [prg] lagno [san] yákr̥t [grc] hē̃par [lav] aknas [lat] iecur [hyw] leard [hye] lyard [oss] igær [oss] igær [ave] yākar [xcl] leard [pal] yakana [kho] gyagarrä [mid] ǰagar [gre] ī́parī [lat] oknys [kum] jōġur [bak] jiyar [sog] yakari [lar] jegar [maz] jiger [kur] jıgar [tat] jigare [haw] jigar [kur] jıgır [raj] jegar [pas] aeena [gaw] yän [kho] ṣeɣun [del] d͡ʒigær [kam] iâň′i [kât] iâň′âi [?] [kât] iâ·′i [kal] iok [saṇ] i′on [kur] jɨwɨr,*(H)i̯ekʷ-r/n-,,37,718
[pal] pabbata,*per-u̯n̥-,,1,720
[san] samudráḥ [pal] samudda [sin] muhuda,*u̯ed-,,3,730
[bal] rōč,*leu̯k-,,1,739
[fas] šostan [mid] šōyēd [kur] dɨšot [par] šōδēd [bak] šoštak [pas] woštaau [maz] šorne [raj] ạšure [del] miʃure [lar] ašure [kum] čōra [bal] dārī šodīt [tat] mišure [kur] ašorıt [kur] šūrē [haw] mašoroš [kur] a-šūr-ē,*?*k⁽ʷ⁾seu̯d-,,17,744
[ben] jbālāno [hin] jalnā [mar] jalaṇe [nep] jalnu [urd] jalnā [mai] jaranā [bho] jarnā [pun] jalṇā,*g̑u̯elH-,,8,758
[san] megháḥ [oss] meǧæ [ave] maēγa [pal] megho [par] mēγ,*h₃mei̯gʰ-,,5,760
"[ben] ṭhānḍā [hin] ṭhaṇḍā [mar] thaṇḍī [mai] ṭhaṅḍā [urd] ṭhaṇḍā [mag] ṭhaṅḍā [bho] ṭhaṇḍā [ass] ṭhāṇḍā [pun] ṭʰaⁿḍā, ṭʰaⁿḍʰā",*stembʰH-,,9,761
[ben] dūre [hin] dūr [kas] duur [mar] dūra [fas] dūr [sin] dura [mai] dur [urd] dūr [san] dūrá- [hit] tuu̯ān [ave] dūire [old] dūrai [wak] ðir [mag] dūr [pal] dūra [kho] durä [kur] dir [bho] dūr [pal] dhúura [kum] dūr [yag] dʉ̄r [sog] δūr [maz] dir [bak] dir [del] dir [lar] dir [bal] dūr [kur] dūr [kho] dudeeri [gaw] duraae [tat] derv [haw] dūr [kur] dür [raj] dür [pas] lare [gaw] dūr [par] dūr [mid] dūr [sar] dhar [pun] dūr [ass] dūr [kam] bâd′üř [kât] badi′uř [kal] südi [saṇ] sad′u [kur] dür [pas] sidiir,*du̯eh₂-,,47,771
[ben] āgun [bul] og″n [bel] agon′ [ces] oheň [hin] āga [lit] ugnìs [sor] wogeń [sor] woheń [mac] ogan [mar] āga [nep] āgo [pol] ogień [rus] ogon' [slo] oheň [slo] ogenj [ukr] vogon′ [urd] āg [san] agníḥ [chu] ognĭ [lat] ignis [lav] uguns [mai] āg [pal] aggi [mag] āg [pol] viďėn [kas] òdżin [lat] guņs [bho] āgi [old] ogień [old] oheň [old] ogonĭ [rus] oɣẹ́n′ [mac] vògni [mac] ògni [slo] ogenj [slo] ogîn [pun] agg,*h₁n̥gni-,,37,774
[ita] pesante [lad] pesoch [por] pesado [spa] pesado [fri] pesant [nea] pesante [sar] pesante [old] pesado [fra] peuzë [por] pesado,*?*(s)pend-,,10,782
[ben] mere phelā [hin] māranā [kas] maaron [mar] māraṇe [nep] mārnu [sin] maranavā [gae] marbh [mai] māranā [urd] mārnā [oss] maryn [oss] marun [sga] marbaid [gae] marroo [gae] maraigh [pal] māreti [mag] maranā [pal] mhaaríi [bho] mārnā [ass] māri pelûwā [pun] mārnā [gaw] maarik [kho] marik [gaw] mārūg [pas] maartaau,*mer-,,24,788
"[ben] pātā [hin] pattā [nep] pāt [urd] pattā [mai] pāt [pal] patta [mag] pattā [bho] patai [ass] pāt [pun] pattar, pattā [pas] paṭu [kal] poṭ",*pet-,,12,790
[hin] lambā [mar] lāmba [nep] lāmo [urd] lambā [mai] laṁbā [mag] lammā [ben] lambā [bho] lambā [pun] laⁿmā,*lembH-,,9,793
[lat] ōs [hit] aiš- / išš- [kas] aes [san] āsyàm [ave] āh [xlu] āšš- [kho] eha [gaw] ā~y [gaw] haansi [vâs] ′iš [kam] âš′a [kât] âš′a [kât] âš′a [kal] âš [saṇ] âš′i,*h₃eh₁-,,15,796
[ben] rāt [hin] rāta [kas] raath [mar] rātra [nep] rāta [sin] ræya [mai] rāt [urd] rāt [pal] ratti [mag] rāt [bho] rāti [pal] róot [gaw] rāt [ass] rāti [pun] rāt [kam] řâd′or [kât] řâd′or [kât] řâd′or [saṇ] ẓât′âːr [kal] vâtr,*h₁reh₁-,,20,799
[kas] nuun [sin] luṇu [mai] nun [nep] nūn [ben] nun [san] lavaṇám [pal] loṇa [pal] lhoóṇ [gaw] lon [pun] lūṇ [gaw] lōn [pas] len,*leu̯H-,,12,811
[ben] dekhā [hin] dekhanā [nep] dekhnu [mai] dekhəb [urd] dekhnā [bho] dekhnā [pal] dakkhati [mag] dekhanā [sin] dakinavā / pēnavā [ass] dekhā [pas] dətaau,*derk̑-,,11,814
[ben] selāi karā [bul] šiâ [bel] šyc′ [cat] cosir [ces] šít [dan] sy [eng] sew [far] seyma [fra] coudre [hin] sīnā [isl] sauma [ita] cucire [kas] sowon [lad] cujì [lit] siū́ti [sor] šyś [sor] šić [mac] šie [mar] śivaṇe [nep] siunu [pol] szyć [por] coser [nob] sy [rus] šit' [sar] cosire [sar] cosire [hbs] šiti [slo] šiť [slo] šivati [spa] coser [swe] sy [ukr] šiti [wal] keûse [mai] sīnā [urd] sīnā [san] sī́vya- [chu] šiti [lav] šūt [lat] suere [fri] cusî [elf] söma [old] söma [pal] sibbati [kho] hu* [pol] sajĕ [kas] szëc [oss] xʷyjyn [oss] xujun [lat] šyut [ron] a coase [nea] cosere [old] cosdre [ang] coustre [fra] kooudré [old] coser [mag] sīnā [bho] sīnā [pal] síla [yag] šīy- [old] szyć [old] šíti [old] šiti [rus] šɪ́tɪ [mac] šìja [mac] šìja [slo] šivati [slo] ſhivati [old] cosir [ass] silāi kôrā [pun] sīūṇā [old] courdurar [gaw] sīūg [pas] suutaau [kho] suik [meg] co̯ásiri [ang] sēowian [old] siuuuian [old] sauma [got] siujan [nor] sy [por] coser [vâs] â-šiv- [kam] š′üa- [kât] šav′e- [kât] šav′e- [kal] šüva- [saṇ] šivi′e- [mil] cüSì,*si̯eu̯H-,,88,815
[ben] gāoẏā [hin] gānā [kas] gewon [mar] gāṇe [nep] gāunu [mai] gānā [urd] gānā [san] gā- [bho] gānā [pal] gāyati [lav] dziedāt [mag] gānā [lat] dzīduot [pun] gāuṇā [ass] gān gûwā [pas] ge matu [sin] gayanavā,*g⁽ʷ⁾eH(i̯)-,,17,818
[far] húð [isl] húð [nob] hud [dan] hud [swe] hud [fle] huid [nld] huid [lux] Haut [lat] cutis [ave] suri [old] hudh [prg] keuto [deu] Haut [deu] Hut [goh] hūt [old] hēd [mid] hût [ang] hȳd [mid] huut [old] hûd [fri] hûd [nor] hud,*(s)keu̯H-,,22,820
[sin] nidā gannavā [gaw] nīn bäčūg,*?*dreh₁-,,2,822
"[ben] sāp [cat] serp [fra] serpent [hin] sām̐pa [ita] serpente [mar] sāpa [nep] sām̐pa [sar] serpente [wal] sièrpint [aln] gjarpën [mai] sāṅp [urd] sāmnp [lat] serpēns [kas] saraph [por] serpente [spa] serpiente [sqi] gjarpër [pal] sappa [mag] sāṅp [ron] șarpe [nea] serpe [old] serpent [ang] serpent [fra] sarpë [old] sierpe, serpiente [bho] sāṁp [old] serp [meg] șárpi [alb] gjarpri [old] serp [pun] sapp [por] serpente [ass] xāp",*serp-,,33,825
[ben] pāthar [hin] patthar [mai] patthar [urd] patthar [nep] patthara [mag] patthal [bho] patthar [ass] pāthôr [pun] pattʰar,*sterh₃-,,9,831
[ben] sojā [nep] sojho [mai] sojh,*ćau̯dʰ-,,3,832
[ben] bami karā [fra] vomir [ita] vomitare [lit] vémti [por] vomitar [sin] vamāranavā [spa] vomitar [wal] vômi [lav] vemt [san] vam(i)- [grc] eméō [mai] bokaranā [prg] wimbmis [lat] uomere [fri] gomitâ [cat] vomitar [ave] vaṇta [oss] womyn [oss] wæmun [pal] vamati [kho] bame [gre] eméō [lat] vemt [ron] vomita [nea] vummecà [old] vomir [ang] vomir [fra] vomi [old] vomitar [dal] gomituọr [old] vomitar [meg] vumári [ass] bômi kôrā [mid] wāmēd [por] vomitar,*u̯emh₁-,,35,840
[ben] dhooẏā [hin] dhonā [mar] dhuṇe [nep] dhunu [urd] dhonā [mai] dhonā [pal] dhopati [mag] dhonā [bho] dhonā [pal] dhóo [gaw] duaik [ass] dhûwā [gaw] duāg,*dʰeu̯H-,,13,841
[hin] pānī [mar] pāṇī [nep] pānī [urd] pānī [mai] pain [mag] pānī [bho] pānī [ass] pānī [pun] pāṇī,*peh₃(i̯)-,,9,842
[ben] caoṛā [hin] cauṛā [nep] cauḍā [urd] cauṛā [mag] caulā [mai] caoṛā [pun] cauṛā,"*kʷetu̯or-, *kʷ(e)tu̯r̥-, *kʷ(e)tur-",,7,844
[cat] cendra [ita] cenere [lad] cender [por] cinza [spa] ceniza [wal] cinde [lat] cinis [fri] cinise [sqi] hi [aln] hĩ [ron] cenușă [nea] cennere [sar] cinisu [sar] chisgína [old] cendre [ang] cendre [old] ceniça [fra] findré [fra] cendre [old] cendres [meg] čănușă [alb] hi [old] cendra [por] cinza [mil] scéndra,*(s)ken(H)-,,25,850
"[fra] dos [old] dos [ang] dos [old] dos, dors [old] dos / dors",*u̯ert-,,5,851
[fra] ventre [lad] venter [sar] matta [sar] bentre [wal] vinte [san] udáram [prg] weders [lat] uenter [lav] vēders [ave] udara- [wak] dur [pal] udaro [kho] ūri [yag] dára [lat] vādars [old] ventre [ang] ventre [fra] vëtro [old] vientre [dal] vi̯antro [old] ventre [gaw] war [khw] uδira [sar] dewr [vâs] ′ül,*?*(H)u̯ed-,,25,854
"[cat] ocell [fra] oiseau [ita] uccello [lad] ucel [por] ave [spa] ave [wal] oûhê [lat] auis [san] véḥ, víḥ [fri] uciel [ave] vi [umb] avif [nea] auciello [old] oisel [ang] oisel [fra] ouaizè [old] aucel, auceou [old] aucell [kho] boik [mil] üSèl",*h₂eu̯-i-,,20,856
"[cat] sang [fra] sang [ita] sangue [lad] sanch [por] sangue [sar] sambine [spa] sangre [wal] song' [lat] sanguīs [xto] ysār [txb] yasar [hit] ēšḫar / išḫan- [fri] sanc [xlu] āšḫar- / *āšḫan- [lav] asinis [san] ásr̥k [hye] aryown [hyw] ariwn [xcl] ariwn [lat] asnis [ron] sânge [nea] sango [sar] sammene [old] sanc [ang] sanc [fra] san [old] sangre [old] sang, sanc [meg] sắnḑi [old] sang [dal] su̯aṅg [por] sangue [vâs] us′ü [pas] wor [mil] sanch","*h₁ésh₂-r̥, *h₁sh₂-én-",,35,859
"[dan] ånde [far] anda [isl] anda [gae] análaigh [swe] andas [gae] tarraing anail [san] an(i)- [sga] do·beir anál [txb] anāṣṣäṃ [old] anda [elf] andas [mid] tennaff e alazn [kho] *uysan [cym] anadlu [bre] tennein, tenn- i anal [gae] tayrn ennal [bre] dialanĩ [mid] anadyly [mid] anella [lat] anal [old] halenar, alenar [old] alenar [ang] ēþian [old] anda [got] anan",*h₂enh₁-,,25,860
"[cat] núvol [fra] nuage [ita] nuvola [lad] niola [por] nuvem [sar] nue [sar] núe [spa] nube [wal] nûlêye [lat] nūbēs [fri] nûl [nea] nuvola [old] nue [ang] nue [fra] neublo [old] nuve [ron] nor [meg] nor [old] nivol, nioula [old] núvol [por] nuvem [mil] nìvar",*(s)neu̯dʰ-,,22,862
"[cat] fred [fra] froid [ita] freddo [lad] freit [por] frio [sar] frittu [sar] fríos [spa] frío [wal] freûd [lat] frīgidus [fri] frêt [nea] friddo [old] froit [ang] freid [fra] frai [old] frío [old] freid, freida or fred, freda [old] fred [dal] fred [por] frio [mil] frèc",*srei̯Hg̑-,,21,863
[cat] comptar [fra] compter [ita] contare [por] contar [sar] contare [sar] contare [spa] contar [fri] contâ [nea] cuntà [lad] cumpedé [ang] conter [wal] compter [fra] kantâ [old] contar [old] comptar [old] comptar [por] contar [mil] cuntàa,*pi̯eh₂-,,18,864
[cat] cavar [lad] ciavé [por] cavar [sar] iskavare [spa] cavar [ita] scavare [fri] sgjavâ [nea] scavà [old] cavar [old] cavar [old] cavar [dal] kavuọr [por] cavar [mil] cavàa,*k̑eu̯H-,,14,865
[cat] sec [fra] sec [por] seco [sar] siccu [sar] siccu [spa] seco [wal] sètch [lat] siccus [kho] ṣkalä [old] sec [ang] sec [fra] seu [old] seco [sog] škwi [old] sec [old] sec [khw] ǝkǝk [por] seco [mil] sèch,*sek-,,19,867
[cat] pols [fra] poussière [ita] polvere [por] pó [sar] piúaru [sar] prúine [spa] polvo [wal] poûssîre [lat] puluis [fri] polvar [nea] povere [old] polvo [old] poudre [ang] pudre [fra] pooufihe [old] poussieira [old] pols [dal] pulvro [por] pó [mil] pulvra,*pelh₁-,swing,20,869
[cat] terra [fra] terre [ita] terra [lad] tera [por] terra [sar] terra [sar] terra [spa] tierra [wal] têre [lat] terra [fri] tiere [osc] teras [old] tir [nea] terra [old] terre [ang] terre [fra] térra [old] tierra [old] terra [old] terra [meg] ţáră [dal] ti̯ara [por] terra [mil] tèra,*ters-,,24,870
[cat] caure [ita] cadere [por] cair [spa] caer [lat] cadere [ron] cădea [old] caer [nea] caré [old] chëoir [ang] chair [old] caer [meg] căde̯ári [dal] kadár [por] cair,*k̑ad-,,14,872
[fra] geler [por] gelar [spa] congelarse [wal] djaler [lat] gelāre [old] geler [ang] geler [fra] zhalâ [cat] congelar-se [old] (y)elar [nea] jelà [ita] congelarsi [old] gelar [old] congelar-se [por] gelar [mil] gelàa,*⁽g̑⁾el-,,16,881
[cat] mà [fra] main [ita] mano [lad] man [por] mão [sar] manu [sar] manu [spa] mano [wal] min [lat] manus [fri] man [osc] manim [umb] manf [ron] mână [dal] muṅ [nea] mano [old] main [ang] main [fra] man [old] mano [old] man [meg] mắnă [old] mà [por] mão [mil] màn,*men-,,25,888
[lad] audì [por] ouvir [spa] oír [wal] oyî [lat] audīre [old] oír [old] oïr [ang] oir [ron] a auzi [old] ausir [meg] uzắri [por] ouvir,*?*h₂u̯ei̯s-,,12,890
[cat] caçar [fra] chasser [ita] cacciare [lad] ciacé [por] caçar [sar] cazzare [sar] cassare [spa] cazar [wal] tchèssî [fri] cjaçâ [old] caçar [nea] ì a caccia [old] chacier [ang] chacer [fra] shafi [old] cassar [old] caçar [meg] căţári [por] caçar [mil] casàa,*keh₂p-,,20,894
[fra] savoir [ita] sapere [lad] savei [por] saber [spa] saber [wal] saveûr [fri] savê [cat] saber [nea] sapé [old] savoir [ang] saver [fra] savai [old] saber [dal] sapár [old] saber [old] saber [por] saber [mil] savè,*seh₁p-,,18,898
[por] perna [spa] pierna [old] pierna [por] perna,*persneh₂-,,4,903
[cat] poll [fra] pou [ita] pidocchio [lad] piedl [por] piolho [sar] priúcu [spa] piojo [wal] piou [lat] pēdiculus [fri] pedoli [sar] piúcu [old] pëoil [ang] poille [fra] pÿo [old] piojo [nea] perucchio [ron] păduche [old] peoulh [old] poll [meg] pidúcl’u [dal] pedoklo [por] piolho [mil] piöc,*pesd-,,23,906
"[cat] home [fra] homme [ita] uomo [lad] el [por] homem [sar] omine [sar] ómine [spa] hombre [wal] ome [gae] duine [fri] om [gae] dooinney [old] ome [ang] home [fra] omo [old] omne, ombre [nea] ommo [bre] den [bre] den [cym] dyn [mid] dyn [old] home [old] hom, home [dal] jomno [goh] gomo [ang] guma [old] gumo [mid] den [lat] dean [por] homem [mil] òm","*dʰég̑ʰ-om-, *dʰg̑ʰ-ém-, *dʰg̑ʰ-m-",,31,907
[cat] carn [ita] carne [lad] cern [por] carne [spa] carne [wal] tchår [lat] carō [fri] cjar [ron] carne [nea] carne [old] char [ang] char [old] carne [meg] cárni [old] carn [dal] kuọrno [por] carne [mil] càrna,*(s)kerH-,,18,909
"[cat] muntanya [fra] montagne [ita] montagna [por] montanha [sar] muntagna [sar] monte [spa] montaña [wal] montagne [lat] mōns [fri] mont [old] monid [mid] menez [ron] munte [nea] muntagna [old] mont [ang] munt [fra] man [old] monte, montanna [bre] meneż [bre] maneż [cym] mynydd [mid] mynyd [old] minid [old] mountagna [meg] múnti [old] muntanya [mid] meneth [lat] meneth, menneth, mener [por] montanha [mil] muntagna",*men-,,30,910
[cat] vell [fra] vieux [ita] vecchio [lad] vedl [por] velho [sar] bezzu [sar] bécciu [spa] viejo [wal] vî [lav] vecs [lat] uetus [fri] vieri [lat] vacs [ron] vechi [nea] viecchio [old] vieil [ang] viel [old] viejo [fra] vÿoou [sog] wǝčnē [old] vielh [meg] vécľu [old] vell [dal] vetrúṅ [khw] wǝdnik [por] velho [mil] vèc,*u̯et-,,27,913
[fra] jouer [ita] giocare [por] jogar [sar] jocare [sar] jocare [spa] jugar [wal] djouwer [fri] zuiâ [cat] jugar [old] joër [ang] juer [old] jogar [ron] a juca [nea] jucà [fra] zhoyi [old] jugar [old] jugar [meg] jucári [por] jogar [mil] giügàa,*i̯ek-,,20,916
[por] puxar [por] puxar,*pelh₂-,,2,917
[cat] pluja [fra] pluie [ita] pioggia [lad] plovei [sar] próere [spa] lluvia [wal] ploûre [lat] pluuia [fri] ploie [por] chuva [ron] ploaie [old] pluie [ang] pluie [fra] plozhe [old] lluvia [nea] chiovere [old] pluia [meg] plo̯ái̯ă [old] pluja [dal] plovaja [por] chuva [mil] piöva,*pleu̯-,,22,919
[cat] dir [fra] dire [ita] dire [lad] dì [por] dizer [spa] decir [wal] dîre [lat] dicere [fri] dî [osc] deíkum [umb] deitu [old] dire [ang] dire [fra] dihé [old] dezir [nea] ricere [ron] a zice [old] dire [old] dir [meg] zíţiri [dal] dekro [por] dizer [mil] dì,*dei̯k̑-,,23,927
[bul] viždam [cat] veure [ces] vidět [fra] voir [ita] vedere [lad] vedei [sor] wiźeś [sor] widźeć [pol] widzieć [por] ver [rus] videt' [sar] bidere [sar] bíere [hbs] vidjeti [slo] vidieť [slo] videti [spa] ver [wal] vèyî [lat] uidēre [chu] viděti [prg] widdai [fri] viodi [umb] uirseto [gre] wi-de [pol] vaiʒĕs [kas] widzec [ron] a vedea [nea] veré [old] vëoir [ang] veer [fra] vi [old] veer [old] widzieć [old] viděti [old] viděti [rus] v′íd′itɪ [mac] vìždam [mac] vìždam [slo] videti [slo] viditi [old] veire [old] veure [meg] vide̯ári [dal] vedár [por] ver [mil] vidèe,*u̯ei̯d-,,46,929
[fra] dormir [ita] dormire [lad] dormì [por] dormir [sar] drommire [sar] (d)ormire [spa] dormir [wal] dwèrmi [lat] dormīre [fri] durmî [cat] dormir [ron] a dormi [nea] rurmì [old] dormir [ang] dormir [fra] dreumi [old] dormir [old] dormir [old] dormir [meg] durmíri [dal] dormér [por] dormir [mil] durmìi,*drem-,,23,931
[lat] tumēre,*tu̯em-,,1,939
[cat] cua [fra] queue [ita] coda [lad] coda [sar] cóa [sar] cóa [spa] cola [wal] cowe [lat] cauda [fri] code [ron] coadă [nea] cora [old] coe [ang] cowe [fra] kova [old] cola [old] coua [meg] co̯áda [old] coa [dal] ka̯uda [mil] cùa,*keh₂u̯-,,21,940
[fra] penser [ita] pensare [lad] pensé [por] pensar [sar] pessare [sar] penzare [spa] pensar [wal] pinser [fri] pensâ [cat] pensar [old] pensar [nea] penzà [fra] pëssâ [old] pensar [old] pensar [por] pensar [mil] pensàa,*?*(s)pend-,,17,946
[cat] aigua [fra] eau [ita] acqua [lad] ega [por] água [sar] abba [sar] abba [spa] agua [wal] êwe [lat] aqua [fri] aghe [ron] apă [nea] acqua [old] aigue [ang] ewe [old] agua [fra] édÿe [old] aigua [meg] apă [old] aigua [osc] aapam [por] água [mil] acua,*h₂ekʷ-,,23,953
[cat] mullat [fra] mouillé [por] molhado [spa] mojado [wal] mouyî [old] moillié [ang] moillé [fra] molyâ [old] mojado [lad] mol [old] mullat [por] molhado,*meld-,,12,954
[lat] albus [umb] alfu [ron] alb [old] alvo [meg] albu [dal] ju̯alb,*h₂elbʰ-,,6,955
[fra] aile [ita] ala [lad] ala [por] asa [sar] ala [sar] ala [spa] ala [wal] éle [lat] āla [fri] ale [cat] ala [old] ala [fra] âla [old] ele [ang] ele [ron] aripă [nea] scella [old] ala [old] ala [dal] jal [por] asa [mil] ála,*h₂ek̑s-,axle,22,958
[cat] any [fra] an [ita] anno [lad] an [por] ano [sar] annu [sar] annu [spa] año [wal] an [lat] annus [fri] an [osc] akeneí [umb] acnu [ron] an [nea] anno [old] an [ang] an [fra] an [old] anno [old] an [meg] an [old] any [dal] jai̯n [por] ano [mil] an,*h₂et-no-,,25,963
[por] amarelo [spa] amarillo [old] amariello [por] amarelo,*?*h₂em-,,4,964
[gae] luaith [gae] luaithre [gae] leoie [mid] ludu [bre] ludu [bre] ludu [cym] lludw [mid] llydw [mid] lusow [lat] lidzhiu [sga] lúaithred,*leh₃u̯-,,11,968
[gae] rùsg [gau] rusca [gae] roost [old] rusc [gae] rúsc [mid] rusquenn [bre] ruskenn [cym] rhisgl [mid] rhisg [lat] risk [sga] rúsc,*reu̯H-,,11,971
[gae] dubh [gae] dubh [sga] dub [gae] doo [old] du [old] dub [gau] dubu-/-i [mid] du [bre] du [bre] du [cym] du [mid] du [mid] du [lat] diu,*dʰeu̯b-,,14,976
"[gae] loisg [sga] loiscid [old] loscim*, lescsit [mid] lesquiff [bre] loskein, losk- [cym] llosgi [gae] lostey [mid] llosgi [mid] lesky [lat] leski",*leh₂p-,,10,979
"[hit] ekuna- / ikuna- [mid] yen [bre] yein [bre] yen [mid] yeyn [lat] iein, yeine [vâs] üz′ü [kam] ′üć [kât] i′uć [kât] i′uz [kal] ioz",*i̯eg̑-,,11,982
[cym] dŵad [old] dibid,*bʰu̯eh₂-,"grow, become",2,983
[sga] claidid [gae] tochail [mid] cloddio,*kelh₂-,,3,986
"[old] lagat [old] licat, etc. [mid] lagat, laguat [bre] lagad, deulagad [bre] lagad [cym] llygad [mid] llygad [mid] lagas [lat] lagaz",*leu̯k-,,9,994
[lat] plūma [fra] plume [wal] pome [ita] piuma [sar] pinna [spa] pluma [cat] ploma [fri] plume [lad] pluma [fra] plonma [old] pluma [old] pluma [old] ploma [mil] piüma,*pleu̯-,,14,999
[gae] tine [gae] teine [sga] teine [gae] aile [mid] tan [bre] tan [bre] tan [cym] tân [mid] tan [mid] tan [lat] tân,*tep-,,11,1001
"[mid] nigal, nigàl [bre] neijal, neij- [bre] nijal, nij- [mid] nyge [lat] neidga",*(s)neh₂-,,5,1005
[gae] maith [sga] maith [gae] mie [old] mat [gau] matu- [mid] mat [bre] mad [bre] mad [gae] math [lat] mâz [mid] vas,*meh₂-,,11,1011
"[mid] huerzin, huerzyn [bre] c'hwerzhin, c'hwerzh- [bre] c'hwarzhed, c'hwarzh- [cym] chwerthin [mid] chwerthin [old] guardam [mid] wherthyn [lat] huerhin",*su̯er-,,8,1024
"[gae] duilleog [gae] duilleag [sga] duille [gau] dula [gae] duillag [old] dol [mid] delyenn, delyen [bre] delienn [bre] del, delenn [cym] deilan [mid] deilen [mid] delyow [lat] delk",*dʰalh₁-,,13,1025
"[gae] clé [gae] clì [sga] clé [mid] cleiz, cleïz [bre] kleiż [bre] kleiż [mid] cleth [lat] klêdh",*k̑lei̯-,,8,1026
"[gau] siros [old] hir [old] hir [mid] hir, hirr, hyr, hyrr [bre] hir [bre] hir [cym] hir [mid] hir [mid] hyr [lat] hir",*seh₁-,,10,1030
"[sga] gin [old] genou [mid] guenou, guenouff [bre] ginoù [mid] geneu [old] genou [mid] ganow [lat] ganow",*g̑enu-,,8,1034
"[mid] hoari, hoary, c'hoary, hoariff [bre] c'hwaṙi, c'hwarî- [bre] c'hwari, c'hwari- [cym] chwarae [mid] chwarae [old] guarai [mid] gwary [lat] guare, gwary",*rei̯⁽g̑⁾-,,8,1040
"[mid] brein, breyn [bre] brein [bre] brein [mid] braen",*bʰreHg-,,4,1048
"[old] gueledint [mid] guelet, gouelet [bre] gweled, gwel- [bre] ģweled, ģwel- [cym] gweld [mid] gwelet [mid] gweles [lat] guelaz",*u̯el-,,8,1053
"[bre] klewed ur out, klew- [cym] hogla (arogleuo) [mid] clewes, clowes",*k̑leu̯-,,3,1060
"[gae] nathair [gae] nathair [sga] nathair [mid] azr, aezr [gae] ardnieu [bre] aër, aër-wiber [bre] aër [cym] neidr [mid] neidr [old] natrolion [goh] nātara [ang] næddre [old] nâdra",*(s)neh₁-,,13,1062
[mid] erch [bre] erc'h [bre] erc'h [cym] eira [mid] eira [mid] yrgh [lat] er,*h₂erg̑-,,7,1063
"[mid] huezaff [cym] chwyddo [bre] kweviñ, kwevn- [mid] chwydo [mid] hothfy [lat] huedhi [bre] foeñwein, foeñw-",*su̯ei̯d-,,7,1069
[old] lost [gau] losto- [mid] lost [bre] lost [bre] lost [mid] lost [lat] lost,*leu̯H-,,7,1070
"[old] guid [mid] guezenn, guzen [bre] gwez̃ [bre] ģweż, ģweżienn [mid] gwyd [old] guid [mid] gwethen [lat] guedhan",*u̯idʰh₁ú-,,8,1074
"[sga] sceïd [gae] sceith [mid] huedaff, huediff [gae] skeay [gae] sgeith [bre] chetã, chet- [cym] chw(y)du [mid] chwydu [lat] huedzha",*sk̑ʰei̯-,,9,1075
"[mid] guelchiff, guelhy, guelchy, goalchi [bre] gwelc'hĩ, gwelc'h- [bre] goc'hlein, goc'hl- [cym] golchi [mid] golchi [mid] golhy [lat] golhya",*u̯elg-,,7,1078
"[gau] dubron [old] dubr, duuir [mid] dour [bre] dour [bre] deur [cym] dŵr [mid] dufyr, dwr [mid] dowr [lat] dour, dowr",*dʰeu̯b-,,9,1079
"[gae] fliuch [gae] fliuch [sga] fliuch [mid] glueb, gleb, gloeb [gae] fliugh [bre] gleb [bre] glëb [cym] g(w)lyb [mid] gwlyp [old] gulip [old] gulip [lat] glêb",*u̯elg-,,12,1080
[bre] moes,*?*mogʰu-,,1,1086
"[old] milin [gau] melino- [mid] melen [bre] melen [bre] mëlen [cym] melyn [mid] melyn [old] melin [mid] melyn [lat] mellyn, mellen",*melit-,,10,1089
"[mid] cannaff, canaff [bre] kann, kann- [bre] 'n om gannã, gann-",*(s)kend-,,3,1091
[lat] uir [prg] wijrs [lav] vīrs [lit] výras [sga] fer [gau] uiros [old] gur [old] gur [gae] fear [mid] gour [umb] uiro [lat] veirs [mid] gwr [vâs] vaǰǰim′i [pas] wiir,*u̯iH-ró-,,15,1094
"[bul] pepel [bel] popel [ces] popel [lit] pelenaĩ [sor] popjeł [sor] popjeł [mac] pepel [pol] popiół [hbs] pepeo [slo] popol [slo] pepel [ukr] popìl [chu] popelŭ, pepelŭ [prg] pelanne [wak] parg [pol] püpel [kas] pòpiół [lav] pelni [lat] palni [old] popiół [old] popel [rus] pọ́p′ïl [mac] pèp′ḁł [mac] pèpil [slo] pepel [slo] pepèl [bal] por [rus] pépel",*?*pel(h₁)-,flare up,28,1105
[bul] golâm [mac] golem [mac] gul′ä̀m [mac] gul′ä̀m,*gelH-,,4,1108
[bul] čeren [bel] čorny [ces] černý [kas] krihon [sor] carny [sor] čorny [mac] crn [pol] czarny [rus] čërnyj [hbs] crn [slo] čierny [slo] črn [ukr] čornij [san] kr̥ṣṇá- [chu] črĭnŭ [prg] kirsnan [pal] kanha [pol] cornĕ [kas] czôrny [pal] kriṣíṇu [old] czarny [old] črný [old] černyi [rus] čórnωj [mac] čèrna [mac] čàrna [slo] črn [slo] zhirn [gaw] kiṣän,*k⁽ʷ⁾ers-,,29,1111
"[bul] kr″v [bel] kroŭ [ces] krev [lit] kraũjas [sor] kšej [sor] krej [mac] krv [pol] krew [rus] krov' [hbs] krv [slo] krv [slo] kri [ukr] krov [prg] krawia [chu] krŭvĭ [pol] kåråi, kråi [kas] krew [old] kry, krew [old] krev [rus] krọw [mac] kər̥̀əf [mac] kər̥̀əf [slo] krv [slo] kry",*kreu̯h₂-,,24,1112
"[bul] dišam [bel] dyhac′ [ces] dýchat [sor] dychaś [sor] dychać [mac] diše [pol] oddychać [rus] dyšat' [hbs] disati [slo] dýchať [slo] dihati [ukr] dihati [chu] dyxati [kas] òddëchac [lat] dvašuot [old] dychać [old] dychati, dýchati [rus] dώxatɪ [mac] dъ̀xam [mac] dъ̀xam [slo] dihati [slo] dihati",*dʰu̯es-,,22,1115
[bul] oblak [ces] oblak [mac] oblak [hbs] oblak [slo] oblak [slo] oblak [chu] oblakŭ [old] obłok [old] oblak [mac] òblak [mac] òblak [slo] oblak [slo] oblák,*h₂u̯elk-,,13,1117
[bul] broâ [mac] broi [hbs] brojati [mac] brujìm [mac] bròja,*bʰrei̯H-,,5,1120
[bul] prah [ces] prach [sor] proch [sor] proch [mac] prav [hbs] prašina [slo] prach [slo] prah [chu] praxŭ [pol] porsnenă [old] proch [old] prach [rus] pórox [mac] pràšam [mac] pràša [slo] prah [slo] práh,*pres-,,17,1125
"[bul] padna [bel] upascì [sor] padnuś [sor] padnyć [mac] padne [pol] spaść [rus] upast' [hbs] pasti [slo] padnúť [slo] pasti [ukr] pasti [san] pad- [chu] pasti [ces] padnout [kas] padnąc [old] paść [old] pásti, padnúti [rus] pástɪ [mac] pànam [mac] pàdna [slo] pasti [slo] paſti [ave] paiδiiāite [vâs] -nǰi-",*ped-,,24,1126
[slo] bojovať [ces] bojovat [old] bojovati,*bʰei̯H-,,3,1130
[bul] cvete [bel] kvetka [ces] květ [sor] kwětk [sor] kwětka [mac] cveḱe [pol] kwiat [rus] cvet [hbs] cvijet [slo] kvet [slo] cvet [ukr] kvìtka [chu] cvětŭ [pol] kjot [kas] kwiat [old] kwiat [old] květ [rus] kv′ítka [slo] cvet [slo] zveit,*k̑u̯ei̯t-,,20,1133
[lux] Uebst [goh] obaz [mid] obez [ang] ofet [mid] ooft,*h₁ed-,,5,1136
[bul] dob″r [bel] dobry [ces] dobrý [sor] dobry [sor] dobry [mac] dobar [pol] dobry [hbs] dobar [slo] dobrý [slo] dober [chu] dobrŭ [pol] dübrĕ [kas] dobri [old] dobry [old] dobrý [old] dobryi [rus] dóbrωj [slo] dober [slo] dober,*dʰeHbʰ-,,19,1137
"[bul] treva [bel] trava [ces] tráva [sor] tšawa [sor] trawa [mac] treva [pol] trawa [rus] trava [hbs] trava [slo] tráva [slo] trava [ukr] trava [chu] trěva, trava [kas] trôwa [old] trawa [old] tráva [old] trava [rus] travá [mac] tr′ä̀va [mac] tr′ä̀va [slo] trava [slo] trava",*treu̯H-,,22,1138
[bul] glava [bel] galava [ces] hlava [lit] galvà [sor] głowa [sor] hłowa [mac] glava [pol] głowa [rus] golova [hbs] glava [slo] hlava [slo] glava [ukr] golova [chu] glava [lav] galva [prg] gallū [pol] glåvă [kas] głowa [lat] golva [old] głowa [old] hlava [old] golova [rus] ɣolová [mac] glàva [mac] glàva [slo] glava [slo] glava,*golH-u̯eh₂-,,27,1142
[bul] tež″k [bel] câžkì [ces] těžký [dan] tung [isl] þungur [sor] śěžki [sor] ćežki [mac] težok [pol] ciężki [nob] tung [rus] tâžëlyj [hbs] težak [slo] ťažký [slo] težek [chu] tęžĭkŭ [far] tungur [swe] tung [old] thunger [elf] tungg [kas] czãżczi [old] ciężki [old] těžký [old] tęgota [rus] t′aškώj [mac] tănǯì [mac] t′èška [slo] težek [slo] teṡhák [old] þungr [nor] tung,*tengʰ-,,30,1143
[bul] udarâ [bel] udaryc′ [sor] deriś [sor] dyrić [mac] udri [hbs] udariti [slo] udrieť [slo] udariti [ukr] udariti [chu] udariti [pol] uderzyć [ces] udeřit [rus] udarit' [kas] ùderzëc [old] uderzyć [old] udeřiti [rus] udárɪtɪ [mac] udrìvam [mac] udrìvam [slo] udariti [slo] vdariti,*der-,,21,1144
[bul] lovuvam [ces] lovit [mac] lovi [hbs] loviti [slo] loviti [chu] loviti [old] łowić [old] loviti [mac] lòf [mac] lòf [slo] loviti [slo] loviti,*leh₂u̯-,,12,1145
[bul] ubiâ [bel] zabìc′ [ces] zabít [sor] zabiś [sor] zabić [mac] ubie [pol] zabić [rus] ubit' [hbs] ubiti [slo] zabiť [slo] ubiti [ukr] ubiti [chu] ubiti [pol] aibĕt [kas] zabic [old] zabić [old] zabíti [old] ubiti [rus] zabɪ́tɪ [slo] ubiti [slo] vbyti,*bʰei̯H-,,21,1147
"[bul] ezero [bel] vozera [ces] jezero [lit] ẽžeras [sor] jazor [sor] jězor [mac] ezero [pol] jezioro [rus] ozero [hbs] jezero [slo] jazero [slo] jezero [ukr] ozero [prg] assaran [chu] jezero, jezerŭ [lav] ezers [kas] jezoro [lat] azars [old] jezioro, jeziero [old] jezero [old] zaozerič [rus] ózero [slo] jezero [slo] jeṡeru, yṡèru",*h₁eg̑ʰ-,,24,1148
[bul] smeâ se [bel] smââcca [ces] smát se [sor] smjaś se [sor] smjeć so [mac] smee se [pol] śmiać się [rus] smeât'sâ [hbs] smijati se [slo] smiať sa [slo] smejati se [ukr] smìâtisâ [chu] smijati sę [lav] smieties [pol] sḿot-să [kas] smiôc sã [lat] smītīs [old] śmiać się [old] smieti sě [old] nasmixatisę [rus] s′m′ijátɪ s′a [mac] să sm′àjam [mac] să sm′àjam [slo] smejati se [slo] ſe ſmeyati,*smei̯-,,25,1149
[bul] lâv [bel] levy [ces] levý [sor] lěwy [sor] lěwy [mac] lev [pol] lewy [rus] levyj [hbs] lijevi [slo] ľavý [slo] levi [ukr] lìvij [chu] lěvŭ [pol] levă [kas] lewi [old] lewy [old] levý [rus] l′ívωj [mac] l′àva [mac] l′àva [slo] levi [slo] leu,*leh₂-,,22,1151
[mac] crn drob [bul] čeren drob,*dʰrebʰ-,,2,1153
[bul] blizko [bel] blìzka [ces] blízko [sor] blisko [sor] blisko [mac] blizu [pol] blisko [rus] blizko [hbs] blizu [slo] blízko [slo] blizu [ukr] bliz′ko [chu] blizŭ [pol] blaizĕk [kas] blëskò [old] blisko [old] bliz [rus] blɪ́skωj [mac] blìz′ḁ [mac] blìz′ḁ [slo] blizu [slo] bliṡu,*bʰlei̯g̑-,,22,1157
[bul] star [bel] stary [ces] starý [sor] stary [sor] stary [mac] star [pol] stary [rus] staryj [hbs] star [slo] starý [slo] star [ukr] starij [chu] starŭ [pol] storĕ [kas] stôri [old] stary [old] starý [old] staryi [rus] starώj [mac] stàr [mac] stàr [slo] star [slo] ſtar,*steh₂-,,23,1158
[bul] butam,*bʰeu̯t-,,1,1162
[bul] červen [bel] čyrvony [ces] červený [sor] cerwjeny [sor] čerwjeny [mac] crven [pol] czerwony [hbs] crven [slo] červený [ukr] červonij [chu] črĭvljenŭ [pol] carvenĕ [kas] czerwòny [old] czerwony [old] črvený [old] červlenyi [rus] čerlénωj [mac] čḁrvèn [mac] čḁrvèn,*kʷr̥mi-,,19,1163
[bul] gnil [bel] gnìly [ces] shnilý [sor] zgnity [sor] zhniły [mac] gnil [rus] gniloj [hbs] gnjio [slo] zhnitý [slo] gnil [ukr] gnilij [chu] sŭgnilŭ [pol] zgniły [pol] gnålă [kas] zgniti [old] zgniły [old] (s)hnilý [old] glinyi [rus] ɣnɪlώj [slo] gnil [slo] ṡgnyl,*g̑ʰnei̯H-,,21,1166
"[bul] pâs″k [bel] pâsok [ces] písek [sor] pěsk [sor] pěsk [mac] pesok [pol] piasek [rus] pesok [hbs] pijesak [slo] piesok [slo] pesek [ukr] pìsok [chu] pěsŭkŭ [pol] ṕosăk [kas] piôsk [old] piasek [old] piesek [rus] p′isók [mac] p′àsuk [mac] p′àsuk [slo] pesek [slo] peiſſek, peiſſik",*?*pē(n)s-,,22,1168
[ces] říct [sor] rjec [hbs] reći [slo] reči [chu] rešti [pol] rict [kas] rzec [old] rzec [old] řéci [old] reči [rus] rečɪ́ [mac] r′èka [mac] r′èka [slo] reči [slo] rezhi,*rek-,,15,1169
"[bul] peâ [bel] spâvac′ [ces] zpívat [sor] spiwaś [sor] spěwać [mac] pee [pol] śpiewać [rus] pet' [hbs] pjevati [slo] spievať [slo] peti [ukr] spìvati [chu] pěti [txb] piyaṃ [pol] ṕot [kas] spiewac [old] śpiewać, śpiwać [old] zpievati [old] pěti [rus] s′p′ivátɪ [mac] p′ä̀jat [mac] p′ä̀jat [slo] popevati [slo] péti",*?*pei̯H-,,24,1170
[bul] nebe [bel] neba [ces] nebe [sor] njebjo [sor] njebjo [mac] nebo [pol] niebo [hbs] nebo [slo] nebo [ukr] nebo [hit] nēpiš- [slo] nebo [chu] nebo [lav] debesis [mid] eff? [sga] nem [xlu] tappaš- [pol] nebü [kas] niebò [kho] orä [oss] arv [oss] arv [old] nem [bre] neñb [lat] dabasi [old] niebo [mid] nef [old] nebe [old] nebo [rus] nébo [mac] nibè [mac] nibè [slo] nebo [slo] nebú,*nebʰ-,,34,1172
"[bul] mal″k [bel] malen′kì [ces] malý [sor] mały [sor] małki [mac] mal [pol] mały [rus] malen'kij [hbs] malen [slo] malý [slo] majhen [ukr] malij [chu] malŭ [pol] molĕ [kas] môłi [old] mały [old] malý [old] malyi [rus] malώj [mac] màlka, màluk [mac] màluk [slo] majhen [slo] maihin, maihen",*meh₁-,,23,1173
[bul] zmiâ [bel] zmââ [mac] zmiǰa [rus] zmeâ [hbs] zmija [chu] zmija [ukr] zmìâ [kas] żnija,"*dʰég̑ʰ-om-, *dʰg̑ʰ-ém-, *dʰg̑ʰ-m-",,8,1175
[bul] zvezda [ces] hvězda [lit] žvaigždė̃ [sor] gwězda [sor] hwězda [mac] svezda [pol] gwiazda [rus] zvezda [hbs] zvijezda [slo] hviezda [slo] zvezda [chu] ʒvězda [lav] zvaigzne [pol] gjozdă [kas] gwiôzda [lat] zvaigzne [old] gwiazda [old] hvězda [old] gvězdka [rus] z′v′izdá [mac] zv′ä̀zda [mac] zv′ä̀zda [slo] zvezda [slo] ṡvéṡda,*?*g̑ʰu̯oi̯-,,24,1177
[bul] kam″k [bel] kamen′ [ces] kámen [lit] akmuõ [sor] kamjeń [sor] kamjeń [mac] kamen [pol] kamień [rus] kamen' [hbs] kamen [slo] kameň [slo] kamen [ukr] kamìn′ [lav] akmens [chu] kamy [san] áśmā [old] aϑanga [ave] asan [pal] amha/asama [kho] saṃgä [pol] komoi [kas] kamiéń [par] asang [lat] akmiņs [yag] sank [old] kamień [old] kámen [old] kamenĭje [rus] kámin′ [mac] kàmin′ [mac] kamin′ [slo] kamen [slo] kamen [bac] asaggo [maz] sang [raj] sayn [bal] seng [tat] sang [sog] sang [khw] sank [gau] akaunon,*h₂ek̑-,,41,1179
[bul] prav [chu] pravŭ [hbs] prav [mac] prav [old] pravý [mac] pràf [mac] pràf [slo] prou,"*pr̥-, *pró, *prí",,8,1180
[bul] pluvam [bel] plavac′ [ces] plavat [sor] plěś [sor] płuwać [mac] pliva [pol] pływać [rus] plyt' [hbs] plivati [slo] plávať [slo] plavati [ukr] plavati [san] plu- [chu] plavati [pal] pilavati/palavati [sin] pīnanavā [pol] plajĕ [kas] płiwac [gre] pléfō [old] pływać [old] plúti [old] priplyvati [rus] plávatɪ [mac] plavèm [mac] plàw′a [slo] plavati [slo] plavati,*pleu̯-,,27,1181
[bul] vr″zvam [mac] vrze [mac] vr̥ъ̀zuvam [mac] vr̥ъ̀zuvam,*u̯erg̑ʰ-,,4,1185
[bul] obr″štam [bel] pavaročvac′ [mac] vrti [rus] povoračivat' [ukr] obertati [san] vr̥t- [lat] uertere [chu] obratiti [prg] wartint [mar] vaḷaṇe [umb] vurtus [ave] varǝtata [pal] vaṭṭati [pol] obracać [sor] wobrośiś [slo] obračati [hbs] obrnuti [sor] wobroćić [pol] vortăt [kas] òbracac [mid] wardēd [par] wardēd [old] obracać [old] obrátiti [mac] vr̥̀ъtnuvam [slo] obračati [slo] obarniti [sog] zwert [khw] pārwacceda [kur] dzɨvɨrinit,*u̯ert-,,30,1186
[sor] bluwaś [sor] bluwać [slo] bljuvati [ukr] blûvati [chu] bljĭvati [pol] bľåvă [old] bľvati [rus] bl′uvátɪ [mac] blъ̀vam [mac] bъ̀łwam [slo] bluvati,*bʰleu̯H-,,11,1187
[bul] miâ [bel] myc′ [ces] mýt [sor] myś [sor] myć [mac] mie [pol] myć [rus] myt' [slo] myť [slo] miti [ukr] miti [chu] myti [pol] moit [kas] mëc [old] myć [old] mýti [rus] mώtɪ [mac] umìvam [mac] mùja,*meu̯H-,,19,1188
[bul] bâl [bel] bely [ces] bílý [lit] báltas [sor] běły [sor] běły [mac] bel [pol] biały [rus] belyj [hbs] bijel [slo] biely [slo] bel [ukr] bìlij [chu] bělŭ [lav] balts [pol] b́olĕ [kas] biôłi [lat] bolts [old] biały [old] bielý [old] bělyi [rus] bílωj [mac] b′ä̀ł [mac] b′ä̀ł [slo] bel [slo] beil,*bʰelH-,,26,1190
[bul] krilo [bel] krylo [ces] křídlo [sor] kšidło [sor] křidło [mac] krilo [pol] skrzydło [rus] krylo [hbs] krilo [slo] krídlo [ukr] krilo [chu] krilo [pol] kraidlĕ [kas] skrzidło [old] (s)krzydło [old] křídlo [old] šestokrilĭnyi [rus] krωló [mac] krìlu [mac] krìlu,*?*(s)k⁽ʷ⁾rei̯-,,20,1192
[prg] median [lav] mežs [lat] mežs,*medʰ-,,3,1194
[bul] godina [bel] god [mac] godina [rus] god [hbs] godina [old] godŭ [rus] ɣ′ïd [mac] gudìna [mac] gudìna,*?*gʰedʰ-,,9,1195
[pol] zły [slo] zlý [chu] zŭlŭ [old] zły [old] zlý,*g̑ʰu̯el-,,5,1197
[hbs] trbuh [slo] trebuh [slo] trebuh,*terh₁-,,3,1198
[ces] počítat [rus] sčitat' [slo] počítať [slo] šteti [chu] čisti [lav] skaitīt [lit] (su)skaičiúoti [pol] catĕ [lat] saskaiteit [old] čísti [slo] šteti [slo] ſhteti [old] čisti,*(s)kʷei̯t-,,13,1199
[mac] bori se [hbs] boriti se [chu] brati sę [isl] berjast [ukr] borotisâ [bul] borâ se [rus] borot'sâ [slo] boriti se [rus] borótɪ s′a [mac] să bòr′am [mac] să bòr′a,*bʰerH-,,11,1201
"[bel] valasy [ces] vlasy [sor] włose [sor] włosy [pol] włosy [rus] volosy [slo] vlasy [slo] lase [ukr] volossâ [chu] vlasi [ave] varǝsa [pol] vlåsåi [kas] włosë [par] wars [old] włosy [old] vlasy [rus] volosώ [slo] lasi, lasje [slo] laſſi [sog] wars [pas] wekhta",*u̯elk̑-,,21,1202
[sor] šyja [sor] šija [pol] szyja [rus] šeâ [ukr] šiâ [bel] šyâ [kas] szëja [old] szyja [old] šíjě [rus] šẹ́ja [mac] šìja [mac] šìja,*si̯eu̯H-,,12,1203
"[sor] tłocyś [sor] tłóčić [rus] tolkat' [ces] tlačit [slo] tlačiť [pol] tåuct, tuct [ukr] štovhati [old] tlačiti",*?*telk-,,8,1205
"[sor] dešć [sor] dešćik [mac] dožd [pol] deszcz [rus] dožd' [slo] dež [ukr] došć [chu] dŭždĭ [ces] déšť [bel] doždž [slo] dážď [bul] d″žd [pol] dåzd [kas] deszcz [old] deszcz, deżdż [old] déšč [rus] dožǯ [mac] dъ̀š [mac] dъ̀š [slo] dež [slo] deṡh",*dei̯-,,21,1206
[ces] břicho [sor] brjuch [sor] brjuch [pol] brzuch [slo] brucho [gae] brù [sga] brú [kas] brzëch [old] brzuch(o) [old] břuch(o),*bʰreu̯s-,,10,1218
"[bel] vâlìkì [ces] velký [sor] wjeliki [sor] wulki [hbs] velik [slo] veľký [slo] velik [ukr] velikij [chu] velikŭ [pol] vilťĕ [kas] wiôldżi [old] wieli, wiel(i)ki [old] veliký [old] velikyi [rus] velɪ́kωj [slo] velik [slo] velik",*u̯elH-,,17,1219
[bel] naga [ces] noha [mac] noga [pol] noga [rus] noga [slo] noha [ukr] noga [chu] noga [sor] noha [sor] noga [slo] noga [hbs] noga [pol] nügă [kas] noga [old] noga [old] noha [rus] noɣá [mac] nòga [mac] nòga [slo] noga [slo] noga,*h₃neg⁽ʷ⁾ʰ-,,21,1231
"[ces] játra [sor] jětša [sor] jatra [pol] wątroba [hbs] jetra [slo] jetra [chu] jętrĭce [pol] jǫtră [kas] wątroba [mag] ataḍī [old] wątroba, jętry [old] játry [slo] jetra [slo] jetre [gaw] andets",*h₁enter-,,15,1232
[bel] rot [rus] rot [ukr] rot [old] rotŭ [rus] rot,*reu̯H-,,5,1233
[bel] phac′ [pol] pchać [kas] pchac [old] pchać [slo] pahati,*pei̯s-,,5,1237
[bel] pravy [ces] pravý [pol] prawy [rus] pravyj [slo] pravý [ukr] pravij [sor] prawy [sor] pšawy [pol] provă [kas] prawi [old] prawy [old] pravý [rus] právωj [mac] pràf [mac] pràf,"*pr̥-, *pró, *prí",,15,1238
[bel] zorka [ukr] zìrka,*?*g̑⁽ʰ⁾er-,,2,1243
[sor] kij [pol] kij [sor] kij [kas] czij [old] kij,*keh₂u̯-,,5,1244
[pol] prosty [pol] pröstĕ [kas] prosti [old] prosty [rus] próstωj,*steh₂-,,5,1245
"[bel] tojsty [sor] tłusty [sor] tołsty [rus] tolstyj [ukr] tovstij [ces] tlustý [pol] tåustĕ, tustĕ [old] tlustý [rus] tọwstώj",*teu̯(h₂)k-,,9,1247
[bel] vâzac′ [ces] vázat [sor] wězaś [sor] wjazać [pol] wiązać [rus] vâzat' [hbs] vezati [slo] viazať [slo] vezati [ukr] vâzati [chu] vęzati [pol] v́ǫzăt [kas] wiązac [old] wiązać [old] vázati [old] vzvęzati [rus] v′jazátɪ [slo] vezati [slo] vèṡati,*h₂emg̑ʰ-,,19,1248
[rus] grâznyj,*grem-,,1,1251
[ces] noha [sor] noga [sor] noha [mac] noga [rus] noga [hbs] noga [slo] noha [slo] noga [ukr] noga [chu] noga [prg] nage [pol] noga [bel] naga [pol] nügă [kas] noga [old] noga [old] noha [rus] noɣá [mac] nòga [mac] nòga [slo] noga [slo] noga,*h₃neg⁽ʷ⁾ʰ-,,22,1252
[rus] pečen' [slo] pečeň [ukr] pečìnka [lit] kepenỹs [bel] pečan′ [rus] čórna pẹčḯŋka,*pekʷ-,,6,1254
[rus] rvat',*reu̯H-,,1,1256
[cat] menjar [fra] manger [ita] mangiare [lad] mangé [sar] mandicare [wal] magnî [fri] mangjâ [nea] magnà [old] mangier [ang] manger [ron] mânca [fra] mzhi [old] mangear [old] menjar [meg] măncári [mil] mangiàa,*?*meth₂-,,16,1261
[cat] a prop [lat] prope [ron] aproape [lad] damprò [meg] pro̯ápi [old] prop,"*pr̥-, *pró, *prí",,6,1266
[cat] empènyer [old] empènyer,*pei̯g-,,2,1268
"[cat] calent [fra] chaud [ita] caldo [lad] ciaut [sar] caldu [sar] caénte [spa] caliente [wal] tchôd [lat] calidus [fri] cjalt [ron] cald [old] chaut [ang] chaud [fra] shô [old] caliente [old] caud, cauda [meg] cáldu [old] calent [por] quente [por] quente [mil] còlt",*k̑el-,,21,1274
[fra] femme [sar] fémina [sar] femmina [wal] feume [fri] femine [ron] femeie [nea] femmena [old] feme [ang] femme [fra] fna [old] femna [khw] δēn [old] fembra,*dʰeh₁(i̯)-,,13,1277
[ces] had [slo] had [sor] had [pol] god [old] had [rus] ɣad,*gʷeh₁dʰ-,,6,1290
[rus] prâmoj [ukr] prâmij [bel] pramy,*per-,,3,1292
[ces] hodit [slo] hodiť,*?*gʰedʰ-,,2,1295
[ces] strom [slo] strom [old] strom,*ster(H)-,,3,1296
[ces] rok [pol] rok [slo] rok [ukr] rìk [kas] rok [old] rok [old] rok [rus] r′ïk,*rek-,,8,1297
[sor] honić [sor] góńtwowaś [bak] zeydak,*gʷʰen-,,3,1298
[slo] rovný [sor] runy [sor] rowny [ces] rovný [slo] raven [slo] raven,*reu̯h₁-,,6,1300
[fri] min,*mei̯H-,,1,1304
[lux] fäerten [txb] prāskaṃ [xto] praskatär [goh] forhten [mid] vürhten [old] forhtian [mid] vruchten [got] faurhtjan,*preK-,,8,1312
[dan] venstre [far] vinstri [isl] vinstri [nob] venstre [swe] vänster [elf] wįster [old] vinstre [old] winster [ang] winestra [old] uuinistar [old] vinstri [nor] venstre,*u̯enH-,,12,1318
[isl] snúa [nor] snu [nob] snu,*sneu̯H-,,3,1332
[dan] våd [eng] wet [far] vátur [fri] wiet [isl] votur [nob] våt [swe] våt [elf] wåt [old] vater [xlu] wida- [ang] wǣt [old] vátr [nor] våt,*u̯ed-,,13,1335
[far] skúgva [old] skiuva [deu] schieben [goh] skioban [mid] schieben [ang] scūfan [mid] schuven [old] skýfa,*?*skeu̯bʰ-,,8,1339
[eng] heavy [ang] hefiġ,*keh₂p-,,2,1348
[far] mold [isl] mold [elf] muld [old] mold [ang] molde,*melh₂-,,5,1367
[isl] veiða [ave] vaēiti [kho] byaha yan [old] veiða,*u̯ei̯h₁-,,4,1369
[far] vatn [isl] vatn [old] vatn [old] vatn,*u̯ed-,,4,1370
[deu] ziehen [lux] zéien [xto] tsäknāṣ* [deu] zieh [goh] ziohan [mid] ziehen [ang] tēon [old] tiohan [old] tiā [got] tiuhan,*deu̯k-,,10,1372
[far] ormur [swe] orm [elf] uorm [old] ormber [old] ormr [got] waurms,*u̯r̥mi-,,6,1380
[isl] bólgna,*bʰelg̑ʰ-,,1,1383
[lad] erde [por] arder [lat] ardēre [umb] aso [ron] arde [old] ardre [ang] arder [old] arder [meg] árdiri [dal] ardár,*h₂eh₁s-,,10,1389
[fra] pousser [spa] empujar [old] empuxar [fra] peûssâ [old] poussar,*pelh₂-,,5,1399
[old] trenchant [ang] trenchaunt [old] trencant,*trei̯-,,3,1400
[wal] djèter [lat] iacere [old] jeter [ang] geter [old] echar [old] jitar,*Hi̯eh₁-,,6,1407
[lat] fodere [hit] padda- / padd- [ang] fuir [old] fuir,*bʰedʰh₂-,,4,1412
[ell] stáchtī [gre] stachtós [gre] stacht [gre] sachtári(n),*steh₂⁽g̑⁾-,,4,1448
[ell] koiliá [gre] tžoiliá [gre] tšoilía [gre] koilía,*k̑eu̯H-,,4,1454
[ell] dagkṓnō [grc] dáknō [san] daṃś- [pal] ḍasati [gre] dáknō [gre] akkánnō [gre] dagkánnō [gre] dák(n)ō [gre] dáknō,*denk̑-,,9,1456
[ell] anapnéō [grc] pnéō [gre] pnéō,*?*pneu̯-,,3,1460
[ell] kaíō [grc] kaíomai [gre] ke-ka-u-me-no [gre] kaíomai [gre] tšaíō [gre] kaí(g)ō [gre] káfkō [gre] káfto,*k̑eh₂u̯-,,8,1461
[ell] érchomai [grc] érchomai [gre] érchomai [gre] érkoymai [gre] érkomai [gre] érch(o/ou)mai [gre] ér(ch)oumai,*h₁er-,,7,1464
[ell] méra [grc] hēméra [hyw] ōr [hye] ōr [gre] -a-ma* [gre] hēméra [gre] méra [gre] (e)méra [gre] īméra [gre] (ī)méra,*Heh₂m-,,10,1467
[ell] pethaínō [grc] apothnȩ̄́skō [gre] apothnȩ̄́skō [gre] pethanískō [gre] (a)pethaínō [gre] apothánō [gre] pethainíško,*dʰenh₂-,,7,1468
[ell] chṓma [gre] chṓman [gre] choúma [gre] chṓma(n) [gre] chṓma,*g̑ʰeu̯-,,5,1474
[ell] trṓ(g)ō [gre] trṓō [gre] trṓgō [gre] trṓ(g)ō [gre] trṓgō,*treh₃⁽g̑⁾-,,5,1475
[ell] makriá [gre] makrá [gre] makrá [gre] makrá,*meh₂k̑-,,4,1477
[ell] fovámai [grc] phobéomai [gre] phobéomai [gre] fooýmai [gre] fo(v)oúmai [gre] fovoúmai,*bʰegʷ-,,6,1479
[ell] paleýō [gre] paliṓnnō,*pelh₂-,,2,1481
[ell] fōtiá [gre] fōthkiá,*bʰeh₂-,,2,1482
"[ell] petṓ [grc] pétomai [hit] pattai- / patti- [hye] tʿṙčʿel [hyw] tʿṙčʿil [xcl] tʿṙčʿim [gae] eitil [gae] tha air iteig [gae] etlagh [gre] pétomai [gre] petṓ [gre] (a)petáō [gre] petṓ [gre] petánō [cym] hedfan, hedag [mid] ehedec [san] pat- [ave] pataiti [wak] tapin wocn",*pet-,,19,1486
[ell] chortári [gre] chortária [gre] chórto [gre] chórtos,*gʰer-,,4,1490
"[ell] kefáli [grc] kephalḗ [gre] kephalḗ [gre] tžefalī́ [gre] kefalī́, kefáli(n) [gre] kefalī́ [gre] kefál",*gʰebʰh₂l-,,7,1494
[ell] kynīgṓ [gre] tžynīṓ [gre] kynīgeúō,*h₂eg̑-,,3,1498
"[ell] págos [gre] páos [gre] págos [gre] págos, pagoúr [gre] págo",*peh₂g̑-,,5,1500
[ell] skotṓnō [gre] skotṓnnō [gre] skotṓnō [gre] skotṓnō,*s⁽k̑⁾eh₃-,,4,1502
"[ell] límnī [grc] límnē [xto] lyäm [txb] lyam [gre] límnī [gre] limní(n), limnítsi(n)",*lei̯-,,6,1503
[ell] makrýs [grc] makrós [gre] makrós [gre] makrýs [gre] makrýs [gre] makreío [gre] makrý,*meh₂k̑-,,7,1506
[grc] phtheír [ell] pseíra [gre] fteíra [gre] fteíra [gre] thteíra [gre] fteir,*gʷg̑ʰer-,,6,1507
[ell] kréas [grc] kréas [gre] kréas [gre] kriás [gre] kréas [gre] kréa [gre] kiriás,*kreu̯h₂-,,7,1508
[grc] óros [gre] o-ṛẹ-i [gre] óros,*h₃er-,,3,1509
"[ell] stóma [grc] stóma [gre] stóma [gre] stóman [gre] stóma [gre] stóma [gre] stómas, stóma(n)",*steh₃-,,7,1510
[ell] kontá [gre] kontá [gre] kontá [gre] kontá [gre] kontá,*k̑ent-,,5,1512
[ell] kainoýrgios [gre] tžinoýrkos [gre] kainoúrgos [gre] tšinoúrgio [gre] kiüniǘrios,*ken-,,5,1514
[ell] mýtī [gre] moýttī [gre] mýta [gre] mytí(n) [gre] mýtthī,*meu̯k-,,5,1515
[ell] paliós [grc] palaiós [gre] palaiós [gre] pa-ra-jo [gre] paliós [gre] palió [gre] palaíos [gre] palaío,*pelh₂-,,8,1517
[ell] paízō [grc] paízō [gre] paízō [gre] paízō [gre] paízō [gre] paítzō [gre] paízo,*peh₂u̯-,,7,1519
"[ell] potámi [grc] potamós [gre] potamós [gre] potamós [gre] potám [gre] potamó [gre] potamós, potámi(n)",*pet-,,7,1525
[ell] léō [grc] légō [gre] légō [gre] lé(g)o [gre] lé(g)o [gre] légō,*leg̑-,,6,1529
[ell] spóros [grc] spérma [sqi] farë [gre] pe-mo [gre] spérma [gre] spóros [gre] spóro [gre] spóros [gre] sporá [aln] farë [alb] farë,*sper-,,11,1532
[ell] kontós [gre] kontós [gre] kontó [gre] kontós [gre] kontó,*k̑ent-,,5,1534
[ell] káthomai [grc] káthēmai [san] ā́s- [hit] eš- / aš- [ave] āste [gre] káthēmai [kho] āste [xlu] ás- [gre] káthoymai [gre] káthomai [gre] káthoumai,*h₁eh₁s-,,11,1536
[ell] dérma [grc] dérma [gre] de-ma-si [gre] dérma [gre] dérma [gre] dérma,*der-,,6,1537
[ell] oyranós [grc] ouranós [gre] ouranós [gre] oyranós [gre] oúranos [gre] ouranós,*h₂u̯ers-,,6,1538
[ell] koimámai [gre] tžoimoýmai [gre] tšioumoúmai [gre] koimoúmai [gre] keímai,*k̑ei̯-,,5,1539
[ell] prī́zomai [gre] préškomai [gre] prī́skoymai [gre] prī́skomai [gre] pímpramai,*preh₁-,,5,1549
"[ell] oyrá [gae] eireaball [gae] earball [grc] ourá [gae] (f)arbyl [sga] erball [gre] ourá [gre] noýros [gre] tourádi, trátsa [gre] ourádi(n)",*h₁ers-,,10,1551
[ell] skéftomai [gre] skéftoymai,*spek̑-,,2,1554
[ell] dénō [grc] déō [gre] déō [gre] de-de-me-no [gre] dénō [gre] dénō [gre] dénnō [gre] dī́nnō,*deh₁-,,8,1555
[ell] xernṓ [gre] ksernṓ [gre] xerṓ [gre] ššeráō,*h₁reh₁-,,4,1559
[ell] zestós [gre] zestó,*i̯es-,,2,1561
[ell] neró [gre] nerón [gre] neró [gre] neró(n) [gre] leró,*neu̯-,,5,1563
[grc] ánemos [gre] a-ne-mo [gre] ánemos [gre] ánomos,*h₂enh₁-,,4,1566
"[ell] fteroýga [gae] eiteog [grc] ptéryx [lat] penna [hit] pattar / pattan- [hyw] tʿew [hye] tʿew [xcl] tʿew [sga] ette [gre] ptéryx [gre] fteró(n), fteroúli(n) [gre] (a)thterýga [cym] aden [mid] adain [goh] feddāh [ang] fiþere [meg] pe̯ánă [vâs] v′aṭ [wak] tap [kam] unr′a pâṭü [kât] pâṭ′a [kât] udr′epâṭa [kal] paṭä [saṇ] undrẫvâṭ",*pet-,,24,1567
[grc] mélas [lav] melns [gre] mélas [lat] malns,*melh₂-,,4,1575
"[lit] žolė̃ [lav] zāle [pol] zilĕ [gre] chloī́, chloḯ(n) [lat] zuole",*g̑elh₃-,,5,1576
[lat] ūmidus,*u̯eh₁-,,1,1578
[ell] plátī [pol] plecy [kas] plecë [gre] plátī [gre] pláī [rus] plẹ́či,*pleth₂-,,6,1580
[ell] kofterós [gre] kofterós [gre] kofterós [gre] kofteró,*(s)kep-,,4,1582
[ell] kapnós [grc] kapnós [gre] ka-pi-ni-ja [gre] kapnós [gre] kápnī [gre] kapnós [gre] kapnós [gre] kannó,*?*kʷu̯ap-,,8,1583
[ell] omalós [gre] amaló [gre] omáli(n),*sem-,,3,1584
[wak] baǰ [grc] pachýs [lav] biezs [pal] bahala [kho] baysgä [oss] bɜzgin [oss] bæzǵyn [gre] pachýs* [gre] pašýs [gre] pa(ch)ý [lat] bīzs [sog] δβāz [sar] dvez,*bʰeng̑ʰ-,,13,1585
[hin] rākha [mar] rākha [urd] rākh [bho] rākhi [pun] rākʰ,*h₂leks-,,5,1592
[mai] kātanā [urd] kāṭnā [mag] kāṭanā [hin] kāṭanā [bho] kāṭanā [pun] kaṭṭṇā,*(s)kert-,,6,1594
[mar] dhukaṁ [urd] dhund [mai] dhūn [pal] dhun [fri] fumate [ave] dunman [sin] mīduma [pun] dʰuⁿd [raj] öredidạ,*dʰu̯eh₂-,,9,1604
[sin] kiyanavā [urd] kahnā [mai] kahanā [bho] kahnā [mag] kahanā [ass] kôthā kûwā,*kʷó-,,6,1614
[hin] sidhā [kas] syod [urd] sidhā [mag] sīdhā [bho] sidhā [nep] sidhā [pun] siddʰā [pas] seeda [lar] siza,*seh₁dʰ-,,9,1617
[sin] pasa,*?*pē(n)s-,,1,1641
[kas] zang [san] jáṅghā [pal] janghā [gaw] ǰeŋ,*g̑ʰengʰ-,,4,1649
[kur] ber [pal] báaṭ [kum] bard [kho] boht [gaw] waaṭ [bak] bard [kur] bard [gaw] baṭ [kam] v′oṭ [kât] v′oṭ [kât] v′oṭ,*u̯ert-,,11,1656
[hin] saṛā-galā [mai] sārāb [mar] saḍakā [mag] saḍal [bho] saḍal [urd] galā-saṛā,*k̑ad-,'fall',6,1672
[gae] mór [gae] mòr [sga] mór [gae] mooar [old] mor [old] maur [mid] meur [cym] mawr [mid] mawr,*meh₁-,,9,1686
[gae] fuil [gae] fuil [sga] fuil [gae] fuill,*u̯elh₂-,,4,1687
[gae] cnámh [gae] cnàmh [sga] cnáim [gae] craue,*konh₂m-,,4,1688
[gae] fuar [gae] fuar [lav] auksts [sga] úar [gae] feayr [gau] ougro- [cym] oer [mid] oer [old] oir,*h₃eu̯g̑-,,9,1690
[gae] áirigh [grc] arithméō [sga] ad·rími [gre] arithméō [cym] cyfri [mid] cyfrif [got] garaþjan,*h₂rei̯-,,7,1692
[gae] lá [gae] là [sga] lae [gae] laa,*leh₁t-,,4,1694
[gae] súil [gae] sùil [sga] súil [gae] sooill,*seh₂-u̯l̥-,,4,1700
[gae] tuit [gae] tuit [sga] do·tuit [gae] tuittym,*(s)teu̯d-,,4,1701
[gae] toradh [sga] torad,*ret-,,2,1708
[kho] heḍä [yag] t̰afár- [sog] ϑβarti [khw] hāβreda [kur] a-w(a)-ā,*bʰer-,,5,1709
[gae] lámh [gae] làmh [sga] lám [gau] lama [gae] laue [old] lom / lou [old] lau [cym] llaw [mid] llaw,*pleh₂-,,9,1712
"[gae] trom [sga] tromm [gae] trom [old] trom, trum [gae] trome [cym] trwm [mid] trwm [old] trum",*treu̯d-,,8,1713
"[gae] sealg [gae] seilg [gae] shelg [cym] hela [mid] hela [old] helcha, helghati [mid] helghya [lat] helfia",*selg̑-,,8,1716
"[gae] dèan gàire, gàir [gae] gáire [gae] garaghtee",*g̑ar-,,3,1718
[gae] míol [gae] mial [sga] míl [gae] meeyl,*meh₁-,,4,1721
[gae] muineál [ave] manaoϑrī [sga] muin [gae] mwannal [old] mun [gau] man- [mid] mynwgyl [mar] māna [pal] máaṭu [gaw] manda [gaw] män [pas] mandu [vâs] minig,*men-,,13,1728
[gae] imir [sga] imm·beir,*bʰer-,,2,1730
[gae] dearg [gae] dearg [sga] derg [gae] jiarg,*dʰerg-,,4,1734
"[gae] abhainn [hit] ḫapa- [gae] abhainn [xlu] ḫāpa/i- [sga] aub [gau] abona [mid] auon, auoun, auonn [gae] awin [cym] afon [mid] afon [yag] ōp [lat] auan [old] *avon, *aven",*h₂ebʰ-,,13,1735
[gae] codail [gae] cadley [sga] con-tuili [gae] cadal,*telH-,,4,1746
[gae] crann [sga] crann [gau] prenne [old] pren,*kʷres-,,4,1757
[gae] bán [sga] bán [gae] bane,*bʰeh₂-,shine,3,1763
[kas] rut,*leu̯k-,,1,1783
[kas] ṭhuul,*steh₂-,,1,1803
[pal] hima,"*?*g̑ʰéi̯-om, *g̑ʰ(i)i̯-ém-, *g̑ʰi-m-",,1,1808
[nep] rāto [sin] ratu [khw] raxtik,*(s)re⁽g̑⁾-,,3,1814
[lit] káulas [lav] kauls [prg] kaulan [lat] kauls,*keh₂u̯l(o)-,,4,1847
[lit] gérti [lav] dzert [lat] dzert,*gʷerh₃-,,3,1851
[lit] tolì [lav] tālu [lat] tuoli,*teh₂li-,,3,1853
[lit] kovóti,*keh₂u̯-,,1,1855
[lit] šálti [lav] salt [oss] sælyn [oss] sælun [lat] saļt [yag] ṓsir- [khw] saryāra [mid] afsārēd,*k̑elH-,,8,1857
[lit] girdė́ti [lav] dzirdēt [lat] dzierdēt,*g⁽ʷ⁾erdʰ-,,3,1859
[lit] medžióti [lav] medīt [lat] medeit,*medʰ-,,3,1860
[lit] kálnas [lav] kalns [lat] kolns,*kelH-,,3,1866
[lit] var̃das [lav] vārds [lat] vuords,*u̯erdʰ-,,3,1867
[lit] lietùs [lav] lietus [lat] leits,*lei̯H-,,3,1870
[lav] sarkans [lat] sorkons,*?*ser-,,2,1871
[lit] šaknìs [lav] sakne [prg] sagnis [lat] sakne,*k̑ek-,,4,1873
[got] malma,*melh₂-,,1,1874
[lit] jū́ra [lav] jūra [prg] iūrin [lat] jiura,*i̯uHr-,,4,1875
[hbs] oteći [ces] otéct [mac] oteče [bul] otičam [slo] oteči [sor] zaćekać [old] ociec [old] otéci [slo] oteči [slo] otezhi,*tekʷ-,,10,1881
[lit] pil̃vas,*pleh₁-,,1,1889
[lit] kàsti,*kes-,,1,1894
[lit] válgyti [prg] wolgeit,*u̯elg-,,2,1896
[lit] vaĩsiai [prg] wēisin,*u̯ei̯s-,,2,1900
[lit] gẽras,*gʷerH-,,1,1901
[lit] pláukas,*?*pleu̯k-,,1,1902
[lit] artì,*h₂er-,,1,1908
[lit] druskà,*?*dʰreu̯s-,,1,1912
[lit] dangùs [prg] dangon,*dʰengʰ-,,2,1917
[lit] miegóti [prg] meicte,*mei̯gʰ-,,2,1918
[lit] gyvãtė,*gʷi̯eh₃-,,1,1919
[lit] mẽdis,*medʰ-,,1,1924
"[sor] mazany [slo] umazan [rus] zamaščénωj, vώmaščenωj [slo] vmaṡan",*mag̑-,,4,1932
[sor] wutšoba [sor] wutroba,*h₁enter-,,2,1933
[sor] wogon [pol] ogon [kas] ògón [old] ogon,*gʷʰen-,,4,1935
[sor] lěto [sor] lěto [slo] leto [chu] lěto [pol] ľotü [slo] leto [slo] leitu,*leh₁t-,,7,1936
[mac] mazen,*mag̑-,,1,1941
[oss] nwazyn [oss] niwazun,*u̯eg̑ʰ-,,2,1955
[oss] art [oss] art [ave] ātar [kur] agɨr [mid] ādur [par] ādur [yag] ōl [sog] ātr [kur] āwır [pas] or [khw] ādira [kur] āgır [haw] ayr [sar] yuc [kur] āwɨr,*h₂eh₁-,,15,1957
[wak] win- [oss] winun [oss] wynyn [old] vainatai [ave] vaēnaiti [fas] dīdan [kur] dɨbinit [mid] wēnēd [par] wēnēd [yag] wēn- [bac] oin [sog] wēnt [khw] wēneda [maz] vinde [bak] didak ≠ bine [raj] ạyne ≠ bašdi [del] mivine [lar] abone ≠ ošdi [tat] mivine [haw] mawīno ≠ dī [kur] awanıt [kur] dünē [sar] wand [kam] vâň′a- [kât] vâň′a- [kât] vâř′e- [kal] vňe [saṇ] vieňie- [kur] a-ün-ē,*u̯ei̯h₁-,,29,1969
[fas] parwāz kardan [par] wazēd [sog] frawazti [pas] alwatal [khw] wazeda [sar] raweekht,*u̯eg̑ʰ-,,6,1993
[fas] zadan [nep] hānnu [ave] jaiṇti [pal] abhihanati [mid] zanēd [par] žanēd [san] han- [bac] zin [bak] zeydak [kum] bẓēna [del] mize [lar] azen [maz] zande [bal] ǰant [tat] mezane [pas] hantaau,*gʷʰen-,,16,1998
[kho] daiyä [ave] diδāiti,*dʰei̯H-,,2,2012
[fas] andāxtan,*tek-,,1,2025
[pol] gryźć [hbs] gristi [slo] gristi [chu] grysti [slo] hrýzť [kas] grëzc [old] gryźć [slo] gristi [slo] griſti,*gʷreu̯Hg̑ʰ-,,9,2028
"[san] brávī-, brū- [ave] mraoiti",*mleu̯h₂-,,2,2031
[por] pau [spa] palo [cat] pal [old] palo [old] pal [por] pau,*peh₂g̑-,,6,2036
[sar] ischíre [sar] iscire [lat] scīre [hit] šākk-/šakk- [ron] a ști [meg] ştíri,*sekH-,,6,2047
[rus] krasnyj,*kʷer-,,1,2063
[sar] ruere [sar] órruere,*h₃reu̯-,,2,2066
[sar] narrer [sar] nárrere,*g̑neh₃-,,2,2076
[sar] isciústu [sar] iffustu [nea] 'nfuso,*g̑ʰeu̯d-,,3,2078
[hbs] gurati,*geu̯-,,1,2086
[gae] seinn,*su̯enh₂-,,1,2108
[cym] byta [mid] bwyta,*gʷi̯eh₃-,,2,2144
[lat] nebula [ita] nebbia [sar] nébite [sar] néula [spa] niebla [por] nevoeiro [deu] Nebel [lux] Niwwel [nea] neglia [old] niebla [fra] nÿolé [lad] niol [deu] Näbel [gaw] naali [pas] naali [goh] nebol [mid] nebel [old] neƀal [mid] nevel [por] nevoeiro [mil] nébia [saṇ] nâliud′uṛ,*nebʰ-,,22,2150
"[cym] taro, trawo [mid] taro",*terh₁-,,2,2152
[gae] cos [gae] cas [sga] cos [cym] coes [mid] coes [nea] coscia,*kok̑s-,,6,2156
[cym] cynffon [mid] cynffon,*sph₂en-,,2,2169
[grc] téphra [gre] téphra,*dʰegʷʰ-,,2,2179
[ben] chāi [mai] chāur [pal] čhíi [gaw] čhī [ass] sāi,*?*(s)k̑ed-,,5,2182
[hbs] leđa,*lendʰ-,,1,2188
[pal] bhasma(n),*bʰes-,,1,2189
[isl] vondur [old] onder,*u̯endʰ-,,2,2191
[ita] cattivo [mil] catìf,*keh₂p-,,2,2196
[fra] viande [fra] vÿanda [old] vianda,*gʷi̯eh₃-,,3,2198
[chu] črěvo [old] čerevo,*(s)ker-,,2,2201
[lux] Broscht [far] bróst [isl] brjóst [nld] borst [deu] Brust [nob] bryst [sga] bruinne [old] bronn [old] bronn [gae] broilleach [gau] brunnio- [elf] brest [swe] bröst [dan] bryst [old] bryst [mid] bronn [fle] borst [bre] bruched [mid] bron [lat] brodn [deu] Bruscht [goh] brust [old] briāst [mid] brust [ang] brēost [old] briost [mid] borst [old] brjóst [got] brusts [nor] bryst,*bʰreu̯s-,,30,2211
[lit] krūtìnė [lat] kryuts,*kreu̯H-,,2,2215
[xto] päśśäṃ [txb] päścane [pal] thana,*pstḗn,,3,2217
[lat] numerāre [ron] număra [old] nombrer [meg] numirári [dal] enbru̯ár,*nem-,,5,2224
[mar] pāhaṇe [san] páśya- ≠ dr̥ś- [pal] páaša [kho] pošik [gaw] päšūg,*spek̑-,,5,2231
[chu] měsęcĭ [lit] mėnùlis [prg] menig [lav] mēness [txb] meñe [xto] mañ [lux] Mound [san] mā́ḥ [ces] měsíc [far] máni [swe] måne [hbs] mjesec [ave] māh [old] māh [eng] moon [nld] maan [deu] Mond [dan] måne [old] mane [nob] måne [ukr] mìsâc′ [bel] mesâc [sor] měsačk [sor] mjasec [slo] mesiac [mac] mesečina [kho] māstä [kas] miesąc [mid] māh [par] māh [umb] menzne [oss] mæj [oss] mæj [fas] māh [lat] mienesnīks [fle] maan [fri] moanne [old] miesiąc [old] měsiec [rus] m′ís′ac′ [mac] misinčìna [mac] misinčìna [slo] mesec [bak] mā [bac] mao [deu] Mond [sog] māx [maz] māh [del] mɒh [lar] mā [bal] māh [kur] māng [khw] māh [haw] māŋ [kur] māŋ [raj] mạ [gaw] maasoi [pas] maiṭalu [kho] mas [pas] spogmai [goh] māno [sar] most [old] mōna [mid] mâne [ang] mōna [old] mâno [mid] mane [got] mena [nor] måne [vâs] mas′ag [wak] mak [kam] m′os [kât] m′os [kât] m′us [kal] mâs [saṇ] m′âs [kur] māŋ,*meh₁-,,77,2232
[xto] koṃ [txb] kauṃ,*k̑eh₂u̯-,,2,2234
[grc] plḗrēs [san] pūrṇá- [chu] plŭnŭ [prg] pilnan [lav] pilns [lat] plēnus [gae] làn [urd] pūrā [ita] pieno [nep] pūrā [hye] li(kʿə) [fra] plein [lux] voll [spa] lleno [lit] pìlnas [pol] pełny [ces] plny [rus] polnyj [aln] plotë [deu] voll [fri] plen [gae] lán [nob] full [swe] full [hin] pūrā [hbs] pun [ave] pərəna [sga] lán [umb] plener [xcl] li [eng] full [nld] vol [gau] lano- [sqi] plot [gae] lane [old] lon [old] laun [far] fullur [dan] fuld [isl] fullur [old] fulder [elf] full [pal] puṇṇa [ukr] novnij [bel] poŭny [sor] połny [sor] połny [slo] poln [slo] plný [mid] leun [mac] poln [bul] p″len [kho] uspurrä [gre] plḗrēs [pol] påunĕ [mid] purr [par] purr [yag] pun(n) [hyw] lecʿown [lat] pylnys [fle] vol [ron] plin [lad] plen [sar] piénu [old] plein [ang] plein [wal] plin [fra] plë [cat] ple [old] lleno [nea] chino [por] cheio [bre] lan [bre] leun [cym] llawn [pal] purá [fas] por [sar] prenu [old] pełny [mid] llawn [sin] piruṇu [old] plný [old] polnyi [rus] pọ́wnωj [kum] palla [mac] pъ̀lin [mac] pъ̀lin [slo] poln [slo] puln [bak] por [fri] fol [deu] voll [tat] pör [sog] purni [maz] per [del] por [lar] por [bal] por [kur] par [old] plen [meg] pľin [alb] pljotë [old] ple [gaw] por [haw] pař [kur] pıṛ [raj] pör [gaw] pūra [bac] poro [dal] plai̯n [goh] fol [old] ful [mid] vol [ang] full [old] full [mid] vol [old] fullr [got] fulls [mid] luen [lat] lên [nor] full [por] cheio [vâs] â-ri- [kam] pâr′ea [kât] pur′a [kal] pâra- [kur] pɨṛ [mil] pién,*pleh₁-,,128,2235
[xto] swase [txb] swese [grc] hýetos [aln] shi [sqi] shi [gre] hyetós [alb] shi,*sh₂eu̯-,,7,2236
[hbs] kiša,*ku̯ath₂-,,1,2237
[rus] život [bel] žyvot [ukr] živìt [pol] zaivăt [isl] kviður [elf] kwið [old] kviðr,*gʷi̯eh₃-,,7,2238
[sin] lē [pal] lohita [pun] lahū [gaw] lo [kho] leey [kam] l′ui [kât] l′ui [kât] l′ui [kal] lai [saṇ] l′au,*(h₁)reu̯dʰ-,,10,2239
[pol] palić się [sor] paliś se [sor] palić so [kas] palëc sã,*?*pel-,,4,2241
"[bul] gorâ [hbs] gorjeti [slo] goreti [mac] gori [chu] gorěti [rus] goret' [bel] garec′ [ukr] gorìti [slo] horieť [ces] hořet [pol] ďöri-să [old] gorzeć, goreć [old] hořěti [old] gorěti [rus] ɣọr′ítɪ [mac] gurì [mac] gurì [slo] goreti [slo] goreti",*gʷʰer-,,19,2243
[pol] zimny [sor] zymny [sor] zymny [pol] zaimenă [kas] zëmny [old] zimny [alb] titimë,"*?*g̑ʰéi̯-om, *g̑ʰ(i)i̯-ém-, *g̑ʰi-m-",,7,2245
[fle] sterven [deu] sterben [nld] sterven [lux] stierwen [fri] stjerre [deu] stärbe [goh] sterban [old] sterva [mid] sterben [mid] sterven [old] sterƀan,*(s)dʰerbʰ-,,11,2250
[gae] cluas [gae] cluas [sga] clúas [gae] cleaysh [cym] clust [mid] clust,*k̑leu̯s-,,6,2255
[spa] lejos [old] lexos,*sle⁽g̑⁾-,,2,2258
[nep] ḍarnu [mai] ḍaranā [hin] ḍaranā [urd] ḍarnā [pal] dara (*darati) [mag] ḍarana [bho] ḍarnā [pun] ḍarnā [kam] vid′ařa- [kât] vadař′e- [kât] vadiř′e- [kal] vide-,*der-,,12,2259
[lit] plùnksna,*?*pleu̯k-,,1,2263
[nob] slåss [far] sláast [isl] slást [elf] slå'ss [swe] slåss [dan] slås [old] slas [old] vega [nor] slåss,*?*slak-,,9,2267
"[grc] ónyx [mai] nah [san] nakhá- [chu] nogŭtĭ [prg] nagutis [lav] nags [lux] Nol [lat] unguis [gae] ìne [xto] maku [txb] mekwa [hyw] ełownkʿ [ell] nýchi [ita] unghia [fra] ongle [lit] nãgas [spa] uña [gae] ionga [dan] negl [swe] nagel [eng] nail [nld] nagel [deu] Nagel [ces] nehet [pol] paznokieć [rus] nogot' [fas] nāxun [hit] šankui- / šankuu̯ai- [kur] nēnuk [fri] ongule [isl] nögl [cat] ungla [sga] ingen [xcl] ełowngn [elf] nagel [far] naglur [old] naghl [nob] negl [pal] nakha [mag] noh [ukr] nìgot′ [bel] nogac′ [sor] nochć [sor] nokś [slo] necht [slo] noht [gre] o-nu [mid] iuin [hbs] nokat [bul] nok″t [mac] nokot [kho] nāhune [old] euin, eguin [pol] nüďėt [kas] paznokc [mid] nāxun [oss] nyx [par] nāxun [gre] nýšin [gre] ní(ch)i [gre] onýši(n) [gre] (a)nýchi [hye] ełowng [oss] nix [lat] nogs [fle] nagel [ron] unghie [nea] ogna [sar] úngara [old] ongle [ang] ungle [wal] ongue [fra] anglye [old] unna [por] unha [gae] yngyn [bre] ivin [bre] ivin [cym] ewin [sar] ungia [lad] ondla [pal] nóong [nep] naṅa [kas] nam [old] paznogieć [mid] ewin [mar] nakha [old] eguin [old] nehet [rus] nọ́xọt′ [kum] nixn [mac] nòft′ [mac] nòft′ [sin] niya potta [wak] diɣ̌ər [yag] náxna [slo] noht [slo] nohát [fri] neil [deu] Nagel [ass] nôkh [ben] nakh [tat] naxen [sog] nāxn [maz] nāxun [bak] nexun [del] nɒɣu [old] oungla [meg] úngľă [old] ungla [gaw] nak [lar] nač [kur] nāxon [bal] nāhon [haw] nāxūn [kur] nāxwın [raj] noxone [khw] nāxn [gaw] nak [dal] jongla [goh] nagal [sar] nishewr [old] neil [mid] nagel [ang] næġl [old] nagal [mid] naghel [old] nagl [lat] euin [nor] negl [por] unha [vâs] n′ač [pas] naurii [kam] nâč′ẽ [kât] nâč′e [kât] nâč′e [kal] nuča [saṇ] nâuć′ã [kur] naxwēn [mil] ungia",*h₃neg⁽ʷ⁾ʰ-,,140,2268
[lat] skrīt,*?*(s)k⁽ʷ⁾rei̯-,,1,2273
[fas] šemordan [kho] ṣuʾmeḍa [mid] ašmārēd [kur] dɨhɨžmērit [sog] pǝčmerti [bak] ešmārdak [tat] mešmāre [maz] šemārne [del] miʃmɒre [lar] avāšomole [kum] šmāra [kur] ašmirıt [kur] šwımāra kaē [haw] mažmāro [raj] ạratešmạre [pas] shmeral [khw] ammareda [kur] a-šmār-ē,*(s)mer-,,18,2274
[hit] šūu- / šūuau̯-,*?*seu̯H-,,1,2280
[xto] klisnāṣ [txb] kläntsaṃ,*klemH-,,2,2286
[xto] kälytär [txb] kaltär,*k̑lei̯-,,2,2288
[lav] mats [lat] mots,*meh₁-,,2,2289
[kho] kamalä [ass] mūr,*ml̥h₃dʰ-,,2,2293
[gae] grian [gae] grian [sga] grían [gae] grian,*gʷʰer-,,4,2299
"[ita] uccidere [sar] occíere [ron] a ucide [old] ocire [ang] ocire [nea] accirere [old] ociure, auciure",*?*kh₂ei̯d-,,7,2300
[lav] nogalināt [prg] gallintwei [ang] cwellan [old] quellian,*gʷelH-,,4,2302
[swe] döda [fri] deadzje [fle] dooden [nld] doden [deu] töten [old] dödha [deu] töde [mid] tœten [mid] doden [old] deyða [got] dauþjan [goh] tōten,*dʰeu̯-,,12,2305
"[far] vita [isl] vita [nob] vite [dan] vide [swe] veta [fri] witte [fle] weten [nld] weten [lux] wëssen [deu] wissen [gae] tha fhios [san] vid- [chu] věděti [prg] waist [hyw] gitnal [hye] gitenal [ces] vědět [bel] vedac′ [slo] vedieť [gae] bí a fhios ag [pol] wiedzieć [sga] ro·fitir [ave] vaēδa [xcl] gitem [grc] oĩda [gae] fys [old] gudbut [gau] uid- [elf] witå [old] vita [sor] wědźeć [sor] wěźeś [slo] vedeti [mid] gouzout, gouzuout [gre] oĩda [pol] vedącĕ [kas] wiedzec [bre] goûd (goużoud) [cym] gw(y)bod [old] wiedzieć [mid] gwybod [old] věděti [old] věděti, vědati [slo] vedeti [slo] veiditi [mid] gothfos [lat] gothaz, guthvas [bre] gouied, goui- [deu] wüsse [goh] wizzan [old] weta [mid] wizzen [ang] witan [old] uuitan [mid] weten [old] vita [got] witan [nor] vite",*u̯ei̯d-,,58,2307
[grc] anḗr [ell] ántras [san] nár- [ave] nar [xcl] ayr [aln] njeri [pal] nara [gre] anḗr [osc] niir [umb] nerf [gre] ántras [gre] ántra [gre] ántras [alb] njeri [pas] narina,*h₂ner-,,15,2316
[elf] kall,*g̑erh₂-,,1,2318
[kur] mērɨk [hyw] mard [hye] mard [fas] mard [mid] merd [par] mard [kum] mardk- [yag] mṓrtī [bac] mardo [sog] martē [tat] mardak [maz] mardi [bak] mire [del] merd [lar] mard [khw] marc [raj] merạ [bal] mardēnzāg [old] martiya [kam] m′oč [kât] m′uč [saṇ] m′âć,*mer-,,22,2322
[hit] pešna- / pišna-,*pes-,,1,2325
[xto] oṅk [txb] eṅkwe,*nek̑-,,2,2327
"[lat] lūna [hye] lusin [fra] lune [spa] luna [rus] luna [fri] lune [xcl] lowsin [slo] luna [bul] luna [pol] laună, laină [hyw] lowsin [ron] lună [nea] luna [ita] luna [lad] luna [sar] luna [sar] luna [old] lune [ang] lune [wal] leune [fra] lna [cat] lluna [old] luna [por] lua [dal] loi̯na [slo] luna [old] luna [meg] lúnă [old] lluna [por] lua [mil] lüna",*leu̯k-,,31,2336
[gae] gealach [gae] gealach,*g̑ʰelh₃-,,2,2337
"[urd] cānd [mag] cāṅd [pal] canda [hin] cānda [bho] cānd [ben] cām̐d [sin] san̆da / han̆da [pun] caⁿn, caⁿd",*(s)kend-,,8,2338
[xto] koy* [txb] koyṃ,*g̑ʰeh₁i̯-,,2,2346
[lav] jauns [lat] jauns,"*h₂ei̯-u-, *h₂oi̯-u-, *h₂i̯-eu̯-",,2,2351
[lav] koks [lat] kūks,*?*keu̯k-,,2,2358
[xto] ṣtām [txb] stām [gaw] tam [vâs] üšty′ub,*steh₂-,,4,2359
[gae] an t-uisge,*u̯ed-,,1,2362
[prg] garian,*gʷerH-,,1,2364
[bul] gora,*gʷerH-,,1,2365
[xlu] u̯ār-,*u̯eh₁-,,1,2394
[hit] ḫarki- [xto] ārki [txb] ārkwi,*h₂erg̑-,,3,2395
[grc] leukós [gre] re-u-ko [gre] leukós,*leu̯k-,,3,2401
[gae] abair ≠ deir [sga] as·beir [gae] gra,*bʰer-,,3,2404
[pol] powiedzieć [slo] povedať [old] powiedzieć [old] pověděti [rus] u̯pọv′ístɪ,*u̯ei̯d-,,5,2409
[gae] geal,*g̑ʰelh₃-,,1,2411
[pal] vac ≠ vatti [par] wāčēd [khw] wass [raj] ạʋje ≠ bašʋạ [tat] māje [kur] ežıt [kur] üšē [haw] mwāčo [kur] eyžē,*u̯ekʷ-,,9,2415
[cym] dweud [mid] dywedut [old] guetid,*u̯eth₂-,,3,2416
[cat] dona [ita] donna [mil] dòna,*dem-,,3,2419
[lav] sieviete [lat] sīvīte,*k̑ei̯-u̯o-,,2,2430
[lat] rotundus [ita] tondo [spa] redondo [fra] rond [fri] taront [ron] rotund [old] rond [ang] rund [wal] rond [cat] rodó [old] redondo [por] redondo [nea] tunno [lad] toron [sar] túnniu [sar] rotundu [fra] ryan [old] round [old] redó [por] redondo [mil] rutùnt,*ret-,,21,2443
[chu] (o)krǫglŭ [pol] okrągły [rus] kruglyj [ces] okrouhlý [hbs] okrugao [ukr] kruglij [bel] krugly [slo] okrúhly [slo] okrogel [bul] kr″g″l [kas] òkrãgłi [old] okrągły [old] okrúhlý [old] krugŭ [rus] krúɣlωj [slo] okrogel [slo] okrogil,*?*krengʰ-,,17,2444
[goh] sinuuelbi [ang] sinhwurfol,*kʷelp-,,2,2447
[lav] apaļš [lit] apvalùs [lat] opols,*u̯elH-,,3,2448
"[hit] gēnu [lat] genu [grc] góny [san] jā́nu [gae] glùn [ita] ginocchio [fra] genou [gae] glúin [dan] knæ [swe] knä [lux] Knéi [eng] knee [nld] knie [deu] Knie [xto] kanweṃ [txb] keni [aln] gjũ [hye] cownk [cat] genoll [sga] glún [ave] žnu [xcl] cownr [sqi] gju [fri] zenoli [gae] glioon [elf] kni [ell] gónato [far] knæ [isl] kné, hné [old] knä [nob] kne [pal] jānu [mid] glin [kho] ysānū [gre] góny [mid] išnūg [par] zānūg [gre] gónaton [yag] zɵ̄nk [gre] gónato(n) [hyw] cownk [gre] gónato [gre] gónato [fle] knie [old] genoil [ang] genuil [ron] genunchiu [nea] renucchio [por] joelho [wal] gngno [lad] jenedl [sar] jenucu [sar] benúiu [bre] glin [bre] glin, dëwlin [cym] pen-glin [fra] zhno [mid] glin [sin] daṇahisa [fri] knibbel [bac] zaggo [deu] Chnöi [tat] zonem [sog] zānuk [maz] zānu [bal] zān [kur] ažno [old] ginoulh [alb] gluri [khw] zānūk [old] genoll [pas] zangoon [haw] zangołī [raj] zạnü [old] finojo [meg] zănúcľu [dal] denakle [goh] knio [sar] zun [old] knī [mid] knie [ang] cnēo [old] knio [mid] cnie [old] kné [got] kniu [mid] glyn [lat] pedn glîn [nor] kne [por] joelho [mil] ginöc [kam] ź′õ [kât] z′õ [kât] z′ũ [kur] wɨžɨn",*g̑enu-,,95,2456
"[hit] karāu̯ar / karaun- [xto] kror [txb] krorīya* [grc] kéras [lux] Har [lat] cornū [san] śŕ̥ṅgam [mai] siṅdh [urd] sīng [kas] hiŋ [ben] śiṁ [hin] sīṅga [mar] śinga [sin] an̆ga [nld] hoorn [dan] horn [swe] horn [deu] Horn [spa] cuerno [fra] corne [ita] corno [ell] kérato [fri] cuar [isl] horn [eng] horn [gau] carnon [ave] srū [old] carn [old] corn [elf] uonn [far] horn [old] horn [nob] horn [xlu] *zaruu̯ar / *zarun- [mag] siṅg [pal] singaṁ [mid] corn, cornn [gre] ke-ra [kho] ṣū [gre] kéras [mid] srūy [gre] tžératon [gre] kérato(n) [gre] kérato [gre] tšérato [fle] hoorn [ron] corn [nea] cuorno [lad] corn [sar] corru [sar] corru [old] cor [ang] corn [wal] cwène [fra] kourna [old] cuerno [bre] korn [bre] korn [cym] corn [oss] syk'a [oss] siwæ [bho] sīṅgh [nep] siṅga [pal] ṣing [mid] corn [wak] ṣ̌əw [fri] hoarne [deu] Horn [sog] sarē [ass] xiṁ [pun] siⁿg [old] corna [meg] córnu [gaw] šing [kho] srung [khw] šū [gaw] ṣiŋ [pas] khkar [dal] ku̯arn [goh] horn [sar] khew [old] hōrn [mid] horn [ang] horn [old] horn [mid] hoorn [old] horn [got] haurn [mid] corn [lat] korn [nor] horn [vâs] üč′ü [pas] šangaṭu [mil] còrnu",*k̑er-,,94,2457
[chu] rogŭ [prg] ragis [lav] rags [pol] róg [rus] rog [ces] roh [hbs] rog [ukr] rìg [bel] rog [sor] róh [sor] rog [slo] rog [slo] roh [mac] rog [bul] rog [pol] rüg [kas] róg [lit] rãgas [lat] rogs [old] róg [old] roh [rus] r′ïɣ [mac] ròk [mac] ròk [slo] rog [slo] rúg,*(H)regʰ-,,26,2458
[far] dust [eng] dust [old] dust [ang] dūst [old] dust,*dʰu̯ens-,,5,2464
[por] preto [por] preto,*pe⁽k̑⁾tu-,,2,2473
[sor] mróčel [sor] mrokawa,*merHk-,,2,2480
[gae] sgòth,*s⁽k̑⁾eh₃-,,1,2482
[bul] studen [slo] studený [ces] studený [chu] studenŭ [mac] studen [old] studený [rus] studénωj,*?*steu̯d-,,7,2485
[ben] āsā [ass] āhā,*sed-,,2,2486
[xto] yokäṣ [txb] yokäṃ [hit] eku- / aku- [xlu] u-,*h₁egʷʰ-,,4,2490
[xto] āsar [txb] asāre,*h₂eh₁s-,,2,2492
[ita] asciutto [fri] sut [nea] asciutto [ron] uscat [lad] sut [meg] uscát [dal] sot [vâs] üšky′ö,*seu̯k̑-,,8,2493
[old] būmi [pal] bhūmi [khw] βūm [kho] buum [gaw] bum [pas] bim [kam] b′üm [kât] b′im [kât] b′im [kal] büm [saṇ] b′um,*bʰu̯eh₂-,,11,2497
[lav] ola [lat] ūla,*u̯elH-,,2,2500
[txb] pluṣäṃ [xto] pluṣ* [sga] fo·luathar,*pleu̯-,,3,2504
[gae] thalloo [gau] talamo-,*telh₂-,,2,2512
[ell] xérō [gre] ksérō [gre] exérō [gre] xeúrō [gre] (ī)ššérō,*u̯reh₁-,,5,2524
[pal] taca,*tu̯ek-,,1,2526
[isl] grafa [nob] grave [dan] grave [swe] gräva [fri] grave [fle] graven [deu] graben [far] grava [elf] gråvå [old] grava [nld] graven [lux] gruewen [deu] grabe [goh] graban [old] grava [mid] graben [ang] grafan [old] graban [mid] graven [old] grafa [got] graban [nor] grave,*gʰrebʰ-,,22,2587
[sor] ryć [sor] ryś [pol] voirĕt,*reu̯H-,,3,2588
[xto] rpāṣ* [txb] rapanaṃ,*?*drep-,,2,2593
[old] oren,*kreh₁(i̯)-,,1,2597
[por] sujo [spa] sucio [old] suzio [old] sutze [por] sujo,*sū̆-,,5,2601
[lit] (nu)krìsti [lav] krist [lat] kryt,*kret-,,3,2621
[gae] eagal [gae] bí eagla ar [gae] aggle,*gelH-,,3,2627
[isl] óttast [sga] ad·ágathar,*h₂egʰ-,,2,2628
[san] yudh- [pal] yodheti [kho] juv [bac] iōlado [kal] iüd,*Hi̯eu̯dʰ-,,5,2632
[ave] pərətata [mid] nibardēd,*?*pert-,,2,2634
[fri] lotâ [por] lutar [old] luchar [nea] luttà [old] luitier [ang] luter [por] lutar,*leu̯⁽g̑⁾-,,7,2637
[lat] pugnāre,*peu̯⁽g̑⁾-,,1,2639
[gae] troid,*?*treu̯d-,,1,2640
[grc] ánthos [gre] ánthos [gre] áthos [gre] áththo,*h₂endʰ-,,4,2644
[old] rautah [fas] rūdxāneh [mid] rōd [kur] ribar [par] rōd [pal] sooṇíi [tat] roxone [sog] rōt [bak] rud [lar] ruxuna [bal] rod [kur] rūbār [raj] rạxunạ,*sreu̯-,,13,2647
[far] á [isl] á [fri] aghe [ang] ēa [old] aha [old] á [got] aƕa,*h₂ekʷ-,,7,2649
[lat] flūmen [ita] fiume [old] flueve [ang] flueve [nea] sciummo [old] fluve [mil] fiùm,*bʰleu̯H-,,7,2651
[deu] Fluss [lux] Floss [deu] Fluss [goh] fluz [mid] vluz,*pleh₃-,,5,2652
[grc] karpós [gre] ka-po [gre] karpós [gre] karpós,*(s)kerp-,,4,2654
[bul] plodove,*pleh₁-,,1,2655
[grc] pḗgnumai [ell] pagṓnō [gre] paṓnnō [gre] pagṓnnō [gre] pagṓnō [gre] pagṓnō,*peh₂g̑-,,6,2667
[xto] kärnäṣ* [txb] kärnaṣṣäṃ*,*?*kreu̯-,,2,2701
[sga] benaid,*bʰei̯H-,,1,2705
[far] sláa [isl] slá [nob] slå [swe] slå [fri] slaan [deu] schlagen [dan] slå [old] sla [elf] slå [nld] slaan [deu] schlah [goh] slahan [old] slā [mid] slahen [ang] slēan [old] slahan [mid] slaen [got] slahan [old] slá [nor] slå,*?*slak-,,20,2707
[lat] ferīre [old] ferir [ang] ferir [old] ferir [old] ferir,*bʰerH-,,5,2709
[lat] uēnāri [ron] a vâna,*u̯enH-,,2,2722
[gae] deigh [hit] eka- [gae] leac oighir [sga] aig [gau] iag(o)- [mid] ia [vâs] üz′ü,*i̯eg̑-,,7,2741
[mac] mraz,*merg̑⁽ʰ⁾-,,1,2743
[dan] hav [swe] hav [gae] cuan [elf] av [gae] keayn,*keh₂p-,,5,2774
[xto] kareṣ [txb] keriṃ*,*gʰer-,,2,2778
[chu] šui [san] savyá- [ave] haoiia [mid] hōy [par] hōy [txb] saiwai,*(H)seu̯-,,6,2779
"[wak] pʉð [fas] pā [ell] pódi [ben] pā [mar] pāya [hye] otkʿ [mai] pair [isl] fótur [elf] fuot [mid] pāy [gre] póin [gre] póda(s), podári(n) [gre] pódi [gre] pîdár [ron] picior [kum] pā [fri] foet [yag] pṓda [bak] pā [tat] pā [del] pɒ [lar] pā [bal] pād [kur] pe [meg] pičór [khw] pāδa [pas] panddai [kur] pē [haw] pā [raj] pạ [sog] pāδi [old] fótr [kam] źâm·p′o [kur] pā",*ped-,,34,2783
[grc] skélos [gre] skélos [gre] ke-re-a₂,*skel-,,3,2785
[ang] scanca,*(s)ken⁽g̑⁾-,,1,2788
[gae] cos [gae] cas [sga] cos [gae] cass [gau] kokso-,*kok̑s-,,5,2789
[spa] rodilla,*ret-,,1,2790
[ben] hām̐ṭu [ass] āṭhu,*h₂ost-,,2,2791
[hit] ḫuiš- / ḫuš-,*h₂u̯es-,,1,2793
[bul] planina [mac] planina [hbs] planina,*pleh₂-,,3,2804
[far] fjall [isl] fjall [nob] fjell [old] fjall [nor] fjell,*pel-,,5,2805
[isl] mjór,*mei̯H-,,1,2813
[far] trongur [old] þranger [nob] trang [elf] traungg [old] þrǫngr [nor] trong,*trenk-,,6,2814
[ita] vicino [nea] vicino [sar] vizínu [mil] vesìn,*u̯ei̯k̑-,,4,2822
[mar] junā [oss] zærond [oss] zærond [xcl] cer [kho] ysaṃgarä [pas] zorr,*g̑erh₂-,,6,2825
[kas] proon [nep] purāno [hin] purānā [mai] purān [ben] purono [urd] purānā [bho] purān [pal] puróoṇu [pun] purāṇā [kho] paraanu [ass] prôuṛhô,*perh₂-,,11,2826
[isl] leika [nob] leke [swe] leka [elf] läka [old] leka [old] leika [nor] leike,*lei̯⁽g̑⁾-,,7,2833
[ell] travṓ [gre] travṓ [gre] taurṓ [gre] taurṓ,*tau̯ro-,,4,2834
[kas] lamon,*lembH-,,1,2836
"[rus] tânut' [pol] ciągnąć [ces] táhnout [ukr] tâgnuti [slo] ťahať [bel] câgnuc′ [sor] ćahnyć [sor] śěgnuś [ave] ϑaṇjaiieiti [kho] thaṃjäte [pol] tągnǫt [kas] cygnąc [old] ciągnąć [old] táhnúti, tiehnúti [rus] t′aɣnútɪ",*tengʰ-,,15,2837
[far] draga [isl] draga [swe] dra [elf] drågå [old] dragha [nob] dra [old] draga [nor] dra,*dʰre⁽g̑⁾ʰ-,,8,2839
[lav] grūst [lat] gryust,*gʰreu̯d-,,2,2841
[sqi] shtyj [aln] shtŷj,*(s)teu̯d-,,2,2842
[grc] ōthéō [ell] sprṓchnō [gre] ampṓnnō [gre] apōthéō,*u̯edʰ(h₁)-,,4,2843
[san] pū́ti- [lit] supùvęs [wak] pitk [lux] faul [deu] faul [lav] sapuvis [fas] pūsīdeh [lat] putridus [cat] podrit [por] podre [spa] podrido [wal] poûri [fra] pourri [oss] æmbyd [oss] æmbud [pal] pūtika [kho] puva [old] porri [ang] purri [fra] porri [old] podrido [ron] putred [deu] gfulet [old] poirit [meg] pútrid [sog] pūtekari [khw] pūdik [old] podrit [raj] ʋapusạdạ [kho] puli [mid] pūdag [maz] bapiste [goh] fūl [mid] vûl [ang] fūl [mid] vuul [old] fúinn [got] fuls [por] podre [kam] pk′ula [kât] pk′ela [kal] pukâla,*peu̯H-,,42,2877
[ben] pacā [pal] pac̣hélu [ass] pôsā,*pekʷ-,,3,2878
[isl] beittur,*bʰei̯d-,,1,2894
[grc] brachýs [lat] breuis [ave] mərəzu [kho] mulysgä [gre] brachýs [old] brief [sog] murzki,*mreg̑ʰ-,,7,2895
[oss] zaryn [oss] zarun,*g̑ar-,,2,2898
[grc] á̧dō [gre] á̧dō,*?*h₂u̯ei̯d-,,2,2900
[xto] lykäly [txb] lykaśke,*h₃lei̯g̑-,,2,2905
[cat] sentir [wal] sinti [ita] sentire [fra] sentir [nea] sentì [old] sentir [ang] sentir [old] sentir [old] sentir [mil] sentìi,*sent-,,10,2910
[xto] wräṣ [txb] warṣṣäṃ,*u̯er-,,2,2913
[pol] czuć [bel] čuc′ [ukr] čuti [rus] čuvstvovat' [sor] čuć [sor] cuś [mac] čuvstvuva [kas] czëc [old] czuć [old] čúti [rus] čútɪ,*(s)keu̯h₁-,,11,2916
[ang] ġestincan,*stengʷ-,,1,2917
[hit] mīu- [gae] mìn [gae] mín [sga] mín [xlu] mīu-/mīi̯au̯-,*mei̯H-,,5,2930
[old] val,*u̯elH-,,1,2982
[lat] baculum [sar] bácculu,*?*bak-,,2,2983
[nep] sunninu [urd] sūjhnā [kas] hanon [mar] sujaṇe [oss] ræsijyn [oss] ræsujun [ave] sispimna [kho] hasv [pun] sujjṇā,*k̑eu̯h₁-,,9,2993
[xcl] aytnum [grc] oidéō,*h₂ei̯d-,,2,2994
[pol] gruby [slo] hrubý [kas] grëbi [old] gruby [rus] ɣrúbωj,*gʰreu̯(m)bʰ-,,5,2998
[cat] inflar-se [wal] infler [lad] se enflé [sar] unfiare [ita] gonfiare [fra] enfler [sar] uffrare [spa] hincharse [por] inchar [fri] sglonfâsi [old] enfler [ang] enfler [fra] ëflâ [old] finchar [ron] a se umfla [old] enflar [old] inflar-se [meg] anflári [por] inchar [mil] Sgunfiàa,*bʰleh₁-,,20,3000
[fra] épais [wal] spès [fra] épeu [old] espesso [old] espes,*?*spei̯d-,,5,3004
[sin] hitanavā [pal] cinteti,*kʷei̯t-,,2,3035
[san] man- [old] maniyātai [ave] mańiiete [kho] mañäte [khw] maniyeda,*men-,,5,3036
[fri] smite,*?*smei̯d-,,1,3040
[ave] aŋ́hiieiti [san] as-,*h₁es-,,2,3041
[eng] throw,*?*treh₁-,,1,3046
[lav] (sa)siet [hit] išḫai- / išḫi- [xlu] ḫišḫi(i̯a)- [lat] sasīt,*seh₂(i̯)-,,4,3055
[xto] kärkäṣ*,*kerg⁽ʷ⁾ʰ-,,1,3056
[lit] (pri)rìšti [prg] perrēist,*u̯reik̑-,,2,3059
[por] atar [spa] atar [old] atar,*h₁ep-,,3,3060
[slo] otočiť [ces] otočit,*tekʷ-,,2,3066
[lav] griezt [lat] grīzt,*?*greng̑ʰ-,,2,3067
[swe] vända [far] venda [old] vända [elf] wenda [goh] uuenden [mid] wenden [ang] wendan [mid] wenden [old] uuendian [old] venda [got] wandjan,*u̯endʰ-,,11,3068
"[bre] dislonkã, dislonk-",*sleu̯k-,,1,3076
[xto] likäṣ [txb] laikanatär,*u̯lei̯kʷ-,,2,3077
[san] snā- [wak] wʉzd(ʉ)y [oss] æxsyn [oss] æxsnun [ave] snaiiāite [kho] ysänājä [yag] sinṓy- [sog] snāyt [khw] ǝsnā [sar] znud [pun] nahāuṇā,*(s)neh₂-,,11,3079
[grc] nízō [gae] nigh [gae] nigh [sga] nigid [gre] -ni-qa* [gae] niee [gre] níptō [kho] nigik,*nei̯gʷ-,,8,3080
[kas] čhalon,*gʷg̑ʰer-,,1,3081
[hbs] prati [slo] prati [slo] prati,*per-,,3,3082
[lav] mazgāt [lit] mazgóti [lat] mozguot,*mesg-,"'sink, descend'",3,3083
[grc] eurýs [san] urú- [pal] uru [oss] wæræx [oss] urux [osc] uruvú,*h₁u̯erH-,,6,3090
[elf] bläst,*bʰleh₁-,wail,1,3110
[ell] aéras [gre] aéras [gre] a(g)éra [gre] agéra,*h₂eu̯s-,,4,3111
[oss] dymgæ [oss] dumgæ [kam] dâm′u [kât] dam′i [kât] dam′i [saṇ] dom′oː,*dʰmeH-,,6,3113
[oss] bazyr [oss] bazur [par] bāzur [bak] bāl [del] bɒl [raj] bạl [kur] bāɫ [kur] bāḷ [haw] bāł [fas] bāl [kur] bāḷ,*bʰeh₂g̑ʰu-,,11,3114
[eng] woods [gau] uidu-,*u̯idʰh₁ú-,,2,3129
[fle] woud [deu] Wald [deu] Wald [goh] uuald [old] wold [mid] walt [ang] weald [old] uuald [mid] wout,*u̯elH-,,9,3130
[xto] wal* [txb] yel,*u̯el-,,2,3141
[xlu] tītan-,*dʰeh₁(i̯)-,,1,3151
[gae] bàsaich [gae] geddyn baase [gae] faigh bás,*gʷeh₂-,,3,3158
[xto] śwāṣ [txb] śuwaṃ,*g̑i̯eu̯H-,,2,3161
[hit] āššu- / āššau̯-,*h₁su-,,1,3165
[oss] cæryn [oss] cærun,*kʷelh₁-,,2,3185
[oss] fænyk [oss] funuk,*?*pē(n)s-,,2,3190
[oss] dard [oss] dard,*terh₂-,,2,3212
[oss] kalm [sog] kirm [lat] hagar-breeve,*kʷr̥mi-,,3,3214
[oss] bon [oss] bon,*bʰeh₂-,,2,3218
[oss] fid [mid] pīt [par] pid [ave] pitu,*pitu-,,4,3219
[oss] cwan kænyn [oss] cawæn kænun,*kʷi̯eu̯-,,2,3220
[oss] zmis [oss] æzmensæ,*mei̯k̑-,,2,3233
[oss] ærbacæwyn [oss] ærbacæun,*kʷi̯eu̯-,,2,3240
[oss] zdaxyn [oss] æzdæxun,*tek-,,2,3243
[oss] naræg [oss] naræg [maz] nāzek [khw] nārik,*(h₁)ner-,,4,3247
[oss] qʷydy kænyn [oss] ǧudi kænun,*gʰeh₂u̯-,,2,3248
[oss] tæxyn [oss] tæxun,*tekʷ-,,2,3259
[oss] lasyn [oss] lasun,*h₂nek̑-,,2,3260
[oss] kærdæg [oss] kærdæg,*(s)kert-,,2,3263
[oss] widag [oss] wedagæ [kho] bāga [sog] wēx [wak] wʉyʉx [par] wēx,*u̯ei̯(H)-,,6,3264
[oss] bærzæj [oss] bærzæj,*bʰerg̑ʰ-,,2,3280
[oss] az [oss] anz,*h₂ek̑-,,2,3293
[hit] ištāman- / ištāmin- [xlu] tummān(t)-,*steh₃-,,2,3304
[hit] šākuu̯a- [xlu] tāwa/ī-,*?*sekʷ-,,2,3305
[hit] me(i̯)u̯- / mei̯au̯- [xlu] māu̯a-,*?*meh₁-,,2,3309
[ave] vaŋhu [xlu] u̯āšu- [san] vásu-,*h₁u̯es-,,3,3312
[osc] nertrak [umb] nertru,*(h₁)ner-,,2,3315
[osc] nessimas [umb] nesimei [old] nes,*ned⁽ʰ⁾-,,3,3318
[xcl] bolor,*bʰel-,,1,3335
[hyw] tʿacʿ [hye] tʿacʿ,*teh₂-,,2,3341
[hye] ənknel [xcl] ankanim,*sengʷ- ‎,,2,3348
[hye] aǰ [xcl] aǰ [hyw] aǰ,*seh₁dʰ-,,3,3359
[xcl] bir [hye] bir,*bʰerH-,,2,3369
[hyw] netel [hye] netel,*ned-,,2,3371
[hyw] dełin [hye] dełin [xcl] dełin,*dʰalh₁-,,3,3378
[xto] pärkär [txb] pärkare [wak] varz [sog] βǝrzi [del] bolænd [pas] oogad [khw] βažik,*bʰerg̑ʰ-,,7,3381
[bac] šouo [ave] srū,*k̑er-,,2,3385
[ave] ātriia [kho] āhärä [mid] ādurestar [sog] āšē [pas] eera [khw] fyādrǝc [sar] ther,*h₂eh₁-,to be hot,7,3389
[aln] gjeth [sqi] gjethe,*gu̯osd-,,2,3390
[kho] śśärä [sog] širi [pas] kha,*k̑rei̯H-,,3,3391
[ave] napta [sog] naβtē [pas] loon,*nebʰ-,,3,3395
[wak] sprəɣ̌ [mid] isprahm(ag) [par] isprahmag [bac] ʿsprγmyyg [sog] spraγmi,*sp⁽ʰ⁾erh₂g-,,5,3396
[tat] xole [bak] xol [kur] xuɫakawa [raj] xole [kur] xwıḷ [kur] xwalakū,*su̯er-,,6,3414
[fas] bād kardan [bak] bād kerdak [raj] ʋạd ạkare [kur] bā akāt [bal] dārī gwāta kant,*h₂u̯eh₁-,,5,3436
[kur] xē [kum] xwā [bal] wād [kur] xʷe [kur] xwā [kur] xwā,*su̯eh₂d-,,6,3501
[sga] orcaid [gau] orge,*h₃erg-,,2,3503
[gau] pissiumi [sga] ad·cí [gae] feic [gae] faic [gae] fakin,*kʷei̯s-,,5,3504
[ave] paitištāna [par] padištān,*steh₂-,,2,3539
"[grc] rhábdos [ell] ravdí [gre] rhábdos [gre] rávda, ravdí(n) [gre] ravntí [gre] ravží",*u̯erb-,,6,3545
[yag] ɣirív- [sog] γǝrβti,*gʰrebh₂-,,2,3547
[ave] jaiṇti [old] aja [san] han- [hit] kue(n)- / kun- [kho] jsīndä [mid] ōzanēd [par] ōžanēd [pas] wajal [khw] wāzaneda [vâs] o-žni- [kam] ǰâň′a- [kât] ǰaň′e- [kât] ǰâř′e- [kal] ẓẫ-,*gʷʰen-,,14,3551
[fas] sangīn [kum] sangī [maz] sangin [bak] sangin [del] sængi [lar] sangin [kur] saŋīn [raj] sangin [kur] saŋin,*h₂ek̑-,,9,3580
[pas] warkawal,*kʷer-,,1,3609
[mid] bār [par] bār [sog] βari [khw] βǝrk [raj] taraʋạr,*bʰer-,,5,3612
[pas] hančaali katu,*gʷʰen-,,1,3643
[sar] wokht,*u̯eg̑ʰ-,,1,3661
[ave] pąsnu [kho] phānä [khw] pānic [pas] paau,*?*pē(n)s-,,4,3679
[wak] rim [mid] rēman [par] rēman [sog] rēmnē,*h₃rei̯H-,,4,3698
[par] damēd [mid] damēd [sog] fϑam,*dʰmeH-,,3,3738
[kur] sing [tat] sine [maz] sine [kur] seng [haw] sīna [kur] sīnıg [raj] sinạ,*k̑eh₃(i̯)-,,7,3740
[kho] pāysä [bac] pazo [sog] pāz [wak] pʉz [khw] anbāz [sar] puz,*peh₂g̑-,,6,3747
[kur] reš [kur] raš [kur] ṛaš,*(s)re⁽g̑⁾-,,3,3752
[par] kalān [khw] kǝlān,*kelH-,,2,3765
[grc] saprós [ell] sápios [gre] saprós [gre] sapīménos [gre] sapeménos [gre] sapīmeno [gre] sapiméno,*?*Ki̯eh₂p-,,7,3819
[san] sás- [hit] šeš-,*ses-,,2,3822
[sqi] jap [aln] jap,*h₁ep-,,2,3824
[lat] lūdere,*lei̯d-,,1,3828
[kam] t′uarẽ [kât] tavr′ẽ [kal] tarẫt [saṇ] pa-tavar′ak,*to-,,4,3830
[kam] źaň′a [kât] z′aňa [kât] zař′a,*g̑ʰelh₃-,,3,3832
[kam] ǰ′ukuř [kât] ǰ′ukur [kât] ǰ′uk,*dʰugh₂tér-,,3,3843
[kal] vṛug [saṇ] ẓ′oːk,*leu̯k-,,2,3845
[kam] gâǰ′âr [kât] gaǰǰ′or [kât] garǰ′or [saṇ] garas′âːr,*gʷʰer-,,4,3850
[nep] narāmrō,*h₁rem-,,1,3860
[sqi] bri [aln] brî [alb] bri,*h₃bʰreu̯H-,,3,3872
[mai] sonit,*k̑eu̯-,,1,3902
[xcl] erknčʿim [xlu] k(u)u̯ai̯a-,*du̯ei̯-,,2,3912
[san] sám cakṣ-,*kʷek̑-,,1,4006
"[lat] pectus [fri] pet [sga] ucht [gae] ucht [ron] piept [nea] pietto [ita] petto [lad] piet [old] poitrine [ang] peitrine [fra] poitrine [wal] pwètrine [cat] pit [old] pecho [spa] pecho [por] peito [sar] pettorra [sar] pettu [dal] pi̯at [old] peichs, peit [old] pits [meg] ḱeptu [fra] pouatrina [por] peito",*pe⁽k̑⁾tu-,,24,4015
"[mag] pātar, patarā [sin] paṭu [bho] patalā",*pet-,,3,4064
[mar] arunda,*leu̯dʰ-,,1,4066
[gae] beinn,*bend-,,1,4072
[gae] beir greim [gae] greim,*gʰrebh₂-,,2,4092
[gau] derco,*derk̑-,,1,4093
[maz] ben,*n̥-budʰnós,,1,4106
[ell] gemátos [gre] gemátos [gre] giomáto [gre] gemátos [gre] giomōméno,*gem-,,5,4123
[elf] byddja [far] búgva [isl] búa,*bʰu̯eh₂-,,3,4137
[kal] osta-,*steh₂-,,1,4140
[san] grīvā́ [pal] gīvā [par] grīw,*gʷriH-u̯eh₂-,,3,4144
[nep] tānnu [ben] ṭānā [ass] ṭānā [alb] ndanj,*ten-,,4,4163
[mar] maū,*meld-,,1,4174
[elf] diger,*dʰei̯g̑ʰ-,,1,4182
[far] hovna [nob] hovne [nor] hovne,*keh₂p-,,3,4187
[swe] blöt,*?*bʰleu̯dh₂-,,1,4189
[dan] lige,*lei̯g-,,1,4201
[elf] winda,*u̯endʰ-,,1,4237
[far] mjørki,*mergʷ-,,1,4249
[nld] bot,*?*bʰeu̯d-,,1,4278
[kas] gnôt,*?*gnet-,,1,4291
[sga] soïd [gae] tionndaidh [gae] chyndaa,*seu̯h₁-,,3,4353
[cym] brathu [mid] brathu,*bʰresdʰ-,,2,4357
[gau] banno-,*bend-,,1,4368
[hit] dankui- / dankuu̯ai- [xlu] dakkui-,*dʰengʷ-,,2,4380
[hit] ištamašš- [xlu] tūmmanti(ya)-,*steh₃-,,2,4381
[san] reṇúḥ [pal] reṇu,*h₃rei̯H-,,2,4393
[san] tŕ̥ṇam [pal] tiṇa [sin] taṇakoḷa,*tr̥no-,,3,4396
[san] ánti [pal] antika,*h₂ent-,,2,4397
[pal] khudda [sin] kuḍā,*k⁽ʷ⁾seu̯d-,,2,4402
[pal] phāti,*sp⁽ʰ⁾eh₁-,,1,4408
[mai] nik,*nei̯gʷ-,,1,4498
[mag] niman,*melh₂-,,1,4500
[kas] bozun [gaw] buǰūg,*bʰeu̯dʰ-,,2,4508
[nep] bhārī [ben] bhāri [mai] bhārī [mag] bhārī [hin] bhārī [urd] bhārī [sin] bara [bho] bhārī [pun] bʰārā,*bʰer-,,9,4519
[kas] gʊb,*gʷelbʰ-,,1,4523
[pol] polować [ukr] polûvati [bel] palâvac′ [slo] poľovať [kas] pòlowac,*pleh₂-,,5,4527
[wak] diš-,*dei̯k̑-,,1,4561
[sin] akmāva,*mē(m)s-,,1,4583
[mai] ujjar [mag] ujjar [gaw] uzala,*g̑u̯elH-,,3,4646
[san] dhī-,*dʰei̯H-,,1,4654
[wak] x̌an- [kho] hvāñäte [bac] xoēndo,*su̯enh₂-,,3,4735
[bel] drenny,*der-,,1,4814
[pol] duży,*dʰeu̯gʰ-,,1,4815
[pol] rzucić [old] rzucić,*reu̯H-,,2,4819
[rus] brosit',*?*bʰreu̯k̑-,,1,4820
[rus] bol'šoj,*bel-,,1,4821
[sor] kurjawa [sor] kurjawa,*kerH-,,2,4828
[sor] huba [sor] guba [kas] gãba,*?*gʰeu̯bʰ-,,3,4830
[sor] prajić,"*pr̥-, *pró, *prí",,1,4832
[sor] kur [ces] kouř,*kerH-,,2,4833
[sor] groniś,*gʷerH-,,1,4843
[ces] obloha [slo] obloha,*legʰ-,,2,4848
[ces] cítit [slo] cítiť [slo] čutiti [slo] čutiti [chu] obonjati,*?*i̯eu̯t-,,5,4849
[umb] atru,*h₂eh₁-,,1,4864
[lat] sordidus,*su̯ord-o-,,1,4865
[chu] rivati [slo] riniti,*h₃rei̯H-,,2,4867
[slo] slab [slo] slab,*(s)leb-,,2,4895
[grc] póa,*pei̯H-,,1,4898
[grc] thēreúō [gre] thereúō,*g̑ʰu̯eh₁r-,,2,4900
[grc] apokteínō [gre] apokteínō [wak] šit,*t⁽k̑⁾en-,,3,4902
[grc] órnis [gre] o-ni-ti-ja-pi [gre] órneon [gre] órnö(n),*h₃er-,,4,4903
[grc] kýklios [gre] kýklios*,*kʷelh₁-,,2,4906
[slo] gozd,*gu̯osd-,,1,4918
[slo] rumen,*(h₁)reu̯dʰ-,,1,4919
[chu] gręsti,*?*gʰrei̯dʰ-,,1,4949
[hbs] truo,*terh₁-,,1,4951
[slo] počuť [ukr] čuti [bel] čuc′ [hbs] čuti [bul] čuvam [mac] čue [kas] czëc [old] čjuti [rus] čútɪ [mac] čùm [mac] čùja,*(s)keu̯h₁-,,11,4958
[mac] gleda,*gʰlend⁽ʰ⁾-,,1,4963
[mac] trkalezen,*terkʷ-,,1,4966
"[mid] dantaff [bre] dantein, dant- [bre] dantã, dant- [lat] dendzall",*Hd-ónt-,,4,4968
"[mid] loar, loàr, loer [old] loyr [bre] loar [bre] luer [cym] lleuad [old] loir, loer [mid] lor [lat] lûr [mid] lloer",*leu̯⁽g̑⁾-,,9,4969
[prg] tiēnstwei,*tens-,,1,4971
[bul] d″pram,*drep-,,1,4980
[bul] pušek,*peu̯s-,,1,4981
[bel] zmagacca,*magʰ-,,1,4995
[sor] wojować [sor] wójowaś,*u̯ei̯h₁-,,2,4996
"[pol] mrówka [chu] mravii [bel] muraška [bul] mravka [ces] mravenec [mac] mrav(k)a [rus] muravej [slo] mravec [hbs] mrav [sor] mrowja [ukr] muraha [sor] mroja [slo] mravlja [kho] muṃjakä [ave] maoiri [san] vamráḥ [mid] meryenenn, meryenen [grc] mýrmēx [ell] myrmī́gki [xcl] mrǰiwn [hye] mrǰyown [hyw] mrǰiwn [lat] formīca [fra] fourmi [pol] morvĕ [kas] mrówka [kur] mēri [par] mōrw [oss] mælʒyg [mid] mōr [fas] murčeh [yag] mū́rčak [gre] m(y/e)rmī́ka, myrmī́ki(n) [gre] mourmoúk(i) [fri] furmie [old] myra [sar] fromica [sar] formíca [old] formille [ang] furmi [wal] frumihe [fra] fromlye [cat] formiga [old] formiga [spa] hormiga [por] formiga [old] morion [gre] vermī́tši [oss] mulʒug [isl] maur [far] meyra [nob] maur [elf] męre [dan] myre [ron] furnică [dal] formai̯ka [nea] furmicola [ita] formica [lad] formia [bre] melhion, melhionenn [bre] merien [cym] morgrugyn [swe] myra [nld] mier [fle] mier [old] mrówka [mid] morgrugyn [old] mravenec [rus] mur′áška [mac] mràv′a [mac] mràv′a [wak] mir-prič [slo] mravinec [slo] mravla [bak] muriz [sog] zmōrč [bal] morīnk [txb] warme* [tat] muruke [maz] melije [lar] mur [kur] merūča [old] fourmiga [meg] furnígă [kur] mırüž [haw] miročē [old] formiga [raj] murčạ [pas] mige [khw] zmōrik [sar] merz [mid] miere [old] maurr [lat] murrian [nor] maur [por] formiga [mil] furmìga [kur] mɨrüžna",*moru̯i-,,98,5007
"[san] hyáḥ, hiáḥ [wak] yəz [grc] chthés [lat] hēri [ell] chthes [eng] yesterday [deu] gestern [mid] dech [gre] echtés [gre] echtes [gre] ochté(s) [old] gar [elf] i går [gre] etthé [sqi] dje [isl] í gær [far] í gjár [nob] i går [dan] i går [nld] gisteren [fle] gisteren [swe] igår [ron] ieri [nea] aiere [ita] ieri [fri] îr [lad] inier [sar] iriséro [sar] heris [old] ier [ang] er [fra] hier [wal] îr [fra] yi [cat] ahir [old] ayer [spa] ayer [oss] znon [oss] æzinæ [fas] dirūz [bre] dec'h [bre] dec'h [cym] ddoe [sga] indé [gae] an-dè [gae] jea [gae] inné [lux] gëschter [gre] echthés [nep] hijo [kas] yew [mid] doe [sin] īye [pal] hiyyo [aln] dje [fri] juster [deu] geschter [tat] azire [del] dig [bal] zī [old] hier [meg] i̯er [alb] dje [old] hir [raj] eze [haw] hīzī [goh] gestera [mid] gester [ang] ġiestrandæġ [mid] ghistern [old] gær [mid] de [lat] dè [nor] i går [mil] iér",*g̑ʰes-,,75,5015
[kho] dai,*dʰegʷʰ-,,1,5016
[kho] tsītä [oss] cæwyn [kur] dɨčit [par] šawēd [oss] cæun [yag] šau̯- [wak] č̣aw- [bac] šaoido [sog] šawt [khw] māsaweda [maz] šune [raj] ạše [del] miʃe [lar] aši ≠ raft [kum] čōt [tat] mišö [kur] ačıt [kur] čū [kur] a-č-ē,*kʷi̯eu̯-,,19,5021
[kho] bäsa [grc] oikía [gre] oĩkos [gre] wo-i-ko-de [pas] we [old] viϑ [bal] ges,*u̯ei̯k̑-,,7,5022
[ell] afalós [grc] omphalós [kho] nehä [san] nā́bhiḥ [ave] nāfa [lat] umbilīcus [mid] nāfag [kur] nafɨk [gre] nefalós [gre] affaló [gre] ofalós [gre] arfállin [oss] naffæ [fas] nāf [ita] ombelico [fri] umbriçon [lad] embracion [sar] imbíligu [old] nombril [ang] umbril [fra] nombril [old] ombligo [spa] ombligo [por] umbigo [ron] buric [yag] nōf [lav] naba [sga] imbliu [gae] imleag [gae] imleig [gae] imleacán [cat] melic [isl] nafli [far] nalvi [nob] navle [elf] navel [old] nafle [swe] navel [dan] navle [deu] Bauchnabel [lux] Nuebel [nld] navel [fle] navel [prg] nabis [nep] nāiṭō [kas] naːn [kum] nāwaġ [pal] nābhi [fri] nâle [fra] lanbri [nea] vellicolo [deu] Nabel [tat] nāfe [sog] nāfē [maz] nāf [bak] nāf [del] nɒf [lar] naha [bal] nāpag [kur] nāwkǝ [meg] buríc [old] embourigou [old] llombrígol [raj] nạf [pas] noom [kur] nāwk [haw] naha [goh] nabulo [sar] vnuj [mid] nabel [ang] nafela [mid] navele [old] nafli [nor] navle [por] umbigo [kur] nāwɨk [ass] nāṛi,*h₃nebʰ-,,77,5026
[ell] tréchō [grc] tréchō [gre] tréchō [gre] tréchō [gre] tréchō [gre] tréx(n)o,*dʰre⁽g̑⁾ʰ-,,6,5027
[grc] sklērós [ell] sklīrós [gre] sklērós [gre] sklerós,*(s)kelh₁-,,4,5030
"[grc] mỹa [ell] mýga [pol] mauxo, maixo [lat] musca [kas] mùcha [chu] muxa [pol] mucha [sor] mucha [sor] mucha [slo] muha [ces] moucha [ukr] muha [slo] mucha [bel] muha [rus] muha [mac] muva [bul] muha [hbs] muha [gre] moýgia [gre] mýga [gre] myía [gre] moúgia [lav] muša [lit] mùsė [prg] muso [ron] muscă [nea] mosca [ita] mosca [fri] moscje [lad] moscia [sar] musca [old] mosche [ang] musche [fra] mouche [wal] mohe [fra] mushe [cat] mosca [old] mosca [spa] mosca [por] mosca [sqi] mizë [lat] myusa [sar] musca [old] mucha [old] múcha [rus] múxa [mac] mùxa [mac] mùxa [slo] muha [slo] muha [aln] mizë [old] mousca [meg] múscă [alb] mizë [old] mosca [por] mosca [mil] mùsca",*mus-,,57,5031
[ell] aléthō [grc] aléō [kho] ārr [kur] dɨhērit [gre] aléthō [gre] aléthō [xcl] ałam [gre] alethō [gre] alézō [hye] ałal [hyw] ałal [fas] āsiyāb kardan [gre] alḗthō [bak] āsiyaw kerdak [kur] āsiyā akāt [tat] āsiyā miyare [haw] āsāw makaro [pas] warrawal [raj] ạrde ạkare [del] ɒrdɒjnko [kum] tērē'a [mid] ārēd [sar] yeeg [kur] a-hāṛ-ē,*h₂leh₁-,,24,5032
[kho] bīḍä [grc] phérō [gre] phérō [lat] ferre [mid] barēd [par] barēd [osc] -fret [umb] fertu [gre] féro [gre] férrō [xcl] berem [gre] feríškō [san] bhr̥- [sqi] bart [isl] bera [far] bera [nob] bære [elf] bjärå [old] bära [dan] bære [sga] beirid [gae] ymmyrkey [gae] beir [swe] bära [ave] baraiti [yag] var- [txb] paräṃ [xto] pärtär [pal] bharati [bak] bordak [aln] bart [bac] barado [sog] βarti [fas] bordan [khw] βareda [tat] mebare [maz] varne [del] mivo [lar] abe [kum] tēbura [bal] bārt [kur] awāt [kur] waē [haw] mawaroš [raj] ạʋare [old] barati [pas] wrral [ang] beran [old] bera [got] bairan [nor] bere [goh] beran [kur] a-w(a)-ā,*bʰer-,,53,5036
[kho] yīndä [ave] kərənaoiti [mid] kunēd [par] karēd [oss] kænyn [san] kr̥- [oss] kænun [ben] karā [mai] karanā [bho] karanā [hin] karanā [nep] garnu [kas] karon [yag] kun- [kur] dɨket [mag] karanā [urd] karnā [fas] kardan [mar] karaṇē [sin] karanavā [pal] karoti [wak] car- [bac] kirido [sog] kunti [bak] kerdak [khw] ǝkkica [pun] karnā [gaw] kerik [kho] korik [tat] kār miyare [maz] kār konde [del] kɒri miko [lar] aku [kur] akat [kur] kaē [haw] makaro [ass] kôrā [kum] tka [bal] dārī kant [raj] kạr ạkare [gaw] kärūg [pas] kawal [old] kunauti [sar] chewg [pas] katu [kam] k′u- [kât] k′u- [kât] k′u- [kal] ća- [saṇ] ko- [kur] a-k(a)-ā,*kʷer-,,51,5037
"[lat] dūrus [ita] duro [fri] dûr [lad] dur [sar] duru [old] dur [ang] dur [fra] dur [wal] deûr [fra] du [cat] dur [old] duro [spa] duro [por] duro [old] dur, dura [old] dur [dal] doi̯r [kho] dūrä [por] duro [mil] dür",*du̯eh₂-,,20,5040
[gre] klaíō [ell] klaíō [gre] klaíō [gre] klaíō [gre] klaí(g)ō [gre] klaíou [sqi] qaj [aln] qaj [alb] kiljanj,*?*kleh₂u̯-,,9,5042
[wak] rwor,*h₂u̯es-,,1,5053
[grc] pikrós [gre] pikrós [ell] pikrós [gre] pikrós [gre] pikrós [gre] pikró [gre] pritšeío,*pei̯k̑-,,7,5056
[grc] skía [gre] skía [ell] skiá [chu] sěnĭ [sor] seń [slo] senca [mac] senka [bul] sânka [hbs] sjena [mid] sāyag [kur] siber [par] sayāg [san] chāyā́ [pal] čhay [gre] skiad [gre] iškiá [gre] oššiá [gre] oššía [sqi] hije [txb] skiyo [mai] achāh [mag] parachāi [bho] parchāīṁ [kas] tshay [fas] sāyeh [lat] susātivs [mar] sāvalī [sin] hevaṇælla [kum] sāya [mac] s′ä̀ŋka [mac] s′ä̀ŋka [pal] chāyā [yag] siyṓka [slo] senca [slo] ſenza [aln] hije [sog] sayāk [khw] sayāka [kho] čhaaɣ [gaw] tshaailat [ave] saiiā [alb] heja [pas] sore [pas] saau [maz] sāye [bak] sāye [raj] sạyạ [del] sejæ [lar] sāya [bal] sāheg [tat] seynakā [kur] sewırk [kur] sā [gaw] čhǟy [sar] suyo [pun] parcʰāvāⁿ [kur] sā,*s⁽k̑⁾eH-,,57,5058
[old] tṛsati [fas] tarsīdan [oss] tærsyn [oss] tærsun [ave] tərəsaiti [mid] tirsēd [kur] dɨtɨrsit [par] tirsēd [bak] tarsestak [kum] tursa [lar] ters aku [maz] tarsene [kur] atırsa [bal] trosīt [tat] metarse [haw] matarso [raj] ạtạrse [khw] mǝnčeda [sar] khuj dhewg [wak] wiṣ̌it [kur] a-tɨrs-ē,*tres-,,21,5059
[mid] kahwan [par] kafwan [kur] kevn [kum] ka'naġ [bac] kaboggo [bak] kohne [del] kone [maz] kone [bal] konag [kur] kone [kur] kwāna [haw] kona [raj] konạ [tat] köne [kur] kūna,*(s)kep-,,15,5064
[gre] hairéō [grc] hairéō,*ser-,,2,5076
[txb] yṣiye [xto] wṣe,*h₂u̯es-,,2,5083
[ave] vāra [kho] beḍä [wak] wʉr [kur] baran [fas] bārān [mid] wārān [par] wārān [kum] bārām [khw] wār [tat] vāron [sog] wār [bak] bārun [del] bɒru [lar] baru [kur] bārān [kur] wārān [haw] wārān [maz] vāreš [pas] baraan [raj] ʋạrun [sar] wareyj [kur] bārān,*u̯eh₁-,,22,5084
[pas] katal [vâs] -skoz-,*kʷek̑-,,2,5085
[kho] tcārma [oss] carm [oss] car [kas] tsam [pal] camma [ben] cāmṛā [mai] camarā [hin] camaṛī [mag] camaḍā [par] čarm [pol] skóra [kas] skóra [sin] hama [bho] cām [old] skóra [sog] čarm [pun] camṛī [gaw] čam [khw] carm [kam] č′om [kât] č′om [kât] č′um [kal] čâm [saṇ] ć′âm,*(s)ker-,,24,5086
[fas] bīnī [mid] wēnīg,*u̯ei̯h₁-,,2,5093
"[old] -ret* [mid] redec [gae] rith [gae] roie [gae] ruith [sga] reithid [cym] rhedeg [bre] redeg, red- [bre] hrideg [mid] r(h)edeg [old] retec",*ret-,,11,5094
[gre] o-nu [grc] ónyx [lat] unguis [chu] nogŭtĭ [bul] nok″t [gre] nýšin [ell] nýchi [gre] (a)nýchi [gre] onýši(n) [gre] ní(ch)i [san] nakhá- [ben] nakh [oss] nyx [oss] nix [lit] nãgas [lat] nogs [lav] nags [nea] ogna [ang] ungle [bre] ivin [sga] ingen [gae] ionga [pal] nóong [nep] naṅgrā [old] paznogieć [old] pazneht [sin] niya [rus] nọ́xọt′ [kum] nixn [pal] nakha [wak] diɣ̌ər [maz] nāxun [lat] euin [tat] naxen [del] nɒɣu [ass] nôkh [khw] nāxka [raj] noxone [meg] úngľă [kam] nâč′ẽ [kât] nâč′e [mil] ungia,*h₃neg⁽ʷ⁾ʰ-,,42,5097
[hit] u̯ēlku-,*u̯elk̑-,,1,5100
[ave] parəna [hit] partāu̯ar / partaun- [kho] pārrä [lav] spārns [lit] spar̃nas [mid] parr [lat] spuorns [lar] pal [slo] perut,*(s)per-,,9,5101
[grc] trépō,*trep-,,1,5106
[grc] mērós [gre] mērós [ell] mīrós [gre] merí(n),*mē(m)s-,,4,5107
[lat] fēmur,*dʰen-,,1,5108
[eng] sweet [san] svādú- [old] söt [fle] zoet [isl] sætur [far] søtur [nob] søt [dan] sød [deu] süss [nld] zoet [elf] syöt [swe] söt [lux] séiss [txb] swāre [xto] swār [pal] sādu [fri] swiet [deu] süess [goh] suuozi [old] swēte [mid] süeze [ang] swēte [old] suuôti [mid] soete [old] sœtr [nor] søt,*su̯eh₂d-,,26,5109
[lat] currere [nea] correre [ita] correre [fri] cori [lad] core [sar] kúrrere [sar] cúrrere [old] corir [ang] coure [fra] courir [wal] cori [fra] korri [cat] córrer [old] correr [spa] correr [por] correr [old] courrer [old] córrer [por] correr [mil] cùr,*⁽k̑⁾ers-,,20,5110
"[lat] molere [old] malaff* [mid] malaff [pol] mlåt [kas] młoc, mielëc [chu] mlěti [pol] mleć, mielić [sor] mlaś [sor] mlěć [slo] mleti [ces] mlít [slo] mlieť [ukr] moloti [bel] maloc′ [rus] molot' [mac] mele [bul] melâ [hbs] mljeti [umb] kumaletu [hit] malla- / mall- [lav] malt [lat] maļt [lit] málti [isl] mala [far] mala [nob] male [elf] målå [old] mala [swe] mala [dan] male [deu] mahlen [nld] fijnmalen [fle] fijnmalen [old] moler [spa] moler [por] moer [sar] mólere [old] moudre [ang] moudre [fra] moudre [fra] mudré [cat] moldre [bre] malein, mal- [bre] malã, mal- [cym] malu [sga] meilid [gae] meil [gae] meil [old] mleć [mid] malu [old] mléti [rus] molótɪ [mac] smèl′a [mac] smèl′a [slo] mleti [slo] mléti, mleiti [fri] mealle [deu] male [old] moulinar [old] molre [goh] malan [mid] maln [old] malan [mid] malen [old] mala [lat] meliaz [gae] blieh [nor] male [por] moer",*melh₂-,,69,5112
[txb] kärsanaṃ [xto] kärsnāṣ,*kers-,,2,5113
[sga] at-baill,*gʷelh₁-,,1,5115
[lat] interficere,*dʰeh₁-,,1,5118
[lav] lidot,*lei̯d-,,1,5120
[sga] ad·claid,*kelh₂-,,1,5122
"[lat] facere [deu] tun [osc] fakiiad [umb] façia [rus] delat' [ces] dělat [slo] delati [nld] doen [eng] do [ron] face [nea] fà [ita] fare [fri] fâ [lad] fé [sar] fáere [sar] fachere [old] faire [ang] faire [fra] faire [wal] fé [fra] féhé [cat] fer [old] fazer [spa] hacer [por] fazer [fle] doen [fri] dwaan [old] dělati [old] dějati, dělati [slo] delati [slo] délati [old] faire, far [old] fer [meg] fáţiri [dal] fur [goh] tuon [old] dwā [mid] tuon [ang] dōn [old] dôn [mid] doen [por] fazer [vâs] -li- [mil] fàa",*dʰeh₁-,,44,5125
[pol] x́audĕ [slo] hud,*k⁽ʷ⁾seu̯d-,,2,5127
[pol] nüsĕt [kas] nosëc [chu] nositi [pol] nosić [sor] nosyś [sor] nosyć [slo] nositi [ces] nosit [slo] nosiť [bel] nasìc′ [ukr] nositi [rus] nosit' [mac] nosi [bul] nosâ [hbs] nositi [lav] nest [lat] nest [lit] nèšti [old] nosić [old] nositi [old] nositi [rus] nosɪ́tɪ [slo] nositi [slo] noſſiti,*h₁nek̑-,,24,5130
[pol] tǫco,*temk-,,1,5131
[pol] cornĕ [kas] czôrny,*k⁽ʷ⁾ers-,,2,5133
[pol] sodĕvaină [sor] sad [sor] sad [bel] sadavìna [slo] sadje [rus] sadovɪná [slo] sadje [slo] ſad,*sed-,,8,5137
[pol] tjordă [kas] cwiardi [chu] tvrĭdŭ [pol] twardy [sor] twjerdy [slo] trd [sor] twardy [ces] tvrdý [slo] tvrdý [ukr] tverdij [bel] cvërdy [mac] tvrd [rus] tvërdyj [bul] tv″rd [hbs] tvrd [old] twardy [old] tvrdý [slo] trd [slo] tard [old] tverdo,*tu̯erH-,,20,5139
[pol] zaivåtăk,*gʷi̯eh₃-,,1,5140
[lat] domus [chu] domŭ [pol] dom [sor] dom [sor] dom [ces] dům [slo] dom [ukr] dìm [bel] dom [rus] dom [xcl] town [hye] town [hyw] town [sar] (d)ommo [sar] domo [lit] nãmas [ave] nmāna [old] dom [old] dóm [old] domŭ [kur] māɫ [kur] māḷ [kur] māḷ,*dem-,,23,5141
[pol] viză [sor] wjaža,*u̯eg̑ʰ-,,2,5142
"[pol] bezăt [kas] biegnąc [chu] běžati [pol] biec [sor] běžeć [slo] bežať [ces] běžet [ukr] bìgti [bel] begac′ [rus] bežat' [lit] bė́gti [prg] begeyte [old] bieżeć [old] běžěti [old] běžati, -běči [rus] b′íčɪ",*bʰegʷ-,,16,5148
[grc] érchomai [gre] érchomai,*h₁er-,,2,5151
"[ell] pīgaínō [gre] paaínnō [gre] paínō [gre] pá(g)ō [gre] páō [old] agit [mid] monet, mont ≠ a [bre] mond ≠ a- [old] minet* ≠ egit, eit, nit-a [mid] mones ≠ a [mid] mynet ≠ a",*h₂eg̑-,,11,5152
[pol] vedrü,*?*h₂u̯eh₁-,,1,5156
[pol] slåtťă [kas] słodczi [chu] sladŭkŭ [pol] słodki [sor] słodki [sor] słódki [slo] sladek [ces] sladký [slo] sladký [ukr] solodkij [bel] salodkì [mac] sladok [bul] slad″k [hbs] sladak [lav] salds [lat] soldons [lit] saldùs [old] słodki [old] sladký [rus] solótkωj [slo] sladek [slo] ſladák,*sal-,,22,5157
"[pol] våst [kas] wząc [chu] vŭzęti [pol] wziąć [sor] wześ [sor] wzać [slo] vzeti [ces] vzít [slo] vziať [ukr] uzâti, vzâti [bel] uzâc′ [rus] vzât' [mac] zeme [bul] vzemam [hbs] uzeti [lat] pajimt, jimt [lit] im̃ti [old] wziąć [old] vzieti [old] (vz)ęti [rus] u̯z′átɪ [mac] v′ènam [mac] wèzma [slo] vzeti [slo] vṡèti",*h₁em-,,25,5158
[pol] stegnü [chu] stegno [sor] sćogno [slo] stegno [ces] stehno [slo] stehno [ukr] stegno [bel] scâgno [old] stehno [rus] steɣnó [slo] stegno [slo] ſtegnu,*stei̯gʰ-,,12,5160
"[pol] ceră [kas] wczora [chu] vĭčera [pol] wczoraj [sor] cora [sor] wčera [slo] včeraj [ces] včera [slo] včera [ukr] včora, učora [bel] učora [rus] včera [bul] včera [mac] včera [hbs] jučer [lav] vakar [lat] vakar [lit] vãkar [old] wczora [old] včera [old] včerašnii [rus] u̯čóra [mac] uxčàr′ḁ [mac] fčàra [slo] včeraj [slo] v'zherai",*?*u̯e-k⁽ʷ⁾sp-ero-,,26,5163
"[lat] amārus [ron] amar [nea] amaro [ita] amaro [fri] amâr [old] amer [ang] amer [fra] amer [fra] amâh [cat] amarg [old] amaro [spa] amargo [por] amargo [old] amar, amara [old] amar [meg] mărós [por] amargo [mil] mãr",*?*h₂em-,,18,5172
[kas] lëchi [old] lixyi,*lei̯kʷ-,,2,5173
[kas] robic [pol] robić [slo] robiť [ukr] robiti [bel] rabìc′ [rus] robɪ́tɪ,*h₃erbʰ-,,6,5177
[kas] brzôd,*?*bʰrend-,,1,5180
[kas] chòwac [pol] chować [sor] chowaś [sor] chować [ces] schovávat [ukr] hovati [bel] havac′ [old] chować [slo] schovať,*(s)keu̯h₁-,,9,5182
[kas] białka,*bʰelH-,,1,5188
[chu] tvoriti,*tu̯erH-,,1,5190
[sor] gnaś,*gʷʰen-,,1,5193
[sor] gótowaś,*gʷeh₂-,,1,5195
[slo] teči [mac] t′èka [slo] teči [slo] tezhi,*tekʷ-,,4,5199
[ces] dráp,*drep-,,1,5203
[rus] bedro [bul] bedro [hbs] bedro,*bʰedʰ-,,3,5207
[mac] odi [mac] xòd′ḁ [mac] xòždam,*sed-,,3,5213
[mac] trča [hbs] trčati [mac] tračìm,*terkʷ-,,3,5214
[mac] pravi [bul] pravâ [mac] pràv′a(m) [mac] pràja,"*pr̥-, *pró, *prí",,4,5215
[bul] tičam,*teu̯k-,,1,5217
[mid] dawēd [san] dhāv- [fas] dawidan [sin] duvanavā [pal] dhāvati [yag] dau̯- [maz] du garne [bak] nādak daw [kum] tirwā'a [kur] dawē [kho] deek [gaw] ḍämin čhōrūg [pas] dawaltu,*dʰeu̯-,,13,5225
[mid] gīrēd [kur] werdgɨrit [san] grabh(i)- [fas] gereftan [pal] ghína [mar] gheṇe [sin] gannavā [pal] gaṇhati/gaṇhāti [kho] ganik [gaw] goik [ave] gərəβnāiti [bal] gīt [kur] agrıt [maz] garne [raj] ʋạyre [lar] agere [tat] angere [haw] magēro [khw] xafeda [kum] diga [gaw] ginūg [old] agṛbāya [pas] guretaau [kam] g′âa- [kât] g′âa-,*gʰrebh₂-,,25,5227
[oss] xæssyn [oss] xæssun,*kʷels-,,2,5230
[hbs] raditi,*reh₁dʰ-,,1,5233
[kas] miono,*men-,,1,5234
[kur] strana dɨbēžit [mid] srāyēd [sog] srāw,*k̑leu̯-,,3,5236
[par] bramēd [maz] berme konde [kho] brraimai [raj] ạborme [tat] merbane,*bʰrem-,,5,5240
[kho] nätā [txb] cake [bac] tago,*tekʷ-,,3,5249
[lit] tar̃ti,*ter-,,1,5250
[xlu] wala/i-,*?*u̯elh₃-,,1,5257
[hit] u̯āk- / u̯akk-,*u̯eh₂⁽g̑⁾-,,1,5261
[eng] bitter [deu] bitter [old] bitter [fle] bitter [nld] bitter [swe] bitter [elf] bitter [lux] batter [fri] bitter [deu] bitter [isl] beiskur [far] beiskur [goh] bittar [mid] bitter [ang] bitter [old] bittar [mid] bitter [old] bitr [got] baitrs,*bʰei̯d-,,19,5262
[hit] palḫi-,*pleh₂-,,1,5264
[hit] au- / u-,*h₁eu̯-,,1,5268
[xlu] maru̯āi̯(a)-,*?*mergʷ-,,1,5269
[grc] orýttō [gre] orýssō,*h₃reu̯k-,,2,5271
[xlu] manā-,*?*mneh₂-,,1,5272
[chu] vlěšti [hbs] vući [mac] vleče [slo] vleči [lav] vilkt [lat] viļkt [slo] vleči [slo] vlézhi,*(h₂)u̯elk-,,8,5274
[chu] kryti [hbs] sakrivati [bul] kriâ [mac] krie [pol] såkrĕt [slo] ukrývať [slo] skrivati [old] krýti [mac] skrìvam [mac] skrìvam [slo] skrivati [slo] ṡkrivati,*kreu̯H-,,12,5275
[grc] hygrós [gre] hygrós [gre] ygrós,*u̯egʷ-,,3,5276
[lat] trūdere,*treu̯d-,,1,5282
[lat] paruus [old] poc,*peh₂u̯-,,2,5287
[lat] capere [mil] ciapàa,*keh₂p-,,2,5290
[lat] cōgitāre [old] cuidier [ang] cuider,*h₂eg̑-,,3,5291
[txb] laks,*lok̑s-,,1,5294
[lat] flāuus,*bʰleh₃-,,1,5299
[txb] enmetre,*temh₁-,,1,5304
[ell] kánō [gre] kámnō [gre] kánnō,*k̑emh₂-,,3,5312
[deu] tragen [nld] dragen [lux] droen [fle] dragen [fri] drage [deu] trage [old] drega [mid] tragen [mid] draghen [old] dragan,*dʰre⁽g̑⁾ʰ-,,10,5330
[osc] trííbúm,*treb-,,1,5333
[hit] šalli- / šallai-,*selH-,,1,5334
[xcl] erēk [hye] erek [hyw] erēk,*h₁regʷ-,,3,5337
[osc] anafríss [bal] hawr [saṇ] nâl′iː,*nebʰ-,,3,5338
[xcl] am,*sem-,,1,5340
[old] taka [isl] taka [far] taka [nob] ta [elf] tågå [dan] tage [swe] ta [old] taka [nor] ta,*teh₂⁽g̑⁾-,,9,5341
[umb] purtatu [nea] purtà [ita] portare [fri] puartâ [lad] porté [old] porter [ang] porter [fra] porter [wal] pwèrter [fra] portâ [cat] portar [sar] trasportare [old] portar [old] portar [dal] portúr [meg] purtári [mil] purtàa,*per-,,17,5343
[umb] hahtu [sga] gaibid [gae] gabh [gae] goaill [gae] tóg,*?*⁽g̑⁾ʰeHb-,,5,5345
[saṇ] ẓ′uː,*h₁leu̯dʰ-,,1,5351
[hit] ur- / u̯ar-,*u̯erh₁-,,1,5379
[hit] āk- / akk-,*?*He⁽k̑⁾-,,1,5384
[hit] ḫātant-,*h₂ed-,,1,5385
"[hit] mau- / mu-, maušš-",*meu̯h₁-,,1,5386
[hit] nāḫ- / naḫḫ-,*neh₂-,,1,5388
[hit] ḫulle- / ḫull-,*h₂u̯elh₁-,,1,5389
[hit] egai- / igai- [vâs] t-üzik ti-,*i̯eg̑-,,2,5391
[hit] ḫaršar / ḫaršn-,*h₃er-,,1,5393
[hit] u̯alḫ-,*u̯elh₂-,,1,5394
[hit] ḫuu̯arn- / ḫurn-,*?*h₂u̯erH-,,1,5397
[hit] ḫatku- / ḫatgau-,*h₂edʰ⁽g̑⁾ʰ-,,1,5400
[hit] šuu̯e/a-,*seu̯h₁-,,1,5405
[hit] ārr- / arr-,*h₁erH-,,1,5408
[hit] nai- / ne- / nei̯a-,*nei̯H-,,1,5409
[hit] ar-,*h₃er-,,1,5410
[hit] u̯arša-,*?*h₁u̯ers-,,1,5411
[eng] fly [deu] Fliege [fle] vlieg [nld] vlieg [isl] fluga [far] fluga [nob] flue [dan] flue [elf] flugu [swe] fluga [deu] Flöige [goh] flioga [mid] vliege [ang] flēoge [mid] vlieghe [old] fluga [nor] flue,*?*pleu̯k-,,17,5414
[mid] lem [bre] lemm [bre] lemm [lat] lebma [mid] llym [old] lemm*,*(s)lei̯-,,6,5421
[hit] išḫamai- / išḫami-,*sh₂em-,,1,5422
[xlu] tiu̯at-,*dei̯-,,1,5427
[lat] abscondo [ron] a ascunde [nea] annasconnere [ita] nascondere [lad] ascone [old] asconder [spa] esconder [por] esconder [dal] askóndro [old] escoundre [meg] scúndiri [por] esconder [mil] scùnt,*dʰeh₁-,,13,5431
[deu] gehen [eng] go [nld] gaan [lux] goen [fle] gaan [nob] gå [elf] go [swe] gå [dan] gå [fri] gean [deu] gah [goh] gān [old] gān [mid] gân [ang] gān [mid] gaen [nor] gå,*⁽g̑⁾ʰeh₁-,,17,5432
[xlu] aruti-,*h₂er-,,1,5433
[lav] rūgts [lat] ryugts,*(h₁)reu̯g̑-,,2,5435
[deu] machen [lux] maachen [deu] mache,*mag̑-,,3,5438
[xto] klots [txb] klautso,*k̑leu̯-,,2,5442
[eng] hard [deu] hart [old] hardher [isl] harður [far] harður [nob] hard [dan] hård [nld] hard [lux] haart [fle] hard [swe] hård [fri] hurd [deu] hert [goh] herti [mid] herte [ang] heard [old] hard [mid] hart [old] harðr [got] hardus [nor] hard,*(s)kert-,,21,5449
[prg] auklipts,*klep-,,1,5450
[txb] ṣäṃṣtär,*(s)k̑eNs-,,1,5451
[deu] verstecken [fle] verstaeken [deu] verstecke,*(s)tei̯g-,,3,5454
[xto] koṃ [txb] kauṃ,*k̑eh₂u̯-,,2,5455
[txb] witär,*u̯edʰ(h₁)-,,1,5458
[sqi] re [aln] rẽ,*?*h₃rei̯H-,,2,5484
[txb] aiśtär,*Hei̯k̑-,,1,5527
[txb] wästarye,*(H)u̯ed-,,1,5530
[kho] krui,*kreu̯h₂-,,1,5668
[txb] weṣṣäṃ,*h₂u̯edH-,,1,5815
[txb] śäktālye [xto] śäktālyi,*(s)kedh₂-,,2,5816
[gre] anasanískō [gre] anasánō,*Hi̯eh₁-,,2,5820
[gre] stechnós [ell] stegnós [gre] stegnós,*(s)teg-,,3,5827
[gre] koyntṓ [gre] kountṓ,*h₂ek̑-,,2,5830
[san] tvák,*tu̯ek-,,1,5870
[txb] ṣmare,*smer-,,1,5872
[txb] ṣaläṣṣäṃ* [xto] släṣ,*sel-,,2,5876
"[xlu] k(u)u̯ali-, ku(u̯a)lai-",*kʷelh₁-,,1,5879
[txb] tute,*dʰeu̯H-,,1,5881
[hye] meǰkʿ,*medʰ-,,1,5888
[hyw] hov,*?*p⁽ʰ⁾eu̯H-,,1,5890
[hye] hoł [xcl] hoł [hyw] hoł,*pleh₂-,,3,5892
[xcl] gēǰ,*gʷʰei̯dʰ-,,1,5895
[hyw] ənel [hye] anel [xcl] aṙnem,*h₂er-,,3,5896
[xcl] kam,*gʷeh₂-,,1,5898
[gre] tréchō,*dʰre⁽g̑⁾ʰ-,,1,5909
[gre] nerá [gre] neró,*neu̯-,,2,5912
[gre] paírō [gre] paírrō [gre] epaírō [ell] paírnō,*h₂u̯er-,,4,5916
[gre] kargiá,*k̑erd-,,1,5920
[ave] varah [mid] war [bal] gwar,*h₁u̯erH-,,3,5924
[xcl] lam [hye] lacʿ linel [hyw] lal [sog] rāyt [yag] rōy-,*leh₂-,,5,5946
[hyw] ertʿal,*steh₂-,,1,5948
[xcl] ənkenum,*sengʷ-,,1,5952
[hyw] mtacel [hye] mtacel [mid] medu [cym] meddwl,*med-,,4,5954
[hyw] zist,*sed-,,1,5956
[hye] tʿakʿcʿnel [xcl] tʿakʿowcʿanel,*pteh₂k-,,2,5959
[xcl] harkanem,*h₃erg-,,1,5963
[xcl] əntʿanam,*pet-,,1,5968
[san] dyáuḥ [kam] d′i [kât] d′i [kât] d′ik [kal] dilu [saṇ] diːkâṭ′a,*dei̯-,,6,5975
[xcl] orc(k)am [hye] orckal [kas] rzëgac [hyw] orcal [old] rzygać,*(h₁)reu̯g-,,5,5982
[hye] hast [hyw] hast,*past-,,2,5996
[gre] sérrō [gre] sýrō,*tu̯er-,,2,6013
[lit] brìnkti,*bʰrenk-,,1,6019
[san] pī- (pínva-),*pei̯H-,,1,6053
[hyw] hawkitʿ,*h₂eu̯-i-,,1,6057
[gre] dínō [gaw] ɬik,*deh₃-,,2,6060
[san] sthirá- [pal] thira,*steh₂-,,2,6061
[san] rud- [lav] raudāt [lat] rauduot [bho] ronā [hin] ronā [nep] runu [pal] ríi [ave] uruϑ [mag] ronā [urd] ronā [pal] rodati [pun] roṇā [gaw] riŋūg [pas] wretu [kal] vṛö-,*reu̯dH-,,15,6062
[ell] énas [xto] sas [txb] ṣe [grc] eĩs [gre] e-me [hit] šia- [gre] heĩs [xcl] mi [hye] mi [hyw] mēk [gre] énas [gre] éna [gre] eis [gre] tóna,*sem-,,14,6066
[sqi] vjell [aln] vjell,*u̯elH-,,2,6078
[gre] xýlo,*ksúlo-,,1,6083
"[pol] ďörťă [kas] gòrzczi [chu] gorĭkŭ [pol] gorzki [sor] góŕki [sor] hórki [slo] grenek [ces] hořký [slo] horký [ukr] gìrkij [bel] gorkì [rus] gor'kij [mac] gorčliv [bul] gorčiv [hbs] gorak [old] gorzki, gorki [old] hořký [rus] ɣïrkώj [mac] gurčìf [mac] gurčìf [slo] grenek [slo] grenîak",*gʷʰer-,,22,6086
[sor] činić [gre] poí(g)ō [old] czynić [old] činiti,*kʷei̯-,,4,6096
[bel] pyl [rus] pyl' [pol] pył [ukr] pil,*peu̯H-,,4,6100
[bho] pīsanā [hin] pīsanā [urd] pīsnā [pal] píiṣa [mai] pīsanā [san] piṣ- [kas] pihon [ben] piṣe gum̐ṛo karā [mag] pisanā [pal] piŋsati [kho] peṣik [gaw] peṣik [gaw] pǟṣūg [pun] pīhṇā [vâs] â-vuš- [ass] pim̐hi guri kôrā [kam] pš′a- [kât] pš′a- [kal] piša-,*pei̯s-,,19,6111
[kas] naar [pal] angóor [kho] angaar [gaw] hangar [gaw] äŋār [pas] angor [vâs] ân′eg [kam] âŋ′o [kât] âŋ′o [kât] âŋ′o [kal] ẫi [saṇ] âŋ′â,*Hengl-,,12,6119
[lat] crūs [xcl] srownkʿ [hyw] srowng,*k̑reu̯H-,,3,6120
[san] árbha-,*h₃erbʰ-,,1,6140
[nep] sāno,*(s)legh₂-,,1,6145
[pal] saṇha [san] ślakṣṇá- [oss] lɜǧz [oss] liǧz [yag] lḗxna,*(s)legh₂-,,5,6146
[gre] ápsimo(n),*h₂ep-,,1,6159
[grc] osphraínomai [pal] ghāyati [gre] osphraínomai* [san] jíghra- [mar] vāsa gheṇe [pal] ghróoṇ,*gʷʰreh₁-,,6,6163
[ell] skónī [grc] kónis [gre] kónis* [gre] kourrathtó,*(s)ken(H)-,,4,6166
[gre] ácharo,*g̑ʰer(H)-,,1,6170
[gre] tranós,*terh₂-,,1,6171
[gre] adró,*seh₂-,,1,6172
"[bul] top″l [bel] cëply [ces] teplý [gae] te [sor] śopły [sor] ćopły [mac] topol [pol] ciepły [rus] tëplyj [hbs] topao [slo] teplý [slo] topel [ukr] teplij [chu] toplŭ [sga] tee [gae] teth [gae] çheh [gau] tess(i)-/teđđ(I)- [mid] toem, tomm, tom [pol] teplă [kas] cepłi [nep] tāto [kas] totə [pal] táatu [bre] tomm [bre] tuemm [old] ciepły [old] teplý [rus] téplωj [mac] să stupl′ova [mac] să stupl′owa [slo] topel [gaw] tapa [pas] tod [gaw] tat [mid] tom [lat] tubm [pas] tapik [kam] tâp′i [kât] tap′i",*tep-,,40,6178
[pal] uṇha [san] uṣṇá-,*h₁eu̯s-,,2,6183
[bul] reka [bel] raka [ces] řeka [sor] rěka [sor] rěka [mac] reka [pol] rzeka [rus] reka [hbs] rijeka [slo] rieka [slo] reka [ukr] rìka [chu] rěka [spa] río [por] rio [sar] erríu [cat] riu [pol] rekă [kas] rzéka [old] río [ron] râu [old] rzeka [old] řěka [old] rěka [rus] r′iká [mac] r′ä̀ka [mac] r′ä̀ka [slo] reika [sar] riu [old] riu [por] rio,*h₃rei̯H-,,31,6197
[gre] agéra,*h₂eu̯s-,,1,6202
[gre] límpoyros,*melit-,,1,6209
[gre] ššiátzomai,*s⁽k̑⁾eH-,,1,6211
[gre] chṓnnō,*g̑ʰeu̯-,,1,6212
[gre] roḯzō,*sreu̯-,,1,6221
[gre] réma,*sreu̯-,,1,6222
[gre] kamoulía,*k̑eh₂u̯-,,1,6235
[gre] kroú(g)ō,*kreu̯s-,,1,6239
[gre] (a)ššīporéō,*perh₃-,,1,6242
[gre] sérō [gre] sýrō [gre] sýrnō,*tu̯er-,,3,6249
[gre] syllogískomai,*leg̑-,,1,6258
[gre] epsés [gre] opsé(s),*h₁ep-,,2,6259
[hit] peda- / ped-,*deh₃-,,1,6268
[hit] i̯e/a- [xlu] ā- / āi̯a-,*?*Hi̯eh₁-,,2,6270
[gre] chlío,*g̑ʰlei̯-,,1,6272
[gre] amplékō,*plek̑-,,1,6281
[hit] munnai-,*?*meu̯H-,,1,6290
[hit] ḫuu̯ai- [xlu] ḫui(i̯a)-,*h₂u̯eh₁-,,2,6291
[lit] kartùs [prg] kārtai,*(s)kert-,,2,6293
[hit] šar-,*ser-,,1,6294
[prg] lauxnos,*leu̯k-,,1,6295
[lit] sùkti,*?*seu̯k-,,1,6296
[hit] miliddu- / maliddu- [xlu] malidima/i- [cym] melys [sga] milis [gae] milis [gae] millish [gae] milis [mid] melys [aln] ãmbël [sqi] ëmbël [alb] tambulj,*melit-,,11,6297
[hit] dā- [xlu] lā-,*deh₃-,,2,6299
[xlu] mali- / malai-,*melh₁-,,1,6300
[sqi] bëj [aln] bãj [alb] banja,*bʰeh₂-,,3,6301
[sqi] fsheh [aln] mshef,*?*(s)kep-,,2,6311
[mai] jaṅgadhā [bho] jāṅgh [hin] jāṅgha [mag] jāṅgh [pun] jāⁿgʰ,*g̑ʰengʰ-,,5,6315
[prg] wargan,*u̯ergʰ-,,1,6319
[lit] kvėpúoti,*?*kʷu̯ap-,,1,6321
[pal] čáar,*kʷelh₁-,,1,6325
[prg] aulāut,*?*leh₁-,,1,6326
[lav] darīt [lat] dareit [lit] darýti,*dʰer-,,3,6329
[bul] zelen [bel] zâlëny [ces] zelený [hin] harā [gae] glas [lit] žãlias [sor] zeleny [sor] zeleny [mac] zelen [mar] hiravaṁ [nep] hariyo [pol] zielony [rus] zelënyj [hbs] zelen [slo] zelen [ukr] zelenij [lav] zaļš [chu] zelenŭ [prg] saligan [san] hári- [mai] hariar [urd] harā [grc] chlōrós [sga] glas [gau] glastum [gae] glass [mag] hariar [slo] zelený [mid] glas [gre] chlōrós [kas] zelony [par] zarγōnag [gre] chlōró [lat] zaļš [bho] harihar [bre] glas [bre] glas [old] zielony [old] zelený [old] zelenyi [rus] zelénωj [mac] zil′èn [mac] zil′èn [pal] harita [slo] zelen [slo] ṡelen [sog] zarγōnē [ave] zairi.gaona [kho] gvāysirūna [pun] harā [mid] glas,*g̑ʰelh₃-,,51,6332
[prg] schokis,*k̑eh₁k⁽ʷ⁾o-,,1,6335
[prg] buttan,*bʰu̯eh₂-,,1,6352
[lat] sāta,*?*seh₂(i̯)-,,1,6353
[lav] skriet [lat] skrīt,*?*(s)k⁽ʷ⁾rei̯-,,2,6359
[lit] šlaunìs [cym] clun [yag] surūn [oss] sin [oss] sujnæ [prg] slaunis [mid] clun [kam] c̣′ũ [kât] c̣′ũ [kât] c̣′u [kho] šron,*k̑lou̯ni-,,11,6360
[old] llevar [spa] llevar [por] levar,*h₁legʰ-,,3,6363
[gae] olk,*u̯ĺ̥kʷo-,,1,6365
[sga] ithid,*h₁ed-,,1,6370
[cat] tenir por [nea] tené paura [ita] avere paura [fri] vê pôre [fra] avoir peur [mil] avèch paüra,*peu̯-,,6,6379
"[mid] douguen, doucguen, doen, douen [bre] daougein, daoug- [bre] dougen, doug- [ron] duce [mid] dwyn [old] duc, etc. [mid] don",*deu̯k-,,7,6380
[old] maison [ang] maisun [fra] maison [wal] mohone [old] maisoun,*men-,,5,6407
[por] comprido [por] comprido,*pleh₁-,,2,6414
"[bre] garmad, garm- [mid] garm",*g̑eh₂r-,,2,6421
[ron] bărbat [meg] bărbát,*bʰarsdʰó-,,2,6423
"[bre] toullein, toull- [bre] toullã, toull-",*teu̯k-,,2,6431
[cat] cap [dan] hoved [nld] hoofd [eng] head [far] høvd [fle] hoofd [fri] holle [isl] höfuð [por] cabeça [nob] hode [spa] cabeza [swe] huvud [lat] caput [fri] cjâf [old] hovudh [elf] ovuð [ron] cap [nea] capa [lad] cef [old] chief [ang] chef [old] cabeça [meg] cap [old] cap [dal] kup [goh] houbit [old] hāved [mid] houbet [ang] hēafod [old] hôƀid [mid] hovet [old] hǫfuð [got] haubiþ [por] cabeça [mil] có [nor] hovud,*kap-,,36,6432
[cym] budur [mid] budyr,*gʷeu̯-dʰ-,,2,6437
[sqi] hidhur [aln] hidhur [alb] i tidhur,*h₂ei̯dʰ-,,3,6439
[sga] do·gní [gae] dèan [gae] jannoo [gae] déan,*g̑enh₁-,,4,6440
"[mid] ober ≠ groa, gra [bre] ober ≠ grw-/r- [bre] ober ≠ (gw)ra- [mid] gul, guthyl, gruthyl [lat] gîl, gweel [old] guragun [mid] gwneithur, gwneuthur [cym] (g)neud",*u̯erg̑-,,8,6441
[lad] granel [old] graine [ang] grain [fra] gran [fra] graine [old] grana,*g̑erh₂-,,6,6444
[hyw] sirt [hye] sirt [bul] s″rce [bel] serca [cat] cor [ces] srdce [dan] hjerte [nld] hart [eng] heart [far] hjarta [fle] hart [fra] cœur [fri] hert [deu] Herz [ell] kardiá [isl] hjarta [gae] croí [ita] cuore [lad] cuer [lit] širdìs [mac] srce [pol] serce [por] coração [nob] hjerte [rus] serdce [sar] coro [sar] coro [hbs] srce [slo] srdce [slo] srce [spa] corazón [swe] hjärta [ukr] serce [wal] coûr [hit] ker / kard(i)- [grc] kardía [san] hā́rdi [lav] sirds [lat] cor [chu] srĭdĭce [prg] sīran [gae] cridhe [lux] Häerz [fri] cûr [ave] zərəd [sga] cride [oss] zærdæ [oss] zærdæ [xcl] sirt [xlu] zārt(i)- [gau] crid(io)- [gae] cree [old] hiärta [elf] järta [pal] hadayaṁ [kho] ysärä [gre] kardía [kas] serce [par] zirδ [gre] karkiá [gre] kardía [gre] kargiá [gre] kardía [lat] sirds [nea] core [old] cuer [ang] coer [fra] keuh [old] coraçón [pal] híṛu [mai] hriday [old] serce [old] srdce [old] serdĭce [rus] sérce [mac] strъ̀ci [mac] strъ̀ci [slo] srce [slo] ſerzè [deu] Härz [sog] žyāwar [old] cor [khw] zǝrz [old] cor [gaw] heṛa [kho] hardi [pas] zrra [mid] dil [kum] dil [dal] kur [goh] herza [sar] zord [old] herte [mid] herze [ang] heorte [old] herta [mid] herte [old] hjarta [got] hairto [gaw] hikur [nor] hjerte [por] coração [vâs] z′ir [pas] haaṛ [mil] cör [kam] źâr′a [kât] zar′a [kât] zar′a [kal] zö [saṇ] žid′i [kur] dɨḷ,*k̑erd-,,111,6458
[ita] prendere [old] prendre [ang] prendre [fra] prendre [wal] prinde [fra] prëdré [old] prender [old] prendre [dal] prendár,*gʰed-,,9,6460
[sar] leáre [spa] llevar [por] levar [ron] a lua [meg] lári [por] levar,*h₁legʰ-,,6,6461
[ron] coapsă [nea] coscia [ita] coscia [fri] cuesse [lad] cuessa [ang] cuisse [fra] cuisse [fra] kouésse [cat] cuixa [old] coxa [por] coxa [sar] coscia [sar] coscia [old] cuissa [old] cuixa [por] coxa [old] cuisse,*kok̑s-,,17,6464
[lat] grauis [san] gurú- [grc] barýs [nep] gahruṅgo [ell] barýs [xto] krāmärts [txb] kramartse [pal] garu [ave] gouru° [kho] ggarkhä [gre] barýs [mid] garān [kur] gɨran [par] garān [gre] varýs [gre] varý [gre] varetós [gre] vareío [ron] greu [sar] gráe [pal] ungúru [lat] gryuts [sog] γrān [bal] grān [khw] γark [gaw] ugur [meg] greu̯ [got] kaurus [mil] gréf,*gʷerh₂-,,29,6470
[kas] płakac [chu] plakati (sę) [pol] płakać [sor] płakaś [sor] płakać [ces] plakat [slo] plakať [ukr] plakati [bel] plakac′ [rus] plakat' [mac] plače [bul] plača [hbs] plakati [pol] plokăt [ron] plânge [nea] chiagnere [ita] piangere [sar] prágnere [sar] piánghere [old] płakać [old] plakati [old] plačĭ [rus] plákatɪ [mac] plàčam [mac] plàča [meg] plắnḑiri [dal] pluṅgre [mil] piànc,*pleh₂g-,,28,6484
[bho] kal [urd] kal [mai] kālhi [ben] gatakāl [mag] kāl [mar] kāla [hin] kala [pun] kall [ass] jûwākāli,*kʷelh₁-,,9,6487
[nea] ì ≠ va [old] ir ≠ va [spa] ir ≠ va [por] ir [lad] jì ≠ va [ita] andare ≠ va [sar] andare [old] aler ≠ va [ang] aler [fra] aller ≠ va [wal] aler [fra] alâ [cat] anar [sar] annare [old] anar [old] anar ≠ va [dal] żer [por] ir [mil] andàa ≠ va,*u̯eh₂dʰ-,,19,6492
[ita] affilato [fra] aflâ [cat] afilat [spa] afilado [por] afiado [sar] affiladu [old] afilat [por] afiado [mil] afilà,*gʷʰei̯H-,,9,6495
[spa] muslo,*mūs,,1,6500
"[bul] daleče [bel] dalëka [ces] daleko [sor] daloko [sor] daloko [mac] daleku [pol] daleko [rus] daleko [hbs] daleko [slo] ďaleko [slo] daleč [ukr] daleko [chu] daleče [isl] langt [nob] langt [cat] lluny [sar] lontanu [ita] lontano [wal] lon [fra] loin [por] longe [fri] lontan [swe] långt borta [dan] langt væk [old] langt [elf] launggt brotte [pol] dolĕk [kas] dalek [nea] luntano [old] loing [ang] luin [old] luenne [fra] louë [lad] dalonc [old] daleko [old] daleko, dalecě [rus] daléko [mac] dalèku [mac] dalèku [slo] daleč [slo] dalezh [old] luenh [old] lluny [nor] langt [por] longe [mil] luntàn",*?*delh₁-,,46,6505
[gae] caggey,*?*k̑atu-,,1,6510
[por] perto [por] perto,*pe⁽k̑⁾tu-,,2,6521
[por] ontem [por] ontem,*negʷ-,,2,6523
[fra] cacher [wal] catchî [fra] köshi [sar] cuáre [sar] attaccare,*h₂eg̑-,,5,6526
[gau] aidu-,*h₂ei̯dʰ-,,1,6529
"[old] colaenn [mid] quelyenenn [bre] kelhion, kelhionenn [bre] kelien [sga] cuil [gae] cuileag [gae] quaillag [gae] cuilleog",*⁽k̑⁾u(H)-,,8,6532
[cym] pry [mid] pryf,*kʷr̥mi-,,2,6533
[gae] meas [gae] mess,*med-,,2,6538
[ron] rece [meg] răț,*ken-,,2,6541
[old] ort [ang] ord,*g̑ʰers-,,2,6543
[ron] pământ,*pi̯eh₂-,,1,6547
[bre] moned ≠ Ø- [cym] mynd [lat] môz,*menH-,,3,6550
[sga] téit [gae] téigh,*stei̯gʰ-,,2,6551
[ron] ceață,*⁽k̑⁾eh₂i̯-,,1,6554
[ron] tare,*teh₂li-,,1,6558
[cat] gel [por] gelo [spa] hielo [old] yelo [old] gel [por] gelo,*⁽g̑⁾el-,,6,6560
[pal] mhoóru [ass] môdhur [kam] m′ura [kât] m′ura [kal] mura,*medʰu-,,5,6562
"[sor] wopuš [pol] våpaus, våpois",*peu̯s-,,2,6563
[kho] nāste [yag] nōs-,*h₂nek̑-,,2,6564
[ron] stâng,*steh₂-,,1,6568
[ron] a spune,*tk̑ei̯-,,1,6578
[cat] rentar,*ken-,,1,6582
[hin] lenā [mai] lenā [bho] lenā [urd] lenā [mag] lenā [nep] linu [pun] laiṇā [ass] lôi jûwā,*lembʰ-,,8,6587
[dan] rød [nld] rood [eng] red [far] reyður [fle] rood [fra] rouge [fri] rea(d) [deu] rot [isl] rauður [ita] rosso [lit] raudónas [nob] rød [sar] ruiu [spa] rojo [swe] röd [wal] rodje [grc] erythrós [san] rohitá- [lat] ruber [xto] rtär [txb] ratre [lux] rout [fri] ros [ave] raoiδita [gau] roudos [old] rud(d) [elf] roð [old] rödher [pal] lohita [slo] rdeč [gre] e-ru-ta-ra [mid] ruz [gre] erythrós [umb] rufru [old] roge [ang] ruge [fra] rozho [ron] roșu [nea] russo [pal] lhoílu [bre] ruż [bre] hruż [slo] rdeč [slo] ardèzh [sar] orrúbiu [mid] ruth [lat] rydh [deu] rot [old] rouge [meg] roși [gaw] läu [goh] rōt [old] rād [mid] rôt [ang] rēad [old] rôd [mid] root [old] rauðr [got] rauþs [nor] raud [kal] lailai sta [mil] rùs,*(h₁)reu̯dʰ-,,62,6592
"[aln] djathtë [bul] desen [ita] destro [kas] dačhon [lit] dešinė̃ [sin] dakuṇa [grc] dexiós [san] dákṣiṇa- [nep] dāyām̐ [mai] dahinā [ben] ḍān [hin] dāyām̐ [chu] desnŭ [lat] dexter [fri] diestri [gae] deas [hbs] desni [ave] dašina [sga] des [osc] destrst [umb] destram [gae] deas [ell] dexiós [gau] dexsiuo- [sqi] djathtë [pal] dakkhiṇa [mag] dahīnā taraf [slo] desni [gre] de-ki-si-wo [mac] desen [mid] deho, dechou, dehaou, dehou [gre] dexiós [mid] dašn [par] dašn [gre] deksī́s [gre] dex̌ö́s [gre] deššío [gre] dex̌ió [nea] destro [old] destre [ang] destre [bho] dahinā [pal] deec̣híṇu [urd] dāyān [gae] jesh [bre] dehoù [bre] dehoù [cym] dde [mid] deheu [slo] desni [slo] deſnizhen [old] dehou [dal] dastro [gaw] daačina [mid] dyhow [lat] dihow [gaw] lāc̣im [goh] zesauua [got] taihswa [old] destra [kât] dâći′u [kât] dâći′u [mil] destra",*dek̑s-,,63,6595
[kas] rath [pal] ráat [gaw] rat,*(s)re⁽g̑⁾-,,3,6611
[par] iškift,*skep-,,1,6614
[mid] istaft [fas] seft [maz] seft [bak] seft [del] soft [kur] sıft [tat] seft [bal] sept [raj] sef [sin] tada [kur] sɨft,*stembʰH-,,11,6615
[gre] (t)ranṓ,*terh₂-,,1,6617
[khw] ϑaγd [lar] saxt,*k̑ek⁽ʷ⁾-,,2,6629
[vâs] y′üs [kam] ′üs [kât] i′us [kât] i′us [kal] ius,*i̯eu̯-,,5,6650
[ben] dauṛāno [mai] dauṛanā [bho] dauṛnā [hin] dauṛanā [urd] dauṛnā [kas] drɔṛon [mag] dauranā [nep] dauḍanu [pun] dauṛnā [ass] dôurā,*dreu̯-,,10,6654
[hin] jānā [ben] yāoẏā [mai] jānā [bho] jānā [urd] jānā [nep] jānu [mag] jānā [mar] jāṇe [sin] yanavā [pal] yāti [ass] jûwā [pun] jāṇā,*(H)i̯eh₂-,,12,6655
[kas] gɑtshon [vâs] paz-,*gʷem-,,2,6657
[pal] utráapa [gaw] ɬapik,*dreh₂-,,2,6658
[kam] t′üruk [kât] tâvř′ek [kât] tâvr′ak,*tu̯er-,,3,6665
[sga] ceilid [mid] keles [goh] helan [mid] heln [ang] helan [old] hela [old] helan,*k̑el-,,7,6675
[san] pṛthivī́,*pleth₂-,,1,6681
[kho] śśandā,*k̑u̯eh₁-,,1,6682
[ben] bhejā [hin] bhīgā [mai] bhījal [mag] bhīṅjal [nep] bhijeko [bho] bhīgā,*h₂engʷ-,,6,6683
[fas] xāk [del] χæk [bal] hāk,*h₂eh₁s-,,3,6684
[ron] rău [dal] ri,*(H)reh₁-,,2,6686
[ron] a arunca,*h₃reu̯k-,,1,6693
[ron] a merge,*mesg-,,1,6694
[ron] inimă [meg] íńima,*h₂enh₁-,,2,6700
[ron] a împinge [ita] spingere [sar] ispígnere [sar] spignere [dal] spangro,*peh₂g̑-,,5,6703
[cat] portar [old] portar,*per-,,2,6713
[prg] kupsins,*?*kʷu̯ap-,,1,6715
[wak] yit [gaw] ǰ̣uik [pas] žetaau [kho] žibik [vâs] oya- [kam] i′u- [kât] i′u- [kât] i′u- [kal] ia- [saṇ] i′o-,*i̯eu̯-,,10,6717
"[sga] tech [old] bou-tig [mid] ti, ty [bre] ti [bre] ti [cym] tŷ [gae] taigh [gae] thie [gae] teach [mid] ty [old] tig [mid] chy [lat] tshyi, chei, choy",*(s)teg-,,13,6724
[fas] panǧeh [bak] peng [bal] panǰag [kur] panja [kur] penj [raj] panja,*penkʷe,,6,6725
[sga] imm·rádi,*reh₁dʰ-,,1,6728
[sga] fo·ceird,*kerH-,,1,6729
[gae] ceathrú,"*kʷetu̯or-, *kʷ(e)tu̯r̥-, *kʷ(e)tur-",,1,6732
[gae] can,*⁽k̑⁾an-,,1,6750
[gae] cuir a-mach,*kerH-,,1,6757
[kam] unr′â- [kât] undr′â- [saṇ] undr-,*dreh₂-,,3,6759
[gae] rio [cym] rhew,*preu̯s-,,2,6762
[gae] oonlaghey,*h₂emH-,,1,6768
[kal] niŋa- [saṇ] niŋ′â-,*gʷeh₂-,,2,6774
[gaw] aanda [kam] ân′o bâṭa [kal] andâ [saṇ] ân′âː,*h₁ed-,,4,6775
[raj] ạʋeze,*u̯eg̑ʰ-,,1,6778
[gaw] mušik [vâs] müšüv- [kam] miš′a- [kât] miš′a- [kât] maši′e- [kal] müṣâp č-,*mers-,,6,6784
[kho] haryāsa,*?*ser-,,1,6789
[san] aghá-,*h₂egʰ-,,1,6800
[old] plain [ang] plain,*pleh₂-,,2,6801
[gre] pa-si,*bʰeh₂-,,1,6802
[ron] departe [meg] dipárti,*perh₃-,,2,6803
[old] soto,*sel-,,1,6809
[ita] stare in piedi [por] ficar em/de pé [spa] estar de pie [wal] èsse so pî [fri] stâ in pîts [old] estar de pie [ron] a sta în picioare [cat] estar de peu [lad] sté empé [old] estar dempeus [dal] stuọr in pins [por] ficar em/de pé [mil] stàa in pé,*ped-,,13,6813
[old] repondre [ang] repundre,*tk̑ei̯-,,2,6814
[wal] noukî [old] nousar,*?*neh₃d-,,2,6838
[pal] bistíiṇu [gaw] bisīn [vâs] višt′ir [kam] višt′ař [kât] višt′eř [kât] vašt′eř [kal] vište,*sterh₃-,,7,6840
[pal] maníi [gaw] mänūg [pas] matu,*men-,,3,6841
[lat] globuot,*?*gleh₁bʰ-,,1,6844
[lit] mùšti,*meu̯s-,,1,6845
[prg] kyrteis,*(s)kert-,,1,6846
[cat] feixuc [old] feixuc,*bʰaski-,,2,6848
[hit] peru- / perun-,"*pér-u̯r, *pér-u̯n̥-",,1,6862
[hbs] štap [mac] stap,*(s)kep-,,2,6869
[kho] haraña,*lendʰ-,,1,6874
[deu] Angst haben [deu] Angscht haa [nld] bang zijn [fri] bang wêze,*h₂emg̑ʰ-,,4,6875
[mid] handēšēd [par] andēšēd,*dei̯k̑-,,2,6876
[isl] fara [far] fara [old] fara,*per-,,3,6903
[gaw] ǰaik [kam] giǰ′a ku- [kât] ǰ′a ku- [kât] ǰ′a ku-,"*gʰe-, gʰo-",,4,6922
[pal] kir,*kerH-,,1,6931
[fri] ferbergje [mid] verberghen,*?*bʰergʰ-,,2,6937
[far] renna [deu] rennen [nld] rennen [eng] run [deu] renne [old] renna [ang] iernan [old] renna [got] rinnan,*h₃rei̯H-,,9,6947
[swe] springa [nor] springe,*(s)prengʰ-,,2,6950
[nld] dij [fle] dij [eng] thigh [ang] þēoh [mid] die [old] thiāch,*teu̯(h₂)k-,,6,6956
[eng] belly-button [cym] botwm bol,*bʰelg̑ʰ-,,2,6957
[par] kambīg,*kemb-,,1,6963
[kho] rräjsei*,*(h₁)rei̯k⁽ʷ⁾h₂-,,1,6970
[kas] wočhon [pun] vekʰṇā,*h₃ekʷ-,,2,6983
[oss] leʒun [tat] mirvije,*lei̯kʷ-,leave,2,6994
[kal] meši,*mánu-s-,,1,7009
[isl] ýta,*ud-,,1,7012
[pal] ghiní bíi [gaw] gaaik [kur] dɨhelgɨrit [pas] guretaau [kam] g′âa- [kât] g′âa-,*gʰrebh₂-,,6,7015
[lux] Schank,*(s)ken⁽g̑⁾-,,1,7026
[lux] Buedem,*bʰudʰ-,,1,7031
[lux] Méck [fri] mich [old] muggia,*?*muH-,,3,7032
[elf] skarp,*(s)kerbʰ-,,1,7034
[lux] haen,*keh₂u̯-,,1,7036
[kho] haysge,*seg-,,1,7057
[fas] āsmān [old] asman [ave] asman [mid] āsmān [kur] ʕesman [par] āsmān [kum] 'āsmēnō [khw] āsm [pas] asmaan [maz] asemun [bak] āsemun [raj] ạsemun [del] ɒsemu [lar] āsemu [bal] āsmān [tat] āsbon [kur] āsmān [kur] āsımān [haw] āsmān [sar] ismun [kur] āsmāŋ,*h₂ek̑-,,21,7058
[xlu] išaru̯ila/i-,*g̑ʰes-,,1,7068
[xlu] ásaza-,*h₃eh₁-,,1,7069
[nep] kamilā,*kʷer-,,1,7072
[lit] tìnti,*ten-,,1,7090
[lit] lýgus,*lei̯g-,,1,7092
[nep] rāmro,*h₁rem-,,1,7094
[lit] ãpskritas,*?*(s)k⁽ʷ⁾rei̯-,,1,7095
[hit] daššu- / daššau̯-,*?*dens-,,1,7100
[lit] galvóti,*golH-u̯eh₂,,1,7104
[dan] stor [nob] stor [isl] stór [far] stórur [nep] ṭhūlō [oss] styr [oss] ustur [elf] stur [swe] stor [old] stor [bac] storgo [old] stórr [nor] stor,*steh₂-,,13,7106
[txb] waltsanaṃ,*u̯elh₂-,,1,7107
[pal] gáaḍu,*g⁽ʷ⁾eg̑ʰ-,,1,7108
[txb] ścire,*ster(H)-,,1,7109
[prg] aglo,*h₂egʰl-,,1,7110
[oss] fæsontæ [oss] fæsontæ,*h₃ems-,,2,7111
[xto] waṣt [txb] ost,*u̯ā̆stu-,,2,7112
[xto] śālyi [txb] śwālyai,*g̑i̯eu̯H-,,2,7115
[txb] kele,*kʷelh₁-,,1,7117
[txb] ysape,*supo,,1,7119
[prg] gerdaut,*g⁽ʷ⁾erdʰ-,,1,7126
[prg] grīmons,*gʰrem-,,1,7131
[pal] ghoóṣṭ,*steh₂-,,1,7136
[prg] stabis,*?*stobʰ-ó-,,1,7150
[nep] pindhnu,*bʰei̯d-,,1,7153
[lat] tyukšt,*teu̯(h₂)k-,,1,7155
[lat] maut,*mi̯eu̯h₁-,,1,7156
[xto] eṃtsäṣtär [txb] eṅkastär,*h₁nek̑-,,2,7157
[xto] tsmār,*demh₂-,,1,7168
[oss] æfsnajun,*(s)neh₂-,,1,7179
[lux] Ham,*konh₂m-,,1,7184
[kho] syandai,*s⁽k̑⁾eH-,,1,7189
[lux] geheien,*keh₂u̯-,,1,7205
[lux] strécken,*strei̯g-,,1,7206
[txb] krāñi,*k̑er-,,1,7223
[nld] overgeven [lux] sech iwwerginn [deu] sich übergeben,*gʰebʰ-,,3,7227
[txb] tsāknaṃ [xto] tsāknaṣ*,*dʰei̯h₂gʷ-,,2,7228
[mid] calet [bre] kaled [cym] calad [mid] caled [bre] kaled [mid] cales [lat] kallish,*k̑elH-,,7,7235
[kal] ča,*(s)ker-,,1,7245
"[mid] quemer, comer, quempret, compret, quemeret, commeret, coummeret [bre] ķemer, ķemer- [bre] kemer, kemer- [cym] cym(e)ryd [mid] kymryt [mid] kemeres [lat] kemeraz",*bʰer-,,7,7246
[xto] wräṣ,*u̯er-,,1,7253
[xlu] ipala/i-,*gei̯bʰ-,,1,7256
[cym] ffon [mid] ffon [old] fonn,*sph₂en-,,3,7271
[cym] poeth [mid] poeth [kho] pec̣,*pekʷ-,,3,7276
[xto] śwāl,*g̑i̯eu̯H-,,1,7290
[cym] tyrchu,*tu̯erk̑-,,1,7302
[xlu] u̯inal-,*gʷʰen-,,1,7304
[gaw] ǰik,*(H)i̯eh₂-,,1,7317
"[bul] dojda [ces] přijít [lit] ateĩti [sor] pśiś [sor] přińć [mac] doǰde [hbs] doći [slo] prísť [slo] priti [chu] priti [pol] przyjść [mar] yeṇe [ukr] prijti [bel] pryjscì [rus] prijti [kho] hīśtä [hit] u̯ē-/uu̯a- [xlu] au̯ī- [kur] dɨhēt [wak] wizit [fas] āmadan ≠ mi-ā-d [kas] przińc [mid] āyēd [par] āsēd [lat] atīt [prg] perēit [kas] iyon [pal] yhíi [old] przyć, przyjć, przyść [sin] enavā [old] přijíti, příti [old] priti [rus] prẹjtɪ́ [mac] dòjda [mac] dòjda [slo] priti [slo] priti [bac] ērsido [khw] māseda [kum] tay [del] mi [lar] ayā [bal] kayt [tat] mā [haw] ām ≠ may [kur] dyāē [sog] ēst [gaw] yǟg [maz] ene [raj] bamạ ≠ ạte [kur] tıt [pas] etu [kal] e- [saṇ] ′âi- [kur] a-y-ē",*h₁ei̯-,,55,7318
[cat] venir [dan] komme [nld] komen [eng] come [far] koma [fle] komen [fra] venir [fri] komme [deu] kommen [isl] koma [ita] venire [lad] vegnì [por] vir [nob] komme [sar] bénnere [sar] bénnere [spa] venir [swe] komma [wal] v'ni [lat] uenīre [lux] kommen [xto] kumnäṣ [txb] känmaṣṣäṃ [san] gam- [fri] vignî [ave] jasaiti [elf] kumå [old] koma [pal] āgacchati [umb] benust [hin] ānā [nep] āunu [urd] ānā [mai] ānā [mag] ānā [bho] ā [osc] kúmbened [ron] veni [nea] venì [old] venir [ang] venir [fra] vni [old] venir [deu] cho [pun] āuṇā [old] venir [old] venir [meg] viníri [bak] oveydak [dal] venár [goh] kuueman [old] kuma [mid] komen [ang] cuman [old] kuman [mid] comen [old] koma [got] qiman [kho] gik [nor] kome [por] vir [vâs] -âć- [kam] ′âća- [kât] ′âća- [kât] ′âće- [mil] vignì,*gʷem-,,66,7319
[pal] lekhíi,*(h₁)rei̯k⁽ʷ⁾(h₂)-,,1,7320
[ell] metrṓ [oss] nymajyn [oss] nimajun [mar] mojaṇe [gre] metrṓ [gre] metráō [gre] metrṓ [gre] metrṓ,*meh₁-,,8,7321
[kas] wadon,*h₂u̯edH-,,1,7323
[kas] khanon [nep] khannu [san] khan(i)- [old] akaniya [pal] khaṇati [mai] khuananā [mag] khananā [ben] khom̐ṛā [kho] kaṃggīndi [fas] kandan [mid] kanēd [par] kanēd [kur] dɨkolit [ave] kaṇti [yag] kan- [sog] kanta [bak] kandak [khw] kaneda [ass] khāndā [maz] kandene [del] vɒjnkene [kum] tkēna [bal] konḍīt [kur] akanıt [kur] kanē [haw] makanoš [tat] mekane [lar] akoze [pas] kenastal [gaw] khänūg [kur] a-kan-ē,*?*k⁽ʷ⁾eh₂-,,31,7327
[pal] thíi,*steh₂-,,1,7329
[hit] tē- ≠ ter-/tar- [vâs] li-,*dʰeh₁-,,2,7330
"[bre] c'hwessa, c'hwess",*su̯ei̯d-,,1,7335
[prg] billīt,*bʰelH-,,1,7338
[pal] sum,*meg̑-,,1,7342
[hyw] heṙow [hye] heṙow [nld] ver [eng] far [fle] ver [fri] fier [xcl] heṙi [far] fjarur [goh] fer [old] fīr [ang] feorr [old] ferr [mid] verre [mid] verre [old] fjarri [got] fairra,*per-,,16,7345
[ben] mārapiṭ karā,*mer-,,1,7351
[lad] rejeté,*Hi̯eh₁-,,1,7353
[mai] bharal [mag] bharal [bho] bharal [kas] barith [mar] bharalelā [ben] bharti [ass] bhôrti [pun] bʰarpūr,*bʰer-,,8,7361
[mar] gavata,*h₁ed-,,1,7363
[ben] cul [ass] suli,*kseu̯-,,2,7367
[nep] sāhrō,*seg̑ʰ-,"overpower, have power over",1,7369
[pal] sara [kas] sar [san] sáraḥ [pal] sáar [vâs] s′ur [kam] s′ur [kât] s′ur [kât] s′ur [kal] sor [ass] xôrûbôr,*sel-,,10,7382
[kas] pan patər [mar] pāna [san] parṇám [wak] palč [pas] panrra [bak] pahr [khw] panci [sar] pork [vâs] p′ârag [kam] p′or [kât] p′or [kât] př′or [saṇ] p′âːr,*(s)per-,,13,7386
[kas] zoon [pal] yúun [gaw] yäsun,*dei̯-,,3,7404
[sin] alut,*reu̯p-,,1,7421
[hin] le jānā [urd] le jānā [pun] lai jāṇā,*lembʰ-,,3,7422
[sor] noha,*h₃neg⁽ʷ⁾ʰ-,,1,7424
[sin] adinavā,*h₃reg̑-,,1,7428
[nep] pānī,*peh₃(i̯)-,,1,7432
[san] varṣám [mar] pāūsa [sin] vahinavā [pal] vassa [pal] báaṣ [gaw] waaṣ [kho] boṣik [kal] oṣit,*h₂u̯ers-,,8,7433
"[hin] baiṭhanā [kas] bihon [mar] basa [mai] baisanā [urd] baiṭhnā [bho] baiṭhnā [mag] baiṭhnā [pal] bheší hóonsa [pun] bahiṇā, baiṭʰṇā [gaw] bäyūg",*u̯ei̯k̑-,,10,7441
[ben] basā [nep] basnu [ass] bôhā,*h₂u̯es-,,3,7443
[pal] ǰhanduraa [gaw] zent,*g̑enh₁-,,2,7444
[khw] wazeda [sar] wozd,*u̯eg̑ʰ-,,2,7464
[ben] niẏe yāoẏā,*(H)i̯eh₂-,,1,7468
[sin] tara / mahata,*meg̑-,,1,7488
[kho] dunik [pal] dúna,*deh₂u̯-,,2,7493
"[hyw] kʿnanal [hye] k'nel [bul] spâ [bel] spac′ [ces] spát [dan] sove [far] sova [hin] sonā [isl] sofa [kas] šoŋgon [sor] spaś [sor] spać [mac] spie [nep] sutnu [pol] spać [nob] sove [rus] spat' [hbs] spavati [slo] spať [slo] spati [swe] sova [ukr] spati [chu] sŭpati [fas] xwābīdan [mai] sutanā [urd] sonā [oss] fynæj kænyn [oss] funæj kænun [ave] xʷafda- [bho] sonā [elf] såvå [old] sova [pal] supati [kho] hūśtä [wak] rʉx̌ʉp- [mag] sonā [pol] såpăt, såpot [kas] spac [xcl] kʿownem [pal] síi [hit] šupp- [old] spać [old] spáti [old] usŭnuti [rus] spátɪ [mac] spàm [mac] spi [yag] ufs- [slo] spati [slo] ſpati [pun] sauṇā [sog] ufs [maz] xu dare [bak] xaw bidak, xawsidak [raj] xaʋ darạ [del] χowen [lar] axate [kum] txwā'a [bal] wāb en [tat] āxoti [kur] axawıt [kur] xafē [haw] wtan [par] xuspēd [mid] xufsēd [pas] ooda kedal [sar] khuvd [old] sofa [nor] sove [kam] pṣ′u- [kât] pṣ′u- [kal] proš di- [kur] a-xaf-ē",*su̯ep-,,73,7523
[ell] psári [gre] psárin [gre] opsári(n) [gre] psar [gre] atsári,*h₁ep-,,5,7525
[lit] móteris,*meh₂ter-,,1,7534
[bul] ž″lt [bel] žoŭty [ces] žlutý [dan] gul [nld] geel [eng] yellow [far] gulur [fle] geel [fri] geel [deu] gelb [isl] gulur [lit] geltónas [sor] žołty [sor] žołty [mac] žolt [pol] żółty [nob] gul [rus] žëltyj [hbs] žut [slo] žltý [swe] gul [ukr] žovtij [wak] zart [lux] giel [kur] zer [ben] halud [lav] dzeltens [prg] gelatynan [san] hári- [ave] zairita [kas] lidor [elf] guol [old] gul [chu] žl′t′ [kho] ysīḍä [pol] zåuknĕ [kas] żôłti [gre] chleró [lat] dzaltons [old] żółty [old] žlutý [old] želtyi [rus] žọ́wtωj [mac] žlъ̀t [mac] žъ̀lt [slo] žolt [slo] ṡholt [deu] gälb [tat] zard [sog] zertē [maz] zard [kur] zard [khw] zarīr [pas] zyarr [raj] zạrd [kur] zard [haw] zard [goh] gelo [sar] zird [mid] gel [ang] ġeolu [old] gelo [mid] ghelu [old] gulr [nor] gul [kur] zard [ass] hālôdhīẏā,*g̑ʰelh₃-,,67,7535
[fra] soflâ [ron] răsufla [nea] sciatà [lad] tré l flé [mil] fiadàa,*bʰleh₁-,,5,7540
[ben] bahan karā,*u̯eg̑ʰ-,,1,7547
[kas] tolon,*telh₂-,,1,7549
[ben] śukno [bul] suh [bel] suhì [ces] suchý [hin] sūkhā [kas] hokh [lit] saũsas [sor] suchy [sor] suchi [mac] suv [mar] sukā [nep] sukkhā [fas] xušk [pol] suchy [rus] suhoj [hbs] suh [slo] suchý [slo] suh [ukr] suhij [wak] wask [mai] sukhal [chu] suxŭ [prg] sausā [lav] sauss [urd] sūkhā [san] śúṣka- [ave] huška [old] uška [mag] sukhal [pal] sukkha [pol] saux́ĕ [kas] sëchi [mid] hušk [kur] hɨšɨk [par] hušk [lat] sauss [bho] sukhal [pal] šúku [oss] xus [old] suchy [kum] 'išk [old] suchý [old] suxyi [rus] suxώj [mac] sùx [mac] sùx [slo] suh [slo] ſuh [tat] xošk [maz] xešk [bak] hošk [del] χoʃk [lar] ošk [bal] hošk [kur] wıšk [gaw] ṣuka [haw] wšk [kur] hıšk [raj] ošk [pas] wach [kho] c̣huc̣hu [pun] sukkā [gaw] šišääl [pas] səski [ass] xukān [kur] wɨšk,*h₂seu̯s-,,66,7551
[fas] oftādan [grc] píptō [ell] péftō [pal] patati [ben] paṛā [mar] paḍaṇe [kas] pyon [kho] pīttä [gre] píptō [mid] ōftēd [gre] ppéftō [gre] péfto [gre] péttho [pal] wháida [sog] ampatǝt [lar] afte [ass] pôri jûwā [del] mofte,*pet-,,18,7561
"[dan] fjer [nld] veer [eng] feather [far] fjøður [fri] fear [deu] Feder [isl] fjöður [por] pena [nob] fjær [sar] pinna [swe] fjäder [gae] ite [grc] pterón [ell] fteró [old] fiädher [gre] pi-ti-ro₂-we-sa [gre] fterón [gre] fteró(n), fteroúli(n), fteroúgi(n) [gre] fteró [gre] (a)ttheró [hit] pattar / pattan- [ron] pană [nea] penna [old] pene [ang] penne [pal] phaáṭ [deu] Fädere [meg] pirdúv [kho] poc̣h [gaw] faṭa [gaw] pǟṭ [goh] fedara [mid] vedere [ang] feþer [old] feđera [mid] vedere [old] fjǫðr [nor] fjør [por] pena [kam] pâṭ′ü [kât] pâṭ′a [kât] pâṭ′a [kal] paṭä [saṇ] pâṭ′u",*pet-,,44,7563
[mar] daḷaṇe,*der-,,1,7566
"[pol] ait [kas] jic [chu] iti [pol] iść [sor] hyś [sor] hić [slo] iti [ces] jít [slo] ísť [ukr] ìti, jti [bel] ìscì [rus] idti [bul] otivam [hbs] ići [lat] īre [osc] eite [umb] etu [san] i- [lav] iet [lat] īt [lit] eĩti [ave] aēiti [hit] pai- / pa- [xlu] pa- [txb] yaṃ [xto] yäṣ [old] ić [old] jíti [old] iti [rus] ɪ̯tɪ́ [mac] ìdam [mac] ìdam [slo] pejti [slo] iti [aln] vete [alb] vete [kho] bik [old] aiti [gaw] dik [kam] i′e- [kât] ′e- [kât] ′e- [kal] di- [saṇ] d′i-",*h₁ei̯-,,44,7567
[osc] minstreis [sar] minore,*mei̯H-,,2,7573
[san] gr̥háḥ [bho] ghar [hin] ghara [mai] ghar [mag] ghar [nep] ghara [mar] ghara [sin] geya [pal] gaha [ass] ghôr [pun] gʰar [got] gards,*gʰerdʰ-,,12,7578
[bel] puhnuc′ [rus] puhnut' [pol] puchnąć [ukr] puhnuti [slo] puchnúť [ces] opuchnout [bul] podpuhvam [kas] pùchnąc [old] puchnąć [rus] puxlώj,*peu̯s-,,10,7585
[mar] aikaṇe,*kʷek̑-,,1,7588
[hit] pai- / pi- [xlu] pī(i̯a)- / pāi-,*?*h₁ai̯-,,2,7598
[xto] eṣ [txb] aiṣṣäṃ,*?*h₂ei̯-,,2,7599
[fri] dongje,*?*delh₁-,,1,7629
[fri] nasâ,*(H)nā̆s-,,1,7633
[fri] cjoli,*telh₂-,,1,7638
[fri] lâ,*h₂elh₂-,,1,7639
[sin] midi diya,*u̯ed-,,1,7640
[sin] am̆baranavā,*bʰer-,,1,7643
[sin] osavanavā,*k̑lei̯-,,1,7644
[sin] mudavanavā [sin] midenavā,*merH-,,2,7652
[rus] k′ẹl′úx,*kʷeh₂l-,,1,7659
[rus] drωl′átɪ,*der-,,1,7685
[kum] 'intaf [bak] aftaw [del] æftow [lar] oftow [tat] āftāv [kur] ḥatav,*tep-,,6,7688
[kum] dār,*déru- ~ *dóru- ~ *dru-,,1,7689
[bul] kopaâ [bel] kapac′ [ces] kopat [mac] kopa [pol] kopać [hbs] kopati [slo] kopať [slo] kopati [ukr] kopati [chu] kopati [kas] kòpac [rus] kopat' [old] kopać [old] kopati [mac] kupàjam [mac] kupan′è [slo] kopati [slo] kopati [rus] kopátɪ,*(s)kep-,,19,7700
[kum] jwān,*h₂i̯eu̯-,,1,7732
"[slo] parkil, parkel",*per-,,1,7745
[mac] kòl′am [mac] kòl′am,*kelh₂-,,2,7756
[mac] tъ̀knuvam [mac] tъ̀knuvam,*teu̯k-,,2,7759
[mac] smòk [mac] smòk,*(s)meu̯k-,,2,7762
[mac] klìn,*kelh₂-,,1,7765
[mac] ùm′ḁ [mac] ùm′ḁ,*h₁eu̯-,,2,7766
[mac] jàk [mac] jàk,*i̯o-,,2,7770
[sin] pæṇirasa æti [vâs] vur′us,*(h₁)res-,,2,7780
[sin] vatura,*sterh₃-,,1,7785
[pal] ākāsa,*kʷek̑-,,1,7787
[rus] čórnωj pọ́trux [rus] čórna pẹčḯŋka [mac] crn drob [bul] čeren drob,*k⁽ʷ⁾ers-,,4,7789
[grc] týptō [gre] týptō [xlu] dūp(a)i-,*(s)teu̯p-,,3,7794
"[bul] kora [bel] kara [ces] kůra [sor] škóra [sor] skora [mac] kora [pol] kora [rus] kora [hbs] kora [slo] kôra [slo] skorja [chu] kora [ukr] kora [pol] sťöră [kas] kòra, kóra [old] skóra [old] kóra [rus] korá [mac] kòra [mac] kòra [slo] kora [slo] ṡhkorja",*(s)ker-,,22,7796
[pal] sambādha,*bʰeh₁dʰ-,,1,7799
[lit] ùpė [prg] ape [lav] upe [lat] upe [kam] gâl′oa [kât] gul′ava [kal] golâv [saṇ] golâb′o [kât] gâl′ov,*h₂ep-,,9,7856
[aln] ndotur,*g̑ʰed-,,1,7943
[sqi] ha [aln] hâ [alb] ha,*h₂eu̯-,,3,7947
[sar] astru,*h₂ster-,,1,7954
[bre] klor,*kleh₂ro-,plank,1,7992
[dal] fosk [lad] fosch,*dʰeu̯s-,,2,8021
[fra] réstâ,*steh₂-,,1,8032
[fra] outö,*gʰosti-poti-,,1,8036
[nea] tuosto [sar] tostáu,*ters-,,2,8048
[sar] guastu [sar] guastu,*h₁u̯eh₂-,,2,8054
[sar] prantare,*pleh₂-,,1,8055
[sar] iscútere,*(s)ku̯eh₁t-,,1,8069
[sar] abba,*h₂ekʷ-,,1,8071
[nea] cogliere,*leg̑-,,1,8073
[kam] âps′a- [kât] âps′e- [kât] âps′e-,*preu̯s-,,3,8094
[nea] campà,*?*kamp-,,1,8097
[nea] ammulato,*melh₂-,,1,8099
[nea] avutà,*u̯el-,,1,8102
[nea] chianta,*pleh₂-,,1,8103
[nea] ruppio,"*du̯o-, *du̯i-",,1,8104
[deu] überlege,*legʰ-,,1,8119
[san] áhar [ave] asn [kho] anus [vâs] ′anćerâ,*(h₂)eg̑ʰ-,,4,8124
[kur] xuɫ,*su̯er-,,1,8145
[wak] rand-,*(H)reh₁-,,1,8175
[maz] ajik,*He(n)gʷʰi-,,1,8189
[sog] wāz,*u̯eg̑ʰ-,,1,8194
[sog] pēz,*pei̯s-,,1,8198
[sog] šmārt,*(s)mer-,,1,8215
[sog] pšāyt [tat] māšine,*ki̯(e)h₂-,,2,8221
[wak] yund-,*i̯et-,,1,8223
[sga] réid,*(H)rei̯dʰ-,,1,8230
[kho] sātä [bac] sadgo [sar] sleG,*k̑eh₃(i̯)-,,3,8231
"[cat] arrel [dan] rod [nld] wortel [far] rót [fle] wortel [fra] racine [fri] woartel [deu] Wurzel [ell] ríza [isl] rót [gae] fréamh [ita] radice [por] raiz [nob] rot [sar] raichina [sar] arrecina [spa] raíz [swe] rot [wal] rècène [gae] freumh [lat] rādix [lad] raisc [lux] Wuerzel [grc] rhíza [sga] frén [fri] lidrîs [gae] fraue [old] ureid [elf] ruot [old] rot [gre] wi-ri-za [mid] gruizyenn, gruyzyenn, gruyzienn, grizyenn, grizyen [gre] rhíza [gre] ríza [gre] tīríza [gre] ríza, rizí(n) [gre] rítza [ron] rădăcină [nea] rareca [old] racine [ang] racine [fra] rasnà [old] raíz [bre] gwriżienn [bre] gourienn, gouriad [cym] gwreiddyn [mid] gwreid [deu] Wurzle [aln] rranjë [sqi] rrënjë [old] racina [alb] rranjët [old] raïu, raïl [dal] radai̯ka [goh] uurzala [old] wirtele [mid] wurzel [ang] wyrttruma [old] uuurt [mid] wortele [old] rót [got] waurts [mid] gwreythen [lat] guredhan [nor] rot [por] raiz [mil] radìs",*?*u̯reh₂d-,,67,8233
[gre] to-ro-qe-jo-me-no,*terkʷ-,,1,8235
[bul] kosa [mac] kosa [hbs] kosa [mac] kòsminta [mac] kusm′à,*kes-,,5,8240
[ita] sentire [cat] sentir [fri] sintî [dal] sentér [nea] sentì [old] sentir [mil] séntìi,*sent-,,7,8244
[fra] lac [gae] loch [ita] lago [lad] lech [por] lago [sar] lagu [sar] lacu [spa] lago [wal] lac [lat] lacus [gae] loch [cat] llac [fri] lât [sga] loch [gau] locu [ron] lac [nea] laco [old] lac [ang] lac [old] lago [gae] logh [sqi] liqen [fra] lé [aln] liqen [old] lac [old] llac [dal] luọk [por] lago [mil] lãch,*lek-,,29,8246
[fle] duwen [nld] duwen,*tu̯enk-,,2,8253
[por] vermelho [cat] vermell [old] vermejo [old] vermell [por] vermelho,*u̯r̥mi-,,5,8254
[oss] xæstæg [oss] xæstæg [ave] asne [old] ašnai,*sed-,,4,8259
[aln] thom [sqi] them [alb] thomë,*k̑eHs-,,3,8260
"[dan] lus [nld] luis [eng] louse [far] lús [fle] luis [deu] Laus [isl] lús [nob] lus [swe] lus [lux] Laus [fri] lûs [elf] laus [old] lus [mid] louenn, laoüen [bre] laou [bre] lëw, lëwenn [cym] lleuan [mid] lleuen [deu] Luus [goh] lūs [mid] lûs [ang] lūs [mid] luus [old] lús [lat] loow [nor] lus",*?*lū̆-,,26,8267
"[old] -scot [mid] squeut, sceut, sqeut [bre] hisked [bre] skeud [cym] cysgod [sga] scáth [gae] scaa [deu] Schatten [nld] schaduw [fle] schaduw [eng] shadow [lux] Schiet [mid] cysgod [fri] skaad [deu] Schatte [goh] skato [mid] schate [ang] sceadu [old] skado [mid] schaduwe [got] skadus [mid] schus, skes [lat] skêz",*s⁽k̑⁾eh₃-,,23,8269
[bel] karotkì [ces] krátký [sor] krotki [sor] krótki [mac] kratok [pol] krótki [rus] korotkij [hbs] kratak [slo] krátky [slo] kratek [ukr] korotkij [chu] kratŭkŭ [pol] korťĕ [kas] krótczi [old] krótki [old] krátký [old] korotkyi [rus] korótkωj [slo] kratek [slo] kratek,*(s)kert-,,20,8276
"[ces] slyšet [sor] słyšaś [sor] słyšeć [pol] słyszeć [rus] slyšat' [slo] slišati [xto] klyoṣtär [txb] klyauṣäṃ [chu] slyšati [pol] slåisot [old] słyszeć, słychać [old] slyšěti [old] slyšati [slo] ſliſhati, ſliſhati",*k̑leu̯s-,,14,8278
[aln] ditë [sqi] ditë [alb] ditë,*deh₂(i̯)-,,3,8280
[sqi] thatë [aln] thatë [alb] i thatë,*k̑eh₂u̯-,,3,8281
[xcl] aṙnowm [hye] aṙnel [hyw] aṙnel,*h₂er-,,3,8293
[kur] dɨhavēžit,*pei̯s-,,1,8314
[lit] plaũkti,*?*pleu̯k-,,1,8317
[kas] ṭyuṭh [pal] triṣṭu [nep] tīto [ben] teto [sin] titta [mid] tahr [kho] ttīrä [fas] talx [kum] ṭaḥl [par] taxl [tat] tal [sog] tǝrxaki [maz] tal [bak] tahl [del] tæhl [lar] tahr [bal] tal [kur] tāɫ [ass] titā [kho] troq [kur] tyaḷ [haw] tāł [raj] tạl [khw] tǝxrik [pas] treew [gaw] tik [kur] tāḷ,*(s)tei̯g-,,27,8319
[sga] do·icc,*h₂nek̑-,,1,8320
[gae] tar ≠ tag- [gae] thig [gae] çheet [sga] do·téit,*stei̯gʰ-,,4,8321
[old] ganga [got] gaggan,*g̑ʰengʰ-,,2,8326
[khw] γāzeda [sar] zhokht,*?*g⁽ʷ⁾eg̑ʰ-,,2,8331
[alb] i likë,*h₃lei̯g̑-,,1,8340
[lit] stóras [san] sthūrá- [xcl] stowar [kur] stir [kho] thul,*steh₂-,,5,8343
[gae] bolg [gae] bolg [cym] bol [mid] boly [bre] bolloù,*bʰelg̑ʰ-,,5,8346
[fra] laver [ita] lavare [lad] lavé [por] lavar [spa] lavar [wal] laver [lat] lauāre [fri] lavâ [aln] laj [xlu] lāḫun(a)i- [umb] vutu [sqi] laj [nea] lavà [old] laver [ang] laver [fra] lavâ [old] lavar [ron] spăla [old] levar [old] llavar [meg] spilári [dal] lavúr [alb] ljanj [por] lavar [mil] lavàa,*leh₃u̯-,,25,8364
"[gae] éan [gae] eun [sga] én [gau] etno- [spa] pájaro [old] etn [mid] ezn, ezen, ezenn [por] pássaro [aln] shpend [old] paxaro [ron] pasăre [bre] evn [cym] (a)deryn [mid] edn [mid] adar [old] atar [dal] paserái̯n [mid] ethen [lat] ethen [xcl] tʿṙčʿown [hye] tʿṙčʿown [hyw] tʿṙčʿown [por] pássaro",*pet-,,23,8378
[sar] fríere,*srei̯Hg̑-,,1,8381
[alb] i madh,*meg̑-,,1,8382
[wak] θit [gae] dóigh [khw] ϑaweda [sar] theed [vâs] -lev-,*deh₂u̯-,,5,8388
[par] niγundēd [khw] manγundeda [sog] ptīγunt,*?*gʰeu̯dʰ-,,3,8391
[hbs] vrat [bul] vrat [mac] vrat [slo] vrat [old] vorotŭ [slo] vrat [slo] vrát,*u̯ert-,,7,8396
[cat] mossegar [fra] mordre [ita] mordere [lad] morde [por] morder [sar] mossicáre [spa] morder [lat] mordēre [fri] muardi [old] mordre [ang] mordre [fra] moudré [old] morder [ron] mușca [dal] mosku̯ár [nea] muzzecà [sar] mossiáre [old] mordre [old] mordre [meg] mučcári [por] morder,*h₂merd-,,21,8401
[lat] lēuis [grc] leĩos [gre] leĩos [ell] leíos [old] limn [cym] llyfn [gae] shliawin [bre] luffr [mid] llyfyn [lat] leven,*(s)lei̯-,,10,8405
[lat] procul,"*pr̥-, *pró, *prí",,1,8406
[bal] ǰāīt,*g̑i̯eu̯H-,,1,8407
[alb] i thatë,*k̑eh₂u̯-,,1,8428
[kas] mits,*meld-,,1,8431
"[mid] cuzaff [bre] ķëzhed, ķëzh- [cym] cuddio [mid] cudyo [lat] kitha",*keu̯dʰ-,,5,8434
[bre] moan,*mei̯-,,1,8436
[lit] smė̃lis [lav] smiltis [lat] smiļkts,*?*(s)melH-,,3,8442
[lit] stùmti,*?*stemH-,,1,8445
[gaw] tshik,*kʷei̯-,,1,8455
[gaw] hida [kal] zö vâtr,*k̑erd-,,2,8474
[kho] uṣak,*h₁eu̯s-,,1,8480
[hyw] beran [hye] beran [lit] burnà [xcl] beran,*?*bʰerH-,,4,8488
[old] brouma,*mreg̑ʰ-,,1,8489
[old] trempat,*temp-,,1,8490
[alb] ljahem,*leh₃u̯-,,1,8497
[ben] śbās-praśbās neoẏā [hin] sām̐sa lenā [kas] šah hyon [mar] śwās gheṇe [nep] sāsa phernu [urd] sāns lenā [mai] sāṅs pheranā [elf] węsa [sin] husma gannavā [pal] sasati [mag] saṁs lenā [pal] šiíš ghína [bho] sām̐s lenā [pun] sāh laiṇā [gaw] saa goik [gaw] šī~š ginūg [ass] uxāh nixāh lûwā,*k̑u̯es-,,17,8502
[old] criembre [ang] criendre [fra] krëdré [alb] trambë [old] cregner,*trem-,,5,8513
[deu] nehmen [nld] nemen [fle] nemen [fri] nimme [deu] näh [lav] (pa)ņemt [goh] neman [old] nima [mid] nemen [ang] niman [old] niman [mid] nemen [got] niman,*nem-,,13,8515
[fri] lûke,*leu̯g-,,1,8516
[kas] pich,*peu̯s-,,1,8525
[alb] jam gjallë,*solh₂-,whole,1,8533
[alb] gjegj,*seh₂⁽g̑⁾-,,1,8546
[lar] dehnay,*dei̯-,,1,8549
[bak] vandak [kum] tfāna,*h₂u̯enh₁-,,2,8591
[raj] ʋạdạrze,*dʰerg̑ʰ-,,1,8637
[bal] gendīt,*u̯ind-,,1,8643
[fas] nušidan,*h₁eu̯s-,,1,8661
[gae] rach,*h₁erg̑ʰ-,,1,8676
[isl] sléttur [far] slættur [elf] sliet [old] slätter [swe] slät [old] sléttr [got] slaihts,*(s)lei̯g̑-,,7,8680
[kur] abisıt,*u̯ei̯d-,,1,8690
[kur] sto,*steh₂-,,1,8692
[khw] mǝzmuxseda,*meu̯k-,,1,8706
[khw] βažik,*bʰerg̑ʰ-,,1,8707
[khw] šaγar,*g⁽ʷ⁾elH-,,1,8713
[khw] fineda,*prei̯H-,,1,8716
[khw] ǝššǝxt,*trenk⁽ʷ⁾-,,1,8718
[khw] mankaneda,*kert-,,1,8721
[gaw] rān,*h₃reg̑-,,1,8746
[gaw] bai,*bʰag-,,1,8747
[gaw] thēr,*steh₂-,,1,8753
[kho] dur,*dʰu̯er-,,1,8763
[gaw] ɬaka,*tenk-,,1,8779
[gaw] peik,*pet-,,1,8796
[pas] wangetaau,*gʷʰen-,,1,8806
[pas] daamon,*dʰmeH-,,1,8821
[pas] tlal ≠ zi [sar] teeyd,*tekʷ-,,2,8833
[old] hamaranam akunauš,*h₃er-,,1,8842
[khw] δmādik,*dʰmeH-,,1,8965
[sog] āst [wak] yund,*?*i̯em-,,2,9047
[sog] kātē wǝn,*keh₂-,,1,9061
[sog] āwazē,*u̯eg̑ʰ-,,1,9075
[sog] nāmri,*?*h₂em-,,1,9085
[sog] patštān,*steh₂-,,1,9087
[kho] haṃdramä,*drem-,,1,9097
[kho] ganīhāña,*nei̯do-,,1,9104
[kho] hayäḍä,*gʰer-,,1,9107
[kur] bāɫdār [bak] bāldār [del] bonde,*bʰeh₂g̑ʰu-,,3,9127
[pas] jarral,*g⁽ʷ⁾erdʰ-,,1,9137
[tat] megene [haw] kawt ≠ magno,*gʷʰen-,,2,9149
[kur] bāḷ gırē [kur] bāl a-wr-ē,*bʰeh₂g̑ʰu-,,2,9159
[maz] par zande [bak] pehrestak [raj] ạpariya [del] mipere [lar] pal aku [kum] tōpura,*(s)per-,,6,9162
[mid] wāyēd,*u̯ei̯h₁-,,1,9163
[lar] akše [kur] kwıšē,*keh₂u̯-,,2,9185
[del] migere,*gʰrebh₂-,,1,9186
[kur] hasē ≠ büẅē,*h₁es-,,1,9191
[kur] pıt,*p(e)uH-,,1,9215
[kur] dɨfn,*dʰmeH-,,1,9218
[raj] kamar,*kh₂em-,,1,9229
[bal] waššēn,*su̯elg̑-,,1,9242
[kur] kaškıḷa,*kok̑s-,,1,9246
[kur] dnɨvit,*ped-,,1,9252
[pas] ganddal,*gʷʰen-,,1,9262
[pas] olaarr,*dʰer-,,1,9263
[pas] weeshtal [yag] wid-,*u̯i̯edʰ-,,2,9264
[khw] pāceda,*kʷei̯-,,1,9266
[bal] koškēnīt,*h₂eu̯s-,,1,9268
[khw] yiwārica,*u̯elh₁-,,1,9279
[old] netejar,*nei̯-,,1,9280
[dal] dramuọr,*?*u̯reh₂d-,,1,9337
[wal] broûler [fra] brûler [fra] bwâ [old] brular,*h₁eu̯s-,,4,9342
[goh] fahs [old] fahs,*pek̑-,,2,9347
[sar] wadhord,*dʰer-,,1,9356
[sar] zukht,*g̑ʰei̯-,,1,9357
[sar] varm,*dʰu̯eh₂-,,1,9358
[sar] yot [yag] yat-,*i̯et-,,2,9362
[sar] niwd [wak] nʉw,*neu̯(H)-,,2,9363
[sar] chareyn,*kor-o-,,1,9386
[sar] skit chewg [wak] ṣ̌tik x̌ak,*?*stei̯g-,,2,9387
[sar] tizhd,*temk-,,1,9388
[fas] āwāz xwāndan,*u̯ekʷ-,,1,9399
[sar] bleyd,*sei̯kʷ-,,1,9400
[sar] zukht,*?*g̑ʰei̯-,,1,9402
[sar] kheb,*k⁽ʷ⁾sep-,,1,9412
[gae] salach [gae] salach [sga] salach [goh] salo [mid] sal [mid] salu [old] solag,*selH-,,7,9424
[mid] quaet,*gʷeh₁dʰ-,,1,9428
[deu] Oberschenkel [deu] Schänkel [goh] skinko [mid] schenkel [old] skinka,*(s)ken⁽g̑⁾-,,5,9429
[old] erch,*h₁erg̑ʰ-,,1,9430
[old] farra,*per-,,1,9431
[gae] gearr [gae] goirid [sga] gerr [san] hrasvá- [gae] giare [pal] rassa,*?*g̑ʰers-,,6,9437
[san] ārdrá- [mar] olā [kas] odor [gaw] al [pal] adda,*Herd-,,5,9438
[gae] tilg [gae] tilgey [kho] parečhik,*lei̯kʷ-,,3,9445
[fas] koštan [kur] dɨkužit [xto] koṣ [txb] kauṣäṃ [bak] koštak [kum] tikša [del] mikoʃe [lar] akše [maz] košene [kur] eykūžıt [bal] košīt [tat] mököše [haw] makšoš [kur] kwıšē [raj] ạkoše [kur] a-kūž-ē,*keh₂u̯-,,16,9446
[kho] reeni,*leh₂-,,1,9448
[alb] quhem,*k̑leu̯-,,1,9453
[fra] rivière [wal] rivîre [fra] rvihe [lad] ruf,*h₁rei̯p-,,4,9470
[kho] dik,*dʰeh₁-,,1,9507
[kho] ṣoi,*k̑lei̯-,,1,9511
[kho] uliik,*lei̯kʷ-,,1,9512
[pun] mīⁿh,*h₃mei̯gʰ-,,1,9517
[pun] sajjā,*seg-,,1,9518
[pun] suṭṭṇā,*selg̑-,,1,9537
[pun] dʰouṇ,*dʰmeH-,,1,9538
[gaw] āga,*kʷek̑-,,1,9541
[gaw] pālā,*pelh₂-,,1,9542
[meg] rắpă,*h₁rei̯p-,,1,9577
[meg] pul’,*putslo-,,1,9579
[bel] kìnuc′ [ukr] kinuti [sqi] hedh [aln] hedh,*(s)keu̯d-,,4,9604
[isl] kringlóttur [old] kringlóttr,*?*greng̑ʰ-,,2,9606
[lit] skrìsti,*?*(s)krei̯t-,,1,9622
"[old] diminet ≠ doit(h) [mid] donet, donnet, dont ≠ deu [bre] doned, d- [bre] dond, deu- [lat] dôz [mid] dos, dones ≠ due, de [mid] dyuot ≠ daw",*h₂eg̑-,,7,9635
[sga] fichid,*u̯ei̯k-,,1,9638
[lav] augļi [isl] ávöxtur [lat] augli,*h₂eu̯g-,,3,9645
[alb] grika [pas] glon,*gʷerh₃-,,2,9650
[gae] sgàil [gae] scáil,*skek-,,2,9651
[gaw] āga,*kʷek̑-,,1,9652
[rus] skazat' [bel] skazac′ [ukr] skazati [bul] kazvam [mac] kaže [hbs] kazati [mac] kàža(m) [mac] kàža(m) [pun] ākʰṇā,*kʷek̑-,,9,9653
[nea] stà all'erta,*h₃reg̑-,,1,9662
[vâs] âv vukṣu- [kal] âv-nâṭ,*h₂ep-,,2,9686
[gaw] nǟg,*nei̯H-,,1,9739
[gaw] šī~š dǟg,*k̑u̯es-,,1,9744
[gaw] bōṭ,*u̯ert-,,1,9747
[pas] wargaa čhantu,*u̯ed-,,1,9761
[ass] jui,*dei̯-,,1,9763
[sog] kermīr,*kʷr̥mi-,,1,9774
[prg] wormyan,*u̯r̥mi-,,1,9776
"[old] se tener drech, dreit",*h₃reg̑-,,1,9777
[gaw] dant c̣haik,*Hd-ónt-,,1,9778
[raj] dandun ạynre,*Hd-ónt-,,1,9779
[aln] hanë [sqi] hënë [alb] hanëzë,*(s)kend-,,3,9780
[sga] do·beir [gae] thoir [gae] cur ≠ coyrt,*bʰer-,,3,9784
[mar] pohaṇe,*u̯eg̑ʰ-,,1,9786
[kas] tshraath wayen,*u̯eg̑ʰ-,,1,9787
[mil] crùsta,*kreu̯s-,,1,9807
[vâs] -pč-,*kʷi̯eu̯-,,1,9848
[kam] âš′aã ŋâ-,*h₃eh₁-,,1,9859
[sar] furriáre,*bʰer-,,1,9899
[mar] paḷaṇe [alb] iknja,*h₁ei̯-,,2,9904
[sin] idimenavā [chu] dǫti sę [bul] poduvam se [mac] să nadùvam [mac] să nadùvam [tat] memāse [haw] mamāso [par] āδmāsēd [sog] δmās [wak] pəðməṣ̌,*dʰmeH-,,10,9905
[kur] a-w(a)-ā lī,*bʰer-,,1,9916
[yag] žaw-,*g̑i̯eu̯H-,,1,9965
[gae] tabhair ≠ tug-,*h₂neḱ-,,1,9979
