input,output,meaning,pos,num_cognates
[sqi] nu [sqi] tani [sqi] ani [sqi] -ni [hit] 𒉡 [pal] 𒉡 [pal] 𒉡𒌑 [lit] nū [lit] nù [sga] nu [sga] no- [cel] nu [grc] νυ [san] नु [san] नू [ave] 𐬥𐬏 [san] -आनि [lat] nūper [lat] nudius [xto] nu [txb] no,*nu,"now, well (as an interjection), and",adv,30
[lit] da- [lav] da [grc] -δε [grc] ὅδε [grc] δόμονδε [grc] Ἀθήναζε [grc] δεῦρο [gmy] 𐀆 [gmy] 𐀓𐀈𐀛𐀊𐀆 [gmy] 𐀀𐀗𐀳𐀍𐀙𐀆 [lat] -de [lat] quamde [lat] quande [lat] inde [lat] unde,*de,"to, towards, Emphatic or contrastive particle, and, but",adv,15
[sqi] të [lat] tē,*te,enclitic accusative of *tú(h₂): thee,pron,2
[sqi] me,*me,"in the middle of, near, by, around, with",adv,1
[hit] -u [san] उ,*u,a distal deictic particle: there,particle,2
[sqi] nuk,*né,not,particle,1
[grc] τρι- [lat] tri- [san] त्रि-,*tri-,"three, threefold",prefix,3
[gle] áit [gla] àite,*pent-,"to pass, path",root,2
[lit] -ti [grc] τοι [san] ते,*toy,"enclitic genitive/dative of *tú(h₂) (“you (sg.), thou”)",pron,3
[grc] -ς [lat] -s,*-s,Derives masculine acrostatic root nouns with lengthened o-grade nominative singular from roots.,suffix,3
[lav] vàrît [lav] vir̂t [lit] vi̇̀rti [hit] 𒉿𒅈𒉡𒊻𒍣 [hit] urāni [xcl] վառեմ [lit] vi̇́rti [lit] vérdu,*wer-,to burn,root,10
[san] वृणोति [grc] ὁράω [grc] ὤρα [grc] οὖρος [grc] ἔφορος [grc] φρουρός [grc] τῑμωρός [san] वार [sqi] vërej [hit] 𒌑𒂊𒊑𒋾𒄑𒍣 [gle] fear [san] वर,*wer-,"to watch; to keep guard, cover, to notice, heed, be aware (of), be wary (of)",root,12
[fas] وروره [lav] vāvere [lit] vaiveri̇̀s [lit] voverė [lit] vaiverė [lit] voveri̇̀s [lit] vėveri̇̀s [prg] weware [lat] viverra,*wer-,squirrel or marten,root,23
[xcl] *դո- [grc] ὁ [grc] ἡ [grc] τό [grc] ὡς [grc] αὐτός [grc] ὅδε [grc] ὁδί [grc] οὗτος [grc] τότε [grc] τοτέ [grc] τηνίκα [grc] τῆμος [lat] sī [lat] sic [lat] tum [lat] tam [lat] iste [lat] ita [lat] ut,*só,"this, that",pron,27
[lit] -is [prg] -is [lat] -is [grc] -ις [san] -इ [ave] -𐬌,*-is,"Forms nouns from verbs., Forms nouns from thematic adjectives.",suffix,6
[grc] -ος [grc] -ειν [lav] -a [lav] -s [lit] -a [lit] -as [lat] -us [lat] -ere [lat] -erī,*-os,Creates action nouns or result nouns from verbs.,suffix,9
[sqi] ai [sqi] ajo [lit] jis [lat] is [lat] ea [lat] id,*ís,"this, he (used as the 3rd person pronoun)",pron,6
[sqi] atë [hit] 𒀜𒋫𒀸 [sga] aite [grc] ἄττα [lat] atta,*átta,father,noun,5
[xcl] որո- [lit] *pra- [grc] προ- [lat] pro-,*pro-,"toward, forward",prefix,4
[grc] -σα [lat] -sī,*-st,Forms perfective verbs from roots.,suffix,2
[hit] 𒁉𒂊𒊏𒀭 [hit] 𒁉𒊏𒀭 [grc] περάω [san] पर॑ [ave] 𐬞𐬀𐬭𐬀 [fas] فرفر [grc] πέρπερος [grc] πόρσω [grc] πόρρω [lat] porrō [lat] por- [grc] πρέσβυς [lat] prīvus [cel] ris [gle] roimh [gla] ro [lat] prīscus [lat] prīmus [lat] prīstinus [sga] ri [grc] πρίν [grc] πρείν [lat] prior [sqi] para [xcl] առ [ang] fyrst [deu] First [lat] postis [grc] πρυμνός [xcl] հեռ- [xcl] հեռի,*per-,"before, in front, first",root,34
[grc] πείρω [san] पा॒रय॑ति [san] पिप॑र्ति [grc] πρᾱ́σσω [grc] πεῖρα [grc] πορθμός [grc] πορεύω [grc] πορίζω [san] पा॒र [txb] pere [sqi] prura [sqi] prish [lit] paramà,*per-,"to go through, to carry forth, fare, to try, dare, risk",root,13
[lav] pèrt [lit] per̃ti [xcl] եհար [xcl] ուռն,*per-,to beat,root,4
[lat] struō [lat] industrius,*strew-,"to spread, strew",root,2
[xto] āp [txb] āp [hit] 𒄩𒉺𒀸 [xlu] 𒄩𒀀𒉿 [xlu] 𒄩𒀀𒉿𒅔𒉌 [lyc] 𐊜𐊂𐊀 [lyc] 𐊜𐊂𐊀𐊆 [pal] 𒄩𒀀𒀊𒈾𒀸 [sqi] amë [lat] amnis [xcl] հաւառի [lav] upe [lit] ùpė [prg] ape [prg] apus [chu] вапа,*h₂ep-,"water, body of water",root,16
[hit] 𒄩𒀊𒍣 [grc] ἅμμα [hit] 𒄩𒀊𒁉𒌍𒊬 [xlu] 𒄩𒀊𒁉𒅖𒊭 [hye] ափ [grc] ἄψος [grc] ἅψος [san] अप्सस् [xto] āpsā [grc] ἄ-απτος [lat] aptus [hye] հափափել [ave] 𐬁𐬟𐬆𐬥𐬙𐬈 [lat] apex,*h₂ep-,"to join, attach, fasten, fit",root,21
[lat] aqua,*h₂ékʷeh₂,water,noun,1
[lat] strāgēs [lat] strāgulus [san] अस्तरीः [grc] στρωμνή [grc] στρῶμα [san] स्तरीमन् [ave] 𐬯𐬙𐬆𐬭𐬆𐬨𐬀 [lat] strāmen [lat] torus [lat] storea [sqi] shtroj [sqi] shtrij [grc] στέρνον [grc] στορέννῡμι [grc] στρώννῡμι [grc] στόρνῡμι [lat] stirps [san] स्तॄ,*sterh₃-,"to spread, extend, stretch out",root,18
[lit] stógas [grc] στήλη [san] स्थल [lit] stuomuõ [lav] stāmen [lit] stúomas [grc] στώμιξ [sqi] stër- [san] स्थिर [pus] ستر [xto] ṣtār [lit] stóras [lat] status [grc] στέᾱρ [grc] στεῖᾰρ [grc] στῆρ [sqi] shtyllë [prg] postātwei [prg] postānimai [bre] sevel [cym] sefyll [grc] στάδιος [grc] στάδιον [fas] ایستادن [xto] ṣtäm- [txb] stäm- [grc] σταθμός [lav] stāds [lav] stāvēt [lit] stovėti [xcl] ստուար [grc] σταυρός [lat] īnstaurō [lat] restaurō [grc] στοᾱ́ [grc] στοιᾱ́ [grc] στωῐ̈ᾱ́ [grc] στοιή [grc] στῳᾱ́ [lit] stovà [san] स्थावर [fas] ستاوند [san] स्था,*steh₂-,to stand (up),root,52
[ave] 𐬛𐬁𐬚𐬭𐬍 [ell] θεσμός [ell] θετός [lat] -ditus [lat] suēscō [grc] ἔθω [san] स्वधा [lat] soleō [lat] -fex [grc] θήκη [grc] θεμείλια [grc] θεμέλιος [lat] famulus [lat] famelus [lat] familia [grc] θής [lat] (sacer)dōs [xcl] դնեմ [grc] θέμα [grc] θέμις [grc] Θέμις [grc] Θησεύς,*dʰeh₁-,"to do, to put, place",root,24
[pal] iska [txb] skente [grc] ἐσθλός,*h₁es-,to be,root,3
[hit] 𒄷𒅖𒍣 [grc] ἄεσα [san] अवात्सीत् [san] उवास [grc] ἰαύω [txb] wäs- [san] वस्ति [sqi] vathë [hit] 𒄷𒍑 [xcl] ագանիմ [xcl] գոյ [xcl] գոմ [lat] Vesta [ell] εστία [grc] Ἑστῐ́ᾱ [san] वस्,*h₂wes-,"to dwell, live, reside, to stay, spend the night",root,21
[san] भावयति [ave] 𐬠𐬀𐬎𐬎𐬀𐬌𐬙𐬌 [fas] بودن [lit] bùvintis [grc] πεφύασι [san] बभूव [ave] 𐬠𐬎𐬎𐬁𐬎𐬎𐬀 [ave] 𐬠𐬁𐬠𐬎𐬎𐬀𐬭𐬆 [sqi] botë [sqi] fis [san] भूति [grc] φυσικός [grc] φυτικός [lit] bū́tu [prg] būton [prg] boūton [grc] φῦμᾰ [san] भूमन् [grc] φυή [lit] bùtas [bre] bod [cym] bod [sga] both [grc] φῠτός [grc] φῠτόν [grc] φῦλον [grc] φῡλή [grc] φῠ́τλᾱ [grc] φῠ́τλη [grc] φῠ́τλον [lit] būklas [lit] bū́kla [san] प्रभु [lat] probus [lav] atsvabinât [lav] svabads [lat] Samnium [lat] Sabīnī [lat] Sabellī [lat] Semnōnes [sqi] bimë [sqi] bëhem [xcl] բոյս [xcl] բոյլ [xcl] բոյն [xcl] բլիթ [xcl] բոյթ [xcl] բայ [xcl] բաւիղ [lat] -bō [lat] -bam [lat] -bundus [lat] moribundus,*bʰuH-,"to be, become, grow, appear",root,57
[lit] gróti [sqi] hungëroj [sqi] nguroj [sqi] ngurónj [lit] gùrti [lat] grāc-ulus [xcl] կարկաչ [lit] gi̇̀rgždėti [non] kráka [non] krákr [san] गर्जति,*gerh₂-,"to cry hoarsely, crane",root,13
[lat] olō [lat] oleō [grc] ὄζω [grc] ὀδώδειν [sqi] amëz [sqi] âmë [sqi] erë [xcl] հոտ,*h₃ed-,"to smell, stink",root,8
[xcl] ատեամ [xcl] ատեմ [lat] ōdī [grc] ὠδυσάμην [grc] ὀδύσσομαι,*h₃ed-,to hate,root,5
[lav] ods [lit] úodas,*h₃ed-,to bite,root,2
[lit] naujèsnis [lat] novior,*new-,new,root,3
[sga] ad·noí [cym] adnau [cym] dinau [grc] νεύω [lat] *nuō [san] नवते,*new-,"to nod, assent to",root,6
[xcl] ն- [xcl] նի- [sga] ni-,*ní,down,adv,3
[grc] πέκω [grc] πεκτέω [lat] pectō [grc] πόκος [ang] feht [nld] vacht [lit] pešù [lit] pèšti [lit] pašýti,*peḱ-,"to pluck (wool, hair)",root,9
[grc] πέκος [lat] pecus,*peḱ-,"wealth, livestock",root,2
[eng] fain [goh] gifehan [isl] feginn [nor] fegen [got] *𐍆𐌰𐌷𐌾𐌰𐌽 [got] 𐍆𐌿𐌻𐌻𐌰𐍆𐌰𐌷𐌾𐌰𐌽 [lit] púošiu [non] fága [got] 𐍆𐌰𐌷𐌴𐌸𐍃,*peḱ-,"joyful, pretty",root,10
[grc] χυτός [san] हुत,*ǵʰutós,"libated, poured as part of a liquid offering",adj,2
[san] जरति [hye] ծեր [grc] γεραρός [ave] 𐬰𐬀𐬎𐬭𐬎𐬭𐬀 [grc] γραῦς [sqi] grua [lat] Graecus [lat] Grāius [grc] γῆρας [grc] γέρας [txb] śrāy [san] जरिमन् [fas] زرمان [fas] زرم [grc] γήραμα [ave] 𐬰𐬀𐬎𐬭𐬎𐬎𐬁 [pus] زړوالۍ [ave] 𐬰𐬀𐬭𐬆𐬙𐬀 [fas] زال [fas] زر [pus] زړه [pus] زوړ [pus] زاړه [pus] زړښت [san] जरा [san] जरस् [san] जर [san] जरायु [sqi] grue [sqi] gru [sqi] gruo [san] जॄ,*ǵerh₂-,"to grow old, to mature",root,41
[xcl] ասր [xcl] ասու,*péḱu,livestock,noun,2
[hye] էշ,*h₁éḱwos,"stallion, horse",noun,1
[san] अमत [ave] 𐬨𐬀𐬧𐬙𐬁 [grc] μνημοσύνη [lat] memor [grc] (θρασυ)μέμνων [san] मन्मन् [grc] Μέντωρ [san] मन्तृ [eng] minion [san] मन्तु [san] मन् [ave] 𐬨𐬀𐬥,*men-,"to think, mind, spiritual activity",root,12
[grc] μένω [san] ममन्धि [san] अममन् [san] ममन्यात् [grc] μίμνω [hit] 𒈪𒅎𒈠𒄿 [grc] ἔμεινα [lat] mānsī [hye] մնալ [lat] maneō [hye] մնաց [xto] mäskatär [txb] mäsketär [grc] μονή [grc] Μέμνων [mid] anmynedd [mid] amynedd [sga] ainmne,*men-,"to stay, remain",root,20
[lat] (ē)mineō [lat] (im)mineō [lat] (prō)mineō [lat] minae [ave] 𐬨𐬀𐬌𐬙𐬌 [lat] mōns [non] mœnir [non] mœna,*men-,"to stand out, to tower",root,8
[grc] μόνος [gle] mion [gla] mion [cym] difenwi [gla] meanbh [xcl] մանր [hit] 𒈠𒉌𒅔𒆪𒉿𒀭𒋼𒌍 [lit] meñkas [grc] μανός [san] मनाक् [xto] mank [txb] menki,*men-,"small, isolated",root,12
[xcl] հիւծանիմ [san] पिब्दमान [san] पपाद [san] पादयति [hit] 𒁉𒂊𒁕𒀭 [xcl] հետ [xcl] յետ [xcl] ետ [sga] ed [grc] πέδον [hin] पद [lat] (op)pidum [grc] πέδη [lav] pēda [lit] pėdà [grc] πηδόν [lat] pessum [grc] πεζός [lat] pēior [lat] pessimus [lat] expediō [lat] impediō [lat] peccō,*ped-,"to walk, to step, to stumble, to fall",root,23
[san] भरीमन् [grc] φέρετρον [grc] φαρέτρᾱ [san] भरित्र [grc] φέριστος [ave] 𐬠𐬀𐬌𐬭𐬌𐬱𐬙𐬀 [grc] φέρμᾰ [san] भर्मन् [grc] φερνή [xcl] բեռն [lav] bērns [lit] bernas [grc] φέρνιον [txb] preṃtsa [ang] beordor [grc] φέρτρον [lat] forda [grc] φορμός [sqi] barrë [sqi] bark [grc] βάρυκα [lat] fortūna [sga] ad-opair [cym] aberth [bre] aberzh [sqi] bir [xcl] -աւոր [lit] ber̃ždžias [lit] ber̃gždžias [grc] φορεύς [lat] fordus,*bʰer-,"to bear, carry",root,31
[sqi] ku [san] कु,*kú,where?,adv,2
[xcl] երկի- [ell] δι- [ell] δί- [lat] bi- [lat] du- [san] द्वि [sqi] degë,*dwi-,"two, apart, asunder",prefix,7
[sqi] trim [xcl] թոռն [lit] tar̃nas [grc] τέρυ [grc] τέρην [grc] τεράμων [ave] 𐬙𐬀𐬎𐬭𐬎𐬥𐬀 [mid] tarōk [mid] tōrūk [fas] تر [fas] توله [fas] ترانه [lat] tardus [lat] tener [lat] termes,*ter-,"tender, weak, young creature",root,15
[xcl] հայր [hye] հորա [xto] pācar [txb] pācer,*ph₂tḗr,father,noun,8
[xcl] եղբայր [xcl] եղբաւր,*bʰréh₂tēr,brother,noun,2
[xcl] մայր [xcl] մաւր,*méh₂tēr,mother,noun,2
[hit] 𒉈𒆪𒊻 [ell] νυξ [ell] νύκτα [ell] νύχτα [san] नक् [san] नक्तम् [san] नक्ति [ave] 𐬎𐬞𐬀⸱𐬥𐬀𐬑𐬙𐬎𐬭𐬎𐬱𐬎 [lat] nox,*nókʷts,night (or possibly 'evening'),noun,9
[sqi] muaj [sqi] muej [hye] ամիս [lav] mẽnesis [lav] mẽness [lit] mė́nesis [prg] menig [ell] μήνας,*mḗh₁n̥s,"moon, month",noun,9
[sqi] përposh [sqi] poshtë [hit] 𒄊𒀸 [lyc] 𐊓𐊁𐊅𐊁 [xlu] 𒉺𒋫𒀀𒀸 [xcl] ոտն [gle] aníos [gle] síos [gle] thíos [gla] nìos [gla] shìos [gla] sìos [ell] πόδι [lat] pēs [xto] pe [txb] paiyye,*pṓds,foot,noun,18
[sqi] rrënjë [gle] fréamh [gle] préamh [gla] freumh [cym] greddf [sga] frén [grc] ῥίζα [fas] ریشه [lat] radius [lat] rāmus [txb] witsako,*wréh₂ds,root,noun,22
[hit] 𒄩𒀸𒋼𒅕𒍝 [hye] աստղ [lat] stēlla [xto] śre [xto] śren̄ [txb] ścirye,*h₂stḗr,star,noun,6
[sqi] kërth [sqi] kërthizë [hit] 𒆠𒅕 [lyc] 𐊋𐊕𐊆𐊅𐊁 [pal] 𒅗𒀀𒅈𒋾 [hye] սիրտ [ell] καρδιά [xto] kri [txb] *käryā-,*ḱḗr,heart,noun,12
[hit] 𒇻𒅖 [lyc] 𐊜𐊀𐊇𐊙 [grc] κῶας [grc] ὄϊς [grc] οἶς [txb] awi,*h₂ówis,sheep,noun,7
[sqi] emër [sqi] êmën [hit] 𒆷𒀀𒈠𒀭 [xlu] /alaman‑/ [xlu] 𔐓𔓇𔒅 [xlu] 𔐓𔕦𔒅 [xlu] 𔐓𔓊𔒅 [xlu] 𔗸𔒅 [lyc] 𐊀𐊍𐊙𐊎𐊀 [hye] անուն [hye] անում [lat] nōmen [xto] ñom [txb] ñem,*h₁nómn̥,name,noun,23
[xcl] ցամաք,*dʰéǵʰōm,earth,noun,1
[cym] gwst [gle] gus [cel] gussou [lat] gustus,*ǵéwstus,taste,noun,6
[xcl] մաւր [san] मर्यादा,*móri,"sea, standing water",noun,2
[hit] 𒋫𒊒 [hit] 𒋫𒀀𒊒 [xlu] 𒋫𒀀𒊒 [xcl] տարր [xto] or [txb] or [txb] ārwa,*dóru,tree,noun,7
[grc] ἧμᾰ [lat] sēmen,*séh₁mn̥,seed,noun,2
[xlu] 𒉿𒈾𒀜𒋾𒅖 [hye] կին,*gʷḗn,woman,noun,2
[sqi] ve [prg] widdewū [lat] viduus [lat] vidua,*h₁widʰéwh₂,widow,noun,6
[hit] 𒆪𒉿𒀸 [hit] 𒆪𒉿𒈾𒀭 [xlu] 𔑬𔗵𔗬 [hye] շուն [xcl] սկունդ [ell] κύων [lat] canēs [lat] canis,*ḱwṓ,dog,noun,8
[hye] ատամ,*h₃dónts,tooth,noun,1
[xcl] լեզու,*dn̥ǵʰwéh₂s,tongue,noun,1
[xcl] արտ [xcl] ագարակ,*h₂éǵros,"field, pasturage",noun,2
[sqi] neth [hye] նստել,*nisdós,nest,noun,2
[hye] գործ [lav] var̂za [lit] váržas [ave] 𐬬𐬀𐬭𐬆𐬰𐬆𐬨 [xto] wark,*wérǵom,work,noun,5
[hit] 𒄿𒌑𒃷 [hye] լուծ [grc] ζυγόν [ell] ζυγός [grc] δυγός [xto] yokäm,*yugóm,yoke,noun,6
[hit] 𒉈𒂊𒁉𒅖 [lyc] 𐊗𐊀𐊂𐊀𐊛𐊀𐊈𐊀 [xlu] 𒋫𒀊𒉺𒀸𒊭 [bre] neñv [cym] nef [gle] neamh [gla] nèamh [ell] νέφος [san] नभस् [ave] 𐬥𐬀𐬠𐬀𐬵 [hye] նամ,*nébʰos,"cloud, mist, moisture",noun,11
[hit] 𒋠𒀸 [grc] λῆνος [lat] lāna,*h₂wĺ̥h₁neh₂,wool,noun,3
[lat] tenuis,*ténh₂us,thin,adj,1
[xcl] լնում [xcl] յղի,*pl̥h₁nós,full,adj,2
[hit] 𒊭𒉌 [hye] մի [hye] մը [sqi] një [grc] μία,*sḗm,one,num,5
[hit] tri- [lyc] 𐊗𐊕𐊁𐊆 [xlu] 𔑰𔖱𔓯 [hye] երեք,*tréyes,three,num,4
[lyc] 𐊗𐊁𐊗𐊁𐊕𐊆 [hye] չորս [xcl] քառ,*kʷetwóres,four,num,3
[xlu] 𒉺𒀭𒋫 [hye] հինգ,*pénkʷe,"five, hand (older)",num,2
[hye] վեց [xto] ṣäk [txb] ṣkas,*swéḱs,six,num,3
[hit] šipta- [sqi] shtatë [hye] յոթ [xto] ṣpät [txb] ṣukt,*septḿ̥,seven,num,5
[lyc] 𐊀𐊆𐊗𐊙𐊗𐊀 [hye] ութ [xto] okät [txb] okt,*oḱtṓw,eight,num,4
[lyc] 𐊏𐊒𐊏𐊗𐊀𐊗𐊀 [hye] ինը,*h₁néwn̥,nine,num,2
[hye] տասը,*déḱm̥,ten,num,1
[hit] 𒋫 [xlu] 𔑢𔗬 [xlu] 𔓯𔖩 [lyc] 𐊋𐊂𐊆 [hye] երկու [hye] երկուս [hye] երկուք [hye] կրկին [xto] wu [xto] we [txb] wi,*dwóh₁,two,num,14
[hye] ես [hye] մենք,*éǵh₂,I (first-person pronoun),pron,4
[hye] դու [hye] քեզ [hye] դուք,*túh₂,"you, thou (second-person singular pronoun)",pron,12
[hye] իր [lit] -s [prg] sien [grc] ἕ [grc] ἑκάς [grc] ἧλιξ [grc] σφεῖς [san] -स्व [lat] sē [lat] suī [lat] sibi,*swé,self (reflexive pronoun),pron,55
[xcl] ի- [xcl] հի- [xcl] ո [xcl] ով [xcl] որ [xcl] քան [grc] τίς [grc] τις [grc] ποῦ [grc] πού [grc] ποῖ [grc] πῇ [grc] πῃ [grc] πῶς [grc] πως [grc] πότε [grc] ποτέ [grc] πόθεν [grc] ὅστις [grc] ἄττα [grc] ἄσσα [grc] ἕκαστος [grc] ποδαπός [grc] πηνίκα [grc] πῆμος [hin] किस [hin] को [ave] 𐬐𐬋 [ave] 𐬗𐬌𐬱 [fas] که [fas] چه [fas] چی [fas] کی [fas] کدام [fas] کیو [pus] څه [lat] quis [lat] quī [lat] quam [lat] quoque [lat] ut [lat] unde [xto] kus [txb] kᵤse,*kʷís,"which, what",det,183
[swe] uv [ave] 𐬎𐬟𐬌𐬌𐬈𐬌𐬨𐬌,*up-,to cry out,root,2
[hit] 𒉿𒀠𒆪𒉿𒀸 [xlu] 𔑪 [xlu] 𒌨𒈤 [lat] lupus [txb] walkwe,*wĺ̥kʷos,wolf,noun,5
[xcl] տուն [xcl] տանուտէր [xcl] տէր [xcl] տիկին [xcl] տիեզերք [grc] δῶ [ave] 𐬛𐬀𐬨,*dṓm,"home, house",noun,7
[hit] 𒄀𒂊𒉡 [xcl] ծունր [ell] γόνατο [lat] genū [xto] kanweṃ [txb] keni [xcl] ծունգք [xcl] ծունկք [grc] γωνία [grc] γνύξ [grc] Γενουσία [ita] Ginosa [ita] Genòse [grc] Γενούσιος [lat] Genusus [lat] Genōsus,*ǵónu,knee,noun,16
[sqi] ari [sqi] arushë [hye] արջ [grc] ἄρκτος [lat] ursus,*h₂ŕ̥tḱos,bear,noun,5
[hye] հավ [hye] հավք,*h₂éwis,bird,noun,2
[hit] 𒁺𒌓𒋻𒊑𒄿𒀀𒋾𒄿𒀀𒀸 [lyc] 𐊋𐊂𐊀𐊗𐊕𐊀 [hye] դուստր,*dʰugh₂tḗr,daughter,noun,3
[xcl] քոյր [grc] ἔορ [xto] ṣar [txb] ṣer,*swésōr,sister,noun,6
[hit] 𒅔𒈾𒊏𒉿𒀭𒋫 [xlu] 𒀭𒅈𒌝𒈪 [xcl] այր [xcl] *h₂n̥rós [lit] nóras [prg] nertien,*h₂nḗr,"man, power, force, vital energy",noun,6
[sqi] pashë [san] पाति [ave] 𐬞𐬁𐬝 [lat] pāscō [grc] πατέομαι [grc] πῶμα [san] पायु [ave] 𐬞𐬁𐬌𐬌𐬎 [xcl] հօտ [xcl] հաւտ [hye] հոտաղ [fas] آباد [old] 𐎠𐎱𐎭𐎠𐎴 [san] पाल [xcl] հաւրան [xcl] պահակ [xcl] պարհ [xcl] պահ [lat] pābulum [grc] Πάν [san] पूषन् [san] पाता [ave] 𐬞𐬁𐬙𐬁 [xcl] հովիւ [xcl] հայիմ [grc] πῶυ [fas] پاییدن [lat] panis [lat] penes [lat] penetrō [lat] penus [lat] Penātes,*peh₂-,"to protect, to ward, to shepherd",root,34
[lit] kãras [mid] kʾlwʾn' [lav] karš [lit] kãrias [prg] kargis [gle] cuire [cym] cordd [non] Herjann [grc] κοίρανος,*ker-,army,root,9
[lav] viêns [lit] vi̇́enas [prg] ains [grc] οἰνός [grc] οἴνη,*h₁óynos,"one, single",num,8
[hye] նոր,*néwos,new,adj,1
[sqi] ve [sqi] vo [sqi] vø [sqi] vö [xcl] ձու [lat] ōvum,*h₂ōwyóm,egg,noun,10
[prg] pelkis [grc] πέλτη [lav] plêve [lit] plėvė̃ [grc] ἐπίπλοον [hit] 𒉺𒆷𒄴𒊭𒀸 [grc] ἐρυσίπελας [lav] plēne [lav] plēnes [lit] plėnė̃ [lit] plėni̇̀s [prg] pleynis [lat] palla [lat] pellis [ell] πέλμα [sqi] plah [lit] palà,*pel-,"to cover, to wrap, skin, hide, cloth",root,42
[grc] -πλός [lat] -plus [grc] πέπλος [gle] alt [gla] alt [san] पुट [grc] -πλάσιος [grc] -πλήσιος [sqi] palë [grc] -πλόος [grc] -πλοῦς,*pel-,to fold,root,11
[grc] πελεμίζω [lat] plāgō [lat] plangō [grc] πλάζω [sqi] plojë [grc] πλαγά [grc] πληγή [lat] plāga [grc] πλήσσω [ell] πλήττω [grc] πλᾶκτρον [grc] πλῆκτρον [lat] plēctō [lat] poliō [lat] (inter)polō [grc] πάλλω [lat] pellō [grc] παλτός [lat] pultō [grc] πόλεμος,*pel-,"to beat, push, drive",root,20
[grc] πάλη [grc] πόλτος [lat] puls [lat] pulvis [lat] pollen [pol] pył [pol] pyłek [pol] pylić [pol] pylenie [pol] pylnik,*pel-,"flour, dust",root,10
[sqi] plesht [san] प्लुषि [pus] ورږه,*plúsis,flea,noun,3
[xcl] ամուրի [grc] ἱέρᾱξ [xto] wir,*wiHrós,"man, husband, warrior, hero",noun,3
[xcl] ուստր [xto] se [txb] soy,*suHyús,alternative form of *suHnús,noun,3
[sga] od- [grc] ὑ- [grc] ὑ,*úd,"upwards, away, out, outward",adv,3
[grc] βελτίων [lat] dēbilis,*bel-,strength,root,2
[grc] μέδω [grc] μέδομαι [grc] μήδομαι [lat] medeor [cym] meddu [sga] midithir [xto] mem [txb] maim [sga] mess [lat] modus [xcl] միտ [ang] metod [ang] meted [ang] metud [ang] meotod [ang] meotud [old] metod [non] mjǫtuðr [grc] μήδεα [sqi] mas [ave] 𐬬𐬍𐬨𐬀𐬛 [old] azdā,*med-,"to measure, to give advice, healing",root,22
[xlu] 𒈪𒀉𒂵𒄿𒈪 [xcl] մեղու [san] मधु [txb] mīt,*médʰu,"honey, honey wine, mead",noun,4
[sqi] për [grc] περί [grc] πέρ [san] परि [fas] پیراـ [lat] per,*péri,around,adv,6
[txb] yel- [lat] voltus [xcl] գեղ,*wel-,"to see, perceive",root,3
[lit] šliti̇̀s,*ḱley-,"to shelter, cover",root,1
[san] अश्रेत् [ave] 𐬥𐬌𐬯𐬭𐬍𐬙𐬀 [lat] cliēns [ave] 𐬥𐬌𐬯𐬭𐬌𐬥𐬀𐬊𐬨𐬌 [grc] κέκλιται [san] शिश्राय [grc] κλίμα [sqi] qye [hye] լինել [hye] լեռ [gle] cliabh [gla] cliabh [cym] cledr [lat] clēmēns [san] श्रि,*ḱley-,"to lean, slope, incline",root,15
[gle] faoi [gla] fo [grc] ὑπό [hin] उप- [txb] spe,*upó,"up, from below",adv,16
[lit] pàs [grc] πός,*pós,"afterwards, post-, by, at",adv,2
[grc] -ός,*-ós,Forms possessive adjectives from nouns.,suffix,1
[grc] -ός [san] -अ,*-ós,"Creates adjectives from verb stems; they may have agentive or patientive meaning., Creates agent nouns from verb stems, denoting someone or something that performs that verb's action., Creates adjectives from verb stems; they may have agentive or patientive meaning., Creates patient nouns from verb stems, denoting something affected by the verb's action.",suffix,2
[lav] ņemt [grc] νέμω [grc] νομή [lat] numerus [grc] Νεμέα [grc] νόμος [grc] νομός [san] नम [grc] νέμεσις [grc] Νέμεσις [sqi] nëmë [sqi] njeh [gle] nimh [gla] nimh,*nem-,"to distribute, to give, to take",root,16
[san] नमयति [ave] 𐬥𐬁𐬨𐬀𐬌𐬌𐬈𐬌𐬙𐬌 [san] नम्,*nem-,to bend,root,3
[lat] ningit [lat] ninguit [san] स्निह्यति [lav] snigt [lit] sni̇̀gti [txb] śiñcatstse* [san] स्निह्,*sneygʷʰ-,to snow,root,7
[sqi] ujë [hit] 𒉿𒀀𒋻 [xlu] 𒉿𒀀𒅈𒊭 [gmy] 𐀄𐀈 [grc] ὕδωρ [san] उदन् [san] वार् [xto] wär [txb] war,*wódr̥,water,noun,9
[sqi] gjithë [lat] singulī [non] sam- [ell] συν [nld] syn- [eng] syn- [eng] sym- [fra] syn- [deu] syn- [ita] sin- [ita] sim- [ita] sil- [pol] syn- [gmy] 𐀓𐀱 [hye] ամեն [hye] ամենա- [grc] ἁμός [grc] ἁμῆ [ell] άμα [san] सम [fas] همه [sga] samail [sga] amal [cym] fel [bre] evel [grc] ὁμαλός [lat] similis [lat] simul [lat] insimul [hye] հանգչել [hye] հանգուցյալ [cym] hefyd [ang] sin- [ang] sine- [old] sin- [goh] sin- [got] 𐍃𐌹𐌽𐍄𐌴𐌹𐌽𐍃 [san] सुमत् [san] स्मत् [lat] simītū,*sem-,"together, one",root,87
[lit] per [lit] per- [lit] par- [lav] par [lav] par- [prg] per [lat] per [lat] per-,*pér,through,adv,14
[grc] ἆλτο [san] असरत् [san] सरति [san] सिसर्ति [grc] ἱάλλω [grc] ἰάλλω [san] ससार [txb] salamo [xto] salat [san] सारयति [san] सृत [lat] saltus [san] सृ,*sel-,"jump, spring",root,13
[lat] creō [lat] crēscō [lat] crēber [grc] κόρος [gmy] 𐀒𐀺 [xcl] սեր [xcl] սերեմ [xcl] սերիմ [xcl] սեռ [xcl] սերմն [xcl] սերտ [goh] hirso,*ḱer-,"to grow, to make grow, to nourish",root,13
[sqi] thur [xcl] սարդ [sqi] thark [xcl] սարիք [xcl] սարք [grc] καῖρος [san] शृङ्खल,*ḱer-,"to plait, weave, rope, string",root,7
[lat] grānum,*ǵr̥h₂nóm,grain,noun,1
[xcl] հին [got] 𐍃𐌹𐌽𐌴𐌹𐌲𐍃 [grc] ἕνος [san] सन [lat] senex,*sénos,old,adj,5
[lat] signum [sqi] shat [lat] secula [lat] secūris [non] sigg [bre] hesq [mid] hescenn [lat] sexus [lat] saxum [lat] sacēna,*sek-,"to cut, cut off, sever",root,12
[sqi] tym [lat] fūmus,*dʰuh₂mós,smoke,noun,2
[sqi] dhashë [sqi] dhunti [sqi] dhuroj [hye] տալ [san] दामन्,*deh₃-,to give,root,5
[cym] crynu [cym] ergryn [sga] ara·chrin [ell] κρίνω [lat] cernō [lat] crībrum [ell] κρίμα [lat] crīmen [grc] κριτός [lat] certus [lat] crētus,*krey-,"to sift, separate, divide",root,12
[grc] καπᾱ́να [lat] dis-cipulus [sga] cúan [old] haban [old] havan [mid] haven [cym] cawg [gle] cuach [gla] cuach [grc] καῦκος [grc] κῆπος [grc] κώπη,*kap-,"to seize, to grab, to hold",root,17
[lat] *caps [lat] -ceps,*kap-,"head, bowl, cup",root,2
[gle] duaidh [non] át [lat] ēdī [san] आदयति [xcl] ուտեմ [xto] yats [txb] yetse [san] अत्तृ [lat] ēsor [grc] ᾱ̓́ρῑστον [san] अन्न [grc] εἶδαρ [san] व्यद्वर [xcl] նաւթի [grc] νῆστις [sqi] ha [xlu] 𒀀𒁺𒈾,*h₁ed-,to eat,root,17
[sqi] gak [sqi] ka [xcl] կով [lav] govs [txb] kaiyye,*gʷṓws,cattle,noun,6
[sqi] gjatë [hit] 𒁍𒁕𒀸 [grc] δολιχός,*dl̥h₁gʰós,long,adj,3
[sqi] vesh [xcl] ունկն [xcl] ականջք [lav] auss [lit] ausis [prg] āusins [ell] αυτί [eng] aur- [lat] auricula,*h₂ṓws,ear,noun,11
[grc] ἔοργε [ell] οργή [grc] -ουργός [gmy] -𐀺𐀒 [sqi] argëtoj [sqi] argëtim [grc] ὄργανον [grc] ὄργιον [grc] ὄργῐᾰ [gmy] 𐀺𐀫𐀑𐀍𐀚𐀍 [san] स्ववृष्टि [xto] wärkṣäl [txb] warkṣäl,*werǵ-,to make,root,15
[prg] wackis [lav] vāci [lit] vokietis [grc] ὄψ,*wṓkʷs,"voice, speech",noun,4
[sqi] quaj [lav] slava [lav] slave [lit] šlovė [xto] ñomklyu [txb] ñemkälywe,*ḱléwos,fame,noun,6
[xcl] գոչեմ [grc] ἔπος [san] वक्त्र [gle] fuaim [gla] fuaim [grc] ὄσσα [grc] ὄττα [grc] εὐρύοπα [san] उक्थ [ave] 𐬎𐬑𐬜𐬀 [hit] huek- [hit] huk- [prg] enwackē,*wekʷ-,"to speak, to sound out",root,13
[fas] سرودن [lav] sluvêt [lat] clueō [grc] κλειτός [hye] լուր [san] श्रुति [san] श्रोत्र [ave] 𐬯𐬭𐬎𐬌𐬌𐬉 [san] श्रु,*ḱlew-,to hear,root,11
[hit] 𒋗𒌒𒉺𒊑 [san] स्वपिति [san] स्वपति [san] स्वापयति [non] sǿfa [lat] sōpiō [san] सुष्वाप [hit] 𒋗𒌒𒈦𒉿𒀭𒍝 [hit] 𒋗𒌒𒉺𒊑𒅀𒉡𒌦 [grc] ὕπᾰρ [chu] съниѥ [txb] sänmetse [lit] sapnỹs [san] स्वप्न्यम् [lat] somnium [xcl] քուն [lat] somnus [lat] sopor [san] सुप्त [ave] 𐬓𐬀𐬠𐬛𐬀- [san] स्वप्,*swep-,to sleep,root,41
[grc] εἴδομαι [xcl] եգիտ [grc] εἶδον [san] अविदत् [hye] գտնել [sga] ro·finnadar [san] विन्दति [mid] 𐫇𐫏𐫗𐫅𐫏𐫗𐫅 [sga] foídid [san] वेदयति [grc] εἶδος [san] वेदस् [san] वेद [san] वेद्या [grc] εἴδωλον [lav] vēsts [san] वित्ति [lat] vīsus [grc] Ἀΐδης [grc] ἀϊδής [grc] νῆις [grc] ἴδμων [san] विद्मन् [grc] ἴδρις [san] विद्या [sqi] vizë [xcl] գիւտ [lav] viedêt [lit] veizdė́ti [lit] vaizdas [prg] widdai [grc] ἀΐδηλος [grc] ἀείδελος [lat] vīdī [san] विद्,*weyd-,to see,root,35
[grc] μένος,*ménos,"mind, thought",noun,1
[san] वमति [lat] vomō [grc] ἐμέω [grc] ἔμεσις [grc] ἔμετος [lat] vomitus [sqi] umas [lit] vėmalai,*wemh₁-,"to spew, to vomit",root,8
[lav] škibît [lit] skiẽbti [gle] sceith [gla] sgeith [swe] skäde [lat] sciō [lav] šķiets [lit] skietas [lat] scūtum [sqi] shqisë [gle] scian [gla] sgian [eng] skean [eng] skene [eng] skeyn [cym] ysgien,*skey-,"to split, to dissect",root,23
[non] vagl [grc] ὄχλος [san] ऊढि [lat] vectis [san] ऊढ [lat] vēlum [san] वहित्र [lat] vehiculum [lat] vector [sqi] udhë [sqi] vjedh [lat] via [lat] vomer,*weǵʰ-,"to bring, to transport",root,14
[lav] vārds [lit] var̃das [prg] wirds,*werdʰh₁om,word,noun,3
[grc] ἀντίος [san] अन्त्य [ave] -𐬀𐬧𐬛𐬌𐬌𐬀 [ave] 𐬞𐬁𐬭𐬀𐬧𐬛𐬍 [ave] 𐬞𐬁𐬭𐬆𐬧𐬛𐬀𐬌 [lat] antiae,*h₂entíos,"front, forehead",noun,6
[san] अप् [gmy] 𐀃𐀞 [gmy] *h₃erbʰ- [lat] ops [lat] cōpia [hit] 𒄩𒀊𒁉𒈾𒀭𒍝 [lat] opulentus [lat] omnis [san] अप्नस् [hit] 𒄩𒀀𒀊𒈦 [lit] apstus [sqi] punë [xcl] *աւն [grc] ὄμπνη,*h₃ep-,"to work, toil, make, ability, force",root,16
[sqi] e- [xcl] ան-,*n̥-,"not, un-",prefix,2
[gle] sneachta [gla] sneachda [cym] nyf [cym] *snigʷo- [grc] νίψ* [san] स्निह् [lat] nix,*snígʷʰs,snow,noun,11
[san] स्नेह,*snóygʷʰos,snow,noun,1
[grc] αἴνυμαι [gmy] 𐁁𐀝𐀕𐀜 [grc] αἶσα [sga] óeth [grc] οἶτος [xto] e- [txb] ai-,*h₂ey-,"to give, to be given; to receive, take",root,7
[ave] 𐬀𐬌𐬌𐬀𐬭𐬆,*h₂ey-,"day, morning",root,1
[grc] λᾱκέω [grc] ληκέω [grc] λάσκω [grc] λακερός [lat] lancinō [lat] lacer [lat] lacerō [grc] λᾰκίς [grc] λᾰκίζω [san] रायति [ave] 𐬭𐬀𐬌𐬌𐬀𐬧𐬙 [grc] λᾰ́λος [lat] lallō [grc] λῆρος [lat] lāmentum [lat] lātrō [sqi] leh,*leh₂-,"to bark, howl",root,17
[grc] λᾱ́θω [grc] λήθω [grc] λανθάνω [grc] λᾶθος [grc] λῆθος [grc] λήθη [grc] λάθρῃ [grc] λαθι(κηδής) [lat] lateō [hit] 𒌋𒆷𒂊 [chu] лаяти [ces] lákat [non] lómr [mid] luo [san] लयते [xto] lät [txb] lät,*leh₂-,to be concealed,root,17
[ave] 𐬰𐬀𐬎𐬎𐬀𐬌𐬙𐬌 [lav] zavêt [lit] žavė́ti [txb] kwā- [sqi] zulmë [xcl] ձաւնեմ [grc] καυχάομαι [san] जोहवीमि [ave] 𐬰𐬀𐬊𐬰𐬀𐬊𐬨𐬍 [san] ह्वे,*ǵʰewH-,"to call on, invoke",root,10
[lat] legō [xto] läk- [txb] läk- [lat] lēx [san] स्रज् [lat] lignum [lat] legūmen [grc] λόγος [mid] lazūr,*leǵ-,"to gather, collect, with derivatives meaning to speak by carefully selecting one's words.",root,9
[hit] 𒇷𒅁𒍣 [hit] 𒇷𒉺𒀀𒄑𒍣 [isl] lafa [grc] λοβός [fas] لب [lat] labium [lat] labrum [goh] laffan [lat] lambō [nld] lepel [goh] leffil [sqi] lap [xcl] լափեմ [lit] lapènti [rus] ло́пать [rus] лобзать [bul] лапам [grc] λάπτω [grc] λαφύσσω,*leb-,"to hang down loosely, lip, to lick",root,25
[hit] 𒇻𒊌𒅗𒊑 [san] रुचान [san] रोचते [ave] 𐬭𐬀𐬊𐬗𐬀𐬥𐬙- [grc] λεύσσω [hit] 𒇻𒊌𒆠𒄑𒍣 [hye] լուցել [san] रुरोच [grc] (ἀμφι)λύκη [grc] λυκά(βας) [grc] λυκό(φως) [grc] Λυκαῖος [grc] λύκειος [prg] luckis [san] रुक्म [lat] lūcubrō [fas] لوخن [lat] luscus [lat] lūmen [grc] λύχνος [lat] lūstrum [lat] lūstrō [sqi] lekë [sqi] lakur [sqi] loqe [sqi] gloq [xcl] լուսանունք [xcl] լուսն [sga] luchair [cym] llug [bre] luc'hed [cym] lluched [sga] lóchet [bre] lagad [cym] llygad [grc] λύγξ [lat] lucerna [san] रुच् [xto] luk- [txb] luk-,*lewk-,"bright, to shine, to see",root,44
[sga] lingid [sga] ·ling [san] रङ्घति [san] रङ्घते [san] लङ्घते [sqi] lehtë [grc] ἐλᾰ́χιστος [sga] laigiu [cym] llai,*h₁lengʷʰ-,"to move lightly, effortlessly, lightweight",root,11
[grc] λέκτο [grc] λέχομαι [txb] lyäk- [xto] lyäk [txb] lykuññe [grc] λέχος [lat] lectus [ell] λέκτρο [eng] Leicester [fra] Loire [old] lies [prg] lasto [prg] *logʰ-sth₂-eh₂ [txb] lest [txb] lesto [xto] lyāk [txb] lyāk [txb] lyśalyñeṣṣe,*legʰ-,to lie (to be in resting position),root,21
[grc] πυνθάνομαι [san] बुध्यते [ave] 𐬠𐬏𐬌𐬜𐬌𐬌𐬀𐬉𐬙𐬀 [cym] rhybudd [sga] robud [san] बोध [xto] pot- [txb] paut- [lav] bust [lit] bùsti [grc] πῠ́στῐς [san] बुद्धि [ave] 𐬠𐬎𐬯𐬙𐬌 [cym] bodd [san] बुध,*bʰewdʰ-,"to be awake, be aware",root,15
[sqi] mund [old] mendian [mid] menden [grc] μανθάνω,*men(s)dʰh₁-,"vivacious, wisdom, to pay attention to",root,4
[lav] -tus [lit] -tus [grc] -τύς [lat] -tum [lat] -tus [san] -तु [san] -तुम् [san] -तवे [san] -तोस्,*-tus,Derives action nouns from verb roots.,suffix,9
[lav] -tis [lit] -tis [lav] -t [lit] -ti [san] -ति [ave] -𐬙𐬌 [lat] -tim,*-tis,Derives abstract/action nouns from verb roots.,suffix,7
[sqi] -më [xcl] -ումն [xcl] -աւն [grc] -μᾰ [grc] -μεν [lat] -men,*-mn̥,Creates action nouns or result nouns from verbs.,suffix,6
[grc] -μος [grc] -μός [lat] -mus,*-mos,Creates action/result nouns from verb stems.,suffix,3
[grc] -τωρ [san] -तृ [san] -ता [lat] -tor,*-tōr,"Derives agent nouns from verb roots, denoting someone or something who has performed the root's action.",suffix,4
[grc] γενέτωρ [san] जनितृ [ave] 𐬰𐬄𐬚𐬀𐬭 [lat] genitor,*ǵénh₁tōr,"one who begets, produces, parent",noun,4
[grc] -τήρ [san] -तृ [san] -ता,*-tḗr,"Derives agent nouns from verb roots, denoting someone or something whose role or purpose it is to perform the root's action.",suffix,3
[san] अप्राट् [ave] 𐬟𐬭𐬀𐬱𐬍 [xto] prakäs [txb] preksa [cym] rheg [san] प्राश् [ave] 𐬟𐬭𐬀𐬯𐬁 [ave] 𐬟𐬆𐬭𐬀𐬯𐬁 [ita] prece [por] prece [lat] precor [ita] proco [por] proco [lat] procō [xcl] հարսն [lit] pir̃šti [lat] percontor [xto] pärk- [txb] pärk-,*preḱ-,to ask,root,19
[san] अधृत [san] धृथास् [ave] 𐬛𐬆𐬭𐬆𐬙𐬁 [ave] 𐬛𐬭𐬍𐬙𐬁 [lav] derêt [lit] derė́ti [san] दिधृतम् [ave] 𐬬𐬌𐬛𐬌𐬜𐬁𐬭𐬆𐬨𐬥𐬀- [san] दाधार [san] दधार [san] दध्रे [san] दधर्तु [lav] darît [lit] darýti [san] धर्मन् [san] धर्म [lit] darna [lat] firmus [lat] ferē [lat] fermē [lat] frēnum [lat] frētus [sga] drong [grc] θράω [grc] θρᾶνος [grc] θρῆνυς [grc] θρόνος,*dʰer-,"to support, to hold",root,29
[hit] 𒀠𒉺𒀸 [grc] ἀλφός,*albʰós,white,adj,2
[hye] այլ [san] अर्य [txb] ālyauce,*h₂élyos,"other, another",det,3
[txb] *ārtk- [san] ऋध्नोति [san] ऋध्यति [lat] arbor [lat] arbōs [san] ऋद्धि [san] समृद्ध [gle] ard [gla] àrd [bre] arz [cym] ardd [grc] ὀρθός [gmy] 𐀃𐀵𐀺- [lat] arduus [grc] ὄρθρος [hit] harduppi [xto] orto,*h₃erdʰ-,"to increase, grow, upright, high",root,17
[lat] fruor [lat] frūctus [lat] frūmen [lat] frūmentum [grc] φάρυγξ [xcl] երբուծ,*bʰruHg-,to make use of; have enjoyment of,root,7
[san] राष्टि [san] राजति [lit] rę́žti [lav] rìezt [lav] *ren̂zt [san] ऋञ्जते [grc] ὤρεξα [lat] rēxī [lat] rēgula [lat] regimen [sga] díriuch [lav] redzēt [lit] règti [lit] regė́ti [san] राजि,*h₃reǵ-,"to straighten, to righten",root,21
[lav] dziêdu [lit] gi̇́edu [rus] га́ять [san] गायति [san] गासि [san] गाथ [san] गाथा [san] गीत [san] गै,*geH-,"to sing, to cry",root,15
[lat] ligō [sqi] lidh,*leyǵ-,"to bind, tie",root,2
[rus] мета́ть [bul] мятам [pol] miotać [lat] mittō,*smeyt-,to throw,root,4
[grc] ὀρεκτός [lat] rēctus,*h₃reǵtós,"straightened, right, upright",adj,2
[sqi] -të [grc] -τός [lat] -tus [lat] -sus,*-tós,Creates verbal adjectives from verb roots.,suffix,6
[xcl] -եմ [lav] -īt [lit] -yti [sga] -id [grc] -έω [lat] -eō [san] -अयति [ave] -𐬀𐬌𐬌𐬈𐬌𐬙𐬌 [sqi] -së,*-éyeti,"Forms causative imperfective verbs from roots., Forms iterative or frequentative imperfective verbs from roots.",suffix,9
[grc] -έω [san] -अयति [ave] -𐬀𐬌𐬌𐬈𐬌𐬙𐬌,*-éyeti,Forms imperfective verbs from roots.,suffix,3
[hye] հեծնել [ces] sedat [pol] siadać [lat] sēdō [san] ससाद [ave] 𐬵𐬀𐬰𐬛𐬌𐬌𐬁𐬝 [lat] sēdī [lat] cēdō [lat] sēdēs [lat] (dē)ses [lat] (prae)ses [grc] ἕσις [lat] sessiō [grc] ἕδος [san] सदस् [cym] hedd [non] setr [ang] set [ell] οδός [san] साद [ang] gesæt [mid] sawdd [lit] súodžiai [gle] suí [gla] suidhe [cym] sedd [lat] solium [lav] sàds [lit] sõdas [xcl] ետղ [xcl] տեղ [grc] ἕλλα [lat] sella [grc] -εδρος [grc] ἕδρα [sqi] gjazë [xcl] զիստ [xcl] առիճ [lav] segli [grc] ἱδρύω [non] sæti [ang] sǣte [san] सद्,*sed-,to sit,root,43
[sga] ad·suidi [san] सादयति [ave] 𐬥𐬌𐬱𐬁𐬜𐬀𐬌𐬌𐬈𐬌𐬙𐬌 [old] 𐎴𐎡𐎹𐏁𐎠𐎭𐎹𐎶,*sodéyeti,"to set, to seat, to cause to sit",verb,4
[grc] -έω [grc] -όω [grc] -πτω [grc] -σσω [grc] -ττω [grc] -ζω [grc] -λλω [grc] -ιCω [lat] -iō [san] -यति [san] -यते [ave] -𐬌𐬌𐬈𐬌𐬙𐬌,*-yéti,"Creates intransitive, often deponent, imperfective verbs from roots.",suffix,14
[lat] aceō [grc] ἀκίς [xcl] ասեղն [rus] осело́к [chu] осла [pol] osełka [lat] aciēs [lat] acia [lav] ass [lav] ašs [lat] acuō [txb] akwam [txb] akwatse [grc] ἀκμή [lat] agna [grc] ἀκή [ell] οξύς [lav] aksts [lit] aksti̇̀s [rus] ость [ces] osť [pol] ość [lav] akstins [lit] ãkstinas [sga] aitten [cym] eithin [bre] bezhin [txb] āśce [lat] astūtus [sqi] ath [sqi] eh [sqi] thua [xcl] հասկ [hye] ոսի [ave] 𐬀𐬯𐬏𐬭𐬀 [fas] آچار [pus] اښار,*h₂eḱ-,sharp,root,70
[txb] āks-,*h₂ḱh₂owsyéti,"to be sharp-eared, to hear well",verb,1
[ave] 𐬭𐬁𐬰𐬀𐬌𐬌𐬈𐬌𐬙𐬈,*h₃roǵéyeti,"to straighten, to make straight, to cause to be straight",verb,1
[sqi] tëtanë [sqi] Dedë [hit] 𒌅𒍖𒍣𒅖 [lav] tàuta [lit] tautà [prg] tauto,*tewtéh₂,"heap, pile; crowd ?, people, tribe",noun,6
[san] हरति [san] अहृथास् [san] जह्रुर् [grc] χορός,*ǵʰer-,"to take, get",root,4
[grc] χόρτος [txb] kerccī,*gʰórtos,enclosure,noun,2
[grc] ἄω [lat] satis [xcl] ատ-ոք [xcl] յ-ագ [grc] ἅδην [san] असिन्व,*seh₂-,"to satiate, satisfy",root,7
[cym] erch [gle] earc [gla] earc [lat] perca [grc] πέρκος [grc] περκαίνω [grc] περκάς [grc] περκάζω [grc] περκόομαι [san] पृशत् [grc] πρόξ [grc] προκᾰ́ς [grc] πρώξ [grc] περκνός [grc] πρακνόν [sqi] prënjkë [san] पृश्नि [mid] plš [lat] pulcher,*perḱ-,"colored, speckled",root,26
[nor] fere [san] पर्शान [lat] porca [lit] prapar̃šas,*perḱ-,"to open, rip up, to dig",root,4
[ell] αφαλός [ell] ομφαλός [eng] omphalos [lat] umbilīcus,*h₃nóbʰōl,navel,noun,5
[grc] μάντις [lat] mēns [lat] mentior,*méntis,thought,noun,3
[san] पिशान [san] पिंशति [old] 𐎠𐎱𐎡𐎰 [old] 𐎴𐎡𐎹𐎱𐎡𐎰𐎶 [lat] pingō [xto] pikiñc [xto] pik- [txb] piṅkäṃ [txb] pik- [lit] piẽšti [prg] peisāi [ell] πικρός [san] पिष्ट [ave] 𐬟𐬭𐬀𐬞𐬌𐬑𐬱𐬙𐬀 [fas] سبشت [lat] pictus [lit] paišai̇̃ [lit] piẽšas [eng] poikilo- [eng] poecilo- [ell] ποικίλος [lat] Poecilē [gmy] 𐀡𐀑𐀫𐀝𐀏 [rus] пегий [san] पिशङ्ग [hye] պիսակ [san] पिङ्ग [san] पिश्,*peyḱ-,"to hew, cut out, to stitch, embroider, sting, to paint, mark, color",root,28
[lit] pei̇̃kti [lav] pikts [lit] pi̇̀ktas [sga] óech [lav] pîkt [lit] pỹkti [san] पिशुन,*peyḱ-,"hostile, angry, enemy, evil",root,7
[hye] դուրգ [sga] droch [grc] τροχός [lit] padróžti [lav] drāžu [hye] դարձ,*dʰregʰ-,"to run, to drag, to pull",root,9
[lat] nōbilis [grc] γνώμη [lat] grōma [grc] γνώμων [san] ज्ञान [lat] glōria [grc] γνῶσις [mid] znt' [san] ज्ञाति [lat] nōtiō [lat] gnāvus [isl] kyn [gle] gnúis [gla] gnùis [mid] gnis,*ǵneh₃-,"to recognise, to know",root,15
[sqi] mjez [hye] մեջ [lit] mẽdis [lav] mežs [prg] median,*médʰyos,middle,adj,6
[grc] ἐν- [grc] ἀ- [grc] ἀδελφός [fra] in- [fra] en-,*h₁n̥-,"in, in-",prefix,5
[xcl] երեկ [xcl] երէկ [grc] Ἔρεβος [san] रजस्,*h₁régʷos,darkness,noun,4
[lat] āreō [txb] osotär [hit] 𒄩𒀀𒀸 [hit] 𒄩𒀸𒊭𒀀𒀸 [lyc] 𐊜𐊀𐊛𐊀𐊅𐊆 [lat] āra [xcl] հաստեայ [xcl] ոստին [ces] ozditi [grc] ἄζω [xcl] աստուճ [lat] assus [ang] ōm [ang] ōme [deu] Ahm [deu] Ohm [isl] ámur [xcl] աճիւն [xcl] ասկն [grc] ἄσβολος [grc] ἀσβόλη [xcl] ազազեմ [goh] essa [san] आस [fas] آهک [xto] asatär [xto] āştär [txb] astare [xto] ās- [txb] ās-,*h₂eHs-,"to be dry, to dry, to burn, to glow, hearth, ashes",root,31
[lav] làicît [lit] laikýti [prg] laikūt [san] रेचयति [ave] 𐬭𐬀𐬉𐬗𐬀𐬌𐬌𐬈𐬌𐬙𐬌 [san] रिक्थ [san] ऋक्थ [lav] likt [lav] lieks [lit] likti [rus] лишать [grc] ἔκλειψις [grc] λείπω [gla] dìleab,*leykʷ-,to leave,root,14
[sga] ·ara [grc] ἤροσα [grc] ἄροτος [lat] arātum [grc] ἄρουρα [san] उर्वरा [lat] arvus [sqi] arë [xcl] հարաւունք [xcl] *h₂erh₃-won- [xcl] արաւս,*h₂erh₃-,to plough,root,11
[hye] արոր [lat] arātrum,*h₂érh₃trom,"plough, ard",noun,3
[lat] aes,*h₂éyos,"a metal, copper, bronze",noun,1
[lat] dēfendō [lat] offendō [sqi] gjuaj [xcl] ջնջեմ [lav] dzenêt [lit] genė́ti [grc] θείνω [sga] geguin [grc] πέφαται [san] जघान [san] जघ्नुर् [ave] 𐬘𐬀𐬖𐬥𐬎𐬎𐬁𐬵 [hit] 𒆪𒀸𒆠- [hit] 𒆪𒉿𒀸𒆠- [txb] käsk- [grc] ἔπεφνον [ave] 𐬥𐬌𐬘𐬀𐬖𐬥𐬆𐬧𐬙𐬈 [ave] 𐬀𐬎𐬎𐬀𐬘𐬀𐬖𐬥𐬀𐬝 [xcl] գան [xcl] գանեմ [san] हन् [fas] زَن,*gʷʰen-,"to strike, slay, kill",root,31
[grc] ἄγχω [lat] angō [lat] angustus [lat] ānxius [sqi] angësht [xcl] անձաւ [grc] ἀγχοῦ [grc] ἄγχι,*h₂enǵʰ-,"to constrict, tighten, compress, narrow, tight, distressed, anxious",root,8
[san] स्रावयति [grc] ῥεῦμα [ell] ρύση [san] स्रुति [sqi] rrymë [sqi] rrym [lav] stràuma [grc] Στρυμών [lav] strava [lav] stràvа [lav] strāva [lit] prasrava [ell] ροή [san] गिरिस्रवा [grc] ῥόος [san] स्राव [lit] sraũtas [xcl] առու [grc] ῥοία [grc] ῥυτός [san] स्रुत [grc] ῥυτόν [grc] ῥυθμός [grc] ῥέεθρον [grc] ῥεῖθρον [xcl] գետ-առ [lav] strāve [lit] srovė [lit] strovė̃ [lav] stràume [lit] sraumuõ [lit] straumuo [lit] sriaumė [lit] sravėti [san] स्रु,*srew-,"to flow, stream",root,39
[hit] 𒁄𒄭𒅖 [sqi] pëllëmbë [sqi] pllâmë [grc] παλάμη [lat] palma [lat] plānus [lav] plâns [lit] plonas [prg] plonis [lat] planta [bre] loer [cym] llawdr [gle] láthair [gla] làthair [lat] plautus [lat] palam [xcl] լայն [xcl] *հոլ- [lav] plakans [lit] plakãnas,*pleh₂-,flat,root,44
[san] अपात् [grc] πῶθι [san] पपौ [grc] πῶμα [grc] πόμα [grc] πόσις [san] पीति [sga] ól [san] पात्र [lat] pōculum [san] पातृ [sqi] pi [sqi] pinë [ell] πίνω [san] पाययति [hit] pa-a-aš-šu-an-zi [prg] poieti [grc] πότος [san] पा,*peh₃-,to drink,root,23
[hye] ամպրոպ [mid] Amir [mid] Amyr [lat] imber [xto] eprer,*n̥bʰrós,"rain-cloud, with semantic narrowing to rain, cloud",noun,11
[lat] ferōx [lat] ferīnus [grc] θήρα [grc] θηράω [grc] θήραμα [xto] śaru [txb] śerwe,*ǵʰwer-,"wild, wild animal",root,7
[grc] θέσσασθαι [grc] ποθέω [lit] pasigèsti [lit] pasigendù [cym] gweddi [gle] geis [gle] guí [gla] guidhe [san] गाध [grc] πόθος [xcl] գոթի [lit] gedė́ti [lit] gedžiù [lit] gedáuti [grc] ποθή,*gʷʰedʰ-,"to request, pray, ask for",root,15
[sqi] hangër [sqi] ngrënë [sqi] ngranë [xcl] եկեր [san] गरन् [san] जगार [san] गिरति [grc] βιβρώσκω [grc] βορά [san] गरा [lat] vorō [grc] βόρος [hye] կեր [san] गर [hye] կոկորդ [san] गीर्ण [sqi] grellë [lit] gi̇̀rtas [grc] βρωτός [ave] 𐬔𐬀𐬭𐬋 [ave] 𐬀𐬯𐬞𐬋𐬔𐬀𐬭𐬆𐬨 [san] गॄ,*gʷerh₃-,"to swallow, devour, eat",root,23
[sqi] s' [hit] 𒊌𒆪 [xlu] 𒆪 [pal] 𒆪 [xcl] -եք [got] -𐌿𐌷 [grc] τε [gmy] 𐀤,*-kʷe,and,conj,8
[gmy] 𐀤 [lat] -que,*-kʷe,"generalizing particle, forms distributives from interrogatives",particle,2
[sqi] pata [lav] pats [lit] pats [bre] ozhacʼh [bre] ezhecʼh [sga] aithech,*pótis,"master, ruler, husband",noun,6
[grc] δεσπότης [san] दम्पति [ave] 𐬛𐬇𐬧𐬔⸱𐬞𐬀𐬙𐬋𐬌𐬴,*déms pótis,master of the house,noun,3
[sga] -thar [cel] -tron [grc] -τρον [gmy] -𐀵𐀫 [san] -त्र [ave] -𐬙𐬭𐬀 [ave] -𐬛𐬭𐬀 [ave] -𐬚𐬭𐬀 [lat] -trum,*-trom,Forms nouns denoting a tool or instrument.,suffix,9
[lav] siêts [lit] si̇́etas [lav] sēt [lit] sė́ti [lat] serō [lav] sēkla [lit] sė́kla [eng] seed [isl] sáð [nor] sæd [swe] säd [dan] sæd [lat] satus [hit] 𒅆𒄿𒄑𒍣 [sga] síl [cym] hil [san] सायक,*seh₁-,"to impress, insert, to sow, to plant",root,18
[lat] sērius [lat] sētius [cym] hwy [sga] sía [mid] hyt [sga] sith- [bre] her [cym] hydr [gle] seathar [san] साय,*seh₁-,"long, lasting",root,10
[xcl] ծնաւ [grc] ἐγένετο [san] अजनि [txb] kantär [san] जनति [pus] زوول [san] जायते [ave] 𐬰𐬀𐬌𐬌𐬈𐬌𐬙𐬌 [lat] nāscor [grc] γέγονα [san] जजान [txb] kānare [grc] γονή [grc] γενεᾱ́ [lat] genius [lat] naevus [lat] Gnaeus [xcl] ծնաւղ [grc] γένεθλον [grc] γενέθλη [grc] γενέθλιος [ave] 𐬟𐬭𐬀𐬰𐬀𐬥𐬙𐬌 [pus] فرزند [grc] γνωτός [grc] γενητός [grc] γέννα [grc] γεννητός [san] ज [san] जा [san] जान [san] जना [san] जनी [san] जननी [san] जन्तु [san] ज्ञाति [san] जन्यु [san] जन्य [san] जनुषा [san] जनु [san] जेन्य [san] जातु [san] जात्य [san] जनता [san] जनन [san] जज्ञि [san] जन्मिन् [san] जानुका [san] जाया [san] जावन् [ave] 𐬰𐬀𐬥𐬙𐬎 [san] जन्,*ǵenh₁-,to produce; to beget; to give birth,root,51
[sga] gein [gle] giniúint [lat] genimen [lat] germen [san] जनिमन् [san] जन्मन् [san] जन्म [pus] جميا,*ǵénh₁mn̥,"offspring, seed",noun,10
[hye] ծին [grc] γένος [lat] genus,*ǵénh₁os,"race, lineage",noun,3
[grc] -γνητός [lat] gnātus [lat] nātus,*ǵn̥h₁tós,"begotten, produced",adj,3
[hye] մեռնել [san] ममार [lit] mãras [san] मार [grc] μορτός [san] मर्त [ave] 𐬨𐬀𐬭𐬆𐬙𐬀 [lat] morbus [sqi] mërshë [san] मृ,*mer-,"to die, to disappear",root,10
[san] जुषते [san] जोषयते [hit] kukušzi [san] जुजोष [san] जोष [ave] 𐬰𐬀𐬊𐬱𐬀 [san] जुष्टि [grc] γευστός [san] जुष्ट [ave] 𐬰𐬎𐬱𐬙𐬀 [san] जोष्टृ [sga] gúasacht,*ǵews-,"to taste, try",root,13
[hye] եմ,*h₁ésmi,first-person singular present indicative of *h₁ésti,verb,1
[hit] militt- [xlu] mallit- [pal] mallitanna- [xcl] մեղր [xcl] մեղու [gmy] 𐀕𐀪 [grc] μέλι [lat] mel,*mélit,honey,noun,8
[lat] dūxī [lat] dux [lat] ductus [sqi] nduk [hit] tukzi- [hit] tukkanzi-,*dewk-,"to pull, to draw, to lead (i.e. to pull behind oneself)",root,6
[xcl] աճեմ [lav] augt [lit] áugti [grc] αὐξάνω [san] उक्षति [lat] augur [lat] augustus [sqi] ag [ave] 𐬎𐬑𐬱𐬌𐬌𐬈𐬌𐬙𐬍 [ave] 𐬬𐬀𐬑𐬱𐬙 [fas] وخشیدن [lat] auxilium [lav] augsts [lit] aũkštas [lit] augestis,*h₂ewg-,"to increase, to enlarge, to become strong",root,15
[grc] ἀέξω [grc] αὐξάνω [grc] αὔξω [san] वक्षयति [fas] وخشیدن,*h₂weg-,"to increase, to enlarge",root,5
[xcl] -է [lit] at- [lav] at- [prg] et- [prg] at- [grc] ἔτι [san] अति [old] 𐎠𐎫𐎹 [lat] et [txb] ate [txb] -ṣ,*éti,"beyond, over, and",adv,11
[grc] τέγγω [lat] tingō [grc] ἔτεγξᾰ [lat] tīnxī,*teng-,to make wet,root,4
[lat] tongeō [xto] tuṅk [txb] taṅkw,*teng-,"to think, to perceive",root,3
[lit] treñkti [lav] trìecu [ave] 𐬨𐬀𐬀𐬚𐬭𐬀𐬑𐬙𐬥 [fas] ترنجیدن [lat] truncus,*trenkʷ-,"to push, to press",root,5
[eng] stilt [deu] Stelze [dan] stylte [ell] στέλνω [lat] locus [ces] štóla [eng] stollen [lat] stolō [grc] στήλη [grc] στόλος [san] स्थल [ell] στολή [eng] stola [eng] stole [ita] stola [pol] stola [spa] estola [swe] stola [san] स्थला [lat] stultus [lat] stolidus [sqi] shtjell [xcl] ստեղն [xcl] ստեղծանեմ [xcl] առաստաղ [lav] stal̃lis [lit] stal̃das [grc] στελεός [grc] στελεά,*stel-,"to put, to place; to locate, to be stiff (< to be set/firm)",root,75
[prg] au- [lav] au- [lit] au- [grc] αὖτε [san] उ [lat] au-,*h₂ew,"away from, off, again",adv,6
[sqi] -shëm [sqi] -shme [sqi] -çëm [sqi] -çme [gle] -san [gla] -san [grc] ὁμός [xto] sоmа- [txb] sоmо-,*somHós,"same, alike, alone",adj,17
[lav] smiêt [lav] smieties [san] स्मयते [txb] smiyäṃ [xto] smimāṃ [lav] smaĩdît [lav] smaîdinât [lav] smîdînât [lat] mīrus [san] स्मेर [lat] cōmis [grc] μειδάω [grc] μειδιάω,*(s)mey-,"to laugh, to be glad",root,13
[ang] mealt [mid] malz [isl] maltur,*(s)meld-,"to soften, melt",root,3
[lat] memordī [lat] momordī [san] मर्दति [lat] mordeō [ave] 𐬨𐬋𐬭𐬆𐬧𐬛𐬀𐬝 [old] vi-mạr(n)datiy [lat] merda [grc] σμερδνός [lav] smards [lit] smárdas [lat] morsus [hye] մարտ [grc] σμερδαλέος [xto] märtk [txb] märtk,*(s)merd-,"to bite, to sting",root,16
[gle] smól,*smel-,"to burn, smoulder, smoke, tar, pitch",root,3
[ell] άκμων [ell] άκμονας [ell] αμόνι,*h₂éḱmō,"stone, heaven, the heavenly vault",noun,3
[lat] cadō [san] शशाद [lat] cecidī [xcl] ցած [sga] casar [cym] cesair [bre] kazerc'h,*ḱh₂d-,to fall,root,11
[grc] ἑσπόμην [san] सचान [san] सचीमहि [ave] 𐬵𐬇𐬗𐬁 [ave] 𐬯𐬗𐬀𐬧𐬙𐬏 [san] सश्चुर् [san] सचा [lat] secus [lat] (pedi)sequus [grc] ὀπάων [san] सक्त [ave] 𐬵𐬀𐬑𐬙𐬀 [mid] hʾht [lat] secūtus [lat] sector [sqi] shoh [grc] ἑπέτης [gmy] 𐀁𐀤𐀲 [fas] هخامنش [grc] Ἀχαιμένης,*sekʷ-,to follow,root,20
[hit] 𒊭𒀀𒆪𒉿 [lyc] 𐊗𐊁𐊇𐊁 [lyc] 𐊑𐊗𐊁𐊇𐊚 [sqi] shoh,*sekʷ-,to see,root,8
[grc] ἐνέπω [grc] ἐννέπω [lat] īnsece [lat] inquam [sga] insce [grc] ἄσπετος [grc] θέσπις [grc] ἀσπάζομαι [grc] ἀσπάσιος,*sekʷ-,to say,root,11
[lat] aveō [san] अवति [sga] con·ói [grc] ἐν-ηής [bre] youl [cym] ewyllys [san] आवयत् [san] अवस [lat] avārus,*h₂ew-,"to enjoy, to consume",root,10
[lit] ovyje [bul] наяве [pol] jawa [ang] ēawis [ang] *awi-wissa- [goh] awizoraht [goh] *awi-turhta- [san] आविस् [ave] 𐬁𐬬𐬍𐬱 [ave] 𐬁𐬎𐬎𐬌𐬱 [grc] αἴσθομαι [grc] αἰσθάνομαι [lat] audiō [lit] aumuõ [hit] 𒌋𒀪𒄭 [lit] ovytis [chu] авити [chu] ꙗвити [sga] con·ói [grc] ἀΐω,*h₂ew-,"to perceive, see, to be aware of",root,33
[lat] captus,*kaptós,"seized, held",adj,1
[lit] su- [grc] εὐ- [gmy] 𐀁𐀄- [xcl] հ-,*h₁su-,good,prefix,4
[xcl] տ- [lat] dis-,*dus-,bad,prefix,2
[san] हति [ave] 𐬘𐬀𐬌𐬧𐬙𐬌 [fas] زدن,*gʷʰéntis,"striking, killing",noun,3
[lat] moenia [lat] mūniō,*mey-,to strengthen,root,2
[sga] do·dímen [san] मिनोति [grc] μίτρα,*mey-,to bind,root,3
[san] मयते [lat] (trā)mes [lat] (sē)mita [lat] mūtō [san] मिनाति [lat] meō [sga] mían [lav] maîna [lav] maĩņa [san] मेना [lav] mainīt [lit] mainyti [lit] mai̇̃nas [grc] μοῖνος [lat] mūnis [lat] mūnia [lat] immūnis [lit] mît [mid] tremyn,*mey-,"to change, to exchange, to change places → to go past",root,20
[san] मिनाति [lat] minor [lat] minus [non] mjór [grc] μείων [grc] μινύθω [grc] μίνυνθα [lat] minimus [txb] maiwe,*mey-,"small, little",root,11
[xto] pärkatäre [txb] pärkatäre [san] बबृहाण [cym] bwrw [sga] ·díbairg [hit] 𒈦𒆠𒄿𒀀𒊍𒍣 [xcl] բառնամ [san] बृंहति [ave] 𐬠𐬀𐬭𐬆𐬰𐬌𐬨𐬀𐬥𐬄𐬨 [ave] 𐬠𐬀𐬭𐬆𐬱𐬥𐬀 [lat] fortis [xto] pärkär [txb] pärkare [san] ब्रह्मन्,*bʰerǵʰ-,"to rise up, ascend, to be elevated, up high",root,14
[sqi] nuse [hye] նու [grc] νυός [lat] nurus [txb] santse,*snusós,daughter-in-law,noun,5
[hit] 𒄷𒄴𒄩𒀸 [xlu] 𒄷𒌋𒄩 [xlu] 𔕳𔓷 [lyc] 𐊜𐊒𐊄𐊀 [xcl] հաւ [lat] avus [txb] āwe,*h₂éwh₂os,"maternal grandfather, maternal uncle",noun,7
[lat] ōrdior [lat] ōrdō [lav] ir [lit] ir̃ [prg] ir [prg] er [grc] ἄρα [grc] ἀραρίσκω [xcl] արար- [grc] ἀράχνη [grc] ἀράχνης [lat] arānea [lat] arāneus [grc] ἄρθρον [ell] άρμα [lat] armentum [grc] ἁρμός [grc] ἁρμόζω [lat] harmonia [rus] гармония [lat] arma [hye] արմունկ [lav] ir̃mi [lit] irmėdė [prg] irmo [san] ईर्म [ave] 𐬀𐬭𐬨𐬀 [lat] armus [lat] rāmus [txb] āmpär [lat] ars [xto] ārts [txb] artsa [hye] արդ [lit] arti̇̀ [grc] ἄρτι [hye] արդուկ [grc] ἀρτύς [grc] ἀρτύω [san] ऋतु [ave] 𐬭𐬀𐬙𐬎 [ita] arto [xto] ārt- [txb] ārtt- [non] *err [got] *𐌰𐍂𐌾𐌹𐍃 [grc] ἀρείων [ell] αριστερός [san] अलम् [grc] ἁμαρτή [grc] ὁμαρτέω,*h₂er-,"to fit, to fix, to put together, to slot",root,79
[hye] արյուն [lav] asinis [lat] assarātum [xto] ysār [txb] yasar,*h₁ésh₂r̥,blood,noun,7
[eng] yode [eng] yede [got] 𐌹𐌳𐌳𐌾𐌰 [got] 𐌹𐌳𐌳𐌾𐌴𐌳𐌿𐌽 [txb] eye [san] एमन् [txb] aiñye [txb] aittäṃ [sga] óeth [hit] 𒄿𒉿𒅈 [san] इव [sqi] eja [sqi] iki [hit] 𒄿𒄿𒀀𒀜𒋫 [isl] eigra [fas] جن [fas] آی [san] एव [xto] i- [txb] i-,*h₁ey-,to go,root,40
[san] गमयति [san] अध्वगत् [sqi] gati [hye] եկ [prg] gemton [lit] gỹmis [lav] ģimene [san] गम् [xto] kum- [txb] käm-,*gʷem-,"to come, to step",root,10
[lav] dzìmts [lit] gimti̇̀s [lat] ventiō,*gʷémtis,"step, act of walking",noun,3
[grc] τέρσομαι [goh] dorrēn [lat] torrēns [gle] tearc [lat] tesquum [lat] tescum [sga] tur [ave] 𐬙𐬀𐬭𐬱𐬎 [mid] tšknk' [xcl] թաշկինակ [deu] Darre [nor] tarre [swe] tarre [grc] ταρσός [lat] torrus [sqi] ter [xcl] թառամ [xcl] թարշամ-,*ters-,dry,root,18
[grc] βραχύς,*mréǵʰus,"short, brief",adj,1
[san] आ [ave] 𐬁 [lat] ad [lat] ad- [lat] (ap)ud,*h₂éd,"to, at",adv,18
[lav] ùotrs [lav] uotars [lav] otrs [lit] añtras [lit] añtaras [prg] antars [prg] antrā [prg] anters [san] अन्तर [ave] 𐬀𐬧𐬙𐬀𐬭𐬀 [pus] نور [lat] anterior,*h₂énteros,"second, other",det,12
[grc] ἦρι,*h₂éyeri,"early, in the morning",adv,1
[xto] poke [txb] poko,*bʰeh₂ǵʰús,arm,noun,2
[san] बन्धति [san] बन्धयति [ave] 𐬠𐬀𐬥𐬛𐬀𐬌𐬌𐬀𐬌𐬙𐬌 [lat] funda [spa] boina [gla] bonaid [ita] bonet [spa] bonete [por] boné [gle] buinne [eng] bandana [ave] 𐬠𐬀𐬥𐬛𐬀 [pus] وندی [fas] بستن [hye] բանտ [xcl] -աւանդ [xcl] -աւանդակ [xcl] մեհեւանդ [xcl] կարաւանդք [xcl] պախճաւանդ [xcl] պարաւանդ [xcl] դանդանաւանդ [xcl] շարաւանդ [lat] offendīx [grc] Βενδῖς [san] बन्ध्,*bʰendʰ-,"to bind, bond",root,29
[ell] φεύγω [grc] ἔφυγον [lat] fugiō,*bʰewg-,to flee,root,3
[san] भुनक्ति [lat] fungor [hye] բուծել [san] बुभुजे [xcl] բուտ [san] भुक्ति [san] भुज् [san] भुक् [ave] 𐬠𐬏𐬘 [ave] 𐬠𐬀𐬊𐬑𐬱𐬥𐬀,*bʰewg-,"to enjoy, benefit",root,10
[hye] բդկել,*bʰeyd-,to split,root,1
[san] भित्त [lat] fissus,*bʰidtós,"split, cloven",adj,2
[sqi] bind [sqi] bíndem [lat] foedus [sqi] besë [grc] πί̆στῐς,*bʰeydʰ-,"to trust, to convince",root,5
[ell] πιστός [lat] fīsus,*bʰidʰtós,"trusted, trustworthy",adj,2
[san] भिन्न,*bʰidnós,"split, cloven",adj,1
[lit] -inas [prg] -ins [eng] -en [grc] -νος [lat] -nus [lat] -ānus [lat] -iānus [lat] -ēnus [lat] -īnus [lat] -ūnus [sqi] -një,*-nós,Creates verbal adjectives from roots.,suffix,14
[lat] frangō [sqi] brishtë [sqi] breshër,*bʰreg-,to break,root,3
[cym] bref [cel] Bremia [cel] Bremenium [san] भ्रमति [mid] blʾmynd [lat] fremō [pol] brzmieć [san] भ्रमत् [san] भृङ्ग,*bʰrem-,to make noise,root,10
[grc] πυστός,*bʰudʰtós,aware,adj,1
[lat] fuga,*bʰugéh₂,"flight, escape",noun,1
[hye] տեգր [hye] տագր [lit] di̇́everis [lav] diẽveris [grc] δᾱήρ [lat] lēvir [lat] laevir,*dayh₂wḗr,"brother-in-law, husband’s brother",noun,9
[ell] δείχνω [san] देशयति [san] दिशति [san] दिश् [lat] in-dex [lat] iū-dex [lat] vin-dex [san] देश [ell] δικαίωμα [san] दिशा [grc] δεῖγμα [san] दिष्ट [lat] dictus [lat] digitus [lit] daiktas,*deyḱ-,"to point out, to show",root,19
[lyc] 𐊈𐊆𐊇 [xlu] 𒋾𒉿𒊍 [pal] 𒋾𒅀𒊍,*deywós,god,noun,3
[grc] δῖος [gmy] 𐀇𐀹𐀍 [gmy] 𐀇𐀄𐀍 [san] दिव्य [lat] dīus,*diwyós,heavenly,adj,5
[lit] -ỹs [lit] -ias [lit] -jas [grc] -ιος [lat] -ius [san] -य [ave] -𐬌𐬌𐬀 [ave] 𐬵𐬀𐬊𐬨𐬌𐬌𐬀 [ave] 𐬵𐬀𐬊𐬨𐬀,*-yós,Creates adjectives from noun stems.,suffix,9
[sqi] din [lav] diena [lit] diena [prg] dēinā [san] दिन [lat] nūndinus [lat] perendinus [xcl] երկինք [hit] šiwatt- [xlu] Tiwaz [xlu] Tiwad- [pal] Tiyaz [pal] Tiyad- [lyc] Τευδιαρμα [hit] 𒅆𒌦𒅀𒋻 [san] द्यु [san] दिव [san] द्यो [fas] لیو [san] द्युमान्,*dyew-,"to be bright, to shine, sky, heaven",root,54
[grc] θέσις [lat] fētiālis [lat] fētiāles [san] धिति [rus] благодать,*dʰéh₁tis,"act of putting, placement",noun,5
[sqi] det [lav] dôbs [lit] dubùs [ell] βυθός [sqi] dudum [sqi] djep [ell] τυφλός,*dʰewbʰ-,"hazy, unclear, dark, deep",root,12
[ell] τυχαίνω [grc] τιτύσκομαι [xcl] յ-ան-դուգն [san] दोहसे [grc] τεῦχος [ell] τύχη [san] दुग्ध [gle] dual [gla] duan,*dʰewgʰ-,"to hit (as opposed to missing), to produce, to produce something useful, to be strong, have force",root,12
[hye] դոն [san] धानक [san] धन्याक [san] धानेय [fas] دانه [txb] tāno,*dʰoHnéh₂,grain,noun,6
[grc] θωμός,*dʰóh₁mos,"that which is put, placed",noun,1
[lav] dubra [lit] Dubrà [nor] Dovre [swe] Dovra [xto] tpär [txb] tapre,*dʰubʰrós,deep,adj,6
[grc] γλύφω [lat] glūma [deu] Klobe [deu] Kloben [eng] kloof [non] klofi [eng] clove [isl] klof [gle] tlú [gle] clobhadh [gla] clobha,*glewbʰ-,to split,root,13
[lat] gelus [lat] gelū [lat] gelidus [lit] gelumà [chu] голоть [san] जल [san] जड,*gel-,"to be cold, to freeze",root,7
[lat] iūs [san] योस् [ave] 𐬫𐬀𐬊𐬱 [lat] iūstus [lat] iūrō,*h₂yew-,"straight, upright, right, right, justice, law",root,5
[sqi] bung [cel] *bagos [grc] φηγός [lat] fāgus,*bʰeh₂ǵos,"oak, beech",noun,4
[sqi] ju [hye] ձեզ [hye] ձեր [lav] jūs [lit] jūs [prg] ioūs [xto] yas [txb] yes,*yúHs,you (plural),pron,10
[grc] ἐρεύθω [gle] rú Mhuire [lat] russus [sga] rondaid [sga] fo·roind [sga] ruisse [lat] rōbur [grc] ἐρυσίπελας [lit] raũmins [lit] raumuõ [sqi] fruth [sqi] pruth,*h₁rewdʰ-,red,root,12
[san] पपात [ell] πέφτω [grc] πίτνημι [lat] pandō [san] पातयति [grc] πέτᾰλον [san] पत्र [san] पत्त्र [ave] 𐬞𐬀𐬙𐬀𐬭𐬆𐬙𐬀 [sqi] pjetë [xcl] ընթանամ [gle] éis [grc] πετάννῡμι [grc] πέτασος [grc] πέτηλος [grc] ποταμός [grc] πότμος [grc] πετηνός [grc] πτῶμα [grc] πτῆσις [grc] πτῶσις [grc] πτωτικός [grc] πτωτός [grc] πτίλον [grc] πατάνη [lat] pateō [lat] patera [lat] passus [lat] impetus [lat] praepes [lat] perpetuus [lat] propitius [lat] petulans [lat] petulcus,*peth₂-,"to spread out, to fly (through the sense ‘spread one’s wings’)",root,35
[hit] 𒁁𒋻 [hit] 𒁁𒁕𒈾𒀸 [hye] թեր [xcl] թիռ- [xcl] *ptēr- [xcl] փետուր [cym] adar [grc] ὑπο-πετρίδιος [grc] πτέρυξ,*péth₂r̥,"wing, feather",noun,12
[grc] τρέω [grc] ἄτρεστος [san] त्रसति [san] त्रस्त [ave] 𐬙𐬀𐬭𐬱𐬙𐬀 [sga] tarrach,*tres-,to tremble (with fear),root,6
[lit] vė́tra [lav] vȩ̄tra [prg] vetro [lit] vė́jas [lav] vējš [hye] օդ [hit] ḫūda- [hit] ḫuntarii̯a(i)- [hit] ḫuu̯ai- [hit] ḫui- [grc] ἄεθλον [grc] αὔελλα [grc] ἀέλλη [grc] ἄελλα [sqi] vetëtin [sqi] fjur [lit] vėsùs [lav] vȩ̄ss [grc] ἀτμός [grc] ἀϋτμή [grc] ἀίσθω [non] vængr [san] वीज् [fas] وز [lat] vannus [lat] vatillum [san] वा,*h₂weh₁-,to blow (of wind),root,28
[hit] 𒄷𒉿𒀭𒍝 [hit] 𒄷𒌋𒉿𒀭𒍝 [grc] ἀείς [grc] ἀέντα,*h₂wéh₁n̥ts,"blowing, that which blows; the wind, air",adj,4
[grc] ὄσσομαι [grc] ὄψομαι [grc] ὄπωπα [grc] ὄψις [grc] ὄμμα [grc] ὀπή [lat] oculus [lat] antīquus [grc] ἐνωπή [san] अनीक [ave] 𐬀𐬌𐬥𐬌𐬐𐬀 [mid] anîg [lav] nīca [san] न्यञ्च् [san] नीचा [xcl] երեսք [grc] πρόσωπον [san] प्रतीक [xto] pratsak [txb] pratsāko,*h₃ekʷ-,"to see, eye",root,20
[sqi] vdes [xcl] դի [sga] díth [lat] fūnus [sga] doíni,*dʰew-,"to die, pass away",root,5
[grc] θέω [san] धावति,*dʰew-,"to run, flow",root,2
[sqi] -zet [hye] քսան [ell] είκοσι [lat] vīgintī [xto] wiki [txb] ikäṃ [txb] ikante,*wídḱm̥ti,twenty,num,22
[xcl] հուր [xcl] *puh₂r- [xcl] հն-ոց [xcl] *ph₂wéns [lav] pūrs [lav] pūr̨i [lav] kvieši [lav] rudzi [lav] mieži [lit] pū̃ras [prg] panno [prg] pure [grc] πῦρ [grc] πῠρᾰ́ [hye] պուրի [grc] πύρνον [xto] por [txb] puwar,*péh₂wr̥,"fire, spelt (grain)",noun,20
[sqi] e enjte [sqi] En,*h₁n̥gʷnís,fire,noun,2
[lat] sapiō [xcl] համ,*sep-,"to taste, to try out",root,2
[ell] βίος [txb] śāw- [txb] śāy-,*gʷih₃wós,"alive, living",adj,4
[lav] dzīt [lav] dzīvot [lit] gyventi [prg] gi(j)wan [bre] beva [gla] bi [cym] byw [lat] vīvō [xto] śo- [txb] śai-,*gʷíh₃weti,"to live, to be alive",verb,10
[hye] մարդ [grc] βροτός,*mr̥tós,"dead, mortal",adj,2
[sqi] ith [sqi] ish- [sqi] sh- [lav] iz [lit] iš [prg] is [ell] εξ [ell] εξ- [ell] εκ [ell] εκ- [gmy] 𐀁𐀒𐀰𐀺𐀒,*h₁éǵʰs,out,adv,43
[sqi] thi [sqi] thaj [lav] sivę̄ns [lav] suvę̄ns [grc] ὗς [grc] σῦς [lat] sūs [txb] suwo,*suH-,"pig, hog, swine",noun,10
[sqi] ngjelmë [sqi] ngjelmët [xcl] աղ [xcl] աղտ [lav] sāls [lav] salds [prg] sal [lit] saldus [lit] sálti [xto] sāle [txb] salyiye,*séh₂ls,salt,noun,16
[ave] 𐬬𐬀𐬟- [fas] بافتن [san] उम्भति [san] उनब्द्धि [san] उभ्नाति [ave] 𐬎𐬟𐬌𐬌𐬀- [xto] wäp- [txb] wāp- [sqi] vej [ell] υφαίνω [grc] ὑφή [ave] 𐬎𐬠𐬛𐬀𐬉𐬥𐬀 [grc] ὕφος [eng] wave [mid] waben [non] váfa [ave] 𐬬𐬀𐬟𐬏𐬱,*webʰ-,"to weave, braid",root,20
[xcl] յղփանամ [grc] πίμπλημι [san] पिपर्ति [grc] πλήθω [grc] πληθύς [lat] plēbs [grc] πληθώρη [grc] πλῆτο [lat] pleō [xcl] յեղց [grc] ἔπλησα [san] अप्रास् [lav] pilēt [lav] pildīt [lit] pilóti [lit] piláuti [xcl] ողողեմ [sga] ler [grc] πλήρης [lat] plērus [xcl] լիր [san] प्राति [grc] πολύς [grc] πολλός [grc] πολλή [san] पॄ,*pleh₁-,to fill,root,28
[sqi] lyp [san] लुभ्यति [sqi] lubi [san] लोभयति [mid] pdrwbynd [san] लुब्ध [lit] liaupsė [san] लोभ [san] लुभ्,*lewbʰ-,"to desire, covet, want (someone or something), to admire, praise, to love, to be disturbed",root,9
[sqi] labë [lav] luobs [lit] lúobas [lav] luba [lit] lubà [prg] lubbo [grc] λῡ́πη [lit] lùpti,*lewbʰ-,to cut off,root,8
[lat] mēiō [lat] mingō [nld] miggelen [san] मीढ [san] मीळ्ह [lat] mictus [hye] մեզ [san] मेह [ave] 𐬨𐬀𐬉𐬰𐬀 [grc] μοιχός [sqi] përmjerr [fas] میزیدن [fas] میختن [txb] miśo,*h₃meyǵʰ-,to urinate,root,21
[lat] mulgeō [sga] melg [lav] malks [lit] malkas [gle] bleacht [cym] blith [eng] milch [deu] melk [isl] milkur [isl] mjólkur [xto] malke [xto] mālk- [txb] malkwer [txb] mālkant,*h₂melǵ-,"to milk, milk",root,20
[san] पर्यारिणी [ave] 𐬫𐬁𐬭𐬆 [ave] 𐬛𐬎𐬲𐬌𐬌𐬁𐬌𐬭𐬌𐬌𐬀 [fas] دچار [ave] 𐬵𐬎𐬌𐬌𐬁𐬌𐬭𐬌𐬌𐬀,*yóh₁r̥,"year, growing season or harvest season",noun,20
[xcl] արտաւսր [hye] արտասուք [hye] արցունք [gle] deoir [gla] deur [cym] deigryn [ell] δάκρυ [eng] dacryo- [lat] lacruma [lat] lacrima,*dáḱru,tear (in the eyes),noun,17
[sqi] rrime [xcl] որդն [lit] var̃mas [prg] wormyan [prg] urminan [prg] warmun [cym] gwraint [grc] ῥόμος [lat] vermis,*wr̥mis,"worm, larva",noun,13
[sqi] dhëmb,*ǵómbʰos,"tooth, row of teeth, peg",noun,1
[mid] dor [sga] dorus [san] द्वार [lat] forum [txb] twere [lat] forās [lat] forīs [sqi] derë [got] 𐌳𐌰𐌿𐍂𐌰 [ell] θύρα [hye] դուռ,*dʰwer-,door,root,13
[sqi] asht [san] अस्थि [lat] os [xto] āy [txb] āy [txb] āsta,*h₃ésth₁,bone,noun,6
[cym] rhech,*perd-,"to fart loudly, pass gas, break wind",root,1
[san] गय [ave] 𐬔𐬀𐬌𐬌𐬀 [chu] жить [ave] 𐬘𐬍𐬙𐬌 [san] जीर [ave] 𐬘𐬌𐬭𐬀 [sqi] nxit [sqi] zit [xcl] կեամ [grc] ὑγιής [lat] iūgis,*gʷeyh₃-,to live,root,11
[hit] 𒃻𒆪𒄢𒆷 [lav] kakls [lit] kãklas [grc] κύκλος [xto] kukäl [txb] kokale,*kʷékʷlos,"wheel, circle, set of wheels; cart, wagon, chariot",noun,9
[lit] skriẽbti [grc] σκᾰ́ρῑφος,*(s)kreybʰ-,"to scratch, to tear",root,2
[grc] ῑ̓δίω [san] स्वेदते [san] स्विद्यति [txb] syā- [goh] sweizzen [san] स्वेदयति [grc] ἶδος [lat] sūdor [sqi] djersë [hye] քրտինք [lav] sviêdri [grc] ῑ̔δρώς [bre] c'hwez [cym] chwys [lat] sūdō,*sweyd-,"sweat, to sweat",root,16
[hit] 𒉿𒀸𒊺𒄑𒍣 [xcl] զգենում [xcl] զգեցաւ [grc] ἕσσα [xto] wässāte [txb] wsānt [grc] ἑᾰνός [grc] εἱᾰνός [grc] ἑᾱνός [gmy] 𐀸𐁀𐀜𐀂 [san] वसन [san] वस्मन् [mid] wester [xcl] զգեստ [xcl] առա-գաստ [xcl] *wés-t-eh₂- [grc] ἐσθής [txb] wastsi [hit] waš- [san] वस् [xto] wäs- [txb] wäs-,*wes-,"to dress, clothe",root,27
[lat] vēscor [hit] wesiyattari [xto] wäsri [hit] wēsi- [hit] wastara- [ave] 𐬬𐬁𐬯𐬙𐬀𐬭 [ave] 𐬬𐬁𐬯𐬙𐬭𐬀,*wes-,"to graze, consume, eat",root,7
[fas] بها [fas] بازار,*wes-,to sell,root,2
[sqi] ndez [cym] deifio [san] दाहयति [lat] foveō [san] अधाक् [txb] tsekär [txb] tseksamai [san] क्षायति [lit] dẽgis [gle] daigh [gle] doigh [cym] goddaith [lav] daga [lit] dagà [prg] dagis [grc] τέφρα [lat] febris [lat] februum [san] दग्ध [xcl] հր-դեհ [lat] fōmes [lat] fōmentum [sqi] dhez [san] दह्,*dʰegʷʰ-,"to burn, warm, hot",root,25
[grc] -ῐ́σκος,*-iskos,"Characteristic of, typical of, pertaining to",suffix,1
[sqi] zot [lit] viēšpats [san] विश्पति [ave] 𐬬𐬍𐬯𐬞𐬀𐬌𐬙𐬌 [mid] wyspt' [fas] ویسبذ [xto] wikpots,*wiḱpótis,"clan chief, master of a household, lord",noun,7
[hit] 𒄩𒀭𒍝 [xcl] ընդ [grc] ἀντί [lat] ante,*h₂énti,"opposite, near, in front, before",adv,4
[lat] serum [grc] ὀρός [grc] ὁρμή [san] सरित् [san] सिरा [san] सृ,*ser-,to flow,root,6
[lav] sẽrt [lat] serō [grc] εἴρω [grc] ἕρμα [lat] sermō [lat] sors [hye] որմ [hye] առորմի [grc] ὅρμος [lat] servus [mid] geserwe [non] sørvi [sqi] gjurmë [hye] հեռել [hye] հուռ [hye] հիրել [san] सरत् [san] सिरा [lat] seriēs [xto] sar-,*ser-,"to bind, tie together, thread",root,23
[grc] αἱρέω [lav] sirt [hit] 𒊭𒀀𒊒,*ser-,"to take, to grasp, seize, to steal, plunder; booty",root,4
[grc] ἔχυτο [grc] χέω [san] जुहोति [grc] κέχῠκᾰ [san] जुहाव [lat] fūtis [lat] fūtilis [lat] effūtiō [grc] χεῦμᾰ [grc] χύμα [san] होम [grc] χῡμός [grc] χῡλός [san] हव्य [grc] χύτλον [ell] χύτρα [sqi] dyllë [sqi] gumoj [xcl] ձեւ [xcl] *ǵʰew-os [xcl] *ǵʰew-o- [xcl] ձոյլ [xcl] *ǵʰew-lo- [xcl] ձոր [xcl] *ǵʰoworo- [xcl] *ǵʰowero- [xcl] զուտ [xcl] *ǵʰu-d-o- [xcl] ձագար,*ǵʰew-,to pour,root,30
[grc] τελαμών [grc] τλήμων [grc] τέλος [grc] τόλμα [san] तुलयति [san] तोलयति [fas] ترازو [grc] τάλαντον [lav] til̃ts [lit] ti̇̀ltas [san] तीर्थ [cym] tlawd [gle] tláith [gla] tlàth [grc] ταλαίπωρος [grc] ταλασίφρων [grc] Ἄτλας [lat] opitulor,*telh₂-,"to bear, to undergo, to endure",root,18
[prg] talus [lit] pãtalas [rus] потоло́к [gle] talamh [gla] talamh [lat] Talamone [fra] Talmont [lat] tellūs [xcl] թաղ [xcl] թաղեմ [lit] ti̇̀lės [san] तल,*telh₂-,"ground, bottom. Possibly a derivative of *telh₂- ""to bear"" in the sense of that which bears, carries, supports.",root,12
[sga] damnaid [grc] δάμνημι [san] दमयति [san] दाम्यति [grc] δμῆσις [grc] δάμαρ [grc] δμητός [san] दमित [sqi] dem [hit] 𒋫𒈠𒀸 [grc] δαμάζω [grc] δάμαλις [grc] δαμάλης [grc] δάμαλος [grc] δμώς [grc] δμῳή [san] दमायति [fas] دام,*demh₂-,"to tame, domesticate",root,18
[san] रोहति [ave] 𐬭𐬀𐬊𐬜𐬆𐬧𐬙𐬌 [xto] lut- [txb] lut- [grc] ἐλεύθερος [lat] lībertus [lat] līberta [sqi] lirë [lat] lībertās [sqi] lem [sqi] len [sqi] vëlla [san] रोध [ave] 𐬭𐬀𐬊𐬜𐬀 [pus] لويېدل [fas] رستن [san] रुह्,*h₁lewdʰ-,"to grow, people",root,23
[hit] 𒀀𒆪 [hit] 𒂊𒆪 [xlu] 𒌋 [pal] 𒀀𒄷 [grc] νήφων [xto] yok- [txb] yok- [lat] ēbrius,*h₁egʷʰ-,to drink,root,17
[grc] στέγω [lat] tegō [grc] στέξαι [lat] tēxī [san] स्थगयति [sga] tí [lat] tēgula [lat] tegmen [lat] tegimen [lat] tegumen [lat] tignum [grc] στεγνός [grc] στεγανός [sqi] toger [lat] tugurium [lat] tegurium [lat] tigurium [lat] toga [lav] stâgs [lit] stógas [prg] stogis [bre] to [cym] to [gle] éadach [gla] aodach [mid] tʾht' [fas] طاق,*(s)teg-,to cover,root,27
[lat] tēlum [xcl] թակն [lat] tignum,*(s)teg-,"pole, stick, beam",root,3
[sqi] jam [sqi] është [xcl] եմ [xcl] ես [xcl] է [xcl] են [xcl] -ի- [lav] būt [lav] esmu [lav] esi [lav] ir [lit] būti [lit] esu [lit] esi [lit] yra [prg] ast [grc] εἰμί [txb] ste,*h₁ésti,to be,verb,45
[sqi] gatë [ell] χήνα [gmy] 𐀏𐀜 [gmy] 𐀏𐀯,*ǵʰh₂éns,goose,noun,4
[lit] nãgas [lav] nags,*h₃nṓgʰs,nail (of the finger or toe),noun,2
[hye] ծնոտ [prg] żauna [grc] γένυς [lat] gena [xto] śanweṃ,*ǵénus,"cheek, jaw, chin",noun,7
[grc] τῖφος [lat] tābēs [lat] tābēo [lat] tābum [bre] teuziñ [cym] toddi [sga] ·taa [sga] ro·tetha [grc] τήκω [sga] taíd [eng] thone [eng] thoan [sga] tám [sga] taise [sga] tais [xcl] թանամ [xcl] թան [xcl] թանչ [lit] tyras [lav] tīrelis [san] तामर [san] तोयम् [san] तोशते [san] तुषार,*teh₂-,"to melt, to flow, stream",root,26
[lat] tabulum [lat] tabula,*teh₂-,alternative form of *steh₂-,root,2
[san] अवर्त् [san] वर्तते [lat] vertō [lit] versti [grc] ἔρρω [san] वर्तन [san] वर्त्मन् [san] वृत्त [lat] versus [sqi] rris [fas] گرد [san] वृत्,*wert-,"to turn, to rotate",root,12
[sqi] pidh [lav] pīzda [lit] pyzdà [prg] peisda [fas] پیزی,*písdeh₂,vulva,noun,8
[lav] klāt [lit] klóti,*kleh₂-,"to put, to lay out",root,2
[sqi] enjë [grc] ἀμνός,*h₂egʷnós,lamb,noun,2
[sqi] çë [xcl] -չ [hit] 𒆪𒀉 [xlu] 𒆪𒄿 [pal] 𒆪𒀉 [grc] τί [san] चिद् [san] चित् [ave] 𐬗𐬌𐬝 [ave] 𐬗𐬍𐬝 [lat] quid,*kʷíd,neuter nominative/accusative singular of *kʷís: what? which?,pron,11
[xcl] նաւ [bre] new [mid] noe [gle] nae [isl] nór [lat] nāvis,*néh₂us,boat,noun,9
[hit] -z,*-ti,"Adverbial suffix with ablative or instrumental meaning, sometimes multiplicative",suffix,1
[grc] -μί [lat] -ō,*-ti,Forms regular imperfective verbs,suffix,2
[san] दिति [lat] dōs,*déh₃tis,giving,noun,2
[xcl] իժ [txb] auk,*h₁ógʷʰis,"snake, a mythic serpent or dragon that is slain by a great hero in Indo-European mythology",noun,3
[bre] c'hwerv [cym] chwerw [gle] searbh [gla] searbh [deu] Schwäre [cym] chwarren [ave] 𐬓𐬀𐬭𐬀,*swer-,"to ache, to fester, wound; injury",root,7
[san] स्वरति [san] अस्वार् [bre] c’hoarzhin [cym] chwerthin [lat] surdus [lat] susurrus,*swer-,"to resound; ringing, whistling, to speak loudly, to proclaim",root,6
[hit] āraskizzi [grc] ἔρχομαι [san] ऋच्छति [old] 𐎠𐎼𐎿𐎶 [san] आरत् [hit] āri [san] आर [san] ऋति,*h₁er-,"to arrive, get somewhere, to go to, reach",root,8
[sqi] varr [lit] érdvė [cym] erw [grc] *ἔρα [grc] ἔραζε [txb] āre,*h₁er-,earth,root,6
[xcl] աւղի [san] अरुष [ave] 𐬀𐬎𐬭𐬎𐬱𐬀,*h₂elut-,beer,noun,3
[hit] 𒉺𒊏𒀀 [prg] pra [prg] pro [grc] πρό [san] प्र [old] 𐎳𐎼,*pró,"forwards, before",adv,6
[sqi] prush [san] प्रुष्वा,*prews-,"to freeze, frost",root,2
[sqi] thnegël [hye] օձ [hye] անգի [gle] eascann [gla] easgann [cym] llysywen [lat] anguis [deu] Unke [fas] یغنیج,*h₂éngʷʰis,snake,noun,10
[hit] kuraski[zzi] [hit] kureskanzi [hit] ku-e-er-šu-un [hit] kur-ša-a-i [hit] ku-kur-ša-an-t- [hit] ku-gur-ša-an-t- [san] चिकीर्षति [hit] kurkuriyat [san] करिकृत् [san] कारयति [san] कारयते [san] चकार [ave] 𐬗𐬁𐬑𐬭𐬀𐬭𐬆 [old] 𐎨𐎧𐎼𐎡𐎹𐎠 [san] कर्मन् [ell] πελώριος [fas] کار [san] कृति [gle] cruth [gla] cruth [cym] pryd [cym] prydaf [san] कार्य [ave] 𐬐𐬀𐬌𐬭𐬌𐬌𐬀 [sqi] sarkë [lit] kẽras [lit] kerė́ti [lit] kùrti [cym] Prydain [cym] Brython [lat] Brittānia [got] 𐍈𐌰𐌹𐍂𐌽𐌴𐌹 [grc] τέρας [fas] ـگر [xto] karel [txb] kerū,*kʷer-,"to do, to make, to build, bowl, vessel",root,62
[grc] κέρᾰς [lat] crās [lat] cernuus [lat] cerebrum [prg] sirwis [grc] κερᾰός [grc] κερᾱΐς [lat] cervus [lit] kárvė [san] शृङ्ग [lat] cornū [xcl] սար [san] शिर [ave] 𐬯𐬁𐬭𐬀 [ave] 𐬯𐬀𐬭𐬀 [lav] sir̂senis [lit] širšuo [lit] ši̇̀ršė [lat] crābrō [sqi] krye [hit] karau̯ar [hit] surna [hit] harsar [grc] κάρυον [grc] κεραυνός,*ḱerh₂-,"head, top, horn",root,25
[san] अश॑री॒त् [san] शृ॒णाति॑ [san] शीर्य॑ते॒ [san] शीर्ण [grc] ακέραιος [grc] κεραΐζω [san] शॄ,*ḱerh₂-,"to break, shatter",root,7
[xcl] տուր [grc] δῶρον,*déh₃rom,gift,noun,2
[sqi] mo [hye] մի [grc] μή [xto] mā [txb] mā,*méh₁,"prohibitive particle: ""don't ...!""",particle,5
[xcl] գիշեր [grc] ἕσπερος [lat] vesper,*wek⁽ʷ⁾speros,evening,noun,3
[san] ईजते [lat] (co)āgulum [san] अज्मन् [lat] exāmen [lit] agnùs [grc] ᾰ̓γός [san] अज [ell] άγρα [ave] 𐬀𐬰𐬭𐬋𐬛𐬀𐬌𐬜𐬍 [lat] gestō [cym] amaeth [gle] amhas [lat] ambactus [lat] ambaxtus [grc] ἐπᾰκτός [lat] āctus [grc] ᾰ̓́κτωρ [lat] actor [san] आजि [xto] akäṃtsune [txb] ekaññe [xto] āk- [txb] āk- [san] अज्,*h₂eǵ-,to drive,root,26
[lit] oženà [lit] oži̇̀nis [san] अजिन [lav] āzis [lit] ožỹs [lit] ožkà [prg] wosux,*h₂eǵ-,goat,root,7
[lit] *-kla [grc] -τλον [lat] -clum [lat] -culum [lat] -crum [lat] -ulum,*-tlom,alternative form of *-trom,suffix,6
[grc] -θρον [grc] -θρη [lat] -brum [lat] -bra,*-dʰrom,alternative form of *-trom,suffix,8
[grc] -θλον [grc] -θλη [lat] -bulum [lat] -bula [lat] -ula,*-dʰlom,alternative form of *-trom,suffix,5
[hit] išḫunawar [hye] նյարդ [lav] šņore [grc] νεῦρον [san] स्नावन् [san] अस्नाविर [ave] 𐬯𐬥𐬁𐬎𐬎𐬀𐬭𐬆 [fas] سنور [lat] nervus [txb] ṣñor,*snéh₁wr̥,"sinew, tendon",noun,10
[san] दृणाति [ave] 𐬛𐬆𐬭𐬆𐬥𐬆𐬧𐬙𐬌 [got] *𐍄𐌰𐌿𐍂𐌽𐌰𐌽 [got] 𐌰𐍆𐍄𐌰𐌿𐍂𐌽𐌰𐌽 [got] 𐌳𐌹𐍃𐍄𐌰𐌿𐍂𐌽𐌰𐌽 [san] ददार [grc] δέδαρται [grc] δέρμα [grc] δάρσις [san] दृति [cym] darn [fra] darne [sqi] djerr [lit] di̇̀rti [sga] drécht [san] दर्दर्षि [ave] 𐬥𐬌𐬲𐬛𐬀𐬭𐬆𐬛𐬀𐬌𐬭𐬌𐬌𐬁𐬝 [san] दीर्यते [san] दॄ [xto] tsär- [txb] tsär-,*der-,"to split, to separate, to tear, to crack, to shatter",root,23
[xcl] հողմ [lat] anima,*h₂enh₁mos,breath,noun,3
[hye] այգ [grc] ἠώς [lat] aurōra,*h₂éwsōs,"dawn, goddess of dawn, bringer of light",noun,3
[sqi] madh [sqi] më [hit] 𒈨𒂊𒅅𒆠𒅖 [hye] մեծ [grc] μέγας [grc] ἀγα- [grc] ἄγᾱν,*méǵh₂s,"big, great",adj,13
[san] केकर,*kéh₂ikos,"one-eyed, blind",adj,1
[sqi] bërryl [sqi] ylber [sqi] llanë [sqi] llërë [ell] ωλένη [lat] ulna [lit] liemuõ [lat] līmus [hye] ող [hye] ուլ [xcl] ուղուկ [hye] իլ [xcl] ալի [hye] աղեղ [lav] olekts [lav] elkonis [lit] úolektis [lit] alkū́nė [lit] elkū́nė [prg] arašnīs [prg] woaltis [prg] woltis [prg] alkunis [cym] olwyn,*Heh₃l-,"to bow, to bend; elbow",root,41
[xcl] ամ- [ell] άπαξ [fra] hapax [fra] apax [lat] semper [lat] simītu [lat] simplex [lat] simplus [san] स-,*sm̥-,"one, with, together",prefix,13
[xcl] -այն [xcl] -ին [lit] -inas [lav] -īns [lav] -ains [grc] -ινος [san] -ईन,*-iHnos,Creates adjectives of materials.,suffix,7
[xcl] ընթաց [xcl] ընթանամ [xcl] անցանեմ,*sent-,to go,root,3
[lat] sentiō [lat] sēnsī [lit] sintė́ti,*sent-,"to perceive, to think",root,4
[sqi] mi [hye] մուկ [grc] μῦς [lat] mūs,*múHs,mouse,noun,5
[san] अयोक् [ave] 𐬫𐬀𐬊𐬔𐬆𐬝 [grc] ἔζευξα [non] eykr [san] योग्य [grc] ζεῦγμα [cel] Ateioucus [grc] ἄζυξ [san] अयुज् [san] योक्तृ [grc] ζευκτήρ [san] युग्म [san] युज् [san] युज्य [san] युग्य [gle] cuing [gla] cuing,*yewg-,"to join, to yoke, to tie together",root,17
[sqi] vjehërr [lit] šẽšuras [grc] ἑκυρός,*swéḱuros,father-in-law,noun,3
[xcl] ստին [grc] στήνιον [grc] παρθένος [grc] παρσένος [xto] päśśäṃ [txb] päścane,*pstḗn,"breast, teat",noun,6
[hit] 𒈬𒍝 [lat] vetustus [lyc] uhe/i- [grc] ἔταλον [grc] ἔτελον [lat] vitulus,*wet-,"year, year-old",root,6
[lat] metō [gle] meitheal [grc] μέταλλον [lat] mateola,*met-,"to cut (by measure) (with an inherent sense of by measurement or time: ""to cut down"" > ""to mow""; ""to cut into"" > ""plow"")",root,4
[xto] yowäs [txb] yopsa [xlu] 𒄿𒉺𒆷𒀀𒋾𒅔 [xlu] 𒄿𒉺𒆷𒀀𒋾𒂗 [xlu] 𒄿𒉺𒈠𒀭𒍝𒀸𒋫 [xlu] 𒄿𒈦𒉿𒀸𒄩𒀸 [xlu] 𒄿𒈦𒉿𒀸𒅆𒅖 [xlu] 𒀹𒄿𒉺𒋻𒈠𒅀𒀭 [hit] epurae- [grc] ζέφυρος [grc] Ζέφυρος [gmy] 𐀽𐁆𐀫 [grc] ζόφος [goh] Wetereiba [goh] Wingarteiba,*h₃yebʰ-,"to enter into, penetrate, to copulate",root,19
[lav] plàušas [lav] plàuši [lit] plaũtis [lit] plaũčiai [chu] пловѫ [grc] πλέω [lat] pluit [xto] plu- [txb] plu- [chu] плоу [grc] ἔπλευσα [san] अप्लोष्ट [txb] plyuwai [san] प्लव [txb] plewe [lav] plàukts [lav] plàuts [lit] plaũtas [isl] fleyður [grc] πλοῦτος [grc] πλοῖον [lat] pluvius [hye] լվանալ [grc] πλῡ́νω [san] प्लु,*plew-,"to fly, flow, run",root,37
[grc] πλεύμων [san] क्लोमन् [lat] pulmō,*pléwmō,"lung, (literally) floater",noun,3
[grc] πνέω [grc] πνείω [mid] pfnurren [isl] hnerra [grc] ἔπνευσε [san] क्षवः,*pnew-,"to breathe, gasp, to snort, sneeze",root,6
[grc] πνεῦμα [grc] πνεύμων,*pnéwmn̥,breath,noun,2
[grc] πλυτός [san] प्लुत,*plutós,"washed, floated",adj,2
[lav] plūdi [sga] luaidid [lit] plū́sti [mid] vliet [isl] fljótur [eng] fleet [ang] flot [nld] vlot [non] flot [lat] plaustrum,*plewd-,"to fly, flow, run",root,11
[lit] plúkti [lat] plūma [lav] plaûki [lit] pláukas [lav] plūksnas [lav] plūksnes [lit] plùnksna [lit] plū́ksna [prg] planxdine [lit] plaũkti,*plewk-,"to fly, flow, run, to splash, flap with hands",root,10
[san] नशन्ति [san] अनशत् [xto] näk- [txb] näk- [xto] ñakäs [txb] nekasta [xto] nkäs [txb] nakṣtär [txb] -nakṣi [san] ननाश [ave] 𐬬𐬍𐬥𐬇𐬥𐬁𐬯𐬁 [txb] neku [san] नाश [san] नष्ट [ave] 𐬥𐬀𐬱𐬙𐬀 [ave] 𐬥𐬀𐬯 [lat] nex [lat] necō [ell] νεκρός [grc] νέκταρ [xto] oṅk [txb] eṅkwe,*neḱ-,"to perish, disappear",root,22
[hit] 𒋼𒀀𒀊𒍣 [lav] cìrpt [lit] kir̃pti [lat] carpō [hit] 𒋼𒀀𒁉𒄿𒄑𒍣 [hit] 𒋼𒀀𒀊𒁉𒄑𒍣 [grc] καρπός [gmy] 𐀏𐀡 [sqi] kërpudhë [lit] šķērpêt [chu] почрѣти [san] कृपाणी [san] कृपाण,*kerp-,"to cut off, raze, to pick up, lift; to take and carry away, to pluck, pick (e.g. fruit), to reap, harvest",root,24
[hit] 𒋻𒊏𒀜𒋫 [san] अतारीत् [san] तारिषत् [san] तुरयन्ते [old] 𐎻𐎡𐎹𐎫𐎼/𐎹𐎶 [lat] intrō [hit] 𒋻𒈾𒄿 [san] ततार [san] तितिरुर् [san] तूतूर्षति [san] तितीर्षति [grc] νέκταρ [san] तरी [grc] ἀτέραμνος [san] दुष्तरीतु [san] तीर्ण [san] तीर्थ [san] तार [sqi] tras [san] तॄ,*terh₂-,"to cross over, pass through, overcome",root,26
[grc] τέρμα [grc] τέρμων [san] तर्मन् [san] सुतर्मन् [lat] termen [lat] terminus [lat] termō,*térmn̥,"boundary, end",noun,15
[sqi] qos [lit] kliudýti [lav] kļūdīt [lav] kļūdīties [lat] claudō [lat] clūdō [lat] claustrum [lav] kļũt [lit] kliū́ti [lit] kliáuti [grc] κληΐω [grc] κληΐς [grc] κλήϊθρον [gmy] 𐀏𐀨𐀹𐀡𐀫 [lat] clāvis [lat] clāvus [grc] κλῳός,*kleh₂w-,"a hook, crook, peg, to close something",root,17
[grc] σκέλος [grc] τρισκελίς [lat] scelus [xcl] շար-աւանդ [fas] شل [fas] شلوار [grc] σαράβαρα [grc] σαράβαλλα [lat] sarabala [lat] sarabāra [sqi] çalë [grc] κῶλον [grc] κόλων [sqi] shkal [xcl] խուլ [lit] atsikalti [grc] κυλίνδω [grc] κύλινδρος [grc] κυλλός [grc] σκολιός [grc] σκολίωσις [grc] σκολίωμα [grc] σκώληξ [lat] calix,*(s)kel-,"to bend, crook, bent, crooked, leg, heel, knee, hip",root,25
[grc] σκέλλω [grc] σκελετός [eng] shoal [eng] shallow [deu] schal [grc] σκληρός [deu] hellig [lav] kalst,*(s)kelh₁-,"to parch, wither",root,8
[hye] առիք [xcl] արդն [chu] ратище [chu] ратовище,*reh₁t-,"post, beam, pole",root,4
[san] रदति [lat] rōdō [lat] rōstrum [hit] ardu- [ave] 𐬭𐬁𐬜𐬀𐬌𐬙𐬌 [mid] lndyt,*Hreh₃d-,"to scrape, scratch, gnaw",root,6
[lat] trītus [lat] trīcae [lat] trībulum [lat] trībulō [lat] septentriō [lat] tergō [lat] tergeō [grc] τρῑ́βω [grc] τρίβος [grc] τριβή [grc] τρώγω [grc] τράγω [grc] τράγος [lit] trūnė́ti [grc] τέρυ [grc] τρύω [grc] ἄτρυτος [grc] τρῦμα [grc] τρύ̄μη [grc] τρῡτάνη [grc] τιτρώσκω [grc] τρώω [grc] τρῶσις [grc] τρῶμα [grc] τραῦμα [grc] τρύχω [grc] τρῡπάω [grc] τρύ̄πανον [grc] τρύ̄πη [grc] τρῦπα [lat] terō [grc] τείρω [lat] terebrum [lat] terebra [grc] τέρετρον [grc] τόρμος [grc] τόρνος [grc] τορός [grc] τόρος [grc] τορεύς [lat] teres [grc] τρῆμα [grc] τρῆσις [grc] τρητός [xcl] արածեմ [xcl] արաւտ [xcl] թուր [xcl] թրթուր [grc] τετραίνω [lat] trūcta,*terh₁-,"to rub, turn, to drill, pierce",root,50
"[xcl] կեղ [xcl] կեղեմ [xcl] կեղերջ [pus] غوزارول [fas] گرزین [lav] dzel̂t [lit] gélti [grc] βέλος [grc] βελόνη [grc] βέλεμνον [cel] Belatucadros [lat] volō [grc] βαλλίζω [grc] βλῆμα [grc] βλητός [grc] βλῆτρον [grc] βολέω [lav] gals [lit] gãlas [prg] gallan (acc.), golis [grc] βόλος [lit] gėlà [lav] žēl [rus] жаль [grc] βάλλω [grc] βολή [grc] βολίς [san] उद्गूर्ण",*gʷelH-,"to throw, reach, pierce; to hit by throwing",root,28
[san] ग्लै [san] ग्लाति [txb] klāy- [lit] gul̃ti [lav] gul̃t [san] गरण,*gʷelH-,"to drip, ooze",root,6
[lav] -vs [lit] -vas [prg] -was [grc] -ός [san] -व [ave] -𐬎𐬎𐬀,*-wós,Creates adjectives from verb stems.,suffix,6
[lat] solidus [lat] solox [ell] όλος [eng] holo- [sqi] gjallë [lat] salvus [san] सर्वताति [eng] Haurvatat [eng] Khordad [grc] ὁλότης [lat] sollus [lat] sollemnis [gle] slán [gla] slàn [lat] salūs [hye] ողջ,*solh₂-,whole,root,19
[lat] adoleō [lat] alimentum [lat] almus [lat] altus [lat] alvus [lat] (ind)olēs [lat] (pr)ōlēs [grc] ἀλθαίνω,*h₂el-,"to grow, nourish",root,8
[sqi] lloj [san] अरण [lat] ollus [lat] olle [lat] ōlim [lat] ille [xto] ālak [txb] allek [txb] āläm [txb] ālo,*h₂el-,"beyond, other",root,10
[sqi] lloj [hye] ողջ [lit] aliai,*h₂el-,"all; each, every; entire, whole",root,3
[lat] pīca [lat] Pīcumnus [lat] pīcus [prg] picle [san] पिक,*(s)peyk-,"name of a bird, woodpecker, name of a bird, magpie",root,5
[lat] pinsō [lav] pist [lit] pi̇̀sti [lat] pīsō [san] पिष्ट [mid] pst' [lat] pistus [ave] 𐬞𐬌𐬱𐬙𐬭𐬀 [lat] pīlum [lat] pīla [lat] Pīlumnus [lat] pistillum [lav] paisīt [lav] paise [lit] paišai̇̃ [lit] pai̇̃šos [lit] piẽšos [lit] puišai̇̃ [lit] pui̇̃šos [lit] pišai [lit] piešà [lit] piẽšas [lit] pi̇́ešas [lav] paisums [lav] pìesta [lav] piests [lit] piestà [lit] piẽstas [grc] πτίσσω [san] पिष्,*peys-,"to grind, to crush",root,34
[lat] pigeō [lat] piger [lit] pigùs [lat] piguus,*peyǵ-,"inactive, reluctant",root,4
[lit] sù [gle] comh- [gle] cuma [gla] co- [gla] coma [bre] ken- [cym] cyf- [cym] cyn- [lat] cum [lat] com- [txb] aṅkānmi,*ḱóm,"beside, near, by, with",adv,15
[lit] gliejù [lit] gliẽti [grc] γλῑ́νη [lav] glīve [lit] gleīvės [deu] Kleie [grc] γλία [lat] glittus [lav] glits [lav] glîts [lit] glitùs [lit] glytùs [lat] glūten [grc] γλοιός [sqi] ngjis [sqi] ngjit,*gleyH-,"to smear, putty, to stick, glue",root,21
[lat] glūs [grc] γλουτός [san] ग्लौ [lat] gluo,*glew-,"to ball up, clump together, swelling, lump",root,4
[lav] gliêbtiês,*gleybʰ-,to stick,root,1
[lav] ir̃t [lit] i̇̀rti [gmy] 𐀁𐀩𐀁 [sga] ráïd [bre] reuñv [cym] rhaw [gle] rámh [gle] rámha [gla] ràmh [lat] rēmus [gmy] 𐀁𐀩𐀲 [lat] ratis [lav] ir̃kls [lav] ir̃klis [lit] i̇̀rklas [san] अरित्र,*h₁reh₁-,to row,root,25
[lav] rēds [lit] rę̃ns [lit] rę̄ns [lit] rę̄ds [grc] ἐρῆμος [grc] ἔρημος [gmy] 𐀁𐀩𐀗 [lat] rārus [grc] ἐρωή [non] rór [mid] araf [ave] 𐬭𐬁𐬨𐬀𐬥 [gle] áras [lat] rēte,*h₁reh₁-,"to separate, loose, sparse, rare, quiet, lonesome",root,14
[lit] vójęs [lav] vâjêt [grc] ἐάω [hit] 𒌋𒌦𒄩𒀭𒍣 [san] अवासीत् [gmy] 𐀸𐀄𐀵𐀛 [grc] ᾱ̓ήθως [lat] vānus [lat] vāstus [hye] ունայն [grc] εὖνις [sqi] vonë [gle] uaimh [gla] uaimh,*h₁weh₂-,"to be/become empty, to be extinguished",root,21
[xcl] քաղցր [lat] suāvis,*swéh₂dus,sweet,adj,2
[grc] εὔαδε [grc] ἅδε [san] स्वादते [san] स्वदते [grc] ἑᾱδότᾰ [san] सुषूदिम [grc] ἁνδᾰ́νω [san] स्वदन्ति [san] सुवदन्ति [san] सूदयति [lat] suādeō [lit] sū́dyti [san] स्वाद्मन् [san] स्वादिमन् [ave] 𐬵𐬎𐬛𐬆𐬨𐬀 [san] स्वाद [san] प्रस्वादस् [goh] swozisto [grc] ἥδῐστος [xto] swār [txb] swāre [san] स्वात्त [ave] 𐬓𐬁𐬯𐬙𐬀 [lat] suāsus [sqi] shije [san] स्वादन,*sweh₂d-,"sweet, tasty?",root,27
[lat] spīca [eng] spire [deu] Spier [nld] spier [deu] Speier [isl] spíra [swe] spira [dan] spir,*spey-,"long, thin, sharp",root,269
[xcl] բուռն [grc] φώρ [lat] fūr,*bʰṓr,thief,noun,3
[lav] dunēt [san] ध्वनति [san] धुनि [san] ध्वनि [san] ध्वन्,*dʰwen-,to make a noise,root,5
[ell] -τερος [lat] -ter [lat] -iter [san] -तर [ave] -𐬙𐬀𐬭𐬀 [fas] ـتر,*-teros,Contrastive or oppositional adjectival suffix.,suffix,7
[hit] māi- [lat] mānis [lat] mānī [lat] mānē [lat] mānēs [lat] mānus [lat] immānis [grc] -μωρος [lat] mātūrus [lat] Mātūta [lat] mātūtīnus [grc] ἀμαυρός [grc] μαυρός,*meh₂-,"good, great, timely, opportune",root,13
[lat] mānō [bre] man [cym] mawn [gle] móin [gla] mòine,*meh₂-,"wet, damp",root,5
[grc] -της [ave] -𐬙𐬁𐬝,*-teh₂ts,Used to form nouns representing state of being,suffix,2
[lit] réižti [sga] rías- [lit] ri̇̀žti̇̀,*Hreyǵ-,"to stretch out, reach",root,3
[mid] ricken [lat] rigeō,*Hreyǵ-,to bind,root,2
[bre] leizh [cym] llaith [hye] լիճ,*leg-,to leak,root,3
[san] धिनोति [san] धयति [xcl] դիեմ [lav] dēt [grc] θῆσθαι [lat] fēmina [lat] fētus [lat] fēnum [lat] fēnus [lav] dȩ̄̂ls [grc] θῆλυς [san] धारु [grc] θήλεια [lat] fēlīx [lav] dīle [grc] θηλή [lat] fēlō [lat] fellō [sqi] dele [sqi] djathë [san] दधि [san] दध्नस् [sqi] djalë [xcl] դալ [lav] dēle [lit] dėlė [prg] dadan [lit] dieni [sga] dínu [grc] τίτθη [grc] τιθήνη [fas] دایه [xcl] դայեակ,*dʰeh₁(y)-,"to suckle, nurse",root,34
[grc] ἔρθει [hit] 𒌑𒂊𒊑𒋾𒄑𒍣 [hit] 𒌑𒂊𒊑𒀜 [hit] 𒌑𒂊𒊑𒀉 [pal] 𒌑𒂊𒅕𒋾 [grc] ἐρρήθην [grc] εἴρη [grc] ῥητός [xcl] յորջորջեմ [xcl] առաւիր [xcl] վեռ [rus] врать [san] व्रत,*werh₁-,"to speak, say",root,13
[ave] 𐬟𐬭𐬁-𐬑𐬭𐬃𐬢𐬵𐬀𐬌𐬌𐬀 [sqi] krua [grc] κρουνός,*kres-,"to move, be agitated, spring, surge, wave",root,3
[hit] 𒄩𒀭𒈾𒄿 [grc] ὄνομαι,*h₃enh₂-,"to call, summon; to assign (to a role or task) ?, to onerate; to charge",root,3
[san] अनस् [lat] onus,*h₃énh₂os,load; burden,noun,2
[grc] ὀνοστός [lat] onustus,*h₃enh₂ostos,loaded; burdened,adj,2
[grc] -ων [grc] -ών [lat] -ō,*-Hō,"Derives adjectives, nouns indicating possession, denoting burden, authority.",suffix,3
[cel] -ue [grc] ἤ [grc] ἠέ [lat] -ve,*-we,or,conj,6
[grc] νέω [lat] neō [sga] sníid [cym] nyddu [gle] sníomh [grc] νῆτρον [san] स्नायति [bre] neud [gle] snáth [gla] snàth [sqi] nus,*(s)neh₁-,"to spin (thread), to sew",root,11
[lat] fleō,*bʰleh₁-,"to bleat, to cry",root,1
[lat] flō [lat] flābrum [lat] flāmen [sqi] flluskë,*bʰleh₁-,to blow,root,4
[grc] -τός [san] -तस् [old] -𐎫 [lat] -tus,*-tos,"Creates adverbs with ablative meaning: ""from ..."".",suffix,4
[san] स्फायते [lat] spēs [san] स्फिर [lat] prosperus [lat] sospes [sqi] fuqi [sqi] fuki,*speh₁-,"to succeed, to prosper",root,7
[grc] σκέψατο [san] अस्पष्ट [lat] spexī [grc] σκοπέω [san] स्पाशयति [lat] specus [lat] speciēs [grc] σκοπός [nld] spie [nld] spee [nld] spij [deu] Spähe [isl] spá [grc] σκοπή [lat] specimen [grc] σκέψις [san] स्पष्ट [ave] 𐬀𐬎𐬎𐬌𐬯𐬞𐬀𐬱𐬙𐬀 [lat] spectus [lat] spectrum [lat] speculum [lat] specula [ave] 𐬯𐬞𐬀𐬴𐬌𐬙𐬌 [xcl] սպաս [fas] سپاس [san] स्पश्,*speḱ-,"to see, to look, to observe",root,33
[gle] deimhin [gla] deimhinn [grc] θῆμᾰ [grc] θημών [grc] εὐθήμων [san] धामन् [ave] 𐬛𐬁𐬨𐬀𐬥 [ave] 𐬛𐬁𐬨𐬄𐬥 [ave] 𐬛𐬅𐬨𐬀𐬥,*dʰéh₁mn̥,"that which is established, house, home",noun,12
[lat] carmen [lat] cicōnia [lit] kanklės [grc] καναχέω [grc] καναχή [grc] ἠικανός,*keh₂n-,"to sing, to produce a tune (such as music), to call or cry out",root,6
[grc] φαῦω [grc] φάω [lat] faveō [grc] φᾰέθω [grc] πιφαύσκω [grc] φαῦος [grc] φάος [grc] φάεννος [grc] φαεινός [grc] φαείνω [grc] φαῦσις [grc] φάντα [sqi] bënj [sqi] bëj [sqi] bâj [xcl] բանամ [grc] φαίνω [grc] φάσις [grc] φάτις [lat] iubar [san] भान,*bʰeh₂-,"to shine, glow light, to appear, be visible",root,21
[grc] φήμη [lat] fāma [san] भाषा [san] भाषति [lat] fās [grc] φωνή [grc] φῆμις [grc] φῆμα [xcl] բան [grc] φάσκω [xcl] բայ [grc] φάσις [grc] φάτις [grc] φατός [lat] fātus [lat] fateor [lat] Fatuus [lat] fatuus [xcl] բառ [xcl] բանկն,*bʰeh₂-,"to speak, to say",root,21
[hye] հուն [lat] pōns [txb] *päntā,*póntoh₁s,path,noun,3
[lit] stomuõ [grc] στῆμᾰ [grc] στάμνος [san] स्थामन् [lat] stāmen [xto] ṣtām [txb] stām,*stéh₂mn̥,"that which stands, stature",noun,8
[san] हीन [grc] κιχάνω [san] जहाति [ave] 𐬰𐬀𐬰𐬁𐬌𐬙𐬌 [san] अहात् [sqi] ngah,*ǵʰeh₁-,"to leave, abandon",root,6
[san] रेपस् [san] लिम्पति [lit] lipi̇̀nti [lit] láipioti [san] लेपयति [lit] làipa [pol] lepa [san] लेप [lit] lipai̇̃ [lit] lipnùs [lat] lippus [san] रिप्र [lit] li̇̀ptas [san] लिप्त [san] रिप्त [lit] lipùs [san] रिपु [grc] λίπα [grc] λιπαίνω [grc] λιπάω [grc] λιπαρός [san] लेपन [san] लेपिन् [san] लिपि [san] लिप्यते [san] रिप् [txb] lip,*leyp-,"to stick, fat or sticky substance",root,27
[lit] vyti̇̀s [grc] ἰτέα [lat] vītis [hye] գի [hye] գՙէ [hye] գՙի [hye] կէ՛նի [hye] կէ՛նէ [hye] իգէ՛նէ [san] वेतस [san] वेत्र [san] वैतस [ave] 𐬬𐬀𐬉𐬙𐬌 [pus] وله,*wéh₁itis,"that which twines or bends, branch, switch",noun,14
[sqi] n- [sqi] m- [xcl] ի [xcl] յ- [prg] ēn [lav] iekša [lit] į [lit] in [ell] εν [xto] -an [txb] -ne [xto] a(n)- [txb] e(n)-,*h₁én,in,adv,13
[san] शर्मन् [lat] cella [lat] color [ell] κολεός [lat] cōleus [lat] cilium [lat] clam [prg] kelmis [lit] šálmas [ell] καλύπτω [ell] καλύβι [ell] καλύβα [ell] κέλυφος [ell] κάλπη [san] शरण [fas] سرمه [lat] cālīgō [lat] cēlō,*ḱel-,to cover,root,46
[lat] auscultō [lav] salis [lit] šali̇̀s,*ḱel-,to incline,root,3
[grc] νεότης [san] नवता [lat] novitās [got] 𐌽𐌹𐌿𐌾𐌹𐌸𐌰,*néwoteh₂ts,newness,noun,4
[grc] πήγνυμι [lat] prōpāgō [lat] pangō [lat] pactus [grc] πάγη [grc] πῆγμα [lat] prōpagmen [lat] pāgus [grc] ἅπαξ [lat] pāla [lat] pālus [lat] paxillus [grc] πάχνη [lat] pessulus [lat] repāgulum [xcl] հաստ [lav] poga [sqi] mpij [xcl] աստեմ [cym] aelod [grc] πάγος [grc] πάσσαλος [grc] πηγή [grc] πηγός [ave] 𐬞𐬁𐬰𐬀𐬤𐬵𐬀𐬧𐬙 [san] पज्र [san] पाजस् [lat] pāgina [lat] compāgēs,*peh₂ǵ-,"to attach, fix, fasten",root,29
[san] उनत्ति [lat] unda [lat] uter [lat] vitrum [xcl] գետ [ave] 𐬬𐬀𐬌𐬜𐬌 [ave] 𐬎𐬯𐬀,*wed-,"to well, water",root,7
[eng] blead [deu] Blüte [xto] pält [txb] pilta [grc] φῠ́λλον [lat] folium [san] फुल्ल [xcl] բող [xcl] բողիկ [hye] բողբոջ,*bʰleh₃-,"bloom, flower",root,28
[hit] 𒇷𒅖𒊭𒀭𒍣 [lav] lest [lit] lèsti [lav] lasīt [lit] lasýti,*les-,"to gather, to collect",root,8
[lav] strangs [grc] στραγγός [lav] stringt [lit] stri̇̀gti [pol] zastrąc [lat] stringō,*strengʰ-,"to twist, rope, cord",root,6
"[lat] calō [isl] hjala [san] क्रन्दति [san] क्लन्दति [grc] καλέω [lat] (con)cilium [grc] κληδών [lat] classis [hye] աքաղաղ [hye] աքլոր [lat] clārus [lat] clāmō [lat] clāmōsus [lav] skaļš [lit] skãlyti [lit] skalùs [lit] skali̇̀kas [lit] kalė̃ [rus] скули́ть [mid] scellen [deu] schellen [isl] skella [isl] skjalla [ang] scillen [mid] schellen [nor] skjelle [deu] Schall [nld] schal [swe] skall [deu] Schelle [nld] schel [deu] schelten [eng] scold [hye] ցուլ [grc] σκύλαξ [grc] κύλλα [grc] σκύλος [grc] σκύλιον [grc] σκύλλα [grc] Σκύλλα [grc] σκυλλίς [grc] σκύμνος [hit] kalgalinai- [hit] kalleš-, kalliš- [lav] kaļôt [lit] kalba [rus] ко́локол [deu] hell",*kelh₁-,"to call, cry, summon",root,66
[xcl] բարդ [lat] fors [san] भृति,*bʰértis,"the act of carrying, bearing",noun,3
[sqi] ziej [grc] θέρω [grc] θέρομαι [san] जिघर्ति [sqi] ngroh [grc] θερέω,*gʷʰer-,"to be warm, to become warm",root,7
[gle] gor [cym] gwresogi [san] घरयति [san] घर्,*gʷʰoréyeti,to heat,verb,4
[xcl] ջեր [prg] goro [grc] θέρος,*gʷʰéros,"heat, warm weather",noun,3
[sga] odur [sqi] hyll [grc] Ἰλλυρία,*udrós,"of water, aquatic, otter",adj,3
[sqi] -ar [sqi] -r [xcl] -ար [lav] -rs [lit] -ras [lit] -rus [grc] -ρός [san] -र [ave] -𐬭𐬀 [lat] -er [lat] -rus [xto] -är [txb] -re,*-rós,Forms adjectives from Caland system roots.,suffix,13
[hye] գալ [lat] vādō [sqi] va [lat] vadum [sqi] vete [hit] to come [cym] go-di-wawd,*weh₂dʰ-,"to go, to proceed, to pass, to traverse",root,7
[lit] vi̇̀ltis [lav] vil̂t [prg] prawilts [grc] λῶ [san] वृणीते [san] वर [goh] wala [sqi] vallë [xcl] գեղձ,*welh₁-,"to choose, to want",root,9
"[xcl] գերեմ [lav] vest [lit] vèsti [sga] feidid [cym] arweddu [cym] arwain [cym] *ɸare-wedeti, ɸare-wedn- [goh] wetan [chu] вѣсъ [hit] u-watemi [xcl] վարեմ [lat] vas [san] वधू [ave] 𐬬𐬀𐬜𐬏 [lit] vādas [lit] vadúoti [cym] gwedd [sga] fedan [sga] feidm",*wedʰ-,"to lead, to bind, to secure, to pledge, to guarantee",root,21
[lat] vigeō [lat] vigil [san] वाज,*weǵ-,"to be lively, awake, to be strong",root,4
[san] वात [lat] vātēs [isl] óður [ang] wōþ [hye] գութ,*weh₂t-,"excited, inspired, possessed, raging",root,6
[grc] ζέω [xto] yäs [san] येषति [ave] 𐬫𐬀𐬉𐬱𐬌𐬌𐬈𐬌𐬙𐬌 [isl] asa [nor] ase [san] यासयति,*yes-,"to foam, to boil",root,7
[grc] λεῖξαι [lat] lingō [got] 𐌱𐌹𐌻𐌰𐌹𐌲𐍉𐌽 [lav] làizît [lit] laižýti [san] लेहयति [grc] λιχνεύω [san] लिह् [san] रीळ्ह [san] लीढ [san] लेह [isl] sleikja,*leyǵʰ-,to lick,root,19
[san] मिमाति [san] मिमीते [lat] (se)mel [hit] mē(i̯)an- [lat] mōs [lat] mēta [san] माति [sqi] mot [grc] μῆτις [lat] mētior [hin] मात्र [grc] μέτρον [bre] ment [cym] maint [gle] méid [gle] méad [gla] meud [fra] maint [sqi] mat [sqi] mas [grc] -μωρος [hit] 𒍖𒈨𒄯 [lit] mãtas [lit] mẽtas [lav] mȩts [prg] mattei [prg] mettan [prg] metthe [prg] mette [san] असमाति,*meh₁-,to measure,root,31
[sqi] mbi [sqi] mby [sqi] my [hye] եւ [prg] ep- [prg] eb- [sga] ía-daid [ell] επί [gmy] 𐀁𐀠,*h₁epi,"on, at, near",adv,9
[sqi] nip [sqi] mbesë [grc] ἀνεψιός,*népōts,"grandson, descendant, nephew",noun,3
[lat] paucus [lat] pūpa [lat] pūpus [lat] putus [lat] pūsus [lat] pusillus [lat] pauxillus [lat] pullus [ell] φαύλος [lat] parvus [lat] paullus [lat] paulus [ell] παιδί [ell] -παις [lat] pauper [cym] ŵyr [lat] puer [sqi] palo- [hye] փոքր [lav] putns [lit] putýtis [san] पोत,*peh₂w-,"few, little, smallness",root,30
[sqi] gogël [lat] glāns [lav] zīle [lit] gi̇̀lė̃ [lit] gỹlė̃ [prg] gile [hye] կաղին [grc] βᾰ́λᾰνος [hye] տկողին [grc] Διὸς βάλᾰνος [grc] διοσβάλᾰνος [lat] iūglāns [san] गुल,*gʷelh₂-,acorn,root,17
[sqi] bythë [grc] πῠθμήν,*bʰudʰmḗn,bottom,noun,3
[hye] դիք,*dʰéh₁s,"god, godhead, deity, sacred place",noun,1
[lit] tamsa [lit] tamsus [lit] témti [gle] temen,*temH-,dark,root,4
[san] अन्त [sqi] ândë [sqi] ânë [sqi] anë [hit] ḫantezzi [gle] éadan [gla] aodann,*h₂ent-,"face, forehead, front",root,7
[lat] prae [lat] prae- [lat] praeter [lav] pìrmaĩs [lit] pirmas [prg] pirmas [prg] pirmois [gmy] 𐀞𐀫 [san] पुरा [sqi] parë [grc] πάρος [san] पुरस् [grc] πρῶτος [grc] πρών [grc] πρῷρα,*preh₂-,"before, in front",root,28
[grc] δάκος [san] दशति [grc] δαγκάνω [san] दंशयति [grc] δήξ [sqi] darë [sqi] dang [san] दश [san] दंश [grc] -δηκτός [san] दष्ट [grc] δῆγμα [san] दंश्मन् [grc] δῆξις [san] दंष्ट्र [ave] 𐬙𐬌𐬲𐬌𐬛𐬄𐬯𐬙𐬭𐬀 [grc] δαγμός [grc] δακετόν [san] दंश्,*denḱ-,to bite,root,19
[grc] ὄλλῡμι [lat] aboleō [lat] dēleō [grc] ὄλεθρος [lav] pult [lit] pulti [prg] aupallai [grc] ἀπόλλῡμι [hit] hu-ul-la-a-i [xcl] աղէտ [xcl] աղունք [xcl] եղեռն [xcl] եղծ [bre] ol-buid [sga] el-tes [grc] ὀλοός,*h₃elh₁-,"to fall, to collapse, to destroy/be destroyed",root,17
[sqi] Zojz [hit] 𒅆𒄿𒌑𒍑 [xcl] տիւ [lat] Reo [eng] Dyeus,*dyḗws,"sky, heaven, sky god, Dyeus",noun,5
[sqi] gardh [hit] 𒄥𒋫𒀸 [xlu] 𒄥𒋫 [txb] kerccī,*gʰerdʰ-,"to enclose, to encircle, enclosure, fence, belt",root,4
[lav] dzẽrve [lit] gérvė [prg] gerwe [lat] grūs,*gerh₂ōws,crane (bird),noun,4
[sqi] qeth [san] खिदति [cym] cwyddaw [bre] coezff [hye] խայթ [hye] խիթ [xcl] խեթ [xcl] խեթեմ [xcl] խէթ [xcl] խոթեմ [xcl] խութ [xcl] խօթ,*kh₂eyd-,"to cut, hew",root,12
[grc] κάπρος,*kápros,"he-goat, billy goat",noun,1
[bel] парсю́к [bel] паршу́к [pol] parsiuk [pol] porszuk [rus] парcу́к [ukr] паршу́к [ukr] порсю́к [prg] prastian,*pórḱos,piglet,noun,8
[san] तपति [fas] تافتن [fas] تاب [sqi] ftoh [ave] 𐬙𐬀𐬟𐬯𐬀𐬝 [fas] تفسیدن [san] अताप्सीत् [gle] te [gla] teth [grc] Ταβιτί [lat] tepēns [lat] Tessi-gnius [bre] tes [cym] tes [gle] teas [gla] teas [san] तप्त [ave] 𐬙𐬀𐬟𐬙𐬀 [pus] تود [pus] توده [fas] تفت [xcl] տաւթ [txb] tāpce [cym] tampr [gle] tapar,*tep-,"to be warm, be hot",root,25
[lat] pāx [lat] pactum [san] पाशयति,*peh₂ḱ-,"to join, to attach, agreement, settlement",root,3
[lat] pullus [san] पलित [sqi] plak [lav] pęlni [lit] pelenai̇̃ [xcl] ալի [lav] pelēks [lit] pelekas [lit] pi̇̀lkas [prg] pelē [rus] пелёсый [lat] palleō [lat] pallidus,*pelH-,"pale, gray",root,13
[san] प्रथान [lit] plė̃sti [san] प्रथते [ave] 𐬟𐬭𐬀𐬚𐬀𐬯𐬀𐬎𐬎𐬀𐬵 [san] प्रथयति [grc] πλᾰτᾰμών [san] प्रथिमन् [grc] πλᾰ́τᾱ [san] पृथ [lit] plokščia,*pleth₂-,"to spread, extend, flat",root,10
[por] peidar [grc] βδέω [deu] Fist [nld] veest [grc] πέζις,*pesd-,"to fart softly, pass gas, break wind",root,5
[eng] sam [old] sām- [goh] sāmi- [ell] ημι- [eng] hemi- [fra] hémi- [spa] hemi- [san] सामि [eng] semi- [eng] semi [fra] semi- [ita] semi- [por] semi- [spa] semi-,*sēmi,"half, partially",adv,35
[hye] քաղել [lav] šķil̃t [lit] ski̇̀lti [lit] skil̃na [lit] skỹlna [lav] šķel̂t [lav] šķeļu [lit] skélti [lit] skeliù [lit] skẽlia [sqi] çel [lav] šķiļu [lit] ski̇̀lia [grc] σκάλλω [hit] 𒅖𒆗𒆷𒄿 [sqi] halë [lit] skalà [eng] shale [nld] schaal [fra] écale [eng] scale [dan] skal [eng] skull [dan] skalle [isl] skalli [swe] skalle [swe] skulle [lat] culter [eng] shelf [nld] schelf [non] skjálf [grc] σκάλοψ [grc] σκόλοψ [san] कॢप् [san] कल्प [lat] scalpō [lat] scalprum [non] skil [got] 𐍃𐌺𐌹𐌻𐌾𐌰 [sqi] shkal [xcl] ցելում [grc] σκαληνός [grc] σκύλλω,*(s)kelH-,"to cut, to split, to separate",root,76
[lit] skelė́ti [prg] skellants,*skel-,"to be obligated, owe, to be guilty",root,2
[lav] skaîdît [lit] skáidyti [san] छेदयति [grc] σχίζω [san] छिद्यते [lav] šķiêst [lit] ski̇́esti [san] छिन्न [grc] σχίσις [san] छित्ति [hye] ցտել [lit] skėsti [cym] cwys [cym] chwydu [xto] kät- [txb] kät-,*skeyd-,"to split, to divide",root,16
[lav] stātis [lit] stoti̇̀s [grc] στάσις [hin] स्थिति [ave] 𐬯𐬙𐬁𐬌𐬙𐬌 [lat] statim,*stéh₂tis,"standing, position",noun,6
[san] तपस् [fas] تاب [fas] تب [hye] տապ [lat] tepor,*tépos,"heat, warmth",noun,8
[sqi] (mbë)shtet [lav] stats [lit] stãtas [grc] στᾰτός [ave] 𐬯𐬙𐬁𐬙𐬀 [lat] status,*sth₂tós,"placed, standing",adj,6
[ell] δομή [mid] deint [ell] δάπεδο [grc] δέμας [sqi] dhomë [xlu] ta+mi-ha,*dem-,"to build (up), to arrange, to put together",root,7
[xcl] բով,*bʰeh₁-,to foment; warm; bathe,root,1
[grc] φώγω [hye] բոկ,*bʰeh₃g-,"to bake, to roast, to fry",root,2
[sga] bolgaid [prg] balsinis [lit] bal̃nas [prg] balgnan [rus] бо́лозень [lat] Belgae [lat] follis,*bʰelǵʰ-,to swell,root,7
[pol] bróg [sga] commairge [ang] byrga [old] burgio [deu] Bürge [eng] burrow,*bʰergʰ-,"to safeguard, to protect, to preserve",root,6
[sqi] butë [hye] բուկ [san] भुजति [san] भोग [lav] boga [lav] baũgurs [lit] bū́gti [san] भुग्न [lav] gubt [lit] gùbti [san] भुज,*bʰewgʰ-,"to bend, curve, arch",root,11
[sqi] mbruaj [grc] βρῦτος [cym] brwd [lat] dēfrutum [lat] dēfritum [sqi] brumë [sga] bruith [gle] bruth [cel] Boruo [sqi] bërsi [grc] πορφῡ́ρω,*bʰrewh₁-,"to boil, to brew",root,11
[grc] φέβομαι [san] अभिभजते [grc] φοβέω [grc] φοβέομαι [san] भाजयति [grc] φόβος,*bʰegʷ-,"to flee, to run",root,6
[san] ब्रध्न [lav] blàndîtiês [lav] blôdîtiês [lit] blandýtis [eng] blond,*bʰlendʰ-,"to blend, to mix up, to make cloudy, opaque, blond, red-haired, ruddy (alternative/contested) suggests derivation from *bʰel- (“to blaze, be shiny”).",root,8
[sqi] bredh [lav] brist [lit] bri̇̀sti [sga] fris·brudi [ces] břednout [pol] brnąć,*bʰredʰ-,to wade,root,6
[san] दृभति [san] दर्भयति [lit] darbas [san] दर्भ [eng] turf [old] turf [ang] eþeltyrf [mid] torf [mid] turf [non] torf [mid] torve,*derbʰ-,"to spin, to twist",root,11
[grc] ἔδρᾰκον [grc] δρακείς [got] 𐌲𐌰𐍄𐌰𐍂𐌷𐌾𐌰𐌽 [san] दर्शयति [grc] δέργμα [gle] dearc [gle] dearca [gle] deirc [gla] dearc [grc] δράκος [sqi] dritë [san] दृष्टि [goh] ougozorhtōn [xcl] տեսանեմ [san] दृश्,*derḱ-,to see,root,17
[san] दङ्घति [lit] deñgo [lit] deñgti [lit] diñgti [swe] dunga [sqi] dëng [lit] dangùs [prg] dangus,*dʰengʰ-,"to cover, to overcast",root,8
[san] धृष्णोति [old] 𐎠𐎭𐎼𐏁𐎴𐎢𐏁 [lit] drį̇̃sti [grc] θαρσέω [grc] θαρρέω [san] धृष्ट [sqi] nder,*dʰers-,"to be bold, to dare",root,7
[lat] suffiō [lat] fimum [hit] 𒈭𒄩𒀀𒄑𒍣 [lit] dúlis [gle] dúil [gla] dùil [san] धूलि [lat] fūlīgō [lit] dujà [gle] dé [mid] doom [got] 𐌳𐌰𐌿𐌽𐍃 [isl] daunn [sqi] ndyj [sqi] duf [hit] 𒈭𒄩𒂊 [grc] θύω [grc] τῡ́φω [grc] τῦφος [grc] τῡφόω [grc] Τῡφῶν [hin] धूसर [lat] furō,*dʰewh₂-,"smoke, mist, haze",root,24
[san] देग्धि [mid] dys- [hye] դիզել [sga] dingid [ell] Αθίγγανος [lat] fingō [ave] 𐬞𐬀𐬌𐬭𐬌𐬛𐬀𐬉𐬰𐬀𐬌𐬌𐬄𐬥 [ell] τείχος [lat] figulus [san] दिग्ध [ave] 𐬎𐬰𐬛𐬌𐬱𐬙𐬀 [lat] fictus [san] संदिह् [fas] دز [fas] دژ [old] 𐎮𐎡𐎭𐎠 [lav] zìest [lit] žiẽsti [prg] seydis [lat] figūra [san] देही [san] दिह्,*dʰeyǵʰ-,"to knead, to form, to shape",root,29
[lit] žeñgti [mid] gīht,*ǵʰengʰ-,"to walk, to step",root,2
[lav] zelt [lit] žélti [nor] glæ [lat] holus [grc] χλωρός [ave] 𐬰𐬁𐬭𐬀 [fas] زهره [fas] زهله [san] हलीक्ष्ण [lav] zelts [sqi] diell [grc] χλόη [lav] zaļš [lit] žãlias,*ǵʰelh₃-,"green, yellow",root,14
[grc] χανδάνω [lat] praehendō [lat] praeda [lat] hedera,*gʰed-,"to find, to hold, to seize, to take",root,4
[mid] galster [sqi] galdoj [hye] գեղգեղել [hit] galgal-ināi- [hye] գեղոն [ell] χείλος,*gʰel-,"to call, to chant, to shout",root,9
[san] जरते [fas] پراچی جر [san] गृणाति [sqi] grish [lav] dzir̃u [lit] gi̇̀rti [prg] girtwei [xcl] կարդամ [san] गूर्धया [sqi] grah [lit] gẽras [san] गूर्ति [lat] grātuītus [san] गिरि [grc] Βορέᾱς [chu] гранъ [chu] грано [ces] hrany [san] जरिता [ave] 𐬀𐬌𐬠𐬍-𐬘𐬀𐬭𐬆𐬙𐬁 [san] गॄ,*gʷerH-,"to express approval; praise, to elevate",root,24
[san] कायमान [ave] 𐬐𐬀𐬌𐬌𐬁 [san] चके [ave] 𐬗𐬀𐬐𐬎𐬱𐬈 [lav] kārôt [ave] 𐬐𐬁𐬙𐬀 [mid] kʾtk',*keh₂-,to desire,root,7
[sga] téit [san] अतन् [sqi] ndej [grc] τείνω [lav] tît [lit] ti̇̀nti [lit] tenė́ti [goh] donēn [lat] teneō [grc] τιταίνω [lav] tìkls [lit] tiñklas [prg] sasintinklo [san] तन्त्र [pus] تور [san] तन्तु [lat] tōlēs [lat] tonsillae [mid] ttn',*ten-,"to stretch, extend",root,26
[sqi] noçë [lav] nāss [lit] nósis [prg] nozy [lat] nāris [lat] nāsus,*néh₂s,nose,noun,6
[lit] -uõ [grc] -ων [san] -अन् [lat] -ō,*-ō,"Forms so-called ""individualizing"" or ""participant"" nouns from nouns and adjectives, agent or patient, from verbs., Derives nouns from nouns or roots, often with unclear semantic distinction.",suffix,4
[hye] տկլոր [non] nakinn [grc] γυμνός [hit] 𒉈𒆪𒈠𒀭𒍝 [xcl] մերկ [lat] niger [xcl] լերկ,*negʷ-,"bare, naked",root,7
[lav] nogs [lit] núogas [san] नाग,*nogʷós,naked,adj,3
[grc] ἐρῠγγᾰ́νω [lav] raûgt [lit] ráugti [grc] ἐρεύγομαι [lat] (ē)rūgō [lat] rūgiō [lav] raûgs [lit] ráugas [lat] rūmen [xcl] ործամ [xcl] ործկամ [xcl] առիւծ [lav] rûgt [lit] rū́gti [lav] raûgâtiês [lit] ráugėti [lit] riáugėti [lit] riáugti [lit] riáugsti [ang] rocettan [grc] ὀρυμαγδός [fas] آروغ,*h₁rewg-,"to belch, to roar",root,24
[hit] 𒇷𒅅𒍣 [goh] antlingen [grc] ἐλέγχω,*h₁lengʰ-,to revile?,root,3
"[sga] -aid [grc] -άω [grc] -ῶ [lat] -ō, -āre [san] -आयति [san] -आपयति",*-eh₂yéti,"Creates iterative, frequentative, or intensive verbs., Creates causative verbs.",suffix,6
[sqi] vit [sqi] vjet [grc] ἔτος [grc] ϝέτος [gmy] 𐀸𐀵 [gmy] 𐀸𐀳𐀂 [lat] vetus [lat] veternus,*wétos,year,noun,10
[grc] ἔβην [san] अगात् [ave] 𐬔𐬁𐬝 [hye] կամ [hye] կենալ [grc] *βίβημι [grc] βιβᾱ́ς [san] जिगाति [grc] βεβάασῐ [grc] βέβηκᾰ [san] जगायात् [sga] baïd [grc] (ἀμφισ)βητέω [grc] (συ)βωτέω [sga] at·bath [sga] bath [cym] bad [grc] βέβαιος [grc] βωμός [hye] կայք [xcl] կամն [grc] βιβάω [grc] βιβάζω [san] जगत् [san] गा [san] ग,*gʷeh₂-,"to step, to go, to stand",root,26
[xto] kärṣt- [txb] kärst- [lat] cēna [lat] scortum [lat] scrōtum [lat] scrautum [lat] cortex [san] कृत्त [lav] skrīpât [lat] scrūta [lat] scrūpus [sqi] shqerr [lav] šķir̃t [lit] ski̇̀rti [grc] κείρω [lat] carō [san] कृति [eng] share [deu] Schar [ell] κορμός [san] कर्त [lat] corium [lat] curtus [sqi] çjerr [sqi] harr [sqi] thërras [xcl] քերեմ [xcl] քերծեմ [xcl] քերթեմ [xcl] քորեմ [lav] cirst [lit] kirsti [lav] cirvis [lit] kirvis [dan] skår [isl] skora [swe] skåra [eng] score [nld] scheur,*(s)ker-,"to cut off, sever, to separate, divide",root,42
[grc] κυρτός [lat] curvus [lat] carcer [lat] cancer [lat] circus [lat] cortīna [grc] κορωνός [grc] κορώνη [gle] cuir [gla] cuir [lat] scrīnium [lat] crīnis [lat] crista [lat] crispus [lat] crux [san] कृणत्ति [san] क्रुञ्चति [san] क्रौञ्च,*(s)ker-,"to turn, bend",root,20
[sqi] sjell [grc] πέλω [lat] colō [grc] τέλλω [grc] τελέω [sqi] qe [grc] τέλος [lat] colus [lat] -cola [lat] colōnus [prg] kelan [ell] πόλος [lat] polus [txb] kele [ell] πάλι [xcl] եղանիմ [grc] -κόλος [grc] πάλαι [grc] -πόλος [grc] τῆλε [san] चल [xto] käl- [txb] käl- [txb] klutk- [san] चर् [san] चल्,*kʷelh₁-,"to turn (end-over-end), to revolve around, and therefore to sojourn, to dwell",root,28
[grc] γράμμα,*gerbʰ-,to carve,root,1
[san] तोपति [mid] stwbynytn' [sqi] përtyp [sqi] shtyp [grc] τύπτω [lat] stupeō [lat] stuprum [grc] τύπος [grc] στύπος [chu] тъпати [grc] δοῦπος [grc] ἐρίγδουπος,*(s)tewp-,"to push, to stick",root,12
[ell] κλέβω [eng] kleptomania [fra] cleptomanie [grc] κλώψ [grc] Κύκλωψ [grc] κλοπή [sqi] qep [sqi] qafë,*klep-,to steal,root,8
[xlu] 𒅅𒆪𒉿𒅈 [xcl] լեարդ [gle] eochraí [gle] eochair [grc] ἧπαρ [lat] iecur [lat] iocur [xto] ykär [txb] yakär,*yókʷr̥,liver,noun,9
[xcl] որբ [grc] ὀρφανός [lat] orbus,*h₃órbʰos,"orphan, servant, slave, worker",noun,3
[hit] ḫarp- [lat] orbis [lat] orbita [gle] earb [gla] earb,*h₃erbʰ-,"to turn (whence also the secondary meanings), to change allegiance, status, ownership, to turn (whence also the secondary meanings), inheritance (i.e. to change ownership)",root,5
[sga] -iu [grc] -ων [san] -यस् [san] -ईयस् [san] -यान् [san] -ईयान् [ave] -𐬌𐬌𐬀𐬵 [lat] -ior,*-yōs,"Forms adjectives from roots, meaning ""very"" or ""rather"".",suffix,8
[grc] ἡδίων [san] स्वादीयस् [lat] suāvior,*swéh₂dyōs,"very sweet, rather sweet",adj,3
[xcl] որ [lav] katrs [lit] katràs [lit] kataràs [sga] nechtar [grc] πότερος [san] कतर [ave] 𐬐𐬀𐬙𐬁𐬭𐬀𐬯𐬗𐬌𐬝,*kʷóteros,which (of two)?,adj,8
[grc] ἔμῐκτο [grc] ἔμειξᾰ [grc] μίσγω [san] मिच्छमान [mid] ʾ(ʾ)myxs- [mid] gwmyxs- [lat] misceō [lat] prōmiscus [lat] prōmiscuus [grc] μείξω [san] मेक्षयति [lit] miēši [lit] mi̇̀šti [ell] μιγνύω [grc] μῐ́ξῐς [grc] μῖξῐς [grc] μεῖξῐς [lit] mi̇̀šras [fas] آمیختن [fas] آمیغ,*meyḱ-,to mix,root,38
[gmy] 𐀆𐀒𐀵 [san] दाष्टि [san] दाश्ति [ave] 𐬛𐬁𐬱𐬙𐬀- [san] दाश्नोति [grc] δέδεξο [san] ददाश [lat] decet [san] दीक्षते [lat] discō [fra] duire [grc] δεκτός [lat] dignus [grc] δοκός [lat] doga [grc] δόξᾰ [grc] δόγμα [lat] decor [san] दा॒श्वान् [grc] ἀ-δηκότες,*deḱ-,"to take, to perceive",root,24
[sga] dech [san] दाश् [san] दशस्यति [lat] decus,*déḱos,that which is proper,noun,10
[hit] 𒊭𒀝𒋼𒀀 [hit] 𒍝𒀝𒋼𒀀 [lav] sãrņi [grc] σκῶρ [ave] 𐬯𐬀𐬌𐬭𐬌𐬌𐬀- [lat] -cerda,*sóḱr̥,"dung, excrement",noun,6
[lat] somnus [xto] ṣpäṃ [txb] ṣpane,*swépnos,"sleep, slumber",noun,5
[grc] ἔφαγον [ave] 𐬠𐬀𐬑𐬱 [fas] بخشیدن [fas] بخش [xcl] բաշխեմ [xcl] բաշխ [san] भजति [ave] 𐬠𐬀𐬲 [xcl] բաժանեմ [xcl] բաժին [xcl] բաժակ [fas] باج [fas] باژ [xcl] բաժ [xcl] բակ [san] भक्ति [xto] pāk [txb] pāke,*bʰeh₂g-,"to divide, distribute, allot",root,23
[grc] Ἄργος [grc] ἐν-αργής [hit] 𒄯𒆠𒅖 [hit] 𒄯𒅗𒅖 [san] ऋजिश्वन् [grc] ἀργί-πους [san] ऋजिप्य [grc] αἰγυπιός [grc] ἀργιόπους [xcl] արծուի [nld] aecker [ang] eorcan [ang] eorcnan [ang] earcnan [goh] erchan [got] 𐌰𐌹𐍂𐌺𐌽𐍃 [grc] ἀργός [san] ऋज्र [lat] arguō [hin] अर्जुन [grc] ἄργυρος [lat] Argiotalus [hit] ḫargnau- [grc] ἀργής [xcl] արծնեմ [xcl] արծարծեմ,*h₂erǵ-,"white, argent, glittering",root,36
[lat] studeō [gle] tuit [gle] tit [gla] tuit [san] तुदति [san] तुतोद [lat] tutudī [san] तोद [lat] tussis [sqi] shtyj [grc] Τυδεύς [grc] Τυνδάρεος [lat] tudes [lat] tuditō [lat] studium,*(s)tewd-,"to push, to hit",root,18
[grc] ἔστῠγον [san] तुजन्ति [grc] στῠγέω [san] तुजयत् [san] तुञ्जन्ति [san] तुञ्जते [grc] στύξ [grc] Στύξ [grc] στύγος,*(s)tewg-,"to push, to hit",root,9
[grc] τυκίζω [grc] τύκος [lav] taucêt [lav] tūkât [lav] tukstēt,*(s)tewk-,"to push, press, to strike, beat, to stick into, pierce, perforate",root,5
[sqi] pa [hit] 𒀀𒀊𒉺 [xlu] 𒀀𒀊𒉺 [ell] από [gmy] 𐀀𐀢 [lat] ab,*h₂epó,"off, away",adv,10
[lav] pa [lit] pa- [prg] pa- [prg] po- [lat] po-,*h₂pó,"Zero-grade form of *h₂epó (“off, away”)",adv,5
[xcl] ան- [sqi] anë [sqi] -aj,*h₂en-,"on, onto",adv,3
[lat] -or,*-ōs,Creates masculine and feminine action nouns or result nouns from verbs.,suffix,1
[ave] 𐬀𐬌𐬞𐬌 𐬵𐬌𐬱𐬨𐬀𐬭𐬀𐬧𐬙 [san] स्मारयति [ave] 𐬨𐬁𐬭𐬀𐬌𐬌𐬈𐬌𐬙𐬌 [lat] mora [lat] memor [grc] μέρμερος [grc] μέριμνα [grc] μάρτυρος,*(s)mer-,"to fall into thinking, remember, care for",root,9
[grc] μείρομαι [lat] mereō [grc] μέρος [grc] μόρος [ell] μοίρα [eng] moirail [eng] moirocaust [bre] marzh [mid] marth [sqi] marr,*(s)mer-,"to assign, allot",root,15
[hit] -𒀀𒀀𒄑𒍣 [grc] -όω,*-oyéti,Creates factitive verbs from adjectives.,suffix,2
[lav] velt [lit] vélti [lat] volvō [sqi] valle [sqi] valë [xcl] գելում [xcl] գիլ [xcl] գալար [xcl] գաղձն [xcl] գեղձ [lav] vēl [lit] vėl [rus] вал [bre] gwalenn [gle] fill [gle] pill [gla] fill [gle] till [gla] till [grc] ᾱ̔λής [grc] ᾱ̔λίᾱ [grc] ᾱ̔λίζω [grc] ἀολλέες [grc] εἰλεός [grc] εἰλύω [grc] εἴλω [grc] ἕλιξ [grc] ἑλίσσω [grc] ἐλύω [grc] ἡλιαίᾱ [grc] ἴλη [grc] ὅλμος [san] उल्ब [san] उल्व [san] वलय [san] वलयति [san] वल्लि [lat] valgus [lat] vallis [lat] vallum [lat] valva [lat] volumen [lat] vulgus [lat] vulva,*welH-,"to roll, to undulate",root,58
[cym] befer [sga] Bibar [lat] Bibracte [lat] fiber,*bʰébʰrus,beaver,noun,4
[hye] երեսուն [grc] τριάκοντα [lat] trīgintā [xto] taryāk [txb] täryāka,*tridḱómt,thirty,num,5
[hye] քառասուն [gle] ceathracha [ell] σαράντα [hin] चालीस [ave] 𐬗𐬀𐬚𐬡𐬀𐬭𐬆𐬯𐬀𐬙 [fas] چهل [lat] quadrāgintā,*kʷétwr̥dḱomt,forty,num,7
[hye] հիսուն [grc] πεντήκοντα [hin] पचास [fas] پنجاه [vul] cīnquāgintā,*pénkʷedḱomt,fifty,num,5
[hye] վաթսուն [gle] seasca [gla] seasgad [ell] εξήντα [hin] साठ [fas] شصت [lat] sexāgintā,*swéḱsdḱomt,sixty,num,7
[hye] յոթանասուն [gle] seachtó [grc] ἑβδομήκοντα [hin] सत्तर [fas] هفتاد [lat] septuāgintā [xto] ṣutaṅka [txb] ṣäptuk,*septḿ̥dḱomt,seventy,num,8
[hye] ութսուն [hye] ութանասուն [gle] ochtó [grc] ὀγδοήκοντα [hin] अस्सी [fas] هشتاد [lat] octōgintā [xto] oktuk [txb] oktaṅka [txb] oktamka [txb] oktaṁka,*oḱtódḱomt,eighty,num,11
[gle] nócha,*h₁néwn̥dḱomt,ninety,num,1
[sqi] surb [hye] հարբել [hit] 𒊭𒊏𒁉 [lav] surbt [lav] strebt [lav] strēbt [lit] srė̃bti [lit] sur̃bti [pus] روول [pus] رودل,*srebʰ-,"to sip, gulp, suck (in)",root,10
[lat] plectō [grc] πλεκτός [san] प्रश्न [grc] -πλαξ [lat] -plex [dan] flage [isl] flaga [nor] flak [swe] flak [grc] πλόκος [grc] -πλοκος [lav] plakans [lit] plakãnas [grc] πλοκή [non] flá [lit] plokščias,*pleḱ-,"to fold, plait, weave",root,17
[ave] 𐬀𐬉𐬑𐬀 [xcl] եղեամն [lit] ýnis [ave] 𐬌𐬯𐬎 [mid] ʾys,*h₁eyH-,"ice, frost",root,6
[xto] ar- [txb] er- [san] ऋ [xcl] յարեայ [grc] ὦρτο [san] आर्त [ave] 𐬎𐬰𐬁𐬭𐬆𐬱𐬎𐬎𐬁 [txb] ertär [hit] 𒅈𒉡𒊻𒍣 [hit] 𒅈𒉡𒍣 [hye] հառնել [hye] արի՛ [grc] ὄρνῡμι [san] इयर्ति [ell] όρος [eng] oro- [ita] oro- [hit] 𒀀𒊒𒈾𒀸 [hye] արմ [xcl] արթ- [grc] ὀρίνω [lat] ormenos [grc] ὀροθῡ́νω [grc] ἐρέθω [grc] ἐρίζω [ell] έριδα [ell] Ερινύς [ell] Ερινύες [eng] Erinys [eng] Erinyes [lat] orior [xto] ār- [txb] ār-,*h₃er-,"to move, to stir, to rise, to spring, to quarrel, fight",root,43
[lat] līmus [hit] ḫalīna-,*h₂leyH-,to smear,root,2
[grc] -έω [lat] -eō [lat] -ō [san] -आयति,*-éh₁yeti,Thematicization of the athematic stative verbal suffix; see *-yeti.,suffix,4
[grc] μέμονα [lat] meminī,*memóne,"to think, to be mindful, to remember",verb,2
[xcl] գիտեմ [grc] οἶδα [san] वेत्ति [lat] vīdī,*wóyde,"to have seen, to know",verb,4
[san] विनक्ति [hit] 𒄷𒌋𒉌𒅅𒍣 [san] विवेक्षि [lat] victima,*weyk-,"to sift, separate",root,4
[lat] vincō [lit] vei̇̃kti [lat] victor [lit] viẽkas [lav] vīkt,*weyk-,to overcome,root,5
[grc] ἔοικα [grc] ἴσκω [grc] εἰκών,*weyk-,"to be fitting, to equal",root,3
[grc] εἴκω [lat] vinciō [lat] vicis [lat] cervīx [sqi] vigan [cym] gwichiad [gle] faocha [gle] faochóg [gla] faochag [ave] 𐬬𐬌𐬘 [mid] wyc- [fas] بهیزه [fas] بیختن [fas] آویختن [lat] vicia,*weyk-,"to curve, bend, to exchange",root,19
[san] मर्धति [grc] μαλθακός [lav] milna [prg] mealde [non] Mjǫllnir [grc] βλάξ [grc] μαλακός [sga] malcad [sqi] mëllë [sqi] mullâ [grc] μελαίνω [grc] μέλᾱς [lav] mal̃t [lit] málti [xcl] մաղեմ [san] मृणाति [san] मल [lat] marculus [lat] martulus [sqi] miell [grc] μύλη [lat] mola [gle] mol [gla] mul [lat] malleus [san] मलम् [lav] muļķis [lit] mùlkis [hit] malla-ⁱ [xlu] mal(ḫ)u- [xcl] մալեմ [xcl] *մուլ- [xcl] մամուլ [xcl] մղեղ [hye] մլակ [hye] մլուկ [hye] մլիկ [hye] մղմող [hye] մղմեղ [hye] մուղ [lit] málnos [grc] μελίνη [lat] milium [txb] mӓl-,*melh₂-,"to grind, to crush",root,46
[grc] ἕηκα [grc] ἧκα [grc] εἷμεν [lat] iēcī [lat] iaciō [lat] iaceō [grc] ἵημι [grc] ἥσω,*(H)yeh₁-,to throw,root,8
[san] अमीति [lat] amō [grc] ὄμνυμι [ave] 𐬀𐬨𐬀𐬎𐬎𐬀𐬧𐬙 [san] अमवत् [san] अम्,*h₃emh₃-,"to grab, to grasp, to seize, to take hold, tackle, touch, to swear (an oath)",root,6
[sqi] kush [xto] kus [txb] kᵤse,*kʷ-,The primary interrogative root.,root,6
[hye] գարուն [ell] έαρ,*wósr̥,spring (season),noun,2
[hit] 𒄀𒂊𒈪 [xcl] ձիւն [isl] gói [isl] góa [swe] göja [dan] gue [grc] χιών [lat] hiems,*ǵʰéyōm,"winter, year (as a measure of time), frost, snow",noun,12
[san] अहेम [san] अह्यन् [san] हिनोति [san] हेमन् [san] हि,*ǵʰey-,"to drive, propel",root,7
[sqi] -h [xcl] -ց- [grc] -σκω [san] -च्छति [san] -श्चति [old] -𐎿𐎠- [lat] -scō [lat] -āscō [lat] -ēscō [lat] -īscō,*-sḱéti,Forms durative or iterative imperfective verbs from roots.,suffix,10
[grc] -νῡμι [grc] -νεω [san] -नोति [san] -णोति [ave] -𐬥𐬀𐬊𐬌𐬙𐬌 [ave] -𐬥𐬎𐬎𐬀𐬌𐬧𐬙𐬌,*-néwti,Forms transitive imperfective verbs from roots.,suffix,6
[xcl] -եմ [grc] -έω [grc] *-e- [grc] *-eyé- [grc] *-esyé- [grc] -όω [grc] -πτω [grc] -σσω [grc] -ττω [grc] -ζω [grc] -λλω [grc] -ιCω [lat] -iō [lat] *-i- [lat] *-iyé- [san] -यति,*-yeti,Creates transitive imperfective verbs from roots.,suffix,17
[sqi] jetë [xcl] այո,*h₂óyu,"long time, lifetime",noun,2
[sga] -saig [sga] sachtae [sga] -sacht [sqi] gjegj [hit] 𒊭𒀀𒀝𒆠 [hit] 𒊭𒀝𒆠 [hit] 𒊭𒃷𒍣 [hit] 𒊺𒅅𒃷𒍣 [hit] 𒊺𒃷𒍣 [sga] sïacht [cel] sioxti [grc] ἡγέομαι [sqi] gjah [sqi] gjuaj [lat] sāgus,*seh₂g-,"to trace, follow",root,18
[san] सूते [xlu] 𒋗𒈾𒀜𒊒𒉿𒀭𒋾𒅔 [hit] 𒋗𒌦𒈾𒄿 [pal] 𒋗𒌑𒈾𒀜 [san] ससूव [sga] suth [hit] 𒋗𒌋𒍑 [san] सू [san] सूत [fas] رود,*sewH-,"to bear (a child), to give birth",root,13
[hin] -ता [ave] -𐬚𐬁,*-teh₂,Used to form nouns representing state of being,suffix,2
[san] पच्यते [grc] πέμμᾰ [grc] πέψῐς [san] पक्ति [lat] coctiō [grc] ἀρτοκόπος [gmy] 𐀀𐀵𐀡𐀦 [lat] coquus [grc] πεπτός [lat] coctus [hit] 𒉺𒀝𒆪𒍑𒃷𒍣 [hit] 𒉺𒀝𒋗𒉿𒀭 [hit] 𒉺𒀝𒆪𒍑𒋗𒅈 [san] पक्व [ave] 𐬞𐬁𐬐𐬀,*pekʷ-,"to cook, to ripen",root,18
[sqi] ndrydh [cym] cythrudd [lat] trūdō [lit] triū̃sas [eng] thrust [gle] troid [gla] troid,*trewd-,"to push, to thrust",root,9
[sqi] kollë [san] कासते [txb] kosi [xcl] հազեմ [xcl] հազ [lav] kãsulis [lit] kosulỹs [lit] kósėti,*kʷeh₂s-,to cough,root,8
[txb] käryā- [grc] ἐπριάμην [san] क्रीत [txb] käry- [san] क्री,*kʷreyh₂-,to buy,root,5
[lat] quiēvī [lat] quiēscō [lat] quiēs [ave] 𐬱𐬌𐬌𐬁𐬙𐬀- [fas] شاد [xcl] շատ [lat] quiētus [san] चिर [lat] (trān)quillus [sqi] (e)sëll [sqi] sillë [xcl] հանգչիմ,*kʷyeh₁-,"to rest, rest, peace",root,12
[xto] krāmärts [txb] krāmär [san] गरिमन् [san] गरिमा [san] ग्रीष्म [lav] gur̃ds [lit] gurdùs [grc] βραδύς [lat] gurdus,*gʷreh₂-,heavy,root,9
[lit] blyškė́ti [lit] blizgė́ti [lav] blaiskums [lav] blaizgums [san] भ्रेजते,*bʰleyǵ-,to shine,root,5
[lat] horreō [san] जाहृषाण [lat] horror [lat] hīrtus [grc] χέρσος [xcl] ձառ [san] घृषु [pus] زيږ [san] हृष्,*ǵʰers-,"stiff, surprised",root,9
[lit] grindis [lat] grunda,*gʰrendʰ-,"beam, plank (wooden board)",root,2
[sqi] grind [lit] grę́sti [lat] frendō [nld] grind [deu] Grind [isl] grand [non] grandi,*gʰrendʰ-,"to grind, rub, granule, particle, grain (of sand), lump, mass",root,10
[lat] rāvus [lat] grāvastellus [lat] *ǵerh₂- [lat] grāmen [ang] grǣd [hit] kariyant- [fas] روییدن [mid] groese [mid] gruose [lat] herba,*gʰreh₁-,to grow (of plants?),root,13
[sga] tías [san] स्तिघ्नोति [sga] téit [nld] sticht [nor] stætt [non] stéttr,*steygʰ-,"to go, to climb",root,6
[grc] ἕξω [san] असाक्षि [san] सक्षत् [xto] sākam [txb] sākāu [san] ससाह [san] ससाहे [grc] σχεδόν [grc] σχέσις [grc] σχέτλιος [grc] σχῆμα [grc] σχολή [grc] ἰσχύς [san] सीक्षते [grc] ὀχέω [san] साहयति [san] साढ [san] अषाढ [grc] ἕκτωρ [san] साढृ [san] साळ्हृ [san] सह्वत् [san] सह्वन् [grc] ὄχος,*seǵʰ-,"to overpower, to take hold of",root,24
[grc] ὄλπη [lat] sulpur [lat] sulphur [grc] ἔλπος [grc] ἔλφος [san] सर्पिस् [xto] ṣälyp [txb] ṣalype [san] सृप्र [mid] clp [pus] څورب,*selp-,"fat, oil",root,15
[san] ओष [grc] εὗσα [lat] ussī [san] उष्ण [san] उष्ट [lat] ustus,*h₁ews-,to burn,root,6
[gmy] 𐀁𐀄𐀐𐀵 [ell] εύχομαι [xcl] գոգեմ [san] वाघत् [grc] εὖχος [san] ओहस् [xlu] ow-,*h₁wegʷʰ-,"to promise, to vow, to praise",root,7
[isl] anga [xcl] անձն [isl] angi [dan] ange [non] ang [sqi] ëj [san] अनिल [lat] anhēlus [lat] hālō [ave] 𐬅𐬥𐬍𐬌𐬌𐬀 [sqi] ëndë [fas] هناهین [san] व्यान [ave] 𐬬𐬌𐬌𐬁𐬥𐬀𐬌𐬌𐬁 [pus] ځان [txb] añiye [txb] anāsk- [txb] onolme,*h₂enh₁-,to breathe,root,19
[hit] 𒄯𒍝 [hit] 𒄯𒍣 [lat] porceō [lat] parcō [lat] Orcus [grc] ἀρκέω [lat] arcera [lat] arx [lat] arca [lat] arcānus [lat] arcānum [xcl] արգել [xto] Ārśi,*h₂erk-,"to protect, guard, hold, lock",root,13
[san] उच्छति [san] आवस् [san] अवात् [san] वासयति [xto] wäs [txb] yasna [lit] áuksas [san] व्युष्टि [san] उष् [lav] Ausma [san] उस्र [sqi] err,*h₂ews-,"to become light, to dawn",root,18
[lat] hauriō [grc] αὔω [gmy] 𐀢𐀨𐀄𐀵𐀫 [grc] (ἀφ)ύσσω [pal] 𒄷𒍑𒅆𒄿𒅔𒀭𒋫 [sga] aél [sga] awul,*h₂ews-,"to draw water, scoop up",root,11
[san] अचति [san] अञ्चति [lat] ancus [xcl] անթ [xcl] անութ [grc] ἀγκών [hye] անգղ [non] ǫ́ll [non] áll [grc] ἀγκύλος [non] ǫ́l [non] ál [grc] ἀγκύλη [fas] انگول [fas] انگلک [fas] انگل [grc] ἄγκῡρα [hit] 𒀭𒆪𒉿𒀸,*h₂enk-,"curve, bend",root,22
"[lat] unguō, ungō [xcl] աւծանեմ [san] अनक्ति [san] अञ्जस् [prg] anctan [san] अक्त [lat] unctus",*h₃engʷ-,"to smear, to anoint",root,7
[lit] gebė́ti [lit] at-gė́bau [san] गभस्ति [lav] gãbtiês [lit] góbti,*gʰebʰ-,"to give, to take",root,5
[san] स्नापयति [ave] 𐬁𐬯𐬥𐬀𐬌𐬌𐬁𐬝 [txb] nāsk- [grc] νᾶμᾰ [san] नामन् [bre] neuñv [mid] nawf [cym] nofio [gle] snámh [gla] snàmh [san] स्नात [ave] 𐬯𐬥𐬁𐬙𐬀 [fas] شناویدن [fas] شنا [fas] اشنان [san] स्ना,*(s)neh₂-,"to swim, to float",root,21
[san] प्रीयते [san] प्रेषत् [pus] ورين [lat] propriō [lat] proprius,*preyH-,"to please, to love",root,5
[fas] سپند,*ḱwen-,"holy, sacred",root,1
[lat] umbō [xcl] անիւ [lav] naba [prg] nabis [san] नाभि [san] नभ्य,*h₃nebʰ-,"hub, navel",root,6
[san] अविश्रन् [san] विशति [grc] ἔοικα [san] विवेश [san] वेशयति [sqi] vis [lav] vìesis [lit] viešis [lat] vīcus [mid] wīx [old] *wīhs [goh] *wīhs [got] 𐍅𐌴𐌹𐌷𐍃 [txb] īke [grc] ϝοῖκος [grc] οἶκος [gmy] 𐀺𐀒 [san] वेश [ave] 𐬬𐬀𐬉𐬯𐬀,*weyḱ-,"to enter in, to settle, settlement",root,21
[lav] lùgt [lit] lūgóti [got] *𐌻𐌰𐌿𐌲𐌽𐍃 [got] 𐌰𐌽𐌰𐌻𐌰𐌿𐌲𐌽𐍃 [non] laun [goh] lougna [hit] ḫaluka- [sga] follugaid [sga] luige [cym] llw [ang] lyġen [old] lugina [nld] leugen [deu] Lüge,*h₂lewgʰ-,"to announce, tell publicly",root,15
[san] रेजति [san] रेजते [lit] láigyti [lav] līgot [lit] lyguoti,*leyg-,"to jump around, run around, to play, frolic, to shake, jitter; to dance",root,5
[lit] lygiuoti [lit] lýgus [lav] līdz [lav] līdzīgs [lav] līgt [lit] lygti [prg] līgint [prg] līginton,*leyg-,"similar, like, even, level (e.g. of a surface)",root,8
[lav] liga [lit] ligà [grc] λοιγός [sqi] lig [eng] oligo- [ell] λίγος [sga] líach [lit] li̇́egti [lit] ligóti [lav] ligât [prg] licuts [xcl] աղքատ,*leyg-,illness,root,16
[prg] lindan,*lendʰ-,"land, heath",root,1
[san] रन्ध्र [lat] lumbus,*lendʰ-,loins,root,2
[san] रन्धयति [hye] աղանձել [hye] աղանձ [grc] λάσανα [prg] landan [gle] lann,*lendʰ-,to cook,root,6
[san] मघ [ave] 𐬨𐬊𐬕𐬎 [old] 𐎶𐎦𐏁 [non] máttr [gle] smacht [gla] smachd,*megʰ-,to be able,root,6
[eng] last [nld] leest [deu] Leist [deu] Leisten [isl] leistur [swe] läst [got] 𐌻𐌰𐌹𐍃𐍄𐍃 [grc] λοῖσθος,*leys-,"to trace, to track",root,9
[xcl] եկն [lav] dzimt [lit] gimti [san] अगन् [san] गमति,*gʷémt,"to step, to take a step, to arrive",verb,5
[sqi] ngah [grc] βάσκω,*gʷm̥sḱéti,"to be walking, to come, to be coming",verb,2
[san] जगाम [lat] vēnī [txb] kekamu,*gʷegʷóme,"to have the feet planted, to stand steady",verb,3
[grc] πέποιθᾰ,*bʰebʰóydʰe,"to be trusting, confident",verb,1
[grc] λέλοιπᾰ [san] रिरेच,*lelóykʷe,"to be missing, to be gone",verb,2
[san] ववर्त [san] वावर्त [lat] vertī,*wewórte,to be turned towards,verb,3
[san] दधर्ष,*dʰedʰórse,to dare,verb,1
[san] आनट् [san] आष्ट [sga] ·icc [san] अश्नोति [ave] 𐬀𐬱𐬥𐬀𐬊𐬌𐬙𐬌 [san] इनक्षति [old] ašnaiy [gle] éigean [gle] éigin [gla] èiginn [bre] anken [cym] angen [sga] ·uic [grc] ἀνάγκη [xto] eṃts- [txb] eṅk-,*h₂neḱ-,"to reach, to attain",root,19
[sqi] kënaq [sga] ·ánaic [san] आनाश [san] आनंश,*h₂eh₂nóḱe,"to have reached, to be at",verb,10
[san] ईश,*h₂eh₂óyḱe,"to possess, to own",verb,2
[sga] ad·ágathar [got] 𐍉𐌲𐌰𐌽,*h₂eh₂ógʰe,"to be upset, afraid",verb,2
[grc] ἄχνυμαι [got] *𐌰𐌲𐌾𐌰𐌽 [got] 𐌰𐌲𐌻𐍉 [gle] áladh [cym] aeled [cym] aelawd [got] 𐌰𐌲𐌻𐍃 [grc] ὀχλέω [sga] áil,*h₂egʰ-,"to be upset, afraid",root,9
[san] तातृपुर्,*tetórpe,to be satisfied,verb,1
[grc] τέρπω [san] तृप्यति [lit] tar̃pti [grc] τέρψις [san] तृप्ति [san] तृप्त,*terp-,to satisfy,root,6
[sga] -sestar [grc] ἕστηκᾰ [san] तस्थौ [lat] stetī,*stestóh₂e,to be standing,verb,4
[grc] δειλός [grc] δεῖμα [grc] δειμός [grc] δεινός [grc] δέος [xcl] երկիւղ [lat] dīrus [xcl] երկն [xcl] երկնեմ [xcl] երկնչիմ [san] द्वेष्टि [ave] 𐬛𐬎𐬎𐬀𐬈𐬱- [mid] byštn' [mid] byš,*dwey-,to fear,root,14
[xlu] 𔕰𔓱 [grc] δέδοικα [grc] δείδω [xto] wiyo,*dedwóye,to be afraid,verb,4
[sqi] njoh [hye] ճանաչել [hye] ճանչնալ [grc] γιγνώσκω [fas] شناختن,*ǵn̥h₃sḱéti,to recognise,verb,7
[hye] բերել [lav] bḕrt [lit] ber̃ti [xto] pär- [txb] pär-,*bʰéreti,to be carrying,verb,5
[ell] φορώ [eng] phoro- [san] भारयति,*bʰoréyeti,to be carrying around,verb,3
[sqi] vjedh,*wéǵʰeti,to be transporting,verb,1
[grc] ἔϝεξε [san] अवाट् [lat] vē̆xī,*wḗǵʰst,to transport,verb,3
[hye] ածել [xto] ākeñc [txb] āśäṃ,*h₂éǵeti,to be driving,verb,3
[lit] likti [grc] λείπω [lat] līquī,*léykʷt,to leave,verb,3
[xcl] լքանեմ [grc] λιμπάνω,*linékʷti,to be leaving,verb,2
[grc] φείδομαι [san] अभेत् [san] भेदति,*bʰéydt,to split,verb,3
[grc] σκέπτομαι [san] पश्यति [lat] speciō,*spéḱyeti,"to be looking at, to keep looking at",verb,3
[hit] 𒆠𒀉𒋫 [hit] 𒆠𒀉𒋫𒊑 [hit] 𒆠𒀉𒁕𒊑 [lyc] 𐊖𐊆𐊊𐊚𐊏𐊆 [lyc] 𐊖𐊆𐊊𐊁𐊏𐊆 [pal] 𒆠𒄿𒋫𒅈 [grc] κεῖμαι [ave] 𐬯𐬀𐬉𐬙𐬉 [ave] 𐬯𐬋𐬌𐬭𐬈,*ḱéytor,to be lying flat,verb,9
[bre] kouezhañ [cym] digwydd [lit] šeirỹs [lav] siẽva [san] शेव [san] शिव [lat] cīvis [lat] cūnae [grc] κοίτη [sqi] cys [sqi] ndërsej [xcl] սէր [chu] посивьнъ [rus] посив [san] शी,*ḱey-,"to be lying down, to settle",root,15
[hit] 𒌑𒂊𒌍𒋫 [hit] 𒌑𒌍𒋫 [hit] 𒌑𒂊𒌍𒊭𒀭𒁕 [grc] εἷμαι [grc] ἕσσαι,*wéstor,to be wearing,verb,5
[xcl] երթամ [grc] ἔστην [san] अस्थात् [xto] tāmäs,*stéh₂t,to stand up,verb,4
[san] तिष्ठति [fas] ایستادن [lat] sistō,*stísteh₂ti,"to be standing up, to be getting up",verb,3
[sqi] shtoj [hit] istanh-ᵐⁱ [hye] ստանալ [lat] dē-stinō [lat] ob-stinō,*stnéh₂ti,"to place, to stand",verb,5
[xcl] եդ [grc] ἔθηκᾰ [grc] ἔθεμεν [san] अधात् [lat] -dō,*dʰéh₁t,"to have put, to have placed, to have done",verb,5
[grc] τίθημι,*dʰédʰeh₁ti,"to be putting, placing, to be doing",verb,1
[hye] թողնել [hye] թողել [hye] թողուլ [sga] tlenaid [grc] ἀνατέλλω [lat] tollō [txb] tallaṃ,*tl̥néh₂ti,to be lifting,verb,7
[grc] ἔτλην,*télh₂t,to lift,verb,1
[lat] tetulī [lat] tulī,*tetólh₂e,to be holding up,verb,2
[hye] նստել [prg] sindants [lav] sēsties [lit] sė́sti [grc] ἵζω,*sísdeti,to be sitting down,verb,5
[grc] εἷσα [san] असदत्,*sédt,to sit down,verb,2
[hit] 𒌑𒂊𒊑𒄿𒊍𒍣 [grc] εἴρω,*wéryeti,to be saying,verb,2
[sga] luid [grc] ἤλυθε [grc] ἤλυθον [grc] ἦλθον [xto] lät- [txb] lät-,*h₁ludʰét,to arrive,verb,6
[mid] tannu [grc] τάνυται [grc] τανύω [san] तनोति [ave] 𐬙𐬀𐬥𐬎𐬌𐬌𐬀,*tn̥néwti,to be stretching,verb,5
[hye] հարցնել,*pr̥sḱéti,"to keep asking, to question",verb,1
[gmy] 𐀺𐀽 [ave] 𐬬𐬆𐬭𐬆𐬰𐬌𐬌𐬈𐬌𐬙𐬌,*wr̥ǵyéti,"to be working, to be at work",verb,2
[grc] θέσσεσθαι [old] 𐎩𐎮𐎡𐎹𐎠𐎷𐎡𐎹,*gʷʰédʰyeti,"to keep requesting, to keep asking for",verb,2
[grc] ἀλκή [lat] ulciscor [san] रक्ष्,*h₂lek-,to protect,root,3
[grc] ἀλέξω [grc] ἀλέκω,*h₂lékseti,to be protecting,verb,2
[grc] εἶπον,*wéwket,to say,verb,1
[grc] ἔδειξᾰ [lat] dīxī,*dḗyḱst,to point out,verb,2
[sga] ruidid [lat] rubeō,*h₁rudʰéh₁ti,to be red,verb,2
[lat] vīsō,*wéydseti,to want to see,verb,1
[hit] 𒉈𒂊𒌋𒉿𒄴𒄩𒀭𒍣 [grc] νεάω [lat] novō,*néweh₂ti,to renew,verb,3
[grc] τεύχω,*dʰéwgʰti,to be productive,verb,1
[san] दुदोह [san] दुदुहुर्,*dʰedʰówgʰe,to be productive,verb,2
[san] रुप्यति [san] रोपयति [san] लोपयति [san] रोपि [lat] rūpēs [san] रोप [san] लोप [bul] ру́па [lat] rūpa [mid] lwpk [san] लुप्त [lat] ruptus [lat] rupex [grc] ῥομφαία [bul] рофия [bul] руфя,*Hrewp-,"to break, tear (up)",root,21
[san] लुम्पति [san] लुम्पते [lat] rumpō,*Hrunépti,to be breaking,verb,3
[lat] rūpī,*Hréwpt,to break,verb,1
[san] रजस्यति,*h₁regʷesyéti,to be getting dark,verb,1
[lat] alō,*h₂életi,to be nourishing,verb,1
[lav] ar̂t [lit] árti [grc] ἀρόω [lat] arō,*h₂éryeti,to be ploughing,verb,4
[san] वाति [ave] 𐬬𐬁𐬌𐬙𐬌,*h₂wḗh₁ti,to blow (of wind),verb,2
[lav] mīzt [lit] mȳžti [grc] ὀμείχω [san] मेहति [ave] 𐬨𐬀𐬉𐬯𐬀𐬙𐬌,*h₃méyǵʰeti,to be urinating,verb,5
[sqi] kap [lav] kàmpju [lav] kàmpt [ell] χάφτω [ell] χάβω [lat] capiō,*kapyéti,to be grasping,verb,6
[lat] *celō [lat] occulō,*ḱéleti,"to be covering, hiding",verb,2
[san] ब्रवीति [san] ब्रूते [ave] 𐬨𐬭𐬀𐬊𐬌𐬙𐬌 [txb] pälw-,*mléwHti,to say,verb,4
[san] ब्रुव [san] ब्रू,*mlewH-,to say,root,2
[sqi] pi [xcl] ըմպեմ,*píph₃eti,"to drink, to be drinking",verb,2
[lat] pro-prius,*priHós,"pleased, loved",adj,1
[sqi] frikë [xto] präskā- [txb] präskā-,*pr̥k-,to fear,root,3
[hit] 𒊭𒀀𒆠𒄑𒍣 [lat] sāgiō,*séh₂gyeti,"to seek out, give a sign, track",verb,2
[san] असिचत् [san] सिञ्चति [ave] 𐬵𐬌𐬧𐬗𐬀𐬌𐬙𐬌 [san] सेचनी [lat] Sēquana [non] Sigyn [san] सिक्त [got] 𐍃𐌰𐌹𐍅𐍃 [san] सेक [grc] ἰκμάς [san] सिच्,*seykʷ-,"to moisten, to filter",root,11
[san] छेद्म [san] अच्छेदि [san] छेदि [san] अच्छिदत् [san] अच्छैत्सीत्,*skéydt,to cut off,verb,5
[lat] scindō,*skinédti,to be cutting off,verb,1
[san] स्फरीः [san] स्फुरति [ave] 𐬯𐬞𐬀𐬭𐬋𐬌𐬝 [lat] spernō [lav] spert [lit] spi̇̀rti [grc] σπαίρω [hit] išparrai,*sperH-,to kick,root,8
[san] तानयति,*tonéyeti,to extend,verb,1
[sga] do·fortai [lat] oporteō,*wortéyeti,to turn (transitive),verb,2
[sqi] vesh [hit] 𒉿𒀸𒊺𒄑𒍣 [san] वासयति [san] वासयते,*woséyeti,"to clothe, to put clothes onto",verb,4
[lav] nàujš [lit] naũjas [san] नव्य,*néwyos,alternative form of *néwos,adj,3
[grc] δίδωμι,*dédeh₃ti,to be giving,verb,1
[xcl] ետ [grc] ἔδομεν [san] अदात् [ave] 𐬛𐬁𐬝,*déh₃t,to give,verb,4
[sqi] duo [sqi] dua [sqi] dúaj [grc] ῠ̓πόδημᾰ [san] दामन् [fas] دام [sqi] dell [grc] δετός [san] दित,*deh₁-,to bind,root,9
[xcl] լուաւ [grc] κλύω [san] अश्रोत् [ave] 𐬯𐬭𐬀𐬊𐬙𐬏,*ḱléwt,to hear,verb,4
[xto] käln- [txb] käln-,*ḱl̥néwti,to be listening,verb,2
[gle] chuala [san] शुश्राव [ave] 𐬯𐬏𐬯𐬭𐬏𐬨𐬀,*ḱeḱlówe,"to be heard, audible",verb,3
[lav] dzìmts [lit] gim̃tas [prg] naunagimton [grc] βατός [lat] ventus,*gʷm̥tós,"able to step or go, able to be traversed: passable, come, gone; having stepped, passed, treaded (past participial uses of *gʷem-)",adj,5
[grc] ἰτός [san] इत [ave] (𐬀𐬌𐬡-)𐬌𐬙𐬀 [ave] (𐬞𐬀𐬌𐬙-)𐬌𐬙𐬀 [lat] itus,*h₁itós,passable,adj,5
[grc] γνωτός [grc] γνωστός [san] ज्ञात [mid] zand [ita] noto,*ǵn̥h₃tós,"known, recognisable",adj,6
[pol] oczywisty [pol] rzeczywisty [grc] ἄ-ιστος [lat] vīsus,*widtós,"seen, known",adj,4
[cel] sessa [san] सत्त [lat] sessus,*sedtós,seated,adj,3
[ave] 𐬬𐬀𐬭𐬱𐬙𐬀,*wr̥ǵtós,"worked, fashioned",adj,1
[grc] χήρ [lat] ēr,*ǵʰḗr,hedgehog,noun,2
[lav] mìesa [lit] mėsà [prg] menso [prg] mensā,*mḗms,"flesh, meat",noun,4
[grc] λειμών [grc] λιμήν [grc] λῐ́μνη [txb] lyam,*léymō,lake,noun,4
[grc] τλᾱτός [grc] τλητός [lat] lātus,*tl̥h₂tós,lifted,adj,3
[txb] mīsa,*mems-,"flesh, meat",root,1
[lit] kir̃sti [lit] kirstù [lit] kirtaũ [lit] kartùs [prg] kārtai [lav] kretêt [isl] horskur [grc] καρτερός [grc] κρατερός [grc] κρατύς [grc] κρείσσων [grc] κρείττων [grc] κρέσσων [lat] crassus,*kret-,"to be strong, to swell",root,30
[lav] krė̃sti [lit] krèst [lav] kratît [lit] kratýti [grc] κροτέω [mid] hurzen [nor] rota [nor] rjota [lav] krist [lit] kri̇̀sti [lit] kretė́ti [lit] apikratai̇̃ [lit] kratùs [gla] crath [grc] κρότος,*kret-,"to shake, rattle, to move quickly",root,18
[lat] hostus [lit] pažasti̇̀s [lit] pažastė̃ [lit] pažastỹs [lat] hostia,*ǵʰes-,"hand, to take, give in exchange",root,5
[gle] Dana [cym] Dôn [eng] Don [san] दानु [ave] 𐬛𐬁𐬥𐬎,*déh₂nu,"river, river goddess",noun,5
[lav] jûgt [lit] jùngti,*yunégti,to be joining,verb,2
[ang] gȳċer [mid] jiuch [got] 𐌾𐌿𐌺𐌿𐌶𐌹 [grc] ζεῦγος [lat] iūgera [lat] iūxtā,*yéwgos,"team, pair of yoked animals",noun,10
[sqi] hith [san] इन्द्धे [txb] intsau [grc] αἴθω [san] एधते [mid] eiten [lat] aedēs [lat] aedis [lat] ēdis [grc] αἰθήρ [bre] oaz [cym] aidd [sga] áed [grc] αἶθος [san] एधस् [grc] αἴθαλος [gmy] 𐁁𐀲𐀫 [lat] aestās [lat] aestus [san] इद्ध [ave] 𐬀𐬉𐬯𐬨𐬀 [sqi] jezull [lit] aidinti,*h₂eydʰ-,"to ignite, fire",root,29
[sga] do·beig [xcl] եբեկ [xcl] բեկանեմ [lit] bengiú [lit] beñgti [lit] bai̇̃gti [lav] bèigt [lit] bei̇̃gti [san] भनक्ति [xto] pkänt [txb] pkante [mid] di-fo [mid] diuo [gle] bocht [gla] bochd [sga] ráthbuige [san] भङ्ग [fas] سونجه [fas] vsönǰ- [fas] sönǰ- [san] भञ्ज्,*bʰeg-,to break,root,21
[lav] bañga [lav] bôga [lit] bangà [lit] bognà,*bʰeg-,"to bend, curve, arch, to billow, swell, a body of water: river ~ marsh, bog",root,4
[hit] 𒅖𒄩𒀪𒊒 [lav] asara [lit] ãšara [xto] ākär [txb] akrūna,*h₂éḱru,tear (in the eyes),noun,5
[grc] δύναμαι [txb] tswetär [rus] даве [chu] давѣ [chu] одѣвѣ,*dewh₂-,to fit,root,5
[hye] ընդերք [ell] έντερο [san] अन्तर [ave] 𐬀𐬧𐬙𐬀𐬭𐬀 [hin] अंदर [lat] intrā [lat] intrō [lat] interior,*h₁énteros,"inside, within",adj,9
[grc] γόνος [grc] γονή,*ǵónh₁os,"birth, offspring",noun,4
[san] इष्ट [ave] 𐬌𐬱𐬙𐬀 [hye] հայց [lat] aeruscō [lat] aestimō [lav] ieska,*h₂eys-,"to wish, to request, to search",root,7
[ave] 𐬭𐬁𐬛𐬀𐬝 [san] राध्यति [lav] rādīt(i) [lit] rodyti [sga] rádaid [sga] radid [cym] amrawdd [sga] imm-rádi [san] राधयति [san] राध्नोति [san] राधस् [ave] 𐬭𐬁𐬛𐬀 [sqi] radhë,*Hreh₁dʰ-,"to think, to arrange, to succeed, accomplish",root,13
[ang] rēotan [mid] riezen [isl] rjóta [lat] rūdō [lat] rudō [lit] raudà [lav] raûdât [lit] raudóti [isl] rauta [nor] raute [nor] rauta [swe] röta [sqi] ryej [san] रुद्,*HrewdH-,to weep,root,17
[hit] 𒀀𒄿𒅖 [xlu] 𒀀𒀀𒀸𒊭 [sga] á [san] आस् [ave] 𐬁𐬵 [ave] 𐬇𐬆𐬃𐬢𐬵𐬁 [lat] ōs,*h₁óh₃s,mouth,noun,7
[lav] liêgs [lit] leñgvas [lit] lengvùs [cym] llaw [bre] law [grc] ἐλαχύς [lat] levis,*h₁léngʰus,"lightweight, easy (moving), nimble",adj,12
[grc] ἐλαφρός [fas] لاغر,*h₁ln̥gʷʰrós,lightweight,adj,2
[ell] -τρια [san] -त्री [ave] -𐬚𐬭𐬍 [ave] 𐬨𐬀𐬥𐬀𐬊𐬚𐬭𐬍 [ave] 𐬨𐬀𐬥,*-trih₂,"Derives agent nouns from verbs, denoting someone or something who has performed the verb's action.",suffix,5
[lit] ri̇̀mti [sga] fo·ruimi [san] रामयति [ave] 𐬭𐬁𐬨𐬀𐬌𐬌𐬈𐬌𐬙𐬌 [lav] rāms [lit] ramùs [fas] آرام [ell] ήρεμος,*h₁rem-,to rest,root,9
[grc] εὖρος [san] वरस्,*h₁wer-,broad,root,2
[grc] εὐρύς [san] उरु [ave] 𐬬𐬊𐬎𐬭𐬎,*h₁wérus,broad,adj,3
[grc] ἄχος,*h₂égʰos,distress,noun,1
[xcl] արտի [grc] ἄγριος [san] अज्र्य,*h₂éǵr̥yos,"campestral, field (attributive), of or relating to fields",adj,3
[xcl] անձուկ [lit] ankštas [san] अंहु,*h₂énǵʰus,"narrow, tight",adj,3
[san] अनिति [ave] 𐬬𐬌𐬌𐬁𐬥𐬀𐬌𐬌𐬁 [fas] جان,*h₂énh₁ti,to breathe,verb,3
[sqi] rosë [lit] ántis [prg] antis [grc] νῆσσα [grc] νῆττα [grc] νᾶσσα [san] आति [lat] anas,*h₂énh₂ts,duck,noun,8
[hit] 𒄩𒀭𒍝 [grc] ἄντα [grc] ἄντην,*h₂énts,"forehead, front",noun,3
[san] युवश,*h₂yuHn̥ḱós,young,adj,1
[got] *𐌾𐌿𐌽𐌳𐌰 [got] 𐌾𐌿𐌽𐌳𐌰𐌹 [lat] iuventa,*h₂yuHn̥téh₂,youth,noun,5
[sga] forbrú [grc] ὀφρύς [grc] ὀφρῦς,*h₃bʰrúHs,eyebrow,noun,3
[lat] unguen [eng] omentum [ita] omento [spa] omento [san] आञ्जन,*h₃éngʷn̥,"fat, butter",noun,8
[hit] 𒄩𒀀𒊏𒀸 [sqi] orr [sqi] orrll [hye] որոր [bre] erer [cym] eryr [gle] iolar [gla] iolair [ell] όρνιθα [ell] όρνεο [ell] όρνιο,*h₃érō,eagle,noun,12
[hit] 𒄩𒀸𒁺𒂊𒅕 [hye] ոստ [ell] όζος,*h₃ósdos,"branch, twig",noun,4
[grc] κμέλεθρα [lat] camur [san] क्मर॑ति [ave] 𐬐𐬀𐬨𐬀𐬭𐬁 [fas] کمر [fas] کمرا [xcl] կամար [grc] καμάρα [grc] καμαρίς [grc] κανθός [grc] κάμῑνος [grc] καμπή [grc] κάμπη [lat] campus [lit] kam̃pas [grc] κάμπτω [grc] καμψός [san] कम्पते,*kh₂em-,"to bend, to curve, to smooth",root,20
[lat] columen [lat] culmen [lat] columna [san] कूल [isl] halli [lat] collis [lat] callum [lat] callus [lav] kal̂ns [lit] kálnas [grc] κολωνός [grc] κολώνη [lav] kalva [lit] kalvà [grc] κολοφών [lav] cel̂t [lit] kélti [lit] ki̇̀lti [xto] käly- [txb] käly-,*kelH-,"to rise, to be tall, hill",root,20
[hit] 𒅗𒀀𒀭𒆠 [san] शङ्कते [san] शङ्कयति [lat] cū̆nctor [san] शङ्का,*ḱenk-,to hang,root,6
[ell] κρέας [san] क्रविस् [lat] cruor,*kréwh₂s,blood,noun,3
[lat] dolō [lat] doleō [lav] dalīt [lit] dalyti [hit] ta-al-li-ya [lyc] 𐊗𐊁𐊍𐊆𐊜𐊀 [lat] dolor [grc] δαίδαλος [grc] δαιδάλεος [grc] δαιδάλλω [cym] delw [gle] dealbh [gla] dealbh [xcl] ատաղձ [lat] dolium [san] दल [san] दाल,*delh₁-,"to split, divide",root,19
[san] वाञ्छति [san] वनोति [lat] venus [lat] Venus [san] वनस् [lat] venēnum [sqi] vuaj [sqi] uni [sqi] uri,*wenh₁-,to love,root,9
[grc] οἴφω,*h₃yébʰeti,"to copulate, have sex",verb,1
[grc] ζευκτός [san] युक्त [ave] 𐬫𐬎𐬑𐬙𐬀,*yugtós,"yoked, joined",adj,3
[hye] աղբյուր [grc] φρεῖᾰρ [san] भुर्वन्,*bʰréh₁wr̥,"well, spring, source",noun,5
[cel] Magios [sga] maige [grc] μείζων [lat] maior [lat] magis,*méǵh₂yōs,"bigger, greater",adj,7
[san] तवीति [san] तूतोत् [san] तूतो [old] 𐎫𐎠𐎺𐎹𐎫𐎹 [old] 𐎠𐎫𐎠𐎺𐎹𐎶 [grc] ἐτάζω [lat] tueor [lat] tōmentum [old] 𐎫𐎢𐎶𐎠 [old] 𐎫𐎢𐎶𐎴𐎡𐏁𐎡𐎹 [grc] ἐτεός [ave] tauuah [gle] túaim [san] तवीयस् [old] 𐎫𐎢𐎻𐎡𐎹𐎠 [san] तवस्वान् [san] तवस्य [lat] tōtus [grc] σάθη [grc] σάλος [non] þúfa [grc] τῡ́φη [lat] prōtūberō [lat] extūberō [grc] σάμος [lat] tama [lav] tūte [san] तुर [lat] obtūrō [lat] rētūrō [lat] turgeō [lat] tūtus [old] 𐎬𐎵𐎢𐎺𐎫𐎶 [grc] σάος [grc] σῶς [grc] ἐτήτυμος [san] तूतुम [sqi] tërë [sqi] tanë [xcl] թոյն [lit] tvi̇̀nti [lit] čiūtys [lit] tvãnas,*tewh₂-,"to swell, grow fat, to become strong",root,45
[lat] maceō [bre] maezhur [bre] magañ [mid] magu [sga] doformaig [hit] 𒈠𒀝𒆷𒀭𒋫𒀭 [ave] 𐬨𐬀𐬯𐬌𐬱𐬙𐬀 [old] maθišta- [cym] maeth [lat] mactus [lat] mactō,*meh₂ḱ-,"to raise, increase, long",root,11
[bre] keuz [cym] cawdd [ave] 𐬯𐬁𐬛𐬭𐬀,*ḱeh₂d-,"hatred, angriness",root,4
[lat] -ātus,*-eh₂tos,"Forms adjectives from nouns, indicating the possession of a thing or a quality.",suffix,1
[san] रुधिर,*h₁rudʰrós,red,adj,1
[san] आकुवते [lit] kavoti [hye] ցույց [grc] θυο-σκόος [sqi] qyr [grc] κῦδος [san] आकूत,*(s)kewh₁-,"to perceive, to observe",root,7
[xcl] ակն [xcl] յաւն [lav] acs [lit] aki̇̀s [prg] ackis [grc] ὄψ [grc] ὤψ [san] अनक्ष् [xto] ak [txb] ek [sqi] sy [xcl] աչք [grc] ὄσσε,*h₃ókʷs,eye,noun,14
[sqi] pordhë [sqi] pjerdh [lav] pir̂st [lit] pérsti [ell] πέρδομαι [san] पर्दते [ave] 𐬞𐬆𐬭𐬆𐬜𐬀𐬌𐬙𐬌,*pérdetor,to be farting,verb,9
[san] ज्वलति [lit] žvi̇̀lti [gle] gual [gla] gual,*ǵwelH-,"to burn, to shine",root,4
[grc] πέρθω [lav] bãrt [lit] bárti [sqi] bie [sqi] bjerr [sqi] djerr [sqi] dëbjerr [sqi] vdjerr [sqi] dzjerr [lat] feriō [lat] forō [hye] բերան [goh] bora [sga] barae [ang] bor [lit] bùrtis [lav] burts [lit] bùrtas [sqi] birë [sqi] brimë [hye] բիր [san] श्वभ्र,*bʰerH-,"to pierce, to strike",root,24
[lit] bė́ras [lav] bȩ̃rs [grc] φρῡ́νη [hin] भूरा [xcl] բորենի,*bʰerH-,brown,root,6
[fra] Bourgogne [eng] Burgundy,*bʰérǵʰonts,high,adj,2
[hit] -𒀭𒍝 [lit] -ąs [lit] -antis [grc] -ων [san] -अन्त् [ave] -𐬀𐬧𐬙 [fas] ـنده [xcl] -անդակ [lat] -ns [lat] -ēns [lat] -āns [lat] -iēns,*-onts,"Forms adjectives from Caland system roots., Ending of the present active participle of verbs.",suffix,18
[hye] ծերուն [hye] ծերունի [ell] γέροντας [ell] γέρος [eng] geronto- [fra] géronto- [ita] geronto-,*ǵérh₂onts,old,adj,7
[hit] ú-e-ek-zi [hit] ú-ek-zi [san] वष्टि [san] उशन्ति [ave] 𐬬𐬀𐬱𐬙𐬍 [hit] ú-e-wa-ak-ki [san] ववक्षि [grc] ἑκών [san] उशन्त् [grc] ἕκηλος [grc] εἰκῇ [ave] 𐬬𐬀𐬯𐬀𐬵 [ave] 𐬭𐬈-𐬎𐬎𐬀𐬯𐬥𐬀 [old] 𐎺𐏁𐎴 [xcl] վասն [grc] ἕκητι,*weḱ-,"to wish, to want",root,25
[xcl] գինդ [sqi] unazë [grc] ἴονθος [san] वन्धुर [san] बन्धुर [xcl] վանդակ [eng] windle,*wendʰ-,"to wind, to turn",root,7
[lav] rist [lit] ri̇̀sti [lav] rìest [lit] riẽsti [lit] riečiù [lit] rietė́ti,*wreyt-,to twist,root,6
[prg] perrēist [ave] 𐬎𐬭𐬎𐬎𐬌𐬯𐬌𐬀 [fas] رشتن [lit] ri̇́eša [lat] rīca [grc] ῥικνός [lit] ri̇́ešas [grc] ῥοικός [san] व्रेशी,*wreyḱ-,"to twist, to bend",root,9
[ang] fræc [mid] vrac [cym] rhewydd,*preg-,"to yearn, to covet",root,3
[lat] rotundus [lat] rota [sqi] rreth [cym] Rhys,*Hreth₂-,to run,root,4
[san] मदति [san] मदते [ave] 𐬨𐬀𐬛𐬀𐬌𐬙𐬈 [bre] mezañ [cym] maeddu [sga] maidid [sga] ro·mmemaid [san] ममाद [lat] madeō [san] मादयति [grc] μᾰδᾰρός [san] मदिर [xcl] մատաղ [xcl] մաճառակ [pol] mada [grc] μᾰδάω,*meh₂d-,"to be wet, to become wet",root,16
[xcl] մօտ [hye] մատչել,*meh₂d-,"to meet, approach, encounter",root,2
[san] जेष् [san] जितम् [san] जिगाय [san] जय [san] जित,*gʷey-,"to win, to conquer, force",root,5
[grc] πλῆτο [grc] πλῆντο [sqi] pjell [grc] πιλνάω [grc] πίλνᾰμαι [lat] appellō [lat] compellō [lat] interpellō [grc] πεπλημένος [lat] pepulī [grc] πέλᾰς [grc] πελάτης [grc] πελάτις [grc] πλᾶτις [grc] πλησίος [grc] πλήτης,*pelh₂-,to approach,root,18
[grc] σῠννέφει [grc] σῠννέφω [grc] σῠννένοφᾰ [grc] νεφέλη [lat] nebula [ave] 𐬥𐬀𐬞𐬙𐬀 [pus] nūnd [pus] nūmd [old] *naftah [lat] Neptūnus,*nebʰ-,"to become damp, cloudy",root,10
[grc] νεφρός,*negʷʰrós,kidney,noun,1
[sga] snaïd [sga] -sná [san] स्नाति,*(s)néh₂ti,"to swim, to be swimming",verb,3
[grc] σκώψ,*spéḱs,"watcher, spy",noun,1
[hit] 𒄷𒌌𒇷𒄑𒍣 [sga] follnaithir [lit] veldėti [chu] власти [lav] vàldît [lit] valdýti [eng] wield [lit] valstybė [lav] valsts [lit] valdžia [lat] valeō [cym] gwaladr [xto] wäl [txb] walo [lat] volaemum [prg] weldisnan [chu] владь,*h₂welh₁-,"to rule, strong, powerful",root,23
[xcl] գեղմն [lat] vellus [ang] wlōh [lit] valai̇̃ [grc] λῶμα [grc] λάχνη [grc] λάχνος [grc] λάσιος [lat] villus [lat] adūlor,*h₂welh₁-,hair; wool,root,10
[lav] raĩdît [lav] raîdît [lit] riedė́ti [sga] ríad [cel] rēda [lit] raidù [sga] réimm [sqi] rij [sqi] rîj [grc] ὀρῑ́νω [san] रिणाति [san] रीति [san] रय [fas] ریم [pus] rəma [pus] rima [lat] irrītō [san] रेतस् [lat] rīvus [mid] rin,*h₃reyH-,"to move, set in motion, to flow, stream (of water); to pour, rain, to boil, churn",root,24
[lav] dibȩns [lav] dubȩns [lit] dùgnas [prg] dubnas,*dʰubʰnós,deep,adj,8
[hit] 𒆪𒂗𒍣 [lyc] 𐊌𐊙𐊑𐊗𐊆 [xcl] ջնեմ,*gʷʰénti,"to be striking down, killing, slaying",verb,3
[lat] frustum [sqi] breshër [gle] bronn [gla] bronn [gla] pronn [sga] brosnae,*bʰrews-,to break,root,6
[hin] कीनना [fas] خریدن,*kʷrinéh₂ti,to buy,verb,6
[grc] ἀλίνω [san] लिनाति,*h₂linéHti,to be smearing,verb,2
[gle] achar [cym] ochr [grc] ὄκρις [san] अश्रि,*h₂óḱris,"top, protrusion, sharp edge, corner",noun,4
[sqi] ndjek [hit] 𒉿𒀜𒆪𒍖𒍣 [lav] tecêt [lit] tekė́ti [san] तक्ति [ave] 𐬙𐬀𐬑𐬱𐬈 [ave] 𐬟𐬭𐬀𐬙𐬀𐬗𐬀𐬌𐬙𐬌 [ave] 𐬟𐬭𐬀𐬙𐬀𐬗𐬌𐬧𐬙𐬌 [fas] تاختن [ave] 𐬙𐬁𐬗𐬀𐬌𐬌𐬈𐬌𐬧𐬙𐬌 [mid] tʾcynd [ave] 𐬙𐬀𐬗𐬌𐬧𐬙 [mid] 𐫎𐫉𐫀𐫗 [txb] cake [lav] tęks [sga] intech [san] तकु [san] तक्त [ave] 𐬙𐬁𐬗𐬀𐬌𐬝𐬐𐬎𐬱 [mid] tcyt [lav] taka [lit] tãkas [ave] 𐬙𐬀𐬐𐬀,*tekʷ-,"to run, to flow",root,58
[sqi] heci [sqi] eci [sqi] ecëj [hit] 𒄿𒀉 [xlu] 𒄿𒋾,*h₁éyti,"to go, to be going",verb,5
[bre] klun [cym] clun [nor] laun [grc] κλόνις,*ḱlównis,"buttocks, hip",noun,4
[san] मज्जयति [lav] mazgāt [lit] mazgóti [pol] mazgać [pol] Mozgawa [san] मग्न,*mesg-,"to dip, sink",root,10
[sga] con·oí [san] अवति [ave] 𐬀𐬎𐬎𐬁𐬨𐬍 [lat] iuvō [lat] iūtus [sqi] ndihmë [sqi] ndihmoj [san] अव्,*h₁ewH-,"to help, to assist, to protect",root,8
[lit] tašýti [san] तक्षयति [gle] tál [gla] tàl [lat] tēla [lat] tēlum [ang] þeox [deu] Dechse [ell] τέχνη [lat] techna [eng] techno- [san] तष्ट [ave] 𐬙𐬀𐬱𐬙𐬀 [mid] tšt' [mid] tʾšytk [fas] طاس [hye] տաշել [lat] testa [sqi] tollë [sqi] teshë,*tetḱ-,"to create, produce, to cut, hew",root,23
[grc] τέκον [grc] ἔτεκον [grc] τέτοκα [grc] τίκτω [grc] τέκνον [grc] τέκος [grc] τοκεύς,*teḱ-,"to sire, beget",root,7
[lav] tikt [lit] tèkti [bre] tizaff [sga] techtaid [sga] techt [grc] Τεκτόσαγες [lat] Tectosages [lat] Tectosagae [grc] κτάομαι [grc] κτέανον [grc] κτῆμα [grc] κτῆνος [grc] κτῆσις [san] क्षयति [fas] شاه [gle] taca [gla] taca,*tek-,"to take by the hand, to receive, obtain",root,21
[hye] թեքել [hit] 𒈭𒆠𒅖𒍣 [lat] texō [xcl] թեզան,*tek-,to weave,root,5
[sqi] liqen [sqi] lëken [grc] λάκκος [lat] lacus,*lókus,,noun,4
[lat] cēveō,*keh₁w-,"to wobble, swing",root,1
[sqi] dhen [grc] γένεσις [san] जाति [old] 𐎢𐏀𐎫𐎡 [lat] gēns,*ǵénh₁tis,"birth, production",noun,5
[san] वेत्तृ [san] वेदितृ [lat] vīsor,*wéydtōr,"one who has seen, one who knows",noun,3
[grc] δώτωρ [lat] dator,*déh₃tōr,giver,noun,2
[lat] līquor [lat] pollingō [xto] lyīktsi [lat] liqueō [cym] gwlych [lat] lixa [lat] ēlixus [lat] prōlixus [txb] laikanaträ [txb] likṣan-,*wleykʷ-,"moist, to wet",root,11
[grc] ὀρέγω [lat] regō,*h₃réǵeti,"to be straightening, to be setting upright",verb,2
[hit] 𒆷𒀀𒄷𒄿 [xlu] lā(ḫ)un(a)i- [sqi] laj [grc] λούω [grc] λοέω [grc] λόω [xcl] լոգանամ [xcl] լուանամ,*lewh₃-,to wash,root,8
[hit] 𒂊𒃷 [lit] yžià,*h₁eyg-,"ice, frost",root,2
[hit] 𒃰𒁺,*kéh₃tus,fight,noun,1
[grc] κότος [chu] котора [san] शत्रु,*keh₃-,to fight,root,3
[lat] glaber [sqi] gledhë,*gʰleh₂dʰ-,"bright, shining, smooth",root,2
[grc] χλιαίνω [ang] gleomu [old] glīmo [goh] glīmo [goh] gleimo [goh] glīm [eng] glim [cym] try-lwyn [sga] gléinech [isl] gljá [lit] žlėjà [cym] glwys [sga] glésse [sga] glése [sga] gléisse [sga] gléise [cel] glīso- [ang] glisnian [nor] glisna [swe] glesna [ang] glitenian [deu] glitzen [grc] χλιδή,*ǵʰley-,to shine,root,24
[mid] trefn [lit] trobà [lav] trāba [lat] trabs [lav] trabs [sqi] trevë,*treb-,"settlement, dwelling, to build, dwell",root,6
[cym] tair [sga] teoir [cel] tiđres [san] तिस्रः [ave] 𐬙𐬌𐬱𐬭𐬋,*tisres,feminine nominative/vocative of *tréyes,num,5
[lit] magė́ti [prg] massi,*(me)mógʰe,"to have power, to be able to",verb,2
[hit] 𒆠𒄿 [lit] šè [chu] се,*ḱe,"Deictic particle, here, Post-positional demonstrative particle, this",particle,3
[grc] τέταμαι [san] ततान,*tetóne,"to be stretched, extended",verb,2
[hye] զգեստ [got] 𐍅𐌰𐍃𐍄𐌹,*wéstis,"the act of dressing, clothing",noun,2
[san] क्रूर [ave] 𐬑𐬭𐬏𐬛𐬀 [lat] crūdus,*kruh₂rós,bloody,adj,3
[gmy] 𐀲𐀨𐀐𐀹(𐀊) [san] द्राघते,*dʰreh₂gʰ-,"to irritate, rough",root,2
[san] मृति [ave] 𐬨𐬆𐬭𐬆𐬌𐬙𐬌,*mértis,death,noun,2
[sqi] urtë,*weh₁ros,true,adj,1
[san] तनस् [lat] tenus [lat] tenor [lat] tener,*ténos,extension,noun,4
[gle] téad [gla] teud [bre] tant [cym] tant [grc] τᾰτός [san] तत [lat] tentus,*tn̥tós,"stretched, extended",adj,11
[non] þund [non] þind [grc] τᾰ́σις [san] तति [san] तन्ति [txb] tant,*téntis,extension,noun,8
[lit] tãnas [san] तान,*tónos,"something stretched, chord, fiber, string",noun,2
[ave] -𐬯𐬙𐬁𐬌𐬌𐬁 [old] 𐎠𐎿𐎫𐎹𐎶,*stoh₂éyeti,to cause to stand,verb,2
[grc] δοτός [san] दात [old] 𐎭𐎠𐎫𐎶 [ave] 𐬛𐬁𐬙𐬀 [lat] datus,*dh₃tós,given,adj,5
[grc] τρομέω [ell] τρόμος [txb] tremi [grc] τρομός,*trem-,to tremble (in fear),root,4
[san] क्षेषत् [lat] sīrīs [grc] κτῐ́σῐς [lat] sinō [lat] pōnō [grc] ἐϋκτίμενος [gmy] 𐀑𐀴𐀕𐀙 [ave] 𐬱𐬀𐬌𐬌𐬀𐬥𐬀 [xcl] շէն [san] क्षिति [ave] 𐬱𐬌𐬙𐬌 [grc] κτῐ́λος [grc] θεόκτιτος [grc] πυρίκτιτος [gmy] 𐀟𐀪𐀑𐀴𐀲 [san] परिक्षित् [ave] 𐬀𐬥𐬀𐬱𐬌𐬙𐬀 [sqi] komb [grc] κώμη [hin] क्षेम,*tḱey-,"to cultivate, to settle, to live",root,24
[sqi] dysh [mid] zwis [grc] δίς [san] द्विस् [lat] bis,*dwís,"twice, doubly, in two",adv,5
[sqi] më [sqi] mbë [grc] ἀμφί [lat] ambi-,*h₂m̥bʰi,"around, on either side of, about, in exchange for, facing, to, towards, against",adv,4
[gmy] 𐀑𐀴𐀋𐀯,*tḱéyti,"to settle, to populate, to live, to dwell (i.e to be settled), to cultivate",verb,1
[grc] ὀμφή,*sengʷʰ-,"to recite, to sing",root,1
[lav] sekot [lav] sekt [lit] sèkti [grc] ἕπομαι [gmy] 𐀁𐀤𐀯𐀍 [grc] ἑπέτης [gmy] 𐀁𐀤𐀲 [lat] sequor,*sékʷetor,to be following,verb,8
[grc] ἔφθιτο [san] क्षिधी [san] क्षिणाति [ave] 𐬘𐬌𐬥𐬁𐬌𐬙𐬌 [grc] φθίνω [grc] φθινύθω [san] क्षिणोति [san] क्षीयते [hin] झीझना [ave] 𐬀𐬘𐬌𐬌𐬀𐬨𐬥𐬀 [ave] 𐬀𐬟𐬭𐬀𐬘𐬌𐬌𐬀𐬨𐬥𐬀 [old] 𐎪𐎡𐎹𐎶𐎴 [gmy] 𐀁𐀥𐀴𐀺𐀁 [lat] situs [grc] φθῐτός [san] क्षित [san] क्षि,*dʰgʷʰey-,"to decline, to perish",root,17
[lav] slidêt [lav] slîst [lit] slýsti [lav] slids [lit] slidùs [lat] lūbricus [san] स्रिध् [grc] ὀλισθάνω,*sleydʰ-,"to slip, slide, to be slippery, slick",root,8
[hit] 𒅖𒉺𒀀𒀭𒋾 [grc] σπένδω [lat] spōnsīs [hit] 𒅆𒉺𒀀𒀭𒋾 [lat] spepondī [lat] spopondī [txb] späntetär [txb] spantai [grc] σπονδή,*spend-,to libate,root,9
[lav] spiêst [lit] spę́sti [lat] pondus,*(s)pend-,to stretch,root,3
[sqi] pjek [grc] πέπων [xto] päk- [txb] päk-,*pékʷeti,"to be cooking, to ripen",verb,4
[hye] լիզել [lit] liẽžti [grc] λείχω [san] रेढि [san] रेळ्हि [san] लेढि,*léyǵʰti,to be licking,verb,24
[txb] pitke [txb] pittāk [lit] pýti [san] पियान [san] पीवस् [ave] 𐬞𐬍𐬎𐬎𐬀𐬵 [lav] piẽva [lit] pi̇́eva [grc] ποίη [grc] πόᾱ [nld] vei [lat] pinguis [grc] πῑμελή [lat] opīmus [san] पीन [san] पीत,*peyh₂-,"to swell (with milk), to be swollen, fat",root,17
[lav] kvêpêt [lit] kvė̃pti [san] कुप्यति [lat] cupiō [lav] kupêt [lit] kūpėti [lit] kvãpas [grc] καπνίζω [lat] vapor [grc] καπυρός [grc] κύπερος [sga] cobar [cel] cobro- [lit] kūpúoti [cym] peuo,*kwep-,"to smoke, to steam, to boil, aroma, strong odor",root,15
[grc] φυίω [grc] φύω [lat] fīō,*bʰuHyéti,"to be becoming, to be growing, to be appearing",verb,3
[xto] täṅk- [txb] täṅk- [lit] tingė́ti [lit] ti̇̀ngti [non] þyngja [lit] tingùs [non] þungr,*tengʰ-,"to pull (back), to be heavy, difficult",root,7
[hit] tars-ʰʰⁱ [sqi] ter [san] वि॒त॒र्षय॑ति,*torséyeti,"to make dry, to cause to dry",verb,3
[grc] ἔγνων [san] अज्ञात् [xto] kñā-,*ǵnéh₃t,"to know, to get to know, to meet",verb,3
[grc] βρέχμα [grc] βρεχμός [san] मस्तृहन्,*mregʰ-,brain,root,3
[lav] stenêt [lit] stenė́ti [grc] στένω [san] निष्टनन्ति [grc] στόνος [cym] sain,*sten-,to groan,root,6
[non] kjá [grc] γοάω [lit] gaũsti [lit] gaudžiù [lav] gaũst [lav] gaūžu [lit] gaudùs [lav] gàuds [lav] gaura [grc] γόος [goh] kūmo [ang] cyme [san] जोगुवे,*gewH-,"to call, name, to invoke, call on, to cry, cry out",root,13
[san] विपान [non] veifa [san] वेपयति [san] विविप्रे [lat] vibrō [ang] wāfian [lav] viẽptiês [lav] viêptiês [lav] vaîbît [lav] vaîbu [lav] viêbt [lav] viêbju [lav] viêbĩju [lav] vìepe [lav] viept [lav] viepju [lav] viepu [lit] viẽpti [lit] viẽpia [lit] viẽpē [lit] vaipī́tis [lit] vī́burti [lit] vī́buria [lit] vī́burē [lit] vi̇̀pti [lit] vim̃pa [lit] vi̇̀po [lit] vỹpti [lit] vỹpsta [lit] vỹpo [txb] wip- [txb] wīpäṣṣäṃ [txb] waipalau [txb] waiwalau [txb] waipe* [txb] waipe,*weyp-,"to shake, tremble, agitate, to swing, sway, to turn, wind, rotate, wrap (around)",root,37
[san] क्षिपति [san] क्षेपयति,*ksweybʰ-,"to move swiftly, make a swift movement, to swing, shake, to be swinging, to whip, cast, throw",root,2
[lit] vyti [lav] vīt [san] व्ययति [lat] vieō [sga] ad·fen [sga] ar·fen [sga] for·fen [sga] im·fen [hin] बुनना [chu] вѣꙗ [bul] ве́йка [rus] ве́йка [san] वया [lav] vaîņuks [grc] ὑιήν [sga] fithe [prg] witwan [lat] vitus,*weh₁y-,"to twist, wind, weave, plait, to wrap, enclose, cover",root,33
[lit] -muo [sga] -em [grc] -μων [san] -मन् [ave] -𐬨𐬀 [ave] -𐬨𐬀𐬥 [lat] -mōnium [lat] -mōnia,*-mṓ,Creates agent nouns from verbs.,suffix,8
[ell] πεύκο [prg] peuse [lit] puši̇̀s [gle] ochtach,*pewḱ-,pine,root,4
[lat] pungō [gle] fuaigh [gla] fuaigh [grc] πύξ [lat] pūgiō [lat] pugil [grc] πυγμή [lat] pugnus [grc] πύκτης,*pewǵ-,"to punch, fist-fight, to prick, poke, stab",root,11
[san] कुल्व [ave] 𐬐𐬀𐬎𐬭𐬎𐬎𐬀 [lat] calvus,*kl̥H-,"bald, naked",root,3
[lav] baĩdît [lit] baidýti [prg] pobaiint [lat] foedus [san] भेम,*bʰeyh₂-,"to shake, tremble, to fear, be afraid",root,5
[lat] *perfinō [lat] perfinēs [isl] bjá [grc] φιτρός,*bʰeyh₂-,"to strike, hit, to hew, cut",root,5
[san] वेमन् [mid] wīme [lat] vīmen,*wéh₁imn̥,"that which is twisted, plaiting",noun,3
[lit] šaipýtis [lit] šai̇̃pas,*ḱeyp-,"to ridicule, mock, anger",root,2
[sqi] derë [hit] 𒀭𒄙𒍝 [hye] դուռ [grc] θῠ́ρα [grc] θῠ́ρᾱζε [san] द्वार् [lat] foris,*dʰwṓr,door,noun,7
[grc] πεύθομαι,*bʰéwdʰeti,"to be awake, aware",verb,1
[sga] at·bobuid [grc] πέπυσμαι [san] बुबोधति [san] बुबुधान,*bʰebʰówdʰe,"to have awareness, to be alert",verb,4
[san] बोधयति [ave] 𐬠𐬀𐬊𐬛𐬀𐬌𐬌𐬈𐬌𐬙𐬌,*bʰowdʰéyeti,"to make aware, to awaken, arouse",verb,2
[sqi] bar [bre] bara [cym] bara [gle] bairín [grc] φάσκος [san] भृष्टि [ave] 𐬬𐬊𐬎𐬭𐬎-𐬠𐬀𐬭𐬆𐬱𐬙- [lat] fastīgium [lat] farīna [deu] barsch [dan] barsk [nor] barsk [swe] barsk [lit] brū̃sgai [sga] brot [ang] breard [mid] brart [isl] bradd [nor] bradd,*bʰers-,"top, tip, point",root,41
[san] ह्रादते [ave] 𐬰𐬭𐬁𐬛𐬀 [fas] زره [sga] ad·gládathar [grc] κέχλαδα [txb] krāt- [cym] griddfan,*ǵʰreh₁d-,to sound,root,7
[hit] 𒊭𒀝𒆷𒅖 [hit] 𒊭𒀝𒆷𒀀𒅖 [hit] 𒊭𒀀𒀝𒆷𒀀𒅖 [lat] sagmen [xto] sākär [txb] sākre,*seh₂k-,"to make a pact, treaty, to make sacred, ceremony, ritual",root,6
[grc] δάπτω [lat] daps [non] tapa [xcl] տաւն [non] tafn [lat] damnum [gle] duan [gla] duan [grc] δαπάνη [hit] ᴸᵁtappala- [xto] tāpal,*deh₂p-,"to sacrifice, to lose",root,11
[grc] νέμος [lat] nemus,*némos,"bowing, bending, sacrifice, worship, place of sacrifice, clearing",noun,2
[san] पर्षति [hit] 𒉺𒀊𒈦𒀸𒍣 [lit] pur̃slas [ave] 𐬞𐬀𐬭𐬱𐬎𐬌𐬌𐬀 [fas] پاشیدن [san] पृषत् [lav] pā̀rsla [lav] pìrkstis [lit] pir̃kšnys [xto] präsā- [txb] pärsā-,*pers-,"to sprinkle, to spatter",root,11
[grc] πέος [san] पसस् [hit] 𒇽𒀸 [hit] 𒁉𒌍𒈾𒀸 [lat] pēnis [ang] fæsl [deu] Fasel [non] fǫsull,*pes-,penis,root,8
[lav] pũt [lit] pū́ti [san] पूयति [ave] 𐬞𐬎𐬌𐬌𐬈𐬙𐬌 [grc] πῡ́θομαι [lav] praûls [lit] piaũlas [lit] piaulai̇̃ [lav] pūlis [lit] pū́liai [ell] πύον [ell] πύο [lav] puvesis [lit] puvė̃sis [grc] πῡ́ος [san] पुवस् [lat] pūs [non] fúinn [san] पूत [mid] pwtk [lat] pūteō [san] पूति [ave] 𐬞𐬏𐬌𐬙𐬌 [fas] پود [fas] پوده [xcl] փուտ [sqi] puçërr [sqi] fëlliq,*puH-,"rotten, foul",root,30
[xcl] երևիմ [grc] πρέπω [grc] θεο-πρόπος [xcl] երեսք,*prep-,"to appear, to be visible",root,4
[san] प्रवते [san] प्रव [san] प्रुत [fas] پر,*prew-,to jump,root,4
[mid] bræhen [mid] bram [sga] broim [bre] brein [mid] braen [lat] fragrō,*bʰreHg-,"to smell, have a strong odour",root,7
[sga] ro·bria [sga] ro·bríathar [san] बृणाति [san] भ्रीणन्ति [ave] 𐬞𐬀𐬌𐬭𐬌𐬠𐬭𐬍𐬥𐬆𐬧𐬙𐬈 [eng] brine [lat] friō [lat] (re)frīvus [sqi] brij,*bʰreyH-,to cut,root,26
[ave] 𐬚𐬡𐬆𐬭𐬆𐬯𐬋 [lat] truncus [grc] σύρξ [lat] trux,*twerḱ-,"to carve, cut off, trim",root,5
[eng] hurry [lat] cursus [xto] kursär [txb] kwarsär,*ḱers-,to run,root,4
[got] 𐌵𐌰𐌹𐍂𐌿 [ave] 𐬔𐬭𐬀𐬬𐬀 [fas] غرو,*gʷéru,"spit, skewer, spear, throwing spear",noun,5
[grc] ἰάομαι [ave] 𐬌𐬱𐬆𐬧𐬙𐬍 [ave] 𐬌𐬱𐬀𐬝 [grc] ἰνάω [san] इष्णाति [lat] īra [grc] οἶμα,*h₁eysh₂-,"to strengthen, to propel, wrath, anger, frenzy",root,7
[san] अङ्क [ave] 𐬀𐬥𐬐𐬎 [lat] uncus,*h₂ónkos,"bend, turn",noun,3
[sqi] sorrë,*kr̥snós,"black, dark, dusky",adj,1
[grc] ἀδελφεός [grc] δελφίς [grc] Δελφοί [ave] 𐬔𐬆𐬭𐬆𐬠𐬎𐬱 [grc] δολφός,*gʷelbʰ-,the womb,root,5
[san] श्वेतते [san] अश्वितन् [lit] šviẽsti [san] श्विन्दते [lit] kvietys [lit] kvieši [lit] švaitýti [lit] šviesa,*ḱweyt-,to shine,root,10
[spa] biezo [nor] kvåde [nor] kode [swe] kåda [nor] kvæde,*gʷet-,"resin, gum",root,5
[xcl] կոչեմ [san] गदति,*gʷet-,"to say, speak",root,2
[lav] kaût [lit] káuti [xto] kot- [txb] kaut- [lit] kuodas [lat] cauda [lat] caudex [lat] cōdex [lit] kū́jis [xto] ko- [txb] kau- [fas] کُشتَن [fas] کوشیدن,*kewh₂-,"to hit, to strike, to forge",root,25
[lat] betulla [lat] betūla? [lat] betula [lat] bitūmen,*gʷétu,"resin, gum",noun,4
[san] अक्षत् [san] काशते [san] चक्षुर् [san] काश्यते [sga] cucht [xto] kapśañi [txb] kektseñe,*kʷeḱ-,"to see, to look",root,8
[san] निनिक्त [gle] nigh [gla] nigh [grc] νίζω [san] निजान [sga] fo·nenaig [grc] νένιπται [san] नेनेक्ति [san] नेनिक्ते [eng] nicker [eng] nickel [nld] nikker [deu] Nix [swe] Näcken [nld] nix [grc] νίψις [san] निर्णिक्ति [grc] νῐπτήρ [san] पादावनेक्तृ [san] निज्,*neygʷ-,to wash,root,27
[grc] ἀγείρω [grc] ᾰ̓γορᾱ́ [lit] grùmulas [san] गण [san] आगार [lat] grex,*h₂ger-,"to gather, flock, herd",root,6
[grc] ἵεμαι [lit] vajóti [xto] wā- [xto] wāw- [txb] wāyā- [lav] vaina [lit] vaina [san] वयस् [cel] ueia [grc] ἴς [grc] ἱέρᾱξ [grc] ἱάρᾱξ [grc] ῑ̓́ρηξ [lat] violō [lat] (in)vītus [lat] (in)vītō [grc] οἴμη [grc] οἶμα [grc] οἶμος,*weyh₁-,"to chase, pursue, to suppress, persecute",root,19
[lat] rūdus [lat] rudis [isl] reyta [sga] rúamnae,*Hrew-,"to tear out, dig out, open, acquire",root,4
[lat] ruō [sqi] rashë [cym] rhuthr [cym] rhuthyr [gle] ruathar [gla] ruathar [grc] ὀρούω [fas] رمبیدن,*h₃rew-,"to run, to hurry",root,8
[san] रवत् [xto] rwātsi [txb] rwātär [isl] rjá [lat] ruō [lav] raût [lit] ráuti [isl] rýja [san] राविषम् [lat] rutrum [lav] ravēt [lit] ravė́ti [eng] rag [isl] rögg [swe] ragg [nor] ragg [san] रु [xto] ru- [txb] ru-,*(H)rewH-,"to dig out, to root, to rip (open), to tear (open)",root,23
[san] लुञ्चति [lat] runcō [grc] ὀρύσσω [grc] ὀρύττω,*h₃rewk-,"to dig, to till (soil)",root,5
[sqi] thëngjill,*h₁óngʷl̥,"charcoal, hot embers",noun,1
[sga] gil [cym] gêl,*ǵelu-,leech,noun,2
[san] त्यजते [san] त्यजति [san] तत्याज [grc] σοβέω [san] त्याजयति [grc] σέβας,*tyegʷ-,"to leave alone, give up, to retreat",root,6
[hit] 𒉿𒀠𒄴𒍣 [lat] vellō [xto] wälläṣtär [xcl] գեղարդն [lav] veļi [lit] vėlė [lit] veliónis [ces] válka [pol] walka [gle] flann [gla] flann [bre] gouli [cym] gweli [non] valr [non] Valhǫll [non] valkyrja [grc] οὐλή [grc] ἁλίσκομαι [lat] vulnus [fas] والانه [fas] ولانه [xto] wäl [xto] walu,*welh₃-,"to hit, to strike",root,30
[lav] jāt [lit] jóti [san] याति [san] अयासम् [sga] á [cym] iawl [gle] áil [gla] àill [grc] ζῆλος [san] यामन् [xcl] ջան [san] यान [lat] Iānus [lat] iānua [san] यावन् [xto] yā- [txb] iyā- [grc] ζητέω [grc] ζημία [gle] áit [gla] àite [san] या,*yeh₂-,"to go, to go in, enter, to ride, to travel",root,22
[san] याचति [lit] juoktis [lav] joks [lit] juokas [lat] iocus,*yek-,to utter,root,5
[grc] ληδεῖν [sqi] lodh [sqi] lë [lat] lassus [sqi] lodër,*leh₁d-,"to be tired, to leave",root,5
[grc] νέομαι [san] नसते [grc] ναίω [grc] ναός [grc] νόστος [xto] nas- [txb] nes-,*nes-,to return home (safely),root,7
[san] कृप् [san] कृपा [ave] 𐬐𐬆𐬵𐬭𐬞𐬇𐬨 [mid] klp [xcl] կերպ [lat] corpus [xcl] որովայն [sqi] krep [sqi] kurm,*krep-,body,root,9
[lit] paū́drė [lit] ūdróti [grc] οὖθαρ [lat] ūber,*h₁ówHdʰr̥,udder,noun,4
[grc] λύγος [grc] λυγίζω [lat] luctor [san] रुग्ण [lat] luxus [sqi] vlug,*lewg-,to bend,root,6
[grc] ἐπίκουρος [lat] currus,*ḱr̥sós,"vehicle, literally runner",noun,2
[hye] ձի,*ǵʰéyos,horse,noun,1
[hye] ուս,*h₂ṓms,shoulder,noun,1
[sqi] nduk,*déwkti,"to pull, to draw, to lead",verb,1
[grc] φθῐ́σῐς [san] क्षिति [lat] sitis,*dʰgʷʰéytis,"decay, destruction",noun,3
[lav] niẽkât [lit] niekóti [grc] εὐνίκμητον [grc] *νίκνον [grc] νίκλον,*neyk-,"to winnow, swing grains in a mill",root,14
[sqi] tend [san] तन्दते [lat] tendō [lat] tensus [lit] tandùs,*tend-,"to stretch, extend",root,5
[sga] teinnid [grc] τένδω [lat] tondeō [sga] -tenn [sga] tethainn [lat] totondī [bre] tonnenn [cym] ton [sga] tonn,*tend-,"to split, cut off",root,9
[san] तायते [san] तनिमन् [san] उत्तान [ave] 𐬎𐬯𐬙𐬁𐬥𐬀 [san] उत्तानहस्त [ave] 𐬎𐬯𐬙𐬁𐬥𐬀𐬰𐬀𐬯𐬙𐬀,*tenh₂-,"to stretch, extend",root,6
[san] तंसति [san] तंसते [lav] tìest [lit] tę̃sti [prg] tiēnstwei [got] -𐌸𐌰𐌽𐍃 [san] ततस्रे [lit] tąsýti [san] तंसयते [lit] tąsus,*tens-,to stretch,root,10
[xcl] -այն [lit] -ti̇̀nis [lit] -tinas [san] -तन [san] -त्न [lat] -tinus,*-tn̥nós,Used to form adjectives related to time,suffix,6
[lav] tina [cym] tan [sga] tan [deu] Dohne [swe] tana [nor] tan,*tn̥néh₂,a stretch,noun,6
[xto] knānat [txb] nān-,*ǵn̥néh₃ti,"to know, recognize",verb,2
[cym] ehedfan [cym] hedfan [sga] ette [ell] ίπταμαι [san] पतति [ave] 𐬞𐬀𐬙𐬀𐬌𐬙𐬌 [lat] petō,*péth₂eti,to fly,verb,7
[sqi] shteg [lav] staĩga [grc] στοῖχος,*stóygʰos,"path, way",noun,3
[hye] արծաթ [san] रजत,*h₂r̥ǵn̥tóm,silver,noun,2
[grc] ψήρ [grc] ψάρ,*spḗr,sparrow,noun,2
[cym] cael [lat] incohō [non] heggr [lat] caulae [xcl] ցանգ [xcl] ցանկ [cym] caen [mid] haghen [goh] hagan [cym] caer [san] कक्ष,*kagʰ-,"to hold, keep, to close, enclose, that which encloses: fence, hedge, barrier, enclosed space, fenced field, pasture",root,16
[grc] ἐρείπω [rus] ре́пнуть [lat] rīpa [sqi] repë,*h₁reyp-,"to tear, tear down",root,4
[lit] dùrti [lav] dur̃t [grc] ἔθορον [grc] θρῴσκω [gle] doir [san] धारा [ave] 𐬛𐬁𐬭𐬁 [xcl] դար,*dʰerh₃-,"to leap, spring",root,8
[grc] ἀρέσκω [grc] ἀρετή [lat] rator [lat] ratus [lat] ratiō [sqi] rroj,*h₂reh₁-,"to think, reason, to arrange",root,6
[lav] rist [lav] raids [grc] ἀριθμός [lat] rītus [grc] νήριτος [lit] rindà [lav] rinda,*h₂rey-,"to count, count out, to arrange",root,7
[sqi] hije [lav] seja [lav] *seĩja [grc] σκῐᾱ́ [grc] σκιάς [txb] skiyo,*(s)ḱeh₃ih₂,"shadow, shade",noun,6
[san] चयते [grc] τίνω [grc] τῑ́νω [sga] cin [grc] τίσις,*kʷey-,"to pay, to avenge",root,5
[san] चायति [grc] τίω [san] चिकाय [grc] τῑμή [san] चिति [san] अपचिति,*kʷey-,"to perceive, notice, to fear, revere",root,6
[ave] 𐬬𐬍𐬳𐬌𐬌𐬁𐬙𐬁 [san] चिनोति [ave] 𐬗𐬌𐬥𐬎𐬎𐬀𐬧𐬙- [grc] ποιϝέω [grc] ποιέω [san] काय [san] चिति,*kʷey-,"to gather, layer",root,9
[xcl] քէն [lat] poena [ave] 𐬐𐬀𐬉𐬥𐬁 [fas] کین,*kʷoynéh₂,"payment, punishment, vengeance",noun,4
[grc] σπεύδω [lit] spaudà [grc] σπουδή [lit] spáusti [lit] spūdà,*spewd-,"to press, to push",root,5
[san] आरा,*h₁ólos,awl,noun,1
[hye] լուսին [fas] لوخن,*lówksneh₂,moon,noun,2
[hit] paršna- [grc] πτέρνη [san] पार्ष्णि [ave] 𐬞𐬁𐬱𐬥𐬀 [fas] پاشنه [lat] perna [txb] porsnai-,*tpḗrsneh₂,"heel, upper thigh",noun,7
[san] वि [san] वि- [ave] 𐬬𐬍,*wí,"apart, asunder, away from, against",adv,3
[san] स्तवे [grc] στεῦται [hit] iš-du-u̯a-a-ri [san] स्तु,*stew-,"to praise, laud",root,4
[lit] -ingas [lav] -īgs [grc] -κός [lat] -icus,*-kos,"Creates deadjectival and desubstantival adjectives denoting the characteristic of, typical of, pertaining to.",suffix,4
[lat] fracēs,*dʰrā́ks,"dregs, sediment (of wine, oil, fat)",noun,1
[lav] slìet [lit] šliñti [grc] κλῑ́νω [grc] κλίννω [lat] clīnō,*ḱl̥néyti,"to be leaning, sloped, bent",verb,5
[lit] šlieti [lav] sliet,*ḱléyeti,"to lean (on), to cause to lean",verb,2
[lit] šlei̇̃vas [lat] clīvus,*ḱleywós,"sloped, curved",adj,3
[sqi] qetë [lit] pašiltas [gle] cleith [mid] lith [grc] ἄκλῐτος [san] श्रित [ave] 𐬯𐬭𐬌𐬙𐬀,*ḱlitós,"leaning, sloped, inclined",adj,7
[fas] سرت,*ḱleytéh₂,"something leaning, sloped, inclined",adj,1
[sqi] daj [grc] δαίομαι [san] दयते [grc] δῆμος [san] दया,*deh₂-,"to share, divide",root,5
[grc] δαίς [grc] δαιτύς [grc] δαιτυμών [grc] δαιτρός [grc] δαιτρόν [grc] δαίμων [grc] δαΐζω [grc] δαίνῡμι [grc] δαίω [san] दय् [san] दया,*deh₂y-,"to share, divide",root,11
[grc] γεύω,*ǵéwseti,"to taste, try, choose",verb,1
[ave] 𐬑𐬱𐬁𐬎𐬎𐬀𐬌𐬌𐬈𐬌𐬙𐬌 [ave] 𐬑𐬱𐬁𐬏𐬱 [lat] novācula [san] क्ष्णोत्र [san] क्ष्णुत [ave] 𐬑𐬱𐬥𐬎𐬙𐬀 [old] 𐎧𐏁𐎵𐎢𐎫,*ksnew-,"to scrape, sharpen",root,7
[xlu] 𒆠𒊭𒀭𒁕 [xlu] 𒆠𒊭𒄠𒈠 [hit] 𒆠𒅖𒍣 [lit] kàsti [sqi] korr [sga] cír [grc] ξέω [grc] ξεστός [sqi] kezë [lav] kasa [lit] kasà [prg] kexti [lav] kàsît [lit] kasýti [sqi] ka,*kes-,"to scrape, comb",root,16
[hit] 𒆠𒅖𒉡𒊻𒍣,*ksnéwti,"to scrape, sharpen",verb,1
[lav] skũt [lav] skuvu [lit] skutù [lit] skùsti [grc] ξῡ́ω [grc] ξέσαι [lat] sauciō [grc] ξόανον [lat] saucius [grc] ξυρόν [grc] ξύλον [gle] scoth,*ksew-,"to scrape, shave, sharpen",root,12
[san] वि अक्षणन् [san] विक्षणत् [ell] ξαίνω [lat] sentis [lat] sentus,*ksen-,"to card, scratch",root,5
"[hit] -𒅈 [grc] -αρ ~ -ατος [san] -र् [lat] -or/-ur ~ -inis,-oris,-inoris",*-r̥,"Derives nouns from roots, frequently mass nouns.",suffix,4
[grc] πλώω [lat] plōrō,*pleh₃(w)-,"to swim, flow",root,3
[ell] γόνατο [grc] κρᾱ́ατος [grc] κρᾱτός,*-ónts,Derives nouns denoting body parts.,suffix,3
[xlu] 𒉿𒀀𒋗𒍑 [goh] *wisu [got] 𐌹𐌿𐍃𐌹𐌶𐌰 [grc] ἠΰς [grc] ἐῠ̈́ς [xto] wṣe [txb] yaṣe,*h₁wésus,"good, excellent",adj,7
[sqi] krimb [sqi] krimp [sqi] krym [sqi] krimë [sqi] kërmij [sqi] kërminj,*kʷŕ̥mis,"worm, animals resembling worms:, larva, grub, maggot, animals resembling worms:, snake; serpent",noun,6
[san] तुक् [san] तुच् [lav] tàuki [lit] taukai̇̃ [prg] taukis [san] तोक [san] तोक्म [lat] tūcētum [lat] tuccētum,*tewk-,"to become swollen, fat",root,17
[xcl] սպրդեմ [san] स्पर्धते [hit] iš-par-zi-zi [san] अस्पृध्रन् [san] स्पृध् [ave] 𐬯𐬞𐬆𐬭𐬆𐬛𐬁,*sperdʰ-,"to compete, contest, struggle",root,6
[hye] հերու [lav] pȩ̃rn [lit] pérnai,*péruti,last year,adv,3
[grc] ἔνη [lat] enim [hit] anniš [lat] nam [xcl] *նո-,*h₁énos,"that, that over there, yon (distal)",pron,6
[got] -𐌺 [grc] γε [san] ह [san] घ [txb] ka,*gʰe,"Postpositional intensifying particle: indeed, at any rate, in fact",particle,11
[grc] ἔκῡσᾰ [san] अश्वत् [ave] 𐬯𐬏𐬌𐬛𐬌𐬌𐬁𐬌 [san] शूशुवुर् [grc] κῠ́ω [grc] κυέω [lat] inciēns [san] शिशु [grc] κῦμα [grc] ἀκύμων [sga] cúan [ang] hūnþyrel [mid] hune [isl] húnn [nor] hun [nor] hune [san] शून [grc] κῦρος [grc] κύριος [san] शवस् [ave] 𐬯𐬀𐬎𐬎𐬀 [san] शुष्म [san] शूष [mid] cyw [san] शम् [san] शुन [ave] 𐬯𐬞𐬇𐬧 [san] शू,*ḱewh₁-,"to swell, to be strong",root,29
[grc] τετρα- [lat] quadri- [lat] quadru- [san] चतुर्- [ave] 𐬗𐬀𐬚𐬭𐬎-,*kʷetwr̥-,"four, fourfold",prefix,5
[grc] χθές [grc] ἐχθές,*dʰǵʰyés,yesterday,adv,2
[got] 𐌲𐌹𐍃𐍄𐍂𐌰𐌳𐌰𐌲𐌹𐍃,*dʰǵʰyésteros,yesterday,adj,1
[cel] -ío [sga] -a [grc] ὅς [lat] iam,*Hyós,"that, who, which (relative)",pron,6
[sqi] ditë [xcl] տի [grc] δαῖσις [san] दीति,*déh₂itis,"division, section, interval, period of time",noun,4
[hye] եղնիկ [lav] al̂nis [lit] élnias [lit] élnis [lit] álnis [lit] álnė [lit] élnė [prg] alne [xto] yäl [txb] yal [ell] ελάφι [grc] ἐλλός [grc] ἄλκη [lat] alcēs,*h₁el-,"greyish or brownish coloration, deer, elk, various tree species with bright bark, e.g. alder, elm, fir",root,21
[sqi] dorë [hye] ձեռք [hye] ձեռ [grc] χέρνιψ [gmy] 𐀐𐀛𐀣 [lat] hir [xto] tsar [txb] ṣar,*ǵʰésōr,hand,noun,8
[ell] ύστερος [ell] στερνός [san] उत्तर [pus] استرۍ,*údteros,"higher, outer",adj,5
[grc] ὕδερος [grc] ὅδερος [lat] uterus,*úderos,"abdomen, stomach",noun,3
[grc] -τᾰτος [lat] -timus,*-tm̥mos,absolute superlative adjectival suffix.,suffix,2
[lat] spūma [lat] pūmex,*(s)poH(y)-,foam,root,2
[sqi] gjumë [grc] ὕπνος [txb] sänmetstse,*supnós,"sleep, death",noun,3
[xcl] ձուկն [grc] ἰχθῡ́ς,*dʰǵʰúHs,fish,noun,2
[sqi] dhëndër [sqi] dhëndërr [sqi] dhandër [sqi] dhândërr [ell] γαμπρός [lat] gener [ave] 𐬰𐬁𐬨𐬌𐬙𐬌 [san] जार [san] जार्य [san] जाया [san] जामि,*ǵem-,to marry,root,15
[grc] διαττάω [hit] ki-na-iz-zi [grc] σήθω,*kyeh₂-,to sieve,root,3
[grc] ἕδνον,*h₁wed-,dowry,root,1
[lav] turēt [lit] turėti [lav] tvert [lit] tvérti [lav] tvarstīt [lit] tvárstyti [lit] tvora [lit] ap-tvaras [grc] σορός [grc] σειρά [grc] σειρή [grc] σηρᾱ́,*twerH-,"to enclose, fence in, to grab, seize",root,12
[sqi] ndër,*h₁entér,between,adv,1
[hit] -𒉿𒅈,*-wr̥,Derives object nouns from verbal roots.,suffix,1
[sqi] vjehrrë [xcl] սկեսուր [cym] chwegr [grc] ἑκυρά [lat] socrus,*sweḱrúh₂,mother-in-law,noun,5
[grc] μισθός,*misdʰós,"reward, prize, wage, payment",noun,1
[sqi] gjë [sqi] senë [lit] sañt [grc] ἐών [grc] ὤν [lat] sōns [lat] ab-sēns [lat] prae-sēns,*h₁sónts,active participle of *h₁ésti,verb,8
[grc] πεῖρᾰρ [san] पर्वन् [san] परुर्,*pérwr̥,"ford, crossing",noun,3
[hit] 𒁉𒂊𒊒𒈾𒀭𒍝,*pérwr̥,"rock, mountain",noun,2
[hit] 𒊭𒀠𒀝𒍣 [san] सृज् [ave] 𐬵𐬆𐬭𐬆𐬰 [ave] 𐬵𐬀𐬭𐬆𐬰,*selǵ-,"to let go, send",root,4
[sqi] parz [sqi] parzëm,*pérḱus,"chest, rib",noun,2
[hit] 𒅖𒄩𒀀𒀸 [cel] Esus [cel] Aesus,*h₁esh₂ós,master,noun,3
[lat] -undī [lat] -undō [lat] -undum,*-ótr̥,Derives action nouns from verbal stems.,suffix,3
[lat] iter,*h₁éytr̥,"way, course",noun,2
[sqi] -e [san] -ई [ave] -𐬍 [ave] 𐬀𐬤𐬵𐬍 [ave] 𐬀𐬵𐬎 [xto] -ā [txb] -ā [txb] -a [grc] -ιᾰ [grc] -σσᾰ [grc] -ττᾰ [grc] -V̄ρᾰ [grc] -ινᾰ [grc] -ιρᾰ [grc] -ζᾰ,*-ih₂,Feminizes athematic nominal stems.,suffix,15
[lav] dieve [lit] deivė [san] देवी [ave] 𐬛𐬀𐬉𐬎𐬎𐬍,*déywih₂,goddess,noun,4
[san] जनित्री [lat] genitrīx [grc] γενέτειρα,*ǵénh₁trih₂,mother,noun,3
[lat] pressī [lat] prēlum [lat] premō,*pres-,to press,root,3
[sqi] ndë [hit] 𒀭𒁕 [xlu] 𒀀𒀭𒋫 [lyc] 𐊑𐊗𐊁 [bre] an- [cym] an- [cym] af- [sga] ind- [cel] ande- [xto] ane [txb] eneṃ,*h₁n̥dó,"into, inside",adv,11
[san] बंहते [ave] 𐬠𐬄𐬰𐬀𐬌𐬙𐬌 [grc] πάσσων [san] बंहीयस् [grc] πάχιστος [san] बंहिष्ठ [deu] Bunge [fra] bugne [grc] πάχος [ave] 𐬠𐬄𐬰𐬀𐬵,*bʰenǵʰ-,"thick, to swell, grow",root,20
[hye] գայլ [hye] գել,*waylos,"wolf, howler",noun,4
[san] युध्यति [san] युध्यते [ave] 𐬫𐬏𐬌𐬜𐬌𐬌𐬈𐬌𐬙𐬌 [xto] yutkatār [cym] udd [lat] iussus [grc] ὑσμίνη [san] युध्म [san] योद्धृ [grc] εὐθύς [grc] ῑ̓θῠ́ς [grc] *εὖθαρ [grc] εἶθαρ [lat] iubar,*Hyewdʰ-,"moving erect, to be agitated or push forward in such a fashion that one is straight or upright (for example as walking into battle)",root,17
[hit] 𒁄𒋫𒈾𒀸 [grc] πλᾰ́τᾰνος,*pl̥th₂enós,"wide, broad",adj,2
[san] निन्दति [xcl] անէծ [lit] ni̇́edėti [lav] nîdêt [grc] ὄνειδος,*h₃neyd-,"to revile, insult",root,5
[xcl] անկաւ [xcl] ընկենում,*sengʷ-,"to sink, to fall, to drop",root,2
[lav] osis [lit] uosis [sqi] ah [hye] հացի [gle] fuinseog [gla] uinnseann [cym] onn [lat] ornus,*Heh₃s-,ash tree,root,8
[fas] تهی [lat] tesqua,*tews-,to be empty; to drain,root,2
[hit] tu-uš-ki-ez-zi [san] तोषयति [san] तूष्णीम् [prg] tusnan,*tews-,"to be calm, content, happy",root,4
[san] पवते [san] पवयति [san] अपविष्ट [san] अपाविषुर् [san] पव [san] पवन [lat] pūrus [lat] putō [san] पावक [san] पवाक [fas] پاک,*pewH-,"to be clean, pure",root,11
[grc] αἴδομαι [ave] 𐬌𐬱𐬀𐬯𐬁 [got] 𐌰𐌹𐍃𐍄𐌰𐌽 [san] ईट्टे [grc] αἰδώς [san] ईड् [san] ईळ्,*h₂eysd-,"to laud, honour",root,7
[lav] paparde [lit] papartis,*p(t)erH-,fern,root,2
[hit] 𒀀𒅈𒀸𒍣 [hit] 𒅈𒀸𒍣 [xlu] 𒀀𒅈𒅆𒅀𒀭𒁺 [san] अर्षति [xcl] եռամ [lat] errō [lit] aršùs [lit] įširsti [san] इरस्यति [san] ईर्ष्यति,*h₁ers-,to flow,root,10
[lit] tumė́ti [lat] tumeō [lat] tumidus [lat] tumor [cym] twf [bre] teñv [ave] 𐬙𐬎𐬨𐬁𐬯𐬞𐬀𐬥𐬀 [san] तुमुल [lat] tumulus [san] तुम्र [xcl] թումբ [mid] tom [grc] τύμβος [grc] τύμβη [cym] tumon [cym] tumion [san] तूतुम [lat] tumultus,*tum-,"to swell, to become big or strong, mound",root,18
[grc] αὕω [san] शुष्यति [grc] αὖος [lat] sūdus [lit] saũsti [lit] saũsinti [lav] sust,*h₂sews-,to be dry,root,7
[hye] եզ [sga] ag,*h₂eǵʰ-,cow,noun,2
[lat] sarciō [hit] šar-ni-ik-zi-il [hit] šar-ku [grc] ἕρκος [grc] ὅρκος [txb] ṣärk-,*serḱ-,"to emend, make good, recompense",root,6
[eng] meese [eng] meece [mid] mies [lit] mū̃sas [lat] mūscus,*mews-,moss,root,11
[grc] ἔμῠσᾰ [grc] μῡ́ω [san] मुष्टि [ave] 𐬨𐬎𐬱𐬙𐬌 [txb] maśce [grc] ἀμυστί,*mews-,to shut,root,6
[san] उक्षति [grc] ὑγρός [lat] ūvidus [lat] ūdus [lat] ūmeō,*wegʷ-,"wet, moist",root,5
[nld] miggelen [lit] miegoti [lit] miegas [xcl] մէգ,*h₃meygʰ-,"fog, mist, cloud, to drizzle",root,4
[bre] hi [cym] hi [gle] sí [got] 𐍃𐌹 [grc] ἵ,*síh₂,she,pron,5
[san] अयाट् [san] अयष्ट [grc] ἅζομαι [lat] ieientō [lat] ientō [txb] yāṅk- [grc] ἁγνός [san] यजुस् [grc] ἅγιος [san] यज्य [san] यज्यु [lat] iaiūnus [lat] ieiūnus,*h₁yaǵ-,"to sacrifice, to worship",root,15
[grc] ὑπέρ [lat] super,*upér,"above, over",adv,2
[xto] was [txb] wes,*wéy,we (more than two),pron,2
[grc] -μενος [ave] -𐬨𐬥𐬀 [ave] -𐬁𐬥𐬀 [lat] -mnus [lat] -mina [lat] -minī [lat] -minō [xto] -māṃ [txb] -mane,*-mh₁nos,Forms the middle participle.,suffix,9
[san] अस्मान्,*n̥smé,accusative of *wéy,pron,1
[lyc] ẽti [xcl] ընդ [san] अधि,*(H)n̥dʰí,"under, below",adv,3
[ave] 𐬀𐬢𐬵𐬀𐬌𐬌𐬏 [hit] iš-ḫi-ya-zi [hit] iš-ḫa-a-i [hit] iš-ḫi-i-er [san] स्यति [lav] sìet [lit] siẽti [san] सिनोति [xlu] ḫi-iš-ḫi-ya-an-ti [gmy] 𐀀𐀊𐀕𐀜 [san] सिषाय [ave] 𐬁𐬵𐬌𐬱𐬁𐬌𐬌𐬁 [lav] saiklis [lit] ãtsailė [gle] sim [grc] ἱμαῖος [grc] ἱμάω [grc] ἱμάς [grc] ἱμάσθλη [grc] ἱμονιά [hit] iš-hi-ia-al [nld] zijl [nld] zijle [deu] Seilen [isl] síla [lat] saeta [xcl] հայթեմ [ave] 𐬵𐬀𐬉𐬙𐬎 [fas] خدک [san] सित [ave] 𐬵𐬌𐬙𐬀 [lav] saĩte [lit] sai̇̃tas [prg] saytan [old] hin,*sh₂ey-,"to bind, fetter",root,35
[san] समा [san] ग्रीष्म [hye] ամառ [lat] Samarobrīva [lat] Samara [cel] mid samonios [hye] ամ [ave] 𐬵𐬀𐬨 [fas] هامین [xto] ṣme [txb] ṣmāye,*semh₂-,"summer (season), year",root,13
[hit] -𒉿𒀭𒍝 [grc] -εις,*-wénts,Forms possessive adjectives from nominal stems.,suffix,2
[grc] οἶτος [sga] óeth [old] an-utonau,*h₁óytos,oath,noun,3
[grc] ἄστυ [san] वस्तु [xto] waṣt [txb] ost,*h₂wóstu,"home, dwelling",noun,4
[sqi] morr [hye] մրջյուն [grc] μύρμηξ [grc] μύρμος [grc] βόρμαξ [grc] βύρμαξ,*morwís,ant,noun,6
[nld] miggelen,*h₃mígʰleh₂,"mist, cloud",noun,1
[hye] ներ [grc] ἐνάτηρ [lat] iā̆nitrīx [san] यातृ [fas] جاری [san] यन्त्रिणी [san] यन्त्रणी,*h₁yénh₂tēr,co-sister-in-law (wife of the husband's brother),noun,9
[san] वशा [lat] vacca,*woḱéh₂,cow,noun,2
[san] राज्ञी,*h₃rḗǵnih₂,queen,noun,1
[san] नप्ती [ave] 𐬥𐬀𐬞𐬙𐬍 [lat] neptis,*néptih₂,"granddaughter, niece",noun,3
[hit] ma-uš-zi [lav] maudāt [lit] mauti [lit] máudyti [san] मीवति [txb] miw- [lat] moveō [xto] musk- [txb] musk- [isl] má [txb] mäs-,*m(y)ewh₁-,to move,root,11
[cel] *érkos [lat] Querquernī [lat] Quarquenī [cym] perth [eng] Perth [sga] ceirt [lat] quercus,*pérkus,oak,noun,7
[lit] bàkstelėti [lav] bakstīt [grc] βάκτρον [lat] baculum,*bak-,"peg, club",root,6
[prg] kalis [grc] ἄσπαλος [ave] 𐬐𐬀𐬭𐬀 [lat] squalus,*(s)kʷálos,"large fish, sheatfish",noun,4
[grc] πτόλις [grc] πόλις [lav] pils [lit] pili̇̀s [san] पुर [san] पुरी,*tpelH-,"fortification, city",root,8
[sqi] verr [san] वरण,*wern-,"a kind of tree, perhaps alder",noun,2
[sqi] bredh,*bʰerHǵós,birch,noun,1
[hit] uwai [sqi] vaj [lav] vai [lit] vai̇̃ [grc] αἴ [grc] αἶ [grc] αἰαῖ [grc] οἴ [grc] οἶ [grc] ὀῐ̈́ [grc] οὐαί [san] उवे [ave] 𐬬𐬀𐬫𐬋𐬌 [fas] وای [hye] վայ [lat] vae,*wáy,"oh!, ah!, woe!, alas!",intj,24
[lav] valgs [sqi] lëng [sqi] ulmej [lit] vi̇̀lgti [lit] vi̇̀lgyti [lav] vil̂gt [lav] velgme [lav] velgans [prg] welgen,*welg-,"wet, damp",root,9
[lat] ulmus,*h₁élem,mountain elm,noun,1
[lit] mẽlas [grc] μέλεος [lat] malus [xto] smale [hye] մեղք [xcl] մեղմեխ [sga] millid [grc] βλᾰ́σφημος [xcl] մող [xcl] մոլիմ [xcl] մոլորիմ,*(s)mel-,"false, erroneous, bad, evil",root,11
[lat] longus,*dlongʰos,long,adj,1
[grc] χρίω [lit] griẽti,*gʰrey-,"to smear, to paint, to streak",root,2
[san] हरयन्त [grc] χαίρω [san] हर्यति [grc] χαρτός [san] हृत [grc] χάρις [xcl] ձիր [grc] χαρά [grc] χάρμα [grc] χάρμη [grc] χράω [grc] χρηστός [grc] χρῄζω [san] हर्य्,*gʰer-,to yearn for,root,14
[grc] χόνδρος [xcl] կորկոտ [lit] graudi̇̀nti [lav] grūst [lit] grūsti [lav] gruds [lav] grauds [lit] grūdas [lit] graûds [lit] grúodas [eng] grout [mid] grūz [isl] grautur [swe] gröt [lav] gruži [lit] gráužas [lit] graũžas [grc] χρῶμα [grc] χρώς [gmy] 𐀀𐀒𐀫𐀸𐀁 [lav] gŗaût [lit] griáuti [grc] ἔχραον [lat] ingruō [lat] grandis [san] घर्षति [grc] χεράς [grc] κέγχρος [grc] κάχρυς [grc] χέρμα [grc] χερμάς,*gʰer-,"to rub, to stroke, to grind, to remove",root,53
[lat] malus,*(s)mal-,"small, little",root,1
[xcl] մեղկ [grc] βλαδύς [grc] ἀμαλδύνω [lat] mollis,*ml̥dús,"soft, weak",adj,4
[hye] իմանալ [hye] իմա,*h₁em-,"to take, to distribute",root,2
[lat] patior [grc] πῆμα [san] पीयति,*peh₁-,"to hate, hurt",root,3
[hye] հում [hye] հումք [lav] oms [ell] ωμός [san] आम [fas] خام [xcl] խամ,*h₂eh₃mós,"raw, uncooked, bitter, sharp-tasting or sour",adj,7
[xcl] օր [ell] ημέρα [sqi] zëmër,*h₂éh₃mr̥,"heat, daylight, day",noun,6
[sqi] gjak [cym] sybwydd [lat] sappinus [grc] ὀπός [xto] saku [txb] sekwe,*sokʷós,juice of plants,noun,6
[sqi] thëri [xcl] անիծ [grc] κονίς,*-níd-,"nit, louse egg",noun,3
[lav] kākāt [lav] kakāt [lit] kakóti [grc] κᾰκκᾰ́ω [lat] cacō [lat] cacāre [sqi] kakë [lav] kaka [lit] kaka [bre] kaoc'h [cym] cach [gle] cac [gla] cac [grc] κάκκη [pus] ککه [vul] *caca [vul] *cacca [hye] քաք [hye] քակոր,*kakka-,to defecate,root,25
[san] पाजस्य [lav] paksis [bul] пах [ces] pach [pol] pacha [rus] пах [ukr] паха́ [san] पक्ष [lat] pectus [gle] ucht [gla] uchd [lit] pažasti̇̀s [ces] paže [xcl] հակ [rus] пахва [ukr] пахва,*peg-,"The meaning of this term is uncertain. Possibilities include:, side, flank (of the abdomen), hip, The meaning of this term is uncertain. Possibilities include:, shoulder, armpit; (by extension?) corner, crevice, The meaning of this term is uncertain. Possibilities include:, abdomen, The meaning of this term is uncertain. Possibilities include:, loins",root,42
[xcl] եղտիւր [grc] ἕλος [deu] Saale,*sélos,"marsh, salt marsh",noun,3
[sqi] qull [lit] šlúoti [lat] cluō [eng] Clyde [grc] κλύζω [grc] κλῠ́δων [xcl] լուրթ [lat] cloāca [cym] clir [xcl] լուրջ [lav] slaucīt [lav] slaukt [lav] slota [lit] šlúota [lit] šlaukýti [lit] sliaũkti,*ḱlewH-,"to clean, rinse, slide",root,16
[san] चोदति [sqi] hedh [fas] چست [lav] kûdît [lav] kûdinât [lit] skiautė [lit] skutai,*(s)kewd-,"to advance, push, to drive, propel",root,7
[grc] κλᾰ́δος [lat] clādēs [cym] col [gle] colg [lat] per-cellō [lat] clāva [grc] κλᾰ́ω [san] काण [san] काष्ठ [san] कड [san] काण्ड,*kelh₂-,"to beat, to break",root,11
[san] अमोक् [san] अमुचत् [san] मोक्ष [san] मुच्यते [grc] μύσσομαι [grc] ἀπομύσσω [lav] mukt [lit] mùkti [lit] munkù [lit] mukaũ [san] आमुञ्चति [san] प्रमुञ्चति [lat] ēmungō [san] मुमुक्षति [sqi] mut,*(s)mewk-,"to let loose, release, to slip away, escape, flee",root,15
[san] शंसति [lat] cēnseō [grc] κόσμος [grc] κῶμος [sqi] them [san] शंस्,*ḱens-,"to announce, to proclaim, to put in order",root,6
[lat] *flāmen [lat] *sub-flāmen [sqi] bligë [grc] φᾰ́λᾰγξ [lat] fulciō [grc] φάλκης,*bʰelǵ-,"to balk, beam",root,6
[prg] assanis [lat] annōna [xcl] ար-ա-ց [grc] ὀπώρα [grc] ὀπώρη [grc] ὀπάρα [grc] ὁπώρα [hit] 𒊺𒂊𒊭𒀭𒈾𒀸 [hit] 𒊺𒂊𒊭𒈾𒀸 [xcl] աշուն [san] सस्य,*(s)h₁es-,"harvest, crop, fruit",root,12
[lat] fīvō [lat] fīgō [lit] di̇́egti [sqi] deng,*dʰeygʷ-,"to stick into, pierce, to dig; to ditch, to plant; to set up, fasten",root,4
[lit] jū́šė [prg] iuse [san] यूस् [lat] iūs,*yéwHs,"soup, broth, fermented product; leaven",noun,4
[lit] leñtas [lat] lentus,*len-,soft,root,2
[grc] ἀλέγω [lat] religiō [lat] -lēxī [grc] ἄλγος,*h₂leg-,to care for,root,4
[grc] τέθνᾰμεν [san] धन्वति [fas] دنیدن [san] धन [grc] θνῄσκω [grc] ἔθᾰνον [lat] fōns [san] दधन्ति [san] धन् [xto] tsno [xto] tsnāntär [txb] *tsnamo,*dʰenh₂-,"to set in motion, to flow",root,12
[lit] stebėti [san] स्तम्भ [san] स्तभ्नाति [lav] stabs [lit] stãbas [fas] ستبر [grc] σταφυλή,*stebʰ-,"to stand still, to harden",root,7
[grc] στέφω [grc] ἔστεψα [bul] стожер,*stegʷʰ-,to enlace,root,3
[lat] farciō [grc] φράσσω [lat] fraxō [lat] frequēns,*bʰrekʷ-,"to condense, to crowd together",root,4
[lat] stringō,*streyg-,"to stroke, rub, strike, to shear",root,1
[lav] šķist [san] चेतति [lav] skaitīt [lit] skaityti [san] चेतयति [san] चिकेत [san] चेतस्,*kʷeyt-,to notice,root,7
[lit] di̇̀rbti [chu] oустрабити [grc] στέρφος,*sterbʰ-,"to exert (force, work, treatment), to become stiff",root,3
[sqi] herdhe [hit] arki- [xcl] որձիք [gle] úirí [grc] ὄρχις [ave] 𐬆𐬭𐬆𐬰𐬍,*h₁órǵʰis,testicle,noun,6
[sqi] djerg [sqi] dergj [lit] di̇̀rgti [lit] di̇̀rginti,*derHgʰ-,"to tug, to stretch, to pluck",root,4
[san] अयमुर् [san] यमति [san] अयान् [san] अयांसम् [xto] ypa- ~ ya- [san] यच्छति [xto] yomnāṣ [txb] yanmacer [san] ययन्थ [xto] yām- [txb] yām- [san] यामयति [san] यन्त्र [sqi] gjem [san] यम [san] यति [san] सुयाम [grc] ἥμερος [xto] yomär [san] यन्तुरम् [san] यम्,*yem-,"to hold, restrain, to take, seize",root,21
[lav] pērkons [lit] perkūnas [prg] Perkūns,*perkʷ-,oak,root,3
[san] सस्,*ses-,"to rest, to sleep",root,1
[hit] 𒉺𒄴𒊭𒊑,*péh₂sti,"to guard, to protect, to shepherd",verb,1
[san] स्व- [ave] 𐬓𐬀- [lat] sē-,*swe-,self,prefix,3
[lav] -st [lit] -sti [grc] -θω [grc] -θην,*-dʰh₁eti,Forms resultative verbs.,suffix,4
[san] श्रद्दधाति,*ḱréddʰh₁eti,"to believe, trust",verb,1
[grc] πλήθω,*pléh₁dʰh₁eti,"to become full, swell, to increase, further",verb,1
[lav] šķērdēt [lav] šķērst [lit] sker̃sti [sga] sceirtid,*(s)kérdʰh₁eti,"to become cut, pierced",verb,5
[lav] viest [lit] vei̇̃sti [ave] 𐬬𐬋𐬌𐬲𐬛𐬀𐬝 [san] विड्ढि [lit] vi̇̀sti [lat] vireō [san] विवेष्टि [sqi] vesh [lit] vai̇̃sius [prg] wēisin [ang] wīse [mid] wēse [mid] wisch [deu] Wiese [nor] veis,*weys-,"to raise, increase, to produce, procreate",root,15
[hit] 𒉺𒀭𒆪𒍑 [grc] παχύς,*bʰénǵʰus,"dense, thick",adj,2
[lat] Remus,*yemHós,twin,noun,1
[lav] pûri [lav] pûŗi [lit] pūrai̇̃ [prg] pure [chu] пꙑре [rus] пыре́й [ukr] пирій [eng] furze [grc] πῡρός [san] पूर,*puHrós,"A type of grain, possibly: wheat, spelt",noun,17
[san] ग्रावन्,*gʷréh₂wō,"quern, mill-stone",noun,1
[gmy] 𐀏𐀨𐀀𐀠,*ḱérh₂sō,"head, skull",noun,3
[grc] -λός [grc] -λος [san] -ल [san] -र [lat] -lus,*-lós,"Forms agent nouns from verbal roots., Forms diminutive nouns from noun stems., Forms adjectives with the sense “pertaining to …” (alternative form of *-rós)",suffix,37
[hye] քաղցր [grc] γλυκύς [grc] γλεῦκος [gmy] 𐀆𐀩𐀄𐀒 [lat] dulcis,*dléwkus,sweet,adj,8
[got] -𐌸 [grc] -θε [grc] -θῐ [san] -ध [san] -ह [lat] ubī̆ [lat] ibī̆,*-dʰe,locative suffix,suffix,9
[sqi] betë [san] भ॒द्र [san] भल्ल [ave] 𐬵𐬎𐬠𐬀𐬜𐬭𐬀 [old] *badrah [cym] bodd [sga] buide,*bʰed-,"to improve, make better",root,7
[lit] bèsti [lav] best [prg] embaddusisi [hit] 𒁁𒁕𒀀𒄿 [hit] 𒁁𒁕𒄿 [lav] badīt [lit] badýti [chu] пробождати [lat] fodiō [xto] pāt- [mid] bedd,*bʰedʰh₂-,"to dig, burrow, to pierce, stab",root,11
[lat] micō [bre] dismeg [cym] dirmygu [cym] edmygu [cym] myged [sga] do·meiccethar,*meyk-,"to twinkle, blink",root,7
"[lit] bilti [lit] byla [prg] billīt, billītwei [lit] bilsti [lav] bilst [lav] bildēt [lit] bildėti [lav] balss [lit] balsas [san] भाष् [xto] päl- [txb] päl-",*bʰel-,"to sound; to speak, roar, bark",root,12
[sqi] baltë [san] भर्गस् [grc] φλέγω [grc] φλέγμα [lat] fulgeō [lat] fulgur [lat] flagrō [lat] flamma [sqi] blokër [lat] flāvus [lav] bāls [lit] bãlas [grc] φᾰλός [sqi] bal [sqi] balo [lav] blāvs [lit] blãvas [san] भाल [hye] բալ,*bʰel-,"to blaze, burn; to glow, shine, be bright or brightly colored, bright flame, fire, shiny, white",root,24
[grc] φλέω [lat] flō [hye] բեղմ [hye] բեղուն [isl] bjalla [swe] fot-bjälle [swe] fota-bjälle [grc] φάλλαινα [deu] Ball [deu] Ballen [grc] φαλλός [lat] follis [grc] βαλλίον [grc] φάλης,*bʰel-,"to blow, to swell up",root,21
[lat] filix [deu] Bilsenkraut [spa] belesa [spa] velesa [cym] bela [cym] bele,*bʰel-,henbane,root,11
[xcl] գառն [grc] ἀρήν,*wr̥h₁ḗn,"lamb in general, or more probably only the male, ram.",noun,2
[grc] στάς [lat] stāns,*sth₂ónts,active participle of *stéh₂t,adj,2
[grc] φέρων [lat] ferēns,*bʰéronts,active participle of *bʰéreti,verb,2
[hit] 𒀀𒁕𒀭𒍝 [grc] ἔδων [lat] edēns,*h₁dónts,active participle of *h₁édti,verb,3
[lit] mosúoti [lit] móti [chu] поманѫти [grc] μηνύω [grc] μάρη [lat] manus [cym] emneidio [mid] amnaid [mid] emneid [gle] sméid [gla] smèid,*(s)meh₂-,"to beckon, signal",root,11
"[grc] μέλω, μέλομαι [grc] μέμηλα, μέμβλεται [sga] mall [lat] promellō [grc] μέλλω",*mel-,"to worry, be late",root,5
[hit] -𒀸𒊭𒊏𒀸,*-sōr,Derives feminine gender stems from roots,suffix,1
[lav] gadīties [sqi] nge [lav] gads [lit] gadynė [lav] gùods [lit] guõdas,*gʰedʰ-,"to join, to unite, to suit",root,6
[sqi] çukë [got] 𐌷𐌹𐌿𐌷𐌼𐌰 [lit] kaũkas [san] कुच [san] कुचति [grc] Καύκᾰσος,*kewk-,"to bend, crooked",root,7
[ell] αμείβω [lat] migrō,*h₂meygʷ-,"to change, exchange, to change places → to wander",root,2
[grc] ἠμί [lat] axō [grc] (ἄν)ωγα [lat] (prōd)igium [txb] aksaṣṣuki [xcl] ասեմ,*h₁eǵ-,to say,root,7
[chu] строуити [sga] a·sroíther,*strowéyeti,"to strew, to disperse, to spawn",verb,2
[lav] gal̂va [lit] galvà [prg] gallū [prg] galwo [sqi] guall [sqi] gollomësh,*gelH-,"naked, head",root,6
[sqi] vatër [sqi] votër [xcl] *այր [xcl] այրեմ [xcl] զայրանամ [lat] āter [lat] atrox [lat] Atella [lat] ātrium [lat] Atrius [ave] 𐬁𐬙𐬀𐬭 [xcl] ատր-,*h₂eh₁ter-,fire,noun,12
[ang] cnūian [ang] cnūwian [non] knúi,*gnewH-,to press,root,5
[non] síða [ang] -siden,*seyt-,magic,root,2
[lit] sai̇̃tas [lit] sei̇̃tas,*soytós,magic,noun,2
[xcl] բոկ,*bʰosós,"bare, barefoot",adj,1
[sqi] djeg [txb] tsäk-,*dʰégʷʰeti,"to burn, to be burning (transitive)",verb,2
[xcl] բամ [grc] φημί [grc] φαμί [lat] for,*bʰéh₂ti,"to speak, to be talking",verb,4
[hye] անկյուն [grc] ἄγκος [lat] ancus [san] अङ्कस्,*h₂énkos,"curve, bend",noun,4
[sqi] endë [hye] հանդ [hye] անդ,*h₂éndʰos,bloom,noun,5
[sqi] end,*h₂endʰ-,to bloom,root,1
[lav] spārns [lit] spar̃nas,*pornóm,"feather, wing, fern, leaf",noun,2
[san] मेथति [san] मेथेते [lat] mittō [san] मिमेथ [lat] mūtō [grc] μοῖτος [san] मिथस् [ave] 𐬨𐬀𐬉𐬚𐬁 [ave] 𐬨𐬌𐬚𐬋 [ave] 𐬁𐬨𐬋𐬌𐬌𐬀𐬯𐬙𐬭𐬁 [ave] 𐬨𐬌𐬚𐬀 [ave] 𐬨𐬌𐬚𐬡𐬀 [ave] 𐬨𐬌𐬚𐬡𐬀𐬥𐬀 [fas] میهوخت [lat] mūtuus [lat] missus [lav] mît [san] मिथति [san] मिथुन [san] मिथु [san] मिथ्या [chu] митѣ,*meyth₂-,"to change, to exchange, to remove, send",root,26
[san] स्वानीत् [lat] sonō [cym] honni [san] स्वनयति [sga] seinnid [ave] 𐬀𐬞𐬀𐬓𐬀𐬥𐬎𐬎𐬀𐬌𐬧𐬙𐬌 [lat] sonus [lat] *swenos [lat] *swenh₂-os [san] स्वनति [fas] خواندن [san] स्वनद्रथ [ave] 𐬓𐬀𐬥𐬀𐬝-𐬗𐬀𐬑𐬭𐬀 [san] स्वन् [fas] خوان,*swenh₂-,to sound,root,16
"[grc] (ἀπο)λαύω [sga] lóg [grc] λᾱός [grc] λᾱρός [grc] ληΐη [grc] ληΐς, ληΐδος [lat] lucrum [xcl] լաւ [grc] λωΐων [lat] Laverna [xto] lu [txb] luwo",*leh₂w-,"to seize, gain, benefit, prize",root,12
[hit] ḫa-meš-ḫa- [grc] ἄμη [gmy] 𐀀𐀔 [grc] ἄμητος [grc] ἀμάω [hit] a-an-ši [hit] a-an-ša-an-zi [hit] ḫa-ni-iš-zi [hit] ḫa-ni-iš-ša-an-zi,*h₂meh₁-,"to mow, reap",root,13
[chu] чѧдь [lat] recēns [cym] bachgen [cel] -cnos [sga] cinid [san] कनीन [ave] 𐬐𐬀𐬌𐬥𐬌𐬥 [sqi] qejzë [sqi] qyrë [sqi] qytë [grc] καινός [grc] διάκονος [xcl] սկունդ [bre] kenow [cym] cenau [cym] cenaw [gla] cana [gle] cana [lat] cōnor [grc] ἐγκονέω,*ken-,"to arise, begin",root,23
[grc] στία [san] स्तिया [grc] στῖον,*steyh₂-,to stiffen,root,3
[san] असृपत् [grc] (ἐξ)ἧρψα [lat] serpsī [san] ससर्प [sqi] shtërpij [sqi] gjarpër [san] सर्प [lat] serpēns [grc] ἑρπετόν,*serp-,"to creep, crawl",root,10
[hit] 𒋻𒌑𒍣 [txb] tärk- [lat] torqueō [txb] tetarku [sqi] tjerr [san] तर्कु [lat] tormentum [lat] tortum [gmy] 𐀵𐀫𐀤𐀍𐀕𐀜 [san] तर्क् [xto] tark,*terkʷ-,"to turn, spin",root,12
[sga] ad·tluchedar [sga] do·tluchedar [san] तर्क [san] *terkʷ- [san] तर्कुक [san] तर्क्यते,*telkʷ-,to talk,root,6
[lit] ti̇̀nti [sga] tamnaid [grc] τέμνω [lat] temnō [lat] templum [grc] τομός [grc] τόμος [grc] τομή [grc] τμῆσις [grc] ταμίᾱ [gmy] 𐀲𐀖𐀋𐀄,*temh₁-,to cut,root,11
[grc] εἷλον [lat] consuluī [lat] cōnsulō [grc] ἕλωρ [lat] (cōn)sul [lat] (cōn)silium,*selh₁-,to take,root,6
[lit] ti̇̀lti [lit] táldyti [sga] tuilid [sga] con·tuili [sqi] tall [sga] cotlud,*(s)telH-,"to be silent, be still",root,6
[txb] tsälp [xto] śalpatär [txb] tsälpäṣṣäṃ [lit] del̃bti [lav] dil̃bti [lit] dil̃bti [lav] dal̃ba [lit] dálba [lav] dal̃bs [lav] dil̃ba [lit] di̇̀lba [lav] delbis [lav] dȩl̃bs [lav] dȩlbs [lav] dȩl̃bi [lit] délba,*dʰelbʰ-,"to dig, excavate",root,18
[lav] jùmis [sga] emon [lat] geminus [lat] genus [non] Ymir [sqi] gjysmë,*yemH-,twin,root,6
[lit] lė́nas [lav] lȩ̄̀ns [lat] lēnis [lit] lė̃tas [lav] lȩ̃ts [sga] ·lá [gle] tarlaigh [gla] thàrladh [gla] tàrlaidh,*leh₁-,"soft, calm, lazy, slow",root,12
[mid] guetid [cym] dweud [sga] as·féna [cym] gwadu [lat] vetō [hit] 𒌓𒋻 [xlu] utar,*weth₂-,to say,root,7
[san] द्रमति [grc] δρόμος [grc] ἔδραμον,*drem-,to run,root,3
[lat] dormiō,*drem-,to sleep,root,1
[xcl] տալ [san] गिरि [lat] glōs,*ǵl̥h₂ōws,sister-in-law (husband's sister),noun,3
[grc] δυσμενής [san] दुर्मनस् [san] दुर्मनास्,*dusmenēs,ill-disposed,adj,3
[grc] ἄγγος [ell] αγγείο [fas] انگل [fas] انگول [san] अङ्गुरि [san] अङ्गुलि [san] अङ्गुली [lat] angulus [san] अङ्ग [xto] ānkar [txb] āṅkär,*h₂eng-,"curve, bend",root,12
[lat] saeculum [lit] sėkla [lav] sēkla,*sh₂éytlom,"lifetime, lifespan",noun,3
[lat] lūridus [lat] lūror [lat] līveō [lat] līvidus,*(s)leh₃y-,blueish,root,4
[grc] ἦτορ [sga] athach,*h₁eh₁t-,"to breathe, breath",root,2
[sqi] sot [sqi] sod [sqi] σὸτ [sqi] si-vjet [xlu] 𒍣- [pal] kii̯at [ell] εκείνος [ell] σήμερα [grc] σῆτες [grc] τῆτες [lat] cis,*ḱís,this (here),pron,29
[grc] μᾰκρός [lat] macer,*mh₂ḱrós,"lean, meager",adj,2
[lav] sìens [lit] šiẽnas [grc] κοινᾱ́,*(s)ḱeh₁y-,"to shine, shimmer",root,5
[grc] σκότος [gle] ciar [gla] ciar [lat] obscūrus [lit] šė̃mas [san] श्याम [ave] 𐬯𐬁𐬨𐬀 [gle] ceo [gla] ceò,*(s)ḱeh₃-,"darkness, shadow",root,11
[cym] cawod [bre] kaouad [lit] šiáurė [lat] caurus [xcl] ցուրտ,*(s)ḱeh₁w-,"cold, rainy, north",root,10
[lav] bļaût [lit] bliáuti [grc] φλύος [grc] έφλευσε [lat] fluō,*bʰlewH-,to overflow,root,5
[lat] dīvidō [san] अविधत् [ave] 𐬬𐬍𐬛𐬁𐬌𐬙𐬍 [xto] wätk- [txb] wätk- [lav] vidus [lit] vidùs,*h₁weydʰh₁-,"to separate, divide",root,7
[grc] νέκυς [ave] 𐬥𐬀𐬯𐬎 [xto] oṅk [txb] eṅkwe,*néḱus,"dead, mortal",adj,4
[lit] sténgti,*stengʷ-,to push,root,1
[sqi] elb [grc] ἄλφι [grc] ἄλφιτον,*h₂élbʰit,barley,noun,3
[lat] canicae,*kn̥h₂ónks,honey,noun,1
[xto] āti [txb] atiyo [lav] atãls [lit] atolas [prg] attolis,*h₂et-,grass,root,5
[ave] 𐬀𐬝 [lav] at- [lit] ati- [prg] et- [prg] at- [lat] at [txb] at [lit] ato- [txb] ate [lat] ast [san] अथ [txb] ot [grc] ἀτ(άρ) [got] 𐌰𐌸(𐌸𐌰𐌽),*h₂et-,"but, yet",root,15
[grc] πένομαι [xcl] հենում,*(s)penh₁-,"to twist, to weave",root,2
[lat] barbātus,*bʰardʰéh₂tos,bearded,adj,1
[sqi] grykë,*gʷriHwéh₂,"mane, nape, neck, throat, estuary, mouth of an inlet",noun,1
[grc] στρωτός [grc] στρατός [san] स्तृत [lat] strātus,*str̥h₃tós,"stretched, spread",adj,7
[hit] 𒄩𒀀𒅆 [hit] 𒄩𒀸𒊭𒀭𒍣 [hit] 𒄩𒀸𒊭𒀸 [hit] 𒄩𒀭𒍝𒀸𒊭𒀸 [hit] 𒈗𒍑,*h₂ems-,"to give birth, beget",root,5
[grc] γέρην [grc] γερήν,*gerh₂ḗn,"crane, heron",noun,2
[san] श्वाशुर,*swēḱurós,brother-in-law,noun,1
[san] -त् [ave] -𐬙𐬯,*-ts,Derives action nouns from verbal roots.,suffix,2
[san] सुतम् [san] सोतन [sga] soa [san] असाविषुर् [san] सुनोति [hit] 𒋗𒌑𒄑𒍣 [san] सुवति [xto] sin- [txb] sin- [san] सोम,*sewh₁-,"to press, push (forth)",root,10
[xcl] լու [grc] κλυτός [san] श्रुत [lat] inclutus [lat] inclitus,*ḱlutós,"heard, listened, known, famous",adj,5
[xcl] ջով [lit] jãvas [lit] javai̇̃ [lav] java [lav] javas [bre] yell [gle] eorna [gla] eòrna,*yéwos,"cereal, grain, barley, spelt",noun,8
[san] नीत [lav] paniņas,*neyH-,"to lead, to churn (dairy products)",root,2
[grc] -ης [san] -अस्,*-ēs,Primarily forms last members of adjectival bahuvrīhi compounds,suffix,2
[mid] mese [mid] meise [nor] meis,*moysós,"ram, sheep (= *h₂ówis), sheepskin, fleece, wool",noun,14
[cel] pissiumi [sga] adcí [san] *चिष्ट [mid] nʾmcšt' [ave] 𐬝𐬐𐬀𐬉𐬱𐬀 [fas] کیش,*kʷeys-,to see; to heed,root,6
[lat] vorrō [lat] verrō [sqi] zvarrë [sqi] varrë [sqi] xvarrë [sqi] carrë [lav] vârsms [non] vǫrr [grc] ἐρύω [grc] ἔρρω,*wers-,"to wipe, to drag (on the ground), sweep ~ thresh",root,10
[san] आ वृषस्व [grc] ἕρμα [san] वर्ष्मन् [sga] ferr [lat] verrūca,*wers-,"to rise; to raise, lift, to protrude; to be high (?), peak, height, top, ? excrescence of the skin",root,5
[lat] vespa,*wóbʰseh₂,wasp,noun,1
[gle] cinn [san] खञ्जति [ell] σκάζω [grc] σκάζων [chu] шѧгати,*(s)keng-,"to limp, hobble, to tilt, be askew",root,6
[xcl] գառն [xcl] առն [dan] orne [dan] urne [swe] orne [grc] ἀρνειός [lat] verrēs [lat] verris,*wérsēn,"virile man, male animal",noun,11
[grc] ἕζομαι,*sédyeti,to be sitting,verb,1
[sqi] dash [lit] daũsos [lit] daũsios [cel] dusios [lit] dvė̃sti [lav] dvèst [chu] из-дъшє [lav] dust [lav] dusêt [lit] dūsė́ti [lit] dusė́ti [lat] bēstia [lat] fuscus [lat] furvus [rus] дво́хать [lit] dùsti [lit] dūsúoti [lit] dū́sauti [lav] dvẽsele [lit] dvėselė [lit] dvasia [hin] धँसना,*dʰwes-,"to breathe (in or out), breath, spirit, soul > creature, dust > dusty, murky color",root,24
[deu] Dämmer [deu] Dämmerung [lat] temere,*témHos,darkness,noun,7
[lat] lābrum,*lówh₃trom,"that which is used for washing:, washbasin, bathtub, that which is used for washing:, bathwater; soap suds",noun,1
[grc] στίζω [san] तेजते [lat] (īn-)stīgō [san] तेजस् [san] तिक्त [san] तिग्म [ave] 𐬙𐬌𐬖𐬭𐬀 [old] 𐎫𐎡𐎥𐎼 [san] तेजीयस् [fas] تیز [san] तीक्ष्ण,*(s)teyg-,"to be sharp, to sting",root,11
[san] क्षोदन्ति [san] क्षोदन्ते [san] क्षुणत्ति [san] अक्षोदयत् [ave] 𐬑𐬱𐬎𐬯𐬙𐬀 [san] क्षुण्ण [fas] شستن,*k⁽ʷ⁾sewd-,"to crush, disperse, to disintegrate",root,8
[grc] ἀπόνητο [grc] ὀνίνημι [mid] anaw [lat] Anauus [san] नाथ,*h₃neh₂-,to enjoy,root,5
[fas] سترون [lat] sterilis [hye] ստերջ [grc] στεῖρος,*ster-,"barren, infertile",root,6
[grc] δήν [grc] δᾱ́ν [lat] quondam [lat] quīdam [lat] dum [lat] dūdum [rus] даве [chu] давѣ [xcl] երկայն [san] दविष्ठम् [ave] 𐬛𐬠𐬋𐬌𐬱𐬙𐬆𐬨 [old] 𐎯𐎢𐎺𐎡𐏁𐎫𐎶 [san] दूत [sga] doe [san] दवीयस्,*dweh₂-,"long, distant, to remove, separate",root,15
[san] वर्ष॑ति [san] व॒र्षय॑ति [sga] fros [san] वृ॒ष्ट [ave] 𐬀𐬌𐬡𐬌𐬬𐬀𐬭𐬆𐬱𐬙𐬀 [san] वृ॒ष्टि [san] प्रा॒वृष्,*h₁wers-,to rain,root,7
[san] जागृधुर् [san] अगृधत् [san] गृध्यति [san] गृध्र [pus] غوښتل [pus] غواړي,*g⁽ʷ⁾eldʰ-,"to be greedy, hungry",root,9
[lav] diêt [grc] δίω [grc] δίεμαι [grc] δῑνέω [grc] δῑνεύω [sqi] ndih [sqi] ndif [san] दीयन्ति [san] दीयते [gle] dian [gla] dian [lav] daina [lit] daina [ron] doină,*deyh₁-,to chase (away),root,16
[lit] -us [grc] -ώς [san] -वांस् [ave] -𐬎𐬱 [txb] -u,*-wṓs,Forms perfect participles from verbs.,suffix,5
[grc] γέμω [lat] gemō [grc] γέντο [xto] kāmat [txb] kamāte [grc] γόμος,*gem-,"to press (together), to grasp",root,6
[grc] γῆρυς [gle] gairm [gla] gairm [lat] garrio [mid] zryg,*ǵeh₂r-,"to shout, call",root,5
[lit] vi̇̀lkė [lit] vil̃kė [lit] vilkijà [san] वृकी,*wl̥kʷíh₂s,she-wolf,noun,4
[bre] kuzhat [cym] cuddio [grc] κεύθω [grc] κύστις [goh] hutta [san] स्कुनाति [bre] kil [cym] cil [gle] cúl [gla] cùl [lat] cūlus [grc] σκύλος [cym] cwd [lat] cutis [xto] kāc [xto] kāts [txb] kātso [non] há [eng] scale [isl] skáli [swe] skål [swe] skåla [lat] scūtum [grc] σκῦτος [grc] κύτος [hye] սուզել [lit] kiáutas [prg] keuta [lit] kutỹs [lit] kẽvalas [eng] shun [eng] shunt [san] कुहू [san] कुहरम् [lat] custōs,*(s)kewH-,"to cover, conceal, hide, hide, skin",root,71
[grc] -ᾱ́ [grc] -ή,*-éh₂,Creates action nouns and abstract nouns.,suffix,2
[hye] երկար [grc] δηρός [lat] dūrō,*dweh₂rós,"long, far away",adj,3
[sqi] shterrë [grc] στεῖρα [lat] sterilis,*steríh₂s,"sterile cow, heifer, barren woman",noun,3
[txb] ewe [hit] 𒌑𒉡𒊻𒍣 [ave] 𐬀𐬊𐬚𐬭𐬀 [xcl] ագանիմ,*h₃ew-,to put clothes or shoes on,root,4
[lat] corylus [lat] corulus [lat] corilus,*kóslos,hazel,noun,6
[lav] pati [lit] pati̇̀,*pótnih₂,"mistress, wife",noun,2
[lit] žióti [lat] hiō [hit] kīnuzi ~ kinuu̯anzi [grc] χαίνω [grc] χάσκω [eng] gain [goh] gingēn [got] 𐌲𐌰𐌲𐌴𐌹𐌲𐌰𐌽 [xto] koy- [txb] koyn [grc] χάος [txb] kāyā,*ǵʰeh₂-,"to yawn, gape",root,12
[lat] scabō [lit] skàbti [goh] scaba [ang] sċeafa [grc] σκάμμα [grc] σκαπτήρ [lat] scobis [grc] περίσκαψις [lit] skàpti [lat] scabies [isl] skaf [grc] σκάφος [lit] skabùs [grc] σκάφη [lat] scaber [lit] skabrùs [lav] skabrs [non] auðskæfr [grc] σκάπτω,*skabʰ-,"to scratch, scrape",root,19
[san] त्वरयति [san] त्वरा [lat] amptruō [lat] trua [grc] ὀτρύνω [non] þyrja [grc] τύρβη [grc] σύρβη [lat] turba [lat] turma,*(s)twerH-,"to stir up, agitate, to urge on, propel",root,11
[grc] Σκουάνες [lav] skuja [lit] skujà [sqi] hu [sqi] hû [sqi] hundë,*skwey-,"thorn, needle, prickle, thorny, prickly plant",root,8
[san] गुवति [cym] budr [sga] búaidre [rus] гаведь [rus] гаведный [san] गून [xcl] կու [xcl] կոյ,*gʷewH-,to defecate,root,8
[hit] 𒋻𒄴𒈪 [txb] tär-,*térh₂t,"to get through, cross over",verb,2
[hit] 𒋻𒄴𒍣,*térh₂uti,"to overcome, be able",verb,1
[grc] τεταγών [lat] tetigī [txb] täk- [txb] tetekor [got] 𐍄𐌰𐌹𐍄𐍉𐌺 [non] taka [old] thakolōn [lat] tangō [lat] taxō [lat] con-tāmin-ō [lat] tālus [cym] teimlo [xcl] թակարդ [xcl] թաթ,*teh₂g-,"to touch, to grasp, take with the hand",root,16
[grc] τάξω [old] ham-ataxšatā [grc] ταγή [grc] τάγμα [grc] τᾱγός [xto] tāśśi [txb] tāś,*teh₂g-,"to order, arrange; to establish, to command, rule",root,7
[grc] ἐχῖνος [gmy] 𐀁𐀑𐀜 [hye] ոզնի [hye] կոզնի [sqi] esh [sqi] es [sqi] eshk,*h₁eǵʰ-,hedgehog,root,9
[sqi] tatë [lyc] 𐊗𐊁𐊅𐊆 [hye] տատ [hye] տատի [hye] տատա [lav] tẽtis [lav] tẽte [lit] tė̃tis [lit] tė̃tė [lit] tėtýtis [lit] tẽtē [prg] thetis [sga] data [deu] Tate [mid] teyte [isl] táta [grc] τατᾶ [grc] τέττα [san] तात [pus] دادا [lat] tata,*tata-,"dad, father",noun,34
[lav] sàime [lit] šeimà [lit] šeimė [lit] šei̇̃mas [lav] cìems [lit] kiẽmas [prg] caymis [pol] kimać [ell] εκοιμήθη,*ḱóymos,"village, home",noun,10
[lav] kamene [lav] kamine [lit] kamãnė [lit] kamana [lit] kami̇̀nė [prg] camus [lit] kimùs [lit] ki̇̀mti [grc] κηφήν,*kemH-,to hum,root,9
[lat] careō [lat] castus [goh] sūl [lat] cassus [sqi] thadër [hin] शस्त्र [lat] castrum [lat] castrō,*ḱes-,to cut,root,9
[sga] dlicht [sga] dlecht,*dʰlegʰ-,"to owe, be indebted to",root,2
[grc] κρούω,*krows-,"to push, bump, strike, break",root,1
[grc] ληκάω [lav] lȩ̃kât [lav] lḕkt [lit] lė̃kti [mid] lecken [lat] locusta [nor] lakka [sqi] flak [sga] lachu,*lek-,"to jump, scuttle along",root,9
[san] गुद [deu] Kugel [rus] гугля [lit] gugà [eng] kile [deu] Keule [sqi] gop [grc] γῡ́πη [san] गुप्त [lav] gauri [lit] gaurai̇̃ [nor] kaure [lat] gunna [xcl] կուռն [lit] gur̃nas [lav] gurns [xcl] կոր [eng] gut [ell] γύρος [lat] gȳrus,*gew-,"to bend, curve, arch, vault",root,23
[san] बाध् [san] बाधति [ave] 𐬀𐬎𐬎𐬌-𐬠𐬁𐬜𐬀 [fas] bastah [san] बाधते [lav] bēda [lav] bę̀da [lit] bėdà [dan] bad [nor] bad [eng] bad [lav] bads [lit] bãdas [san] बाध [ang] cnēow-ġebed [old] kneo-beda [non] kné-beðr [san] ज्ञु-बाध [sqi] bashkr [lit] bodùs [lit] bodė́ti [xto] poto [txb] peti,*bʰedʰ-,"to bend, fold, to press (together), bind; to press down on, oppress, to press (together), bind; to press down on, oppress, to push to limits; to cause trouble, distress, to press (together), bind; to press down on, oppress, to push to limits; to cause trouble, distress, hardship, suffering, to bow down, obey",root,24
[xcl] լուծի [san] रुजति [lit] lū́žti [lav] lauzt [grc] λυγρός [grc] λύγξ [grc] λευγαλέος [lat] lūgeō [xcl] լուծանեմ [txb] lakle,*lewǵ-,"break (off), shatter",root,10
[lit] dir̃žas [lav] dir̂ža [lit] dir̃žnas [prg] dīrstlan [lit] dir̃žti [ave] 𐬛𐬀𐬭𐬆𐬰𐬀𐬌𐬌𐬈𐬌𐬙𐬌,*dʰerǵʰ-,"to bind fast, to be firm, to support, strong, robust",root,6
[lat] tueor [xlu] *tāwa/i,*tewH-,"to look on favorably, to protect, to observe",root,2
[lav] sìrgt [lit] sir̃gti [xto] särk [san] सूर्क्षति,*swergʰ-,"to be ill, to take care of",root,4
[san] कालयति [san] कलयति [lit] kelti [grc] κέλομαι [grc] κέλλω [lat] celer [txb] käl-,*kel-,"to drive, particularly of animals",root,9
[ell] έλκος [lat] ulcus,*h₁élḱos,"sore, ulcer",noun,2
[san] जस्यति [grc] σβέννυμι [san] दसत् [san] जासयति [lav] dzēst [lit] gesýti [lav] dzist [lit] gesti [gle] bás [gla] bàs,*(s)gʷes-,to be extinguished,root,11
[lav] iẽva [lit] ievà [lit] jievà [lit] i̇́eva [prg] iuwis [grc] ὄᾱ [grc] ὄη [grc] οἴη [lat] ūva [hye] այգի [hit] 𒄑𒂊𒅀𒀭,*h₁eyHw-,"yew, willow, grapes, vine",root,11
[san] शर्करा [grc] κροκόδειλος [san] कृकलास,*ḱorkeh₂,"pebble, gravel, small stone",noun,4
[grc] ἰός,*wisós,"poison, slime",noun,1
[san] क्वथन्त् [san] क्वथते [san] क्वाथयति [got] 𐍈𐌰𐌸𐌾𐌰𐌽 [grc] ποταμός [grc] Τηθῡ́ς [grc] τήθεα [lat] cāseus,*kweth₂-,"to bubble, to foam, to ferment, become sour",root,8
[eng] chawe [eng] chaw [eng] jaw [mid] kauwe [mid] kouwe [deu] Käu [deu] Keu [lat] gingīva [fas] جویدن [pus] ژول [txb] śuwaṃ,*ǵyewh₁-,to chew,root,13
[san] चम॑ति [isl] hvoma [san] आचा॑मति [ave] 𐬀𐬱𐬀𐬨𐬁𐬝 [grc] ἄκμα [xcl] քիմք [san] चम्,*kʷem-,to swallow,root,7
[lit] kaukti [txb] kauk- [san] कौक [san] कोकिल [xcl] քուք [xcl] քոք [xcl] քուքամ [san] कौति [grc] κωκῡ́ω [san] चोकूयते [san] कोकूयते [lit] kávas,*kew(H)-,"to cry out, call, howl, shriek, to wail (in lament), Derives some names of noisy birds.",root,27
[grc] ἀλφή [san] अर्ह्,*h₂elgʷʰ-,"to cost, have value, be worth",root,2
[san] राम,*(H)reh₁mós,"dark, dirty",adj,1
[lat] crusta [lav] kruvesis [pol] kryha [rus] кри́га [rus] кры́га [ang] hruse [goh] hrosa [non] hroðr [grc] κρύος [ave] 𐬑𐬭𐬎𐬰𐬛𐬭𐬀- [san] क्रुड् [xto] kᵤraś [txb] krośce,*krews-,"to freeze, become hard",root,13
[san] अर्चति [san] अर्च् [san] ऋच्,*h₁erkʷ-,"to praise, to shine, to sound bright",root,3
[san] शास्त्र [sqi] them [xcl] սաստ,*ḱeh₁s-,"to teach, to indicate",root,3
[san] स्तायु [ave] 𐬙𐬁𐬌𐬌𐬎 [txb] *stāyä [sga] táid [grc] τητάω [hit] tāyezzi,*(s)teh₂y-,to steal,root,6
[sqi] pres [lav] prast [lit] pràsti [prg] prestun [got] 𐍆𐍂𐌰𐌸𐌾𐌰𐌽 [lat] interpres [xto] pratim [txb] *prete,*pret-,to understand,root,8
[xto] arkant [txb] erkent,*h₁regʷ-,to be dark,root,2
[hit] 𒄢𒀸𒍣 [hit] 𒄢𒊭𒀭𒍣 [hit] gulzi- [ave] 𐬐𐬀𐬭𐬱𐬀𐬌𐬙𐬌 [fas] کشیدن [san] कर्षति [grc] τέλσον [xlu] gulzā(i)- [san] कृष्,*kʷels-,"to pull, drag, to turn",root,9
[grc] φθείρω [ave] 𐬖𐬲𐬀𐬭𐬀𐬌𐬙𐬌 [san] क्षर् [hin] झड़ना [hin] झाड़ना [hin] झड़कना,*dʰgʷʰer-,to flow (away),root,6
[grc] χρεμετίζω [ave] 𐬔𐬭𐬀𐬨𐬆𐬧𐬙𐬄𐬨 [lit] gramė́ti [fas] غرمیدن [lit] grumė́ti [ave] 𐬔𐬭𐬀𐬧𐬙𐬀 [grc] χάρμη,*gʰrem-,"to roar, rumble, to thunder, to be angry",root,7
[grc] χρόμος [pus] غړوم [fas] غرم,*gʰrómos,"a roar, rumble, thunder",noun,3
[xto] ekär [txb] aikare [sga] aingid [isl] ekla [lat] egeo [xto] yäk- [txb] yäk-,*h₁eg-,to lack,root,7
[ave] 𐬀𐬥𐬎 [old] 𐎠𐎵𐎺 [san] अनु [lat] in- [got] 𐌹𐌽𐌿,*énu,"along, after",adv,5
[lit] nõvyti [ces] naviti [txb] onuwaññe [xto] nwām,*neh₂w-,"to die, perish, to lack, death",root,4
[grc] πῖαρ,*péyh₂wr̥,"fat, swelling",noun,1
[lit] piẽtūs [sga] íath,*péyh₂tu,"something fattening, nourishing",noun,2
[txb] pitke,*pī́ts,"pitch, resin, pine tree",noun,1
[lit] aulas [lav] aũle [prg] aulis [lat] alvus [lat] alveus [grc] αὐλών,*h₂ewlós,"something hollow, hollowed out",noun,6
[lit] gei̇̃sti [lav] gàidît [prg] gēide [prg] giēidi,*gʰeydʰ-,to yearn for,root,8
[grc] χαῖος [san] हेषस्,*ǵʰoysós,"spear, missile, javelin",noun,2
[grc] φόρος [san] भर,*bʰóros,"load, what is borne, burden",noun,2
[ang] hlosnian [eng] listen [mid] lüsenen [san] श्रोषति,*ḱléwseti,to be listening,verb,7
[lav] klusêt [lav] klausīt [lit] klausýti [prg] klausiton [xcl] լսեմ [lit] klùsti [hye] լուռ [san] श्रुष्टि,*ḱlews-,to hear,root,8
[lit] stiga [non] stig [goh] steg [non] stígr [non] stigr [grc] στίχος,*stéyks,path,noun,6
[san] मारयति,*moréyeti,to kill,verb,1
[lav] dzȩguze [lav] dzȩgûze [lav] dzȩguôze [lav] dzȩguse [lav] dzȩgusis [lit] gegė̃ [lit] gẽgė [prg] geguse,*gʰegʰuǵʰ-,cuckoo,root,64
[lit] regzti [san] रज्जु [lav] razga [lit] razgai,*(H)resg-,"to weave, knit",root,4
[goh] tenar [grc] θέναρ [san] धनुस् [ave] 𐬚𐬀𐬥𐬎𐬎𐬀𐬥 [ave] 𐬚𐬀𐬥𐬎𐬎𐬀𐬭𐬆 [old] 𐎰𐎵𐎢𐎺𐎴𐎡𐎹 [lat] femur,*dʰénwr̥,"arc, bow, palm (of hand), sole (of foot)",noun,8
[cel] leux [san] रुच् [fas] رخش,*léwks,light,noun,3
[mid] gebel [deu] Giebel [isl] gafl [swe] gavel [dan] gavl [eng] gable [fra] gâble [got] 𐌲𐌹𐌱𐌻𐌰 [grc] κεφαλή [xto] śpāl [txb] śpāl [lat] Cībalae [grc] γαβαλάν,*gʰébʰōl,"head, top",noun,23
[lat] tonō [san] स्तन् [san] स्तनिहि [san] तन्यति [san] स्तनयति [lat] tonitrus,*(s)tenh₂-,to thunder,root,7
[lit] skirbis [lav] šķirba [lat] scrobis,*(s)kerbʰ-,to be sharp,root,3
[lat] nūbō [lat] nūpsī [grc] νύμφη,*snewbʰ-,to marry (of a woman),root,3
[lav] tàlka [lit] talkà [lit] tel̃kti [prg] tlāku,*telk-,"to thrust, strike",root,4
[san] हदति [grc] χέζω [sqi] dhjes [grc] ἔχεσα [grc] κέχοδα [sqi] ndot [xcl] ձետ [ave] 𐬰𐬀𐬛𐬀𐬵,*ǵʰed-,to defecate,root,8
[xto] lyäm [txb] lyama [lav] lemt [lat] lanius [lav] lamāt [lav] ļimt [lav] aplams [lav] lama [grc] νωλεμέως [lav] palama,*h₃lemH-,"to break, weak, broken, soft",root,10
[grc] ἦρι [grc] αὔριον,*h₂ewsér,"in the direction of dawn, east, at dawn, in the morning",adv,2
[sqi] lind [sqi] lindem [sqi] le [sqi] lë [sqi] lej [lit] láidyti [lit] láiškas [lav] laiska [prg] lāiskas [gle] laoi [gla] laoidh,*leyd-,"to let, allow, to let go, release",root,13
[lat] lūdō [grc] λίζω [grc] λίνδεσθαι [lat] lūdus [lat] lūsus,*leyd-,"to play, contend",root,6
[mid] ʾwšstl [lat] auster,*h₂éwsteros,"in the direction of dawn, east",adj,2
[grc] πύργος [ave] 𐬠𐬆𐬭𐬆𐬰𐬆𐬨 [ave] 𐬠𐬆𐬭𐬆𐬰𐬋,*bʰérǵʰs,"something high up, fortified",noun,3
[gle] lia [grc] πλεῖος [grc] πλέος [grc] πλέως [san] प्रायस् [lat] plūs [lat] plūres,*pléh₁yōs,full,adj,7
[sqi] plotë [xcl] լի [san] प्रात [lat] plētus,*pleh₁tós,"filled, full",adj,4
[sga] do·lin [lat] polleō,*pl̥néh₁ti,to be filling,verb,2
[sqi] as,*h₂óyu kʷíd,"ever, (not) on your life",prep_phrase,1
[sqi] fjalë [sqi] flas [xcl] առասպել [grc] ἀπειλή,*(s)pel-,"to say aloud, recite, to publicly speak, to tell",root,4
[sqi] mjekër [hit] 𒍝𒈠𒀭𒆳 [xcl] մաւրու-ք [ang] smǣras [san] श्मश्रु,*smóḱwr̥,beard; chin,noun,5
[sga] smech [lat] māla [lat] maxilla,*smeḱ-,beard; chin,root,5
[hit] 𒂊𒅁𒍣 [lat] apīscor [san] आप [lat] coēpī [san] आपयति [ave] 𐬀𐬞𐬀𐬌𐬌𐬈𐬌𐬙𐬌 [hit] 𒉺𒀀𒄿 [xcl] ունիմ [san] आप्,*h₁ep-,"to grab, snatch, get",root,9
[san] विजते [san] विविजे [san] वेजयति [san] वेग [ave] 𐬬𐬀𐬉𐬖𐬀 [grc] οἴγω,*weyg-,"to bend, wind, turn, alternative form of *weyk-",root,6
[san] मार्ष्टि [san] मृजन्ति [ave] 𐬨𐬀𐬭𐬆𐬰𐬀𐬌𐬙𐬌 [grc] ὀμόργνῡμῐ [grc] ὀμόρξαι [san] अमार्क्षीत् [san] मर्जयति [san] मृक्षति [san] मृष्ट [lit] márška [lat] mergae [san] मृश् [san] मृज्,*h₃merǵ-,"to wipe off, wipe clean",root,16
[hit] 𒄀𒈠𒀭 [hit] 𒄀𒅎𒈪 [sqi] dimër [sqi] dimën [grc] χεῖμα [grc] χειμών [san] हेमन्त,*ǵʰéymn̥,winter,noun,11
[lat] mannus [lat] Viromanduī [grc] Οὐιῥομάνδυες [ron] mînz [ron] mânz,*mend-,"foal, small horse",root,5
[grc] φίλος [sga] bil,*bʰil-,"harmonious, friendly",root,2
[grc] τρίς [san] त्रिस् [lat] ter,*trís,thrice,adv,3
[san] अवर्क् [lat] vergō [grc] ἐέργω [san] वृणक्ति [grc] εἶρξαι [xto] wärkṣantāñ [lat] vermina [hit] ḫurki- [san] वरीवृजत् [san] प्र वावृजे [san] वृज्,*h₂werg-,"to turn, turn around",root,11
[lav] šũt [lit] siū́ti [lat] suō [san] सीव्यति [san] स्यूमन् [san] स्यूम [grc] ῠ̔μήν [grc] Ῡ̔μήν [san] स्यूत [lat] sūtus [san] सूत्र [san] स्यू [lat] sūbula [san] सूना [san] सूचि [san] सूची [san] सूक्ष्म [fas] سوزن [fas] *ḱeh₃- [grc] κασσύω,*syewh₁-,to sew,root,25
[grc] ἐπιόψομαι [lat] optō [xto] opyāc [txb] epyac [txb] epiyac,*h₁op-,to desire,root,5
[lat] langueō [grc] λαγγάζω [san] लङ्ग [grc] λήγω [san] लगति [lat] laxus [san] लक्ष [grc] λᾰ́γνος [san] लग्न [grc] λαγαρός [grc] λᾰγών [grc] λωγᾰ́νῐον [sga] lac [xto] slākkär,*(s)leg-,"to tire out, slacken",root,14
[san] स्खलति [xcl] սխալեմ [grc] σφᾰ́λλω [lat] fallō [fas] سکرفیدن [cym] sâl,*(s)gʷʰh₂el-,"to stumble, misstep",root,6
[pol] -nia,*-nih₂,Feminizes athematic nominal stems.,suffix,2
[lat] lutum [lat] lustrum [lat] polluō [lat] luēs [grc] λῦμα [grc] λῡ́μη [grc] λύθρον [sqi] lym [sqi] llom,*lew-,dirt,root,9
[lit] spreñgti [sga] lingid,*(s)prengʰ-,to spring,root,2
[mid] di- [mid] oddi [gle] de [gla] de [grc] δή [lat] dē [lat] dē- [xcl] տ-,*déh₁,toward,adv,10
[grc] ἕρπω [san] सर्पति [lat] serpō,*sérpeti,"to be creeping, to be crawling",verb,3
[san] चेतति [san] चितयन्ति [san] चिकेत [ave] 𐬗𐬌𐬐𐬋𐬌𐬙𐬆𐬭𐬆𐬱 [san] केतु [grc] κισσός,*keyt-,"to shine, glow",root,8
[lit] kai̇̃sti [lit] kai̇̃sta [lit] kai̇̃to [lav] kàist [lav] kàistu [lav] kàitu [lit] kaitrà [lit] kaitrùs,*keHy-,"to heat, to become hot",root,8
[sqi] dhemb [lit] žembti [san] जम्भयति [xcl] ծամեմ,*ǵembʰ-,"to bite, to chomp, to crunch",root,4
[hit] 𒋼𒊑𒅁𒍣 [grc] ἔτραπον [grc] τρέπω [san] त्रपते [grc] τροπέω,*trep-,to turn,root,5
[xcl] յառնեմ [hit] 𒀀𒊏𒀀𒄿 [hit] 𒀀𒊏𒄿 [hit] 𒀀𒊏𒀀𒄑𒍣 [hit] 𒀀𒊏𒄑𒍣 [hit] 𒀀𒊑𒅀𒀭𒍣 [xlu] 𒀀𒊑𒀉𒋾,*h₁rey-,"to rise, arise",root,7
[ell] ωρύομαι [lav] rûkt [lit] rū́kti [mid] ruohen [lit] riaumóti [lit] riáumoti [lat] rūmor [lat] rāvis [san] रव,*h₃rewH-,"to roar, to howl, to shout",root,13
[sqi] bē [ang] bād,*bʰoydʰéh₂,"pledge, oath, swear, contract",noun,2
[sqi] barrë [xcl] -(ա)ւոր [non] barar [grc] φορᾱ́ [grc] φορή,*bʰoréh₂,"an act of carrying or bearing, that which is borne: load, burden, that which bears weight or carries",noun,5
[ave] 𐬔𐬏𐬥𐬀𐬊𐬙𐬌,*g⁽ʷ⁾ew-,to increase,root,1
[grc] ὠκύς [san] आशु [ave] 𐬁𐬯𐬎 [lat] ōcior [lat] ōcissimus,*HéHḱus,"swift, quick",adj,5
[lit] liūdė́ti [sqi] lut [lit] liū̃dnas,*lewd-,"to crouch, duck, bend",root,3
[lit] judėti [lit] judinti [lit] jundù [san] योधयति,*Hyowdʰéyeti,"to cause to move, become agitated",verb,4
[grc] φόνος [san] घन,*gʷʰónos,"killing, slaughter",noun,2
[hit] -āiš [grc] -ώ,*-ṓy,Forms nouns from verb and noun stems.,suffix,2
[grc] νάρκη [xcl] ներգև,*(s)nerk-,"to loop, wind, to contract, shorten",root,2
[lit] kùsti [lat] quatiō [grc] πάσσω [gle] cáith [gla] càth,*(s)kweh₁t-,"to churn, stir, shake",root,5
[san] अग्रभीत् [ave] 𐬔𐬭𐬀𐬠𐬆𐬨 [hit] kar(ap)p- [san] जग्रभ [ave] 𐬘𐬁𐬔𐬆𐬭𐬆𐬠𐬎𐬱 [hit] 𒋼𒀀𒁉𒄿𒄑𒍣 [hit] 𒋼𒀀𒀊𒁉𒄑𒍣 [lav] grebt,*gʰrebh₂-,"to seize, grab, to dig, rake",root,8
[san] श्वसति [lat] queror [txb] kwäsnātär [eng] hissen [mid] hussen [mid] hissen [san] श्वासयति [san] शुष्णस् [san] श्वास [xcl] շունչ [xcl] շշունջ [xcl] շշուկ [lit] švañkšti,*ḱwes-,"to puff, sigh",root,14
[lav] kraut [lit] kráuti,*krewH-,"to pile, stack, place on top, cover",root,2
[fas] خوال [lat] sordeō [sqi] Vardar [grc] Βαρδάριος [lat] sordēs,*swerd-,"dirty, dark, black",root,5
[grc] εὑρίσκω [gle] fuair [gla] fhuair [cel] tioinuoru [xcl] գերի,*wreh₁-,"to find, encounter",root,7
[eng] Ogham [grc] ὄγμος [san] अज्म,*h₂óǵmos,"path, way, trajectory, furrow",noun,3
[grc] ἄγος [san] आगस्,*h₂eg-,"to sin, violate, commit a crime",root,2
[ell] ρίγος [lat] frigus,*sríHgos,"cold, frost",noun,2
[gle] geall [gla] geall,*gʰeldʰ-,"to repay, pay",root,2
[san] मोदति [san] मोदते [lit] mudrùs [lav] mudrs [san] मुद्र [san] मोद [san] मुद्,*mewd-,to rejoice,root,7
[san] मृष्ठास् [san] मृष्य॑ते [san] म॒मर्ष॑ [san] मर्षयति [lit] miršti [hye] մոռանալ [san] मृष् [txb] märs-,*mers-,to forget,root,8
[lav] prie- [lav] pie- [lav] pie [lit] priẽ [lit] pri̇́e- [prg] prei [lat] prīvus,*préy,"before, in front",adv,7
[ave] 𐬀𐬉𐬰𐬀𐬵 [sqi] gjah [sqi] gjuaj [san] एह [ave] 𐬀𐬉𐬰𐬀 [xcl] իղձ,*h₁eyǵʰ-,"to desire, long for",root,6
[grc] ἔπορον [lat] parēns [san] पृणाति [sga] ernaid [grc] πέπρωμαι [lat] peperī [san] पूर्त [lat] partus [san] पूर्ति [fas] پاره [san] पुरुष [lat] parō [lat] (com)periō [lat] (ex)perior [lat] (op)perior [lat] perītus [cym] erthyl [san] पॄ,*perh₃-,"to provide, produce, beget",root,19
[lat] lībum [grc] ἄλειφαρ [grc] ἀλοιφή,*h₂leybʰ-,"to pour, anoint, to consecrate?",root,4
[grc] ἐνεγκεῖν [grc] ἤνεγκα [grc] κατ-ήνοκα [grc] ἐνήνοχα [grc] ὄγκος,*h₁neḱ-,"to receive, take away",root,5
[grc] ἀλάομαι [lat] *alō [lat] ambulō [grc] ἄλη [xcl] աղամող [lav] alot [lav] aloties [lav] āļa [lav] āļoties [grc] ἀλύω [lat] alucinor [san] अट् [xto] āl- [txb] āl-,*h₂elh₂-,"to wander, roam",root,14
[hit] zanuᶻⁱ [cym] odid [gle] uathadh [isl] þíður [lat] tītiō [hit] zēᵃʳⁱ,*teyh₁-,"to get hot, to end, finish",root,8
[hit] zinniᶻⁱ [sga] tinaid [ang] þīnan [swe] tina,*tinéh₁ti,"to melt, to stop, finish",verb,4
[xcl] արեգ [xcl] արև [san] रवि [xcl] յարագեմ [lat] rutilus [hit] h̬a-ru-wa-na-a-iz-zi [lat] Rutulī [lat] Rutuba [lat] Rutus [lat] Rutius,*h₂rew-,"to shine, glow",root,14
[san] अशकत् [san] शशाक [san] शेकुर् [lat] Cancilus [sga] cécht [san] शची [san] शक्मन् [sga] cíchurda [lat] Peccia [san] शक्र [san] शाक [san] शक्,*ḱek-,"to be able, capable",root,18
[grc] κῶμος,*kóh₂mos,desire,noun,1
[lat] lūbricus,*slewbʰ-,"to slip, slide, glide",root,1
[lat] hernia [san] हिरा [grc] χόριον [san] हिर [pus] ځير [lat] haruspex [lat] hariolus [lat] hīra,*ǵʰerH-,"bowels, intestines",root,8
[gmy] 𐀁𐀄𐀕𐀚 [grc] εὐμενής,*h₁sumenēs,well-disposed,adj,2
[grc] κίω [lat] cieō [grc] κῑνέω [lat] citus,*keyh₂-,"to move, be in motion",root,4
[san] दीधेति [ave] 𐬛𐬀𐬉𐬨𐬀𐬥,*dʰeyh₂-,"to perceive, see",root,2
[xcl] ջերմն,*gʷʰérmn̥,"warmth, heat",noun,1
[lit] siautėti [grc] ἀϋτμή,*h₂sewt-,"to seethe, boil",root,2
[san] तर्जति [san] तर्जयति [lat] torvus [grc] ταρβέω [grc] τάρβος [cym] tarfu,*tergʷ-,"to scare, fear, be fierce",root,6
[sqi] tremb [lav] trem̃t [lit] trem̃ti [grc] τρέμω [lat] tremō [xto] trämäs,*trémti,to be trembling,verb,6
[xcl] կոգի [lav] gauja [lit] gauja [bel] гóўе [bel] гаўя́ [sga] ambue [grc] ἐννεάβοιος [grc] βοῦα [gmy] 𐀦𐀹𐀊 [san] गव्य [ave] 𐬔𐬀𐬊𐬌𐬌𐬀 [xto] kowi [txb] kaiyye [txb] kewiye,*gʷówyos,"bovine, pertaining to cows, made of, or from, cows",adj,14
[sga] Buchet [grc] ἑκατόμβη [san] शतगु [old] 𐎰𐎫𐎦𐎢𐏁,*ḱm̥tógʷus,possessing 100 cows,adj,5
[lit] žlėjà [isl] glær [lat] glaber,*ǵʰleh₁-,"to shine, glow, to be shining, glowing",root,3
[non] svagla [isl] súgur [grc] ἠχή [grc] ᾱ̓χᾱ́ [grc] ἰάχω [grc] ἰαχή,*sweh₂gʰ-,to sound,root,6
[xto] āñcäm [txb] āñme,*h₁éh₁tmō,"breath, spirit",noun,2
[sqi] zorrë [lav] zar̂na [lit] žarnà [grc] χορδή [grc] *χορνή,*ǵʰórneh₂,"gut, intestine",noun,5
[grc] πέπτρια [grc] *pékʷ-trih₂ [san] पक्तृ [lat] coctor,*pékʷtōr,"one who cooks, cook",noun,4
[grc] ὅρμικας [san] वल्मीक [san] वल्मिक [lat] formīca [lit] var̃mas [prg] warmun [grc] βόρμαξ [grc] βύρμαξ [grc] ῥόμος [txb] warme,*werm-,"insect larva, worm, ant or other small insect",root,13
[lat] rōs,*h₁rṓs,"liquid, moisture, dew, juice, sap",noun,1
[lav] rats [lit] rãtas,*Hroth₂ós,"running, something that runs (including wheels and chariots).",adj,2
[lav] gans [lit] gãnas,*gʷʰonós,striker,noun,2
[hye] լույս [san] रोक,*lewkós,"bright, shining",adj,2
[san] सह,*seǵʰós,holding on,adj,1
[lav] laiks [lit] lai̇̃kas [lit] atlaikas [chu] отлѣкъ [grc] λοιπός [san] अतिरेक [san] प्ररेक,*loykʷós,"remaining, leftover",adj,7
[hye] ծին [lat] -genus [lat] -gena,*ǵenh₁ós,born,adj,3
[grc] πεπτός [lat] coctus [ave] 𐬞𐬀𐬗𐬙𐬀,*pokʷtós,cooked,adj,3
[lav] test [san] ताष्टि [san] तक्षति [ave] 𐬀𐬎𐬎𐬌 𐬙𐬁𐬱𐬙𐬌 [ave] 𐬙𐬁𐬱𐬙 [old] 𐏃𐎫𐎧𐏁𐎫𐎡𐎹 [lat] texō [txb] tāks-,*tḗtḱti,to be creating,verb,23
[isl] ið [isl] íð [swe] id [dan] id [san] समिति [san] प्रेति,*h₁éytis,going,noun,8
[grc] (αὐτό)ματος [san] मत [lat] (com)mentus,*mn̥tós,thought,adj,3
[lat] mentum [lat] mentula,*mn̥tós,"protruding, standing out",adj,2
[grc] πειθός [lat] fīdus,*bʰeydʰós,"faithful, trustworthy",adj,2
[grc] βῆμα [san] प्रगामन् [ave] 𐬔𐬁𐬨𐬀𐬥,*gʷéh₂mn̥,step,noun,3
[lit] regztis [lat] restis,*(H)résgtis,something woven together,noun,2
[non] rakr [lat] rogō,*h₃roǵós,"stretching out, stretched out, erected",adj,2
[grc] ἄνιπτος [san] निक्त,*nigʷtós,washed,adj,2
[lav] ieskāt [lit] ieškóti,*h₂isḱéti,"to be seeking, searching",verb,2
[xcl] ջեռնում [xcl] ջեռանիմ [xcl] ջեռիմ [san] घृणोति,*gʷʰr̥néwti,to be heating,verb,4
[hit] 𒉺𒆷𒄴𒊭𒀸 [lat] palla,*pĺ̥h₂seh₂,a type of women's garment,noun,2
[grc] τέλσον,*kʷelsós,"turning, far, distant",adj,1
[grc] ἕρση [san] व॒र्ष [san] व॒र्षा,*h₁wersós,"wet, rainy",adj,4
[goh] hrispahi [mid] rispe [mid] rispen [mid] rispeln [lat] crispus,*kripsós,curly,adj,5
[hit] 𒀭𒁕𒀭 [gle] ann [gla] ann [grc] ἔνδον,*h₁n̥dóm,"inside, within",adv,4
[hit] 𒅖𒄭𒈠𒀀𒀸 [san] सीमन्,*sh₂imṓ,"something that binds, cord, rope",noun,2
[lav] jāt [lit] jóti [san] याति,*yéh₂ti,to be going,verb,3
[lat] conīveō [lat] nictō,*kneygʷʰ-,"to bend, droop",root,2
[ave] 𐬯𐬭𐬀𐬊𐬨𐬀𐬥 [san] श्रोमत,*ḱléwmn̥,hearing,noun,2
[grc] ζέω [xto] yäs [txb] yäs,*yéseti,to be boiling,verb,3
[lit] piemuõ [gmy] 𐀡𐀕 [grc] ποιμήν,*poh₂imḗn,shepherd,noun,3
[grc] δέρω,*déreti,"to be splitting, separating, to be tearing, skinning, flaying",verb,1
[gle] chonaic [gla] chunnaic [grc] δέδορκεν [san] ददर्श [san] ददृशे [san] पश्यति [ave] 𐬛𐬁𐬛𐬀𐬭𐬆𐬯𐬀,*dedórḱe,to see,verb,17
[sqi] mjel [lit] melžti [ell] αρμέγω,*h₂mélǵti,to be milking,verb,3
[xcl] դէզ [gmy] 𐀵𐀒𐀈𐀗 [ell] τοίχος,*dʰóyǵʰos,"something that is kneaded, formed",noun,3
[grc] φορός [san] भार [ave] 𐬠𐬁𐬭𐬀 [lat] -fer,*bʰorós,"carrying, bearing",adj,4
[xcl] լիք [xcl] ելիք [grc] ἔλῐπε [san] अरिचत्,*likʷét,to leave,verb,4
[hit] 𒈦𒀝𒋫𒊒 [xcl] եբարձ [xcl] բարձաւ [xto] pärk [txb] parka,*bʰérǵʰt,"to rise up, ascend",verb,5
[hit] 𒈦𒆪𒍑 [xcl] բարձր [lat] Bergimus [lat] Berisamus,*bʰérǵʰus,high,adj,4
[hit] ārra- [grc] ὄρρος,*h₁órsos,"buttocks, arse",noun,2
[hit] 𒆪𒅕𒈪 [hit] 𒆪𒂊𒅕𒍣 [hit] 𒆪𒂊𒅕𒋫 [xlu] kuwarti [prg] kūra [cym] peri [cym] paraf,*kʷért,"to do, make, build",verb,7
[lit] kaũpas [lit] kupra,*keh₂wp-,"heap, pile, accumulation",root,2
[lit] rúоžаs [grc] ῥώξ [grc] ῥήγνυμι [xcl] երգիծանեմ,*wreh₁ǵ-,"to break, tear",root,4
[sqi] tund [xcl] թնդամ [san] तुण्डते [fas] تند [lat] tundō,*(s)tunédti,"to be pushing, hitting",verb,5
[san] शोषयति,*h₂sowséyeti,"to be drying, be making dry",verb,1
[grc] ἀγμός [grc] ἄγνῡμι [lat] vāgiō [san] वग्नु,*weh₂g-,"to shatter, to break asunder, to make a harsh sound",root,4
[ave] 𐬔𐬆𐬭𐬆𐬡𐬥𐬁𐬌𐬙𐬌,*gʰr̥bnéh₂ti,"to be seizing, grabbing, to be digging",verb,1
[grc] σπέρχω,*sperǵʰ-,"to move rapidly, hurry",root,1
[sqi] parë [xcl] հարաւ [ang] forwost [ang] forwest [xto] pärwat [txb] parwe,*pr̥h₂wós,first,adj,8
[grc] ποτός [ita] poto [por] poto [lat] pōtō [san] पी॒त,*ph₃tós,drunk,adj,5
[lat] tot [san] तति [txb] tot,*tóti,so many,adv,3
[lat] quot,*kʷóti,how many?,adv,1
[san] कर्हि [lat] cūr,*kʷór,"where?, somewhere",adv,2
[lit] ži̇̀ [grc] -χι,*ǵʰí,"Postpositional intensifying particle: indeed, at any rate, in fact, Discourse particle: indeed, of course, surely",particle,2
[grc] ἕηκα [grc] ἧκα [grc] εἷμεν [lat] iēcī [lat] iaciō [lat] iaceō,*(H)yéh₁kt,to throw,verb,6
[sqi] ku [cym] cwdd [san] कुह,*kúdʰe,where?,adv,3
[grc] ἐπέρᾰσᾰ [grc] ἐπέρᾰσσᾰ [sga] renaid [grc] πέρνημι [grc] πόρνη [grc] πιπράσκω [lat] pars [lat] portiō [lat] pār,*perh₂-,to sell,root,9
[lav] pret [lav] pretī [lav] pretējs [grc] προτί [grc] πρός [grc] ποτί [grc] πός [grc] ποι [gmy] 𐀡𐀯 [san] प्रति [old] 𐎱𐎫𐎡𐏁,*próti,"towards, against",adv,14
[ang] ī- [non] í [grc] -ῑ́ [ave] 𐬍,*íh₁,emphatic particle,particle,4
[sqi] si [san] कियत् [lat] quī,*kʷíh₁,how?,adv,3
[got] 𐌰𐌽 [grc] ἄν [lat] an,*h₂en,"there, on the other side, otherwise",adv,3
[lit] tavè [lit] tavęs [san] तव [xto] cu [txb] ci,*téwe,genitive singular of *tú(h₂),pron,5
[lav] tavs [lit] tãvas [grc] τεός,*tewós,"your, possessive adjective of *túh₂",det,3
[hye] քո [prg] twais [grc] σός,*twós,"your, possessive adjective of *túh₂",det,4
[lit] bà [lit] bè [prg] bhe [prg] bha,*bʰo,"emphatic particle: surely, indeed",particle,4
[san] घ्रं॒स,*gʷʰrensós,heat,noun,1
[grc] ἤνεσα [san] असनत् [grc] ἀνύω [san] सनोति [xcl] ունիմ [san] ससान [san] सात [san] सनितृ [san] सनित्र [san] गोषणि [san] सन्,*senh₂-,to obtain,root,11
[san] छन्दयति [lat] candeō [san] छन्दस् [lat] candor [sqi] hënë [san] श्चन्द्र [san] चन्द्र [xcl] խանդ [xcl] շանթ [grc] κάνδαρος [grc] καίνυμαι,*(s)kend-,"to shine, appear",root,11
[lat] mox,*moḱs,"quickly, early",adv,1
[sqi] çandër [hye] սանր [grc] κέντρον,*ḱéntrom,pointed tool,noun,3
[grc] οἴσω,*h₃eyt-,"to take, fetch",root,1
[lav] usne [lit] usni̇̀s [lit] usnė [pus] اوږه [lat] ūniō,*wósh₂r̥,"garlic, onion (genus Allium)",noun,5
[cel] paetrute [gmy] 𐀤𐀵𐀫 [grc] τέταρτος [san] चतुर्थ [lat] quārtus,*kʷetwr̥tós,fourth,det,5
[grc] τρίτος [lav] trešais [lit] trẽčias [san] तृतीय [lat] tertius,*tritós,third,det,7
[grc] λύτο [lat] lūī [xto] lyu [txb] lyuwa [rus] лу́нуть [san] लुनोति [grc] λύω [lat] luō [san] लू॒न [hit] ^((GIŠ))lūēššar ~ lūēšn- [san] ल॒वित्र॑ [gle] loit [gla] lot [sga] lón [san] लू,*lewh₁-,"to cut off, release",root,15
[lav] piektais [lit] peñktas [prg] penckts [grc] πέμπτος [lat] quīntus [lat] Pontius,*penkʷtós,fifth,det,8
[lit] pláuti [lit] pláuju [sga] luithir [san] प्लावयति,*plowéyeti,"to float, swim, to wash, rinse",verb,4
[txb] saikaṃ [lit] si̇́ekti [grc] ἵκετο [grc] ἱκᾱ́νω [grc] ῐ̔κνέομαι [txb] siknaṃ,*seyk-,"to reach, grasp",root,6
[grc] -ον [grc] -σον [san] -अम् [ave] -𐬇𐬨 [san] -ताम् [san] -न्ताम् [ave] -𐬙𐬄𐬨 [ave] -𐬧𐬙𐬄𐬨 [lat] -em,*-óm,emphatic particle,particle,13
[ell] έ- [xcl] ե- [xcl] է-,*h₁é-,"the augment, a part of the past tense in Armenian, Greek, Indo-Iranian and Phrygian",prefix,3
[grc] κᾰ́λᾰμος [grc] κᾰλᾰ́μη [lat] culmus,*ḱolh₂mos,straw,noun,3
[sqi] u [grc] ὅς [grc] ϝός,*swós,"possessive adjective of *swé: (one's) own; his, her, its",det,3
[lav] savs [lit] sãvas [grc] ἑός,*sewós,"possessive adjective of *swé: (one's) own; his, her, its",pron,3
[xcl] -ւ [xcl] -բ [xcl] -վ [cel] -bi [cel] -be [grc] -φι [gmy] -𐀠 [xto] -(y)āp [txb] -epi,*-bʰi,"forms adverbs with locative meaning, with instrumental meaning as nominal ending",suffix,9
[lit] kilpa [lav] cilpa,*kʷelp-,"to wind, turn, curve, arch",root,2
[grc] γάνῠμαι [grc] γαίω [grc] γαῦρος [lat] gaudeō [lit] džiaugiúos,*geh₂w-,"to rejoice, be glad, be bright",root,6
[grc] ἕκτος [san] षष्ठ [lat] sextus,*swéḱstos,sixth,det,3
[grc] ἕβδομος [san] सप्तम [lat] septimus,*septm̥mós,seventh,det,3
[grc] κνάω [lit] knóti,*knéh₂yeti,"to scratch, scrape",verb,2
[grc] ἀλέω,*h₂elh₁-,to grind,root,1
[lav] grasāt [lit] grasà [lit] grasinù [lit] gresiù [lit] gristù [xto] krās- [txb] krās-,*gʰres-,"to threaten, torment",root,7
[hit] 𒋾𒄿𒀀 [ell] δένω,*dh₁yéti,to bind,verb,3
[hye] երգ [san] अर्क [xto] yärk [txb] yarke,*h₁erkʷós,"something that does or is subject to:, singing, something that does or is subject to:, praise, something that does or is subject to:, shining",noun,4
[sqi] lag [grc] λόχος [xto] lak [txb] leke [xto] lake [txb] leki,*lógʰos,something that lies around,noun,6
[hit] 𒆷𒀀𒆠,*logʰéyeti,"to lay, make lie",verb,1
[grc] στόρνῡμι [lat] sternō,*str̥néh₃ti,to strew,verb,2
[grc] κτείς,*pḱtḗn,comb,noun,1
[lit] mę̃sti [xto] mänt- [san] मथ्नाति [lat] mandō [txb] mänt-,*menth₂-,to stir,root,5
[hit] suhhai [txb] suwaṃ [grc] ῡ̔́ω,*sh₂ew-,"to pour, to rain",root,3
[san] लोचयति [san] रोचयति [ave] 𐬭𐬀𐬊𐬗𐬀𐬌𐬌𐬈𐬌𐬙𐬌 [hit] 𒇻𒊌𒆠𒄑𒍣,*lowkéyeti,to light up,verb,11
[lat] taceō [isl] þagga [nor] tagga,*te(H)k-,to be silent,root,5
[san] नाशयति [old] 𐎻𐎡𐎴𐎠𐎰𐎹𐎫𐎡𐎹,*noḱéyeti,"to make disappear, to cause death",verb,2
[lat] ūrō [san] ओषति,*h₁éwseti,to burn,verb,2
[grc] μαίνομαι [lat] comminīscor [lat] reminīscor,*mn̥yétor,to think,verb,3
[san] मा॒नय॑ति [ave] 𐬨𐬁𐬥𐬀𐬌𐬌𐬈𐬌𐬙𐬍,*monéyeti,"to cause to think, make think",verb,2
[grc] σπείρω [hit] 𒅖𒉺𒀀𒊑 [hit] 𒅖𒉺𒊏𒀭𒈾𒄿 [grc] σπέρμα [sqi] farë [grc] σπορᾱ́ [lat] spargō,*sper-,"to scatter, strew",root,7
[lit] ver̃zti [lav] vêrzt [lat] urgeō [ukr] вере́сло [ces] povříslo [lit] várža [lav] var̂za,*werǵʰ-,"to bind, tie up, to press",root,7
[sga] gorn [san] घृण [lat] furnus,*gʷʰr̥nós,something warm,noun,3
[san] अमोषीत् [xto] musāt [san] मु॒ष्णाति॑ [xto] musnātär [san] मु॒षा॒यति॑ [san] मुष् [san] मूष्,*mewsH-,"to lift, pick up, take away",root,8
[san] अपस्,*h₃épos,work,noun,1
[pol] stadło,*sth₂dʰlóm,"place or position; that which stands, stable, stall",noun,1
[prg] gemton [sga] bét [san] गन्तु [lat] ventus,*gʷémtus,a going,noun,4
[bre] luz [cym] lludd [cym] arlludd,*lewdʰ-,to obstruct,root,4
[san] तापयति [ave] 𐬙𐬁𐬞𐬀𐬌𐬌𐬈𐬌𐬙𐬌,*topéyeti,to make hot,verb,2
[san] ह्रादुनि [xcl] կարկուտ [lat] grandō,*ǵʰreh₃d-,hail,noun,3
[lat] frendō,*gʷʰrendʰ-,"to crush, gnash",root,2
[grc] κᾰ́μον [grc] κᾰ́μνω [grc] κεκμηώς [grc] κομέω [grc] κμητός [san] शम्,*ḱemh₂-,to become tired,root,6
[san] मज्जति [lat] mergō,*mésgeti,to sink,verb,2
[lit] budrùs,*bʰudʰrós,"alert, aware",adj,1
[lav] šķîsts [lit] skýstas [prg] skijstan [lat] scissus [grc] σχῐστός,*skidtós,split,adj,6
[san] ष्कन् [lat] scandī [lat] scandō [grc] σκάζω [san] स्कन्दयति [xcl] սանդուղք [lat] scāla,*skend-,"to jump up, ascend",root,8
[grc] μέλδομαι [san] म्रदते,*(s)méldeti,"to soften, melt",verb,2
[san] जरयति,*ǵorh₂éyeti,"to cause to grow old, mature",verb,1
[xto] māskā-,*meh₃-,to get tired,root,1
[grc] ὀχέομαι [san] वाहयति,*woǵʰéyeti,"to cause to bring, transport",verb,2
[san] वाजयति [lat] vegeō,*woǵéyeti,"to make lively, awaken",verb,3
[san] जार [grc] γνωρίζω [grc] γνώριμος,*ǵn̥h₃rós,knowing,adj,3
[lat] nīvit [grc] νείφω [ave] 𐬯𐬥𐬀𐬉𐬲𐬀𐬌𐬙𐬌,*snéygʷʰeti,to snow,verb,3
[lit] mel̃sti [hit] 𒈠𒀀𒀠𒁲 [xcl] մաղթ,*meldʰ-,"to pray, speak words to a deity",root,3
[grc] κέγκει [lit] keñkti [lit] keñkras [grc] κακός,*kenk-,to feel hunger,root,4
[grc] κνίζω [lat] nīdor,*kneyd-,to scratch,root,2
[san] तृष्य॑ति,*tr̥syéti,to be thirsty,verb,1
[ave] 𐬨𐬀𐬯𐬀𐬵 [lat] macor,*méh₂ḱos,length,noun,2
[grc] γέγηθᾰ [xto] kātk- [txb] kātk- [grc] γηθέω,*geh₂dʰ-,"to rejoice, be glad",root,4
[lav] lauks [lit] laũkas [san] लोक,*lowkós,light space,noun,3
[grc] μέμνηκα [grc] ἔμνησα [san] समाम्नासिषुर् [xlu] manāti [san] मनति [san] म्नायते [grc] μνάομαι [grc] μιμνήσκω [san] म्ना,*mneh₂-,to remind,root,9
[grc] πίμπρημι [grc] πρήθω [grc] ἔπρησα [hit] 𒉺𒊏𒀀𒄿 [hit] 𒉺𒊑𒉺𒊏𒀀𒄿 [pal] pa-ri-pa-ra-a-i [hit] pa-ri-ip-ri-iš-ke/a-,*preh₁-,"to blow on, stoke",root,7
[ell] ιξός [lat] viscum,*weyḱs-,"mistletoe, cherry",noun,2
[xcl] հասկ [grc] ἀκοστή [grc] ἀγοσταί [lat] acus [xto] āk [txb] āke [txb] āka,*h₂éḱos,"sharpness, ear of grain",noun,10
[san] शोष,*h₂sowsós,dry,adj,1
[san] गूर्त,*gʷr̥Htós,praised,adj,1
[san] व्रज॑ति [san] व्राजयति [lat] urgeō [xto] wark [txb] werke [hit] 𒌑𒌨𒆠𒂊𒊭 [hit] 𒌑𒌨𒆠𒄿𒊭 [sqi] urtë,*wreg-,"to track, hunt, follow",root,8
[pal] 𒄩𒀀,*h₂eh₁-,"to burn, be hot",root,1
[grc] ἄζω [hit] 𒄩𒀀𒋾 [xcl] հօտ [xcl] հատ [got] 𐌰𐍄𐌹𐍃𐌺 [sga] ad [hit] ḫattar [lyc] xadrñna [lat] ador,*h₂ed-,"to dry, grain, barley",root,10
[grc] δέμω [gmy] 𐀆𐀕𐀃𐀳,*démeti,"to build, to arrange, to put together",verb,2
[lit] žel̃vas,*ǵʰelh₃wós,"green, yellow",adj,1
[lat] vexō [eng] quake [dan] kvakle,*gʷeg-,"to shake, to swing",root,3
[lit] maũsti [grc] μῦθος [got] 𐌼𐌰𐌿𐌳𐌾𐌰𐌽 [san] मिथ्या,*mewHdʰ-,to complain or care about something,verb,4
[san] तृ॒ष्ट [lat] torstus [lat] tostus,*tr̥stós,dried,adj,3
[grc] ὄχος [gmy] 𐀺𐀏,*wóǵʰos,"bringing, carrying, conveyance, wagon",noun,2
[xcl] առոգեմ [san] स्रवति [lit] sravė́ti,*sréweti,to flow,verb,3
[hit] šešzi,*sésti,"to rest, sleep",verb,1
[grc] ἰχανάω [san] ईहति [ave] 𐬌𐬰𐬌𐬌𐬁 [ave] 𐬌𐬰𐬌𐬌𐬈𐬌𐬙𐬌 [ave] 𐬌𐬰𐬌𐬌𐬀𐬙𐬌,*h₁íh₁eyǵʰti,"to crave, desire, yearn",verb,5
[sqi] dhelpër [grc] ᾰ̓λώπηξ [xcl] աղուէս,*h₂wl̥p-,fox,root,4
[lav] dròšs [lav] dròss [lit] drąsùs [prg] dyrsos [prg] dirsos [mid] türre [mid] dürre [grc] θρᾰσύς [san] धृषु,*dʰr̥sús,"bold, courageous, daring, brave",adj,9
[grc] ἔμολον [grc] βλώσκω [grc] βλωθρός [grc] Μόλος [grc] μῶλος [lat] prōmellō [xto] mlusk- [txb] mlutk-,*melh₃-,"to step forward, to go, come",root,8
[lat] faveō [hye] գութ,*gʷʰew-,"to honour, venerate, revere, worship, to heed",root,3
[ave] 𐬰𐬍𐬰𐬀𐬥𐬆𐬧𐬙𐬌 [pus] زېږېدل [grc] γίγνομαι [lat] gignō,*ǵíǵn̥h₁eti,to engender,verb,4
[lit] tem̃pti [xto] cämp- [txb] cämp- [xto] campär [xcl] թամբ [lat] temptō [non] þǫmb [lav] tìept [prg] tēmpran [fas] تاب [fas] تافتن [xto] tampe,*temp-,"to stretch, exert an effort on",root,13
[lat] angor [lat] Angerōna [lat] angustus,*h₂énǵʰos,"narrowness, anxiety, suffering, grief",noun,3
[sqi] nuk [hit] ne-ku [san] न च॑ [lat] neque,*nékʷe,and not,particle,4
[rus] я́рый [chu] ꙗръ [grc] ζωρός,*yeh₃r-,"ardent, intense, vigorous, fierce, vehement; full of vital force, strong, undiluted, sheer",root,3
[san] रभस् [lat] rabies [ang] rabbian [xto] rapurñe,*rebʰ-,"violent, forceful, impetuous, fierce, passionate, driven by overpowering impulse",root,4
